{"type": "FeatureCollection", "meta": {"h3_res": 8, "percentile_method": "Each cell gets a lighting percentile (satellite radiance, 0 = darkest) and a violent-crime percentile (0 = lowest); the sliders flag cells at or below a lighting percentile AND at or above a crime percentile", "generated": "2026-05-24", "crime": {"first_date": "2023-01-01", "last_date": "2024-12-29", "total_points": 40901, "night_total_points": 17961, "cuts": {"mid": 42, "high": 135}, "night_cuts": {"mid": 20, "high": 58}}, "n_cells": 364, "lightingQ": [9.9, 15.0, 18.9, 20.7, 23.3, 24.0, 24.6, 26.0, 27.3, 29.0, 30.0, 30.8, 31.8, 32.2, 32.7, 33.0, 33.5, 34.5, 34.7, 35.2, 36.1, 36.6, 37.5, 37.8, 38.4, 38.7, 39.1, 39.6, 39.9, 40.1, 40.3, 40.8, 41.2, 41.3, 42.2, 43.0, 43.4, 44.3, 45.0, 46.9, 47.3, 47.9, 48.3, 48.7, 49.1, 49.2, 49.9, 51.0, 51.2, 52.7, 53.3, 54.0, 54.7, 55.2, 56.1, 56.7, 58.4, 59.5, 60.2, 60.5, 61.5, 62.2, 63.5, 65.3, 65.8, 67.0, 67.8, 69.5, 70.2, 71.3, 72.5, 73.6, 74.1, 75.4, 77.9, 78.5, 79.4, 80.3, 80.8, 84.6, 86.2, 88.3, 90.1, 90.4, 92.4, 95.0, 96.0, 97.4, 99.9, 105.4, 110.6, 118.5, 123.0, 129.2, 136.1, 143.3, 146.6, 158.8, 189.1, 196.1, 274.5], "crimeQ": [0, 0, 0, 0, 0, 0, 0, 0, 0, 0, 0, 0, 0, 0, 0, 1, 1, 1, 1, 2, 2, 2, 3, 3, 4, 5, 5, 6, 7, 9, 14, 14, 15, 16, 19, 23, 27, 29, 30, 32, 33, 34, 38, 42, 45, 45, 47, 49, 50, 52, 56, 60, 63, 65, 68, 70, 72, 74, 78, 80, 86, 87, 91, 94, 102, 109, 116, 120, 123, 124, 127, 134, 136, 139, 142, 147, 153, 159, 162, 177, 182, 189, 204, 221, 237, 243, 248, 272, 275, 281, 294, 307, 332, 379, 386, 415, 437, 497, 546, 602, 1325], "lighting": {"label": "VIIRS annual radiance, 2023", "year": 2023, "source": "NASA Black Marble VNP46A4 annual radiance (LAADS DAAC)", "units": "nW/cm2/sr"}}, "features": [{"type": "Feature", "geometry": {"type": "Polygon", "coordinates": [[[-76.61146208619712, 39.30162722899672], [-76.6175952622165, 39.30045037572201], [-76.61925985247761, 39.29603025145427], [-76.61479217723004, 39.29278725789301], [-76.6086599228054, 39.29396384568281], [-76.60699442212484, 39.29838369248412], [-76.61146208619712, 39.30162722899672]]]}, "properties": {"light_n": 225.3, "light_pctl": 99, "crime_n": 372, "crime_pctl": 93, "nta": "MOUNT VERNON", "boro": "Baltimore"}}, {"type": "Feature", "geometry": {"type": "Polygon", "coordinates": [[[-76.53840616560991, 39.34432504495624], [-76.54454658946128, 39.34315137824966], [-76.54621945223973, 39.33872978298891], [-76.54175280191333, 39.335482133381625], [-76.53561330264003, 39.33665553577759], [-76.53393952920688, 39.34107685205692], [-76.53840616560991, 39.34432504495624]]]}, "properties": {"light_n": 40.3, "light_pctl": 30, "crime_n": 109, "crime_pctl": 65, "nta": "FRANKFORD", "boro": "Baltimore"}}, {"type": "Feature", "geometry": {"type": "Polygon", "coordinates": [[[-76.64544897762612, 39.28689975960207], [-76.65157944252927, 39.285721348464236], [-76.65324036702923, 39.28130160723268], [-76.64877173722077, 39.27806055388858], [-76.6426421927236, 39.279238698975774], [-76.64098035771991, 39.283658163423006], [-76.64544897762612, 39.28689975960207]]]}, "properties": {"light_n": 80.8, "light_pctl": 78, "crime_n": 545, "crime_pctl": 98, "nta": "CARROLLTON RIDGE", "boro": "Baltimore"}}, {"type": "Feature", "geometry": {"type": "Polygon", "coordinates": [[[-76.62486875407122, 39.31135767809605], [-76.63100286537497, 39.31017997000776], [-76.63266655288689, 39.30575907152594], [-76.62819704023447, 39.30251615836386], [-76.6220638506588, 39.303693600680134], [-76.62039925209868, 39.30811422189583], [-76.62486875407122, 39.31135767809605]]]}, "properties": {"light_n": 136.1, "light_pctl": 94, "crime_n": 281, "crime_pctl": 89, "nta": "Bolton Hill", "boro": "Baltimore"}}, {"type": "Feature", "geometry": {"type": "Polygon", "coordinates": [[[-76.55123617653119, 39.32546642598458], [-76.55737386089162, 39.324292372835096], [-76.5590448709203, 39.3198717100671], [-76.55457910685912, 39.31662537907882], [-76.54844234611126, 39.317799167757364], [-76.54677042590365, 39.32221955186057], [-76.55123617653119, 39.32546642598458]]]}, "properties": {"light_n": 65.7, "light_pctl": 63, "crime_n": 237, "crime_pctl": 84, "nta": "FRANKFORD", "boro": "Baltimore"}}, {"type": "Feature", "geometry": {"type": "Polygon", "coordinates": [[[-76.56743458295739, 39.342875573786216], [-76.5735741311489, 39.341700401385516], [-76.5752442505027, 39.337278466826625], [-76.57077573291357, 39.334031983082234], [-76.56463710871758, 39.335206890641786], [-76.5629660782069, 39.33962854675229], [-76.56743458295739, 39.342875573786216]]]}, "properties": {"light_n": 39.6, "light_pctl": 27, "crime_n": 45, "crime_pctl": 45, "nta": "Beverly Hills", "boro": "Baltimore"}}, {"type": "Feature", "geometry": {"type": "Polygon", "coordinates": [[[-76.60646463018006, 39.314888976500654], [-76.61259963635487, 39.31371218139806], [-76.61426515423844, 39.309291340738575], [-76.60979657687047, 39.30604757276291], [-76.60366249289548, 39.30722410241838], [-76.60199606417997, 39.31164466546199], [-76.60646463018006, 39.314888976500654]]]}, "properties": {"light_n": 90.1, "light_pctl": 82, "crime_n": 268, "crime_pctl": 87, "nta": "GREENMOUNT WEST", "boro": "Baltimore"}}, {"type": "Feature", "geometry": {"type": "Polygon", "coordinates": [[[-76.5495866497385, 39.37501036695885], [-76.55573077438119, 39.373835642180985], [-76.55740367948881, 39.36941206125284], [-76.55293337209226, 39.366163483983065], [-76.54679017301942, 39.367337944118766], [-76.54511635586523, 39.37176124613179], [-76.5495866497385, 39.37501036695885]]]}, "properties": {"light_n": 39.7, "light_pctl": 28, "crime_n": 57, "crime_pctl": 51, "nta": "North Harford Road", "boro": "Baltimore"}}, {"type": "Feature", "geometry": {"type": "Polygon", "coordinates": [[[-76.53897224785544, 39.372935380003355], [-76.54511635586523, 39.37176124613179], [-76.54679017301942, 39.367337944118766], [-76.54232079401844, 39.364089055041234], [-76.5361776116902, 39.36526292447537], [-76.53450288277337, 39.36968594738988], [-76.53897224785544, 39.372935380003355]]]}, "properties": {"light_n": 36.2, "light_pctl": 21, "crime_n": 52, "crime_pctl": 49, "nta": "North Harford Road", "boro": "Baltimore"}}, {"type": "Feature", "geometry": {"type": "Polygon", "coordinates": [[[-76.57804356287281, 39.34494711676931], [-76.58418312648573, 39.34377135424899], [-76.58585233439968, 39.33934914142507], [-76.5813828902322, 39.336102969351856], [-76.5752442505027, 39.337278466826625], [-76.5735741311489, 39.341700401385516], [-76.57804356287281, 39.34494711676931]]]}, "properties": {"light_n": 62.4, "light_pctl": 61, "crime_n": 15, "crime_pctl": 33, "nta": "Lauraville", "boro": "Baltimore"}}, {"type": "Feature", "geometry": {"type": "Polygon", "coordinates": [[[-76.67227355347515, 39.3063487681298], [-76.67840588329008, 39.30516864644388], [-76.68006499882078, 39.30074735814606], [-76.6755926963871, 39.29750646788217], [-76.66946128724196, 39.29868632294329], [-76.66780125995167, 39.3031073348583], [-76.67227355347515, 39.3063487681298]]]}, "properties": {"light_n": 47.7, "light_pctl": 40, "crime_n": 116, "crime_pctl": 66, "nta": "ROSEMONT", "boro": "Baltimore"}}, {"type": "Feature", "geometry": {"type": "Polygon", "coordinates": [[[-76.57686576566655, 39.28775922889072], [-76.58299797643703, 39.28658440726348], [-76.58466528768251, 39.28216561301446], [-76.58020129747617, 39.27892191839049], [-76.57407000839065, 39.28009647522763], [-76.57240178791784, 39.284514991444276], [-76.57686576566655, 39.28775922889072]]]}, "properties": {"light_n": 90.2, "light_pctl": 82, "crime_n": 136, "crime_pctl": 73, "nta": "Canton", "boro": "Baltimore"}}, {"type": "Feature", "geometry": {"type": "Polygon", "coordinates": [[[-76.62924090709811, 39.2695145240259], [-76.63536951863797, 39.26833723310298], [-76.63703133832031, 39.26391876309284], [-76.63256545608338, 39.260677860972564], [-76.62643776457156, 39.26185488621488], [-76.62477503535959, 39.266273079223424], [-76.62924090709811, 39.2695145240259]]]}, "properties": {"light_n": 56.2, "light_pctl": 54, "crime_n": 56, "crime_pctl": 50, "nta": "WESTPORT", "boro": "Baltimore"}}, {"type": "Feature", "geometry": {"type": "Polygon", "coordinates": [[[-76.59706237036318, 39.37002797253659], [-76.6032047217518, 39.368850823589355], [-76.60487304486841, 39.36442684336073], [-76.60039992945536, 39.361180290075524], [-76.59425850257969, 39.36235717352344], [-76.59258926669584, 39.366780875721204], [-76.59706237036318, 39.37002797253659]]]}, "properties": {"light_n": 52.3, "light_pctl": 49, "crime_n": 124, "crime_pctl": 69, "nta": "Glen Oaks", "boro": "Baltimore"}}, {"type": "Feature", "geometry": {"type": "Polygon", "coordinates": [[[-76.64201494760788, 39.25066478871293], [-76.64814082562903, 39.24948711935215], [-76.64980080383525, 39.245069587976104], [-76.64533581316324, 39.24183000261258], [-76.63921085420918, 39.24300740613519], [-76.63754996695084, 39.24742466082482], [-76.64201494760788, 39.25066478871293]]]}, "properties": {"light_n": 69.8, "light_pctl": 68, "crime_n": 29, "crime_pctl": 38, "nta": "Cherry Hill", "boro": "Baltimore"}}, {"type": "Feature", "geometry": {"type": "Polygon", "coordinates": [[[-76.70061239973008, 39.276283130947164], [-76.70674017235153, 39.275101988540854], [-76.70839561210423, 39.27068208185679], [-76.70392419047147, 39.26744359327955], [-76.69779733683905, 39.26862446866386], [-76.69614098594103, 39.273044099612584], [-76.70061239973008, 39.276283130947164]]]}, "properties": {"light_n": 30.8, "light_pctl": 11, "crime_n": 3, "crime_pctl": 23, "nta": "Beechfield", "boro": "Baltimore"}}, {"type": "Feature", "geometry": {"type": "Polygon", "coordinates": [[[-76.63890686448455, 39.34968898009245], [-76.64504558812251, 39.348509941895415], [-76.64670931404845, 39.34408655983578], [-76.64223522921466, 39.34084249311885], [-76.6360974285363, 39.34202126512757], [-76.63443278982349, 39.346444370006765], [-76.63890686448455, 39.34968898009245]]]}, "properties": {"light_n": 47.7, "light_pctl": 41, "crime_n": 74, "crime_pctl": 57, "nta": "Medfield", "boro": "Baltimore"}}, {"type": "Feature", "geometry": {"type": "Polygon", "coordinates": [[[-76.62829407906342, 39.34762281793752], [-76.63443278982349, 39.346444370006765], [-76.6360974285363, 39.34202126512757], [-76.63162426908518, 39.338776885508594], [-76.62548648139806, 39.33995506745526], [-76.62382093018053, 39.344377894970236], [-76.62829407906342, 39.34762281793752]]]}, "properties": {"light_n": 40.1, "light_pctl": 29, "crime_n": 20, "crime_pctl": 35, "nta": "Roland Park", "boro": "Baltimore"}}, {"type": "Feature", "geometry": {"type": "Polygon", "coordinates": [[[-76.56801813049617, 39.37148527557572], [-76.5741613617292, 39.3703096338593], [-76.57583243213962, 39.365885991926724], [-76.57136118367453, 39.362638270240794], [-76.5652188775394, 39.363813646988625], [-76.5635468948633, 39.36823701035635], [-76.56801813049617, 39.37148527557572]]]}, "properties": {"light_n": 49.4, "light_pctl": 45, "crime_n": 135, "crime_pctl": 72, "nta": "Hamilton Hills", "boro": "Baltimore"}}, {"type": "Feature", "geometry": {"type": "Polygon", "coordinates": [[[-76.64952058840095, 39.351754238857545], [-76.65565932447379, 39.35057461033613], [-76.65732213733082, 39.346150951279945], [-76.65284712727525, 39.342907197706936], [-76.64670931404845, 39.34408655983578], [-76.64504558812251, 39.348509941895415], [-76.64952058840095, 39.351754238857545]]]}, "properties": {"light_n": 38.7, "light_pctl": 25, "crime_n": 14, "crime_pctl": 31, "nta": "Coldspring", "boro": "Baltimore"}}, {"type": "Feature", "geometry": {"type": "Polygon", "coordinates": [[[-76.66166894159744, 39.30428686741693], [-76.66780125995167, 39.3031073348583], [-76.66946128724196, 39.29868632294329], [-76.66498990774781, 39.29544512011852], [-76.65885851017713, 39.296624386256106], [-76.65719757140808, 39.301045121604716], [-76.66166894159744, 39.30428686741693]]]}, "properties": {"light_n": 60.5, "light_pctl": 59, "crime_n": 294, "crime_pctl": 90, "nta": "FRANKLINTOWN ROAD", "boro": "Baltimore"}}, {"type": "Feature", "geometry": {"type": "Polygon", "coordinates": [[[-76.65885851017713, 39.296624386256106], [-76.66498990774781, 39.29544512011852], [-76.66664992829568, 39.291024605208975], [-76.66217946249539, 39.28778363298596], [-76.65604898546277, 39.288962632785875], [-76.65438805378336, 39.293382871111724], [-76.65885851017713, 39.296624386256106]]]}, "properties": {"light_n": 71.4, "light_pctl": 69, "crime_n": 331, "crime_pctl": 92, "nta": "PENROSE/FAYETTE STREET OUTREACH", "boro": "Baltimore"}}, {"type": "Feature", "geometry": {"type": "Polygon", "coordinates": [[[-76.62548648139806, 39.33995506745526], [-76.63162426908518, 39.338776885508594], [-76.63328889994672, 39.33435427721831], [-76.62881665536925, 39.33111012822133], [-76.62267979050851, 39.3322880442672], [-76.62101424749024, 39.336710375176125], [-76.62548648139806, 39.33995506745526]]]}, "properties": {"light_n": 56.1, "light_pctl": 54, "crime_n": 71, "crime_pctl": 56, "nta": "Wyman Park", "boro": "Baltimore"}}, {"type": "Feature", "geometry": {"type": "Polygon", "coordinates": [[[-76.65541355687427, 39.26038501332316], [-76.6615403663488, 39.25920649013567], [-76.66319944215763, 39.25478818483955], [-76.65873261826128, 39.25154867918249], [-76.65260672798576, 39.25272693624517], [-76.65094674249836, 39.25714496505502], [-76.65541355687427, 39.26038501332316]]]}, "properties": {"light_n": 63.5, "light_pctl": 62, "crime_n": 28, "crime_pctl": 37, "nta": "Lakeland", "boro": "Baltimore"}}, {"type": "Feature", "geometry": {"type": "Polygon", "coordinates": [[[-76.68006499882078, 39.30074735814606], [-76.6861964190986, 39.299566914103856], [-76.68785461654119, 39.29514584657769], [-76.68338230548984, 39.29190549927543], [-76.67725180552266, 39.293085676572495], [-76.6755926963871, 39.29750646788217], [-76.68006499882078, 39.30074735814606]]]}, "properties": {"light_n": 38.6, "light_pctl": 25, "crime_n": 272, "crime_pctl": 87, "nta": "Edmondson Village", "boro": "Baltimore"}}, {"type": "Feature", "geometry": {"type": "Polygon", "coordinates": [[[-76.60707132612133, 39.34348778465892], [-76.61321000979704, 39.34231051708605], [-76.61487647323702, 39.33788796711898], [-76.61040516503289, 39.33464296242161], [-76.60426740465614, 39.335819964418995], [-76.60260002927608, 39.340242236654525], [-76.60707132612133, 39.34348778465892]]]}, "properties": {"light_n": 53.3, "light_pctl": 50, "crime_n": 185, "crime_pctl": 81, "nta": "PEN LUCY", "boro": "Baltimore"}}, {"type": "Feature", "geometry": {"type": "Polygon", "coordinates": [[[-76.68700369643787, 39.37328190647646], [-76.69314431290218, 39.372099972373604], [-76.69480439680909, 39.36767449064482], [-76.69032477895469, 39.36443121939319], [-76.68418508548655, 39.365612886323675], [-76.68252408696793, 39.370038091643295], [-76.68700369643787, 39.37328190647646]]]}, "properties": {"light_n": 43.4, "light_pctl": 36, "crime_n": 23, "crime_pctl": 35, "nta": "Cheswolde", "boro": "Baltimore"}}, {"type": "Feature", "geometry": {"type": "Polygon", "coordinates": [[[-76.6729197428521, 39.33494406442974], [-76.67905574679648, 39.333763465353044], [-76.68071580015456, 39.32934046613371], [-76.67624076252875, 39.3260983424532], [-76.67010568035049, 39.327278674775215], [-76.66844471412305, 39.3317013974976], [-76.6729197428521, 39.33494406442974]]]}, "properties": {"light_n": 54.7, "light_pctl": 52, "crime_n": 74, "crime_pctl": 57, "nta": "Ashburton", "boro": "Baltimore"}}, {"type": "Feature", "geometry": {"type": "Polygon", "coordinates": [[[-76.56184053818005, 39.327538935993246], [-76.56797823862787, 39.32636429319188], [-76.56964833819472, 39.32194335194216], [-76.56518164786719, 39.31869733194098], [-76.5590448709203, 39.3198717100671], [-76.55737386089162, 39.324292372835096], [-76.56184053818005, 39.327538935993246]]]}, "properties": {"light_n": 52.9, "light_pctl": 50, "crime_n": 248, "crime_pctl": 86, "nta": "BELAIR-EDISON", "boro": "Baltimore"}}, {"type": "Feature", "geometry": {"type": "Polygon", "coordinates": [[[-76.61085328507517, 39.273044575179206], [-76.61698279019814, 39.27186819511948], [-76.6186464370572, 39.26744978200749], [-76.6141814881984, 39.26420802627141], [-76.60805290357408, 39.26538414097476], [-76.60638834740095, 39.26980227673594], [-76.61085328507517, 39.273044575179206]]]}, "properties": {"light_n": 108.8, "light_pctl": 90, "crime_n": 70, "crime_pctl": 55, "nta": "South Baltimore", "boro": "Baltimore"}}, {"type": "Feature", "geometry": {"type": "Polygon", "coordinates": [[[-76.63328889994672, 39.33435427721831], [-76.63942577791194, 39.33317577131461], [-76.64108948874163, 39.328753382470374], [-76.63661723378827, 39.32550977670997], [-76.6304812782898, 39.326688016591945], [-76.62881665536925, 39.33111012822133], [-76.63328889994672, 39.33435427721831]]]}, "properties": {"light_n": 67.8, "light_pctl": 66, "crime_n": 199, "crime_pctl": 82, "nta": "Hampden", "boro": "Baltimore"}}, {"type": "Feature", "geometry": {"type": "Polygon", "coordinates": [[[-76.53059104940442, 39.34992019858478], [-76.53673238111399, 39.34874685777694], [-76.53840616560991, 39.34432504495624], [-76.53393952920688, 39.34107685205692], [-76.52779912243454, 39.34224992867588], [-76.52612442721991, 39.34667146234854], [-76.53059104940442, 39.34992019858478]]]}, "properties": {"light_n": 30.2, "light_pctl": 10, "crime_n": 38, "crime_pctl": 42, "nta": "Cedmont", "boro": "Baltimore"}}, {"type": "Feature", "geometry": {"type": "Polygon", "coordinates": [[[-76.5958610722196, 39.31282087123165], [-76.60199606417997, 39.31164466546199], [-76.60366249289548, 39.30722410241838], [-76.59919484029189, 39.30398002290898], [-76.59306077064379, 39.30515596343558], [-76.59139343137836, 39.30957624868002], [-76.5958610722196, 39.31282087123165]]]}, "properties": {"light_n": 96.2, "light_pctl": 86, "crime_n": 411, "crime_pctl": 95, "nta": "OLIVER", "boro": "Baltimore"}}, {"type": "Feature", "geometry": {"type": "Polygon", "coordinates": [[[-76.59806093137907, 39.2918965397984], [-76.60419317169345, 39.29072054078793], [-76.6058586636388, 39.28630119102303], [-76.60139282515196, 39.2830581179004], [-76.59526150629857, 39.28423385171294], [-76.59359510456227, 39.28865292381142], [-76.59806093137907, 39.2918965397984]]]}, "properties": {"light_n": 166.8, "light_pctl": 98, "crime_n": 301, "crime_pctl": 91, "nta": "LITTLE ITALY", "boro": "Baltimore"}}, {"type": "Feature", "geometry": {"type": "Polygon", "coordinates": [[[-76.66729252625828, 39.31961401190343], [-76.67342668691622, 39.318433946252625], [-76.67508672742095, 39.31401194054175], [-76.67061351953254, 39.310770276978644], [-76.66448028014926, 39.31195007604165], [-76.66281932747084, 39.31637180522076], [-76.66729252625828, 39.31961401190343]]]}, "properties": {"light_n": 55.8, "light_pctl": 53, "crime_n": 126, "crime_pctl": 70, "nta": "Hanlon-Longwood", "boro": "Baltimore"}}, {"type": "Feature", "geometry": {"type": "Polygon", "coordinates": [[[-76.6220638506588, 39.303693600680134], [-76.62819704023447, 39.30251615836386], [-76.62986071979455, 39.29809575681297], [-76.6253921205712, 39.29485307482683], [-76.61925985247761, 39.29603025145427], [-76.6175952622165, 39.30045037572201], [-76.6220638506588, 39.303693600680134]]]}, "properties": {"light_n": 196.1, "light_pctl": 99, "crime_n": 602, "crime_pctl": 99, "nta": "UPTON", "boro": "Baltimore"}}, {"type": "Feature", "geometry": {"type": "Polygon", "coordinates": [[[-76.62705579209, 39.290433170278476], [-76.63318715228789, 39.28925567056476], [-76.63484990538755, 39.28483598595662], [-76.63038220866892, 39.28159407816138], [-76.62425176934853, 39.28277131214873], [-76.62258810596039, 39.287190719623034], [-76.62705579209, 39.290433170278476]]]}, "properties": {"light_n": 191.9, "light_pctl": 98, "crime_n": 288, "crime_pctl": 90, "nta": "WASHINGTON VILLAGE/PIGTOWN", "boro": "Baltimore"}}, {"type": "Feature", "geometry": {"type": "Polygon", "coordinates": [[[-76.57745431004199, 39.316347661506775], [-76.58359019503156, 39.3151723693095], [-76.5852584540742, 39.31075186517525], [-76.5807917385513, 39.30750693135247], [-76.57465677634491, 39.30868195863194], [-76.5729876069697, 39.31310218461739], [-76.57745431004199, 39.316347661506775]]]}, "properties": {"light_n": 60.5, "light_pctl": 59, "crime_n": 130, "crime_pctl": 71, "nta": "Berea", "boro": "Baltimore"}}, {"type": "Feature", "geometry": {"type": "Polygon", "coordinates": [[[-76.65822129092496, 39.26804381898449], [-76.66434901984343, 39.266865029588885], [-76.66600810249746, 39.26244622694729], [-76.6615403663488, 39.25920649013567], [-76.65541355687427, 39.26038501332316], [-76.65375356419528, 39.26480353949565], [-76.65822129092496, 39.26804381898449]]]}, "properties": {"light_n": 76.7, "light_pctl": 74, "crime_n": 92, "crime_pctl": 63, "nta": "MORRELL PARK", "boro": "Baltimore"}}, {"type": "Feature", "geometry": {"type": "Polygon", "coordinates": [[[-76.64888824813727, 39.323152383699664], [-76.65502330675008, 39.321973230682666], [-76.65668517848825, 39.31755128139414], [-76.65221290366355, 39.31430876196978], [-76.6460787667985, 39.31548764872351], [-76.64441598310157, 39.31990932113013], [-76.64888824813727, 39.323152383699664]]]}, "properties": {"light_n": 73.3, "light_pctl": 71, "crime_n": 379, "crime_pctl": 93, "nta": "MONDAWMIN", "boro": "Baltimore"}}, {"type": "Feature", "geometry": {"type": "Polygon", "coordinates": [[[-76.59425850257969, 39.36235717352344], [-76.60039992945536, 39.361180290075524], [-76.60206824368618, 39.35675680621579], [-76.59759604355186, 39.35351048381716], [-76.59145554094174, 39.354687101848924], [-76.58978631429206, 39.359110307660835], [-76.59425850257969, 39.36235717352344]]]}, "properties": {"light_n": 51.8, "light_pctl": 49, "crime_n": 162, "crime_pctl": 78, "nta": "Woodbourne Heights", "boro": "Baltimore"}}, {"type": "Feature", "geometry": {"type": "Polygon", "coordinates": [[[-76.59085809773632, 39.32608393318438], [-76.59699492062948, 39.32490778636211], [-76.5986622781304, 39.32048650747859], [-76.59419372379195, 39.31724165333148], [-76.58805782381663, 39.3184175349487], [-76.5863895553534, 39.32283853588345], [-76.59085809773632, 39.32608393318438]]]}, "properties": {"light_n": 71.9, "light_pctl": 70, "crime_n": 275, "crime_pctl": 88, "nta": "COLDSTREAM HOMESTEAD MONTEBELLO", "boro": "Baltimore"}}, {"type": "Feature", "geometry": {"type": "Polygon", "coordinates": [[[-76.64481994516518, 39.25832290033715], [-76.65094674249836, 39.25714496505502], [-76.65260672798576, 39.25272693624517], [-76.64814082562903, 39.24948711935215], [-76.64201494760788, 39.25066478871293], [-76.64035405272226, 39.25508254085339], [-76.64481994516518, 39.25832290033715]]]}, "properties": {"light_n": 67.3, "light_pctl": 65, "crime_n": 239, "crime_pctl": 85, "nta": "LAKELAND", "boro": "Baltimore"}}, {"type": "Feature", "geometry": {"type": "Polygon", "coordinates": [[[-76.66600810249746, 39.26244622694729], [-76.67213492367271, 39.26126711579676], [-76.6737930895228, 39.2568485341976], [-76.66932534424716, 39.253609340017285], [-76.66319944215763, 39.25478818483955], [-76.6615403663488, 39.25920649013567], [-76.66600810249746, 39.26244622694729]]]}, "properties": {"light_n": 84.7, "light_pctl": 79, "crime_n": 84, "crime_pctl": 60, "nta": "Morrell Park", "boro": "Baltimore"}}, {"type": "Feature", "geometry": {"type": "Polygon", "coordinates": [[[-76.53504967235122, 39.30805916463436], [-76.54118549298191, 39.306886229528104], [-76.54285739165954, 39.302466839087124], [-76.53839437900005, 39.29922066259848], [-76.53225948159862, 39.30039333360366], [-76.53058667371903, 39.30481244516406], [-76.53504967235122, 39.30805916463436]]]}, "properties": {"light_n": 78.5, "light_pctl": 75, "crime_n": 34, "crime_pctl": 41, "nta": "PULASKI INDUSTRIAL AREA", "boro": "Baltimore"}}, {"type": "Feature", "geometry": {"type": "Polygon", "coordinates": [[[-76.55740367948881, 39.36941206125284], [-76.5635468948633, 39.36823701035635], [-76.5652188775394, 39.363813646988625], [-76.56074855691494, 39.36056561323114], [-76.55460626675043, 39.3617403993637], [-76.55293337209226, 39.366163483983065], [-76.55740367948881, 39.36941206125284]]]}, "properties": {"light_n": 44.3, "light_pctl": 37, "crime_n": 45, "crime_pctl": 45, "nta": "Hamilton Hills", "boro": "Baltimore"}}, {"type": "Feature", "geometry": {"type": "Polygon", "coordinates": [[[-76.60366249289548, 39.30722410241838], [-76.60979657687047, 39.30604757276291], [-76.61146208619712, 39.30162722899672], [-76.60699442212484, 39.29838369248412], [-76.6008612601033, 39.29955995677556], [-76.59919484029189, 39.30398002290898], [-76.60366249289548, 39.30722410241838]]]}, "properties": {"light_n": 141.6, "light_pctl": 95, "crime_n": 496, "crime_pctl": 97, "nta": "JOHNSTON SQUARE", "boro": "Baltimore"}}, {"type": "Feature", "geometry": {"type": "Polygon", "coordinates": [[[-76.64046252415478, 39.30016036145927], [-76.64659481826199, 39.298982006982115], [-76.64825666822877, 39.294561548383484], [-76.64378713509608, 39.291319721160754], [-76.63765576199913, 39.29249780962453], [-76.63599300111571, 39.29691799128971], [-76.64046252415478, 39.30016036145927]]]}, "properties": {"light_n": 85.1, "light_pctl": 80, "crime_n": 254, "crime_pctl": 87, "nta": "HARLEM PARK", "boro": "Baltimore"}}, {"type": "Feature", "geometry": {"type": "Polygon", "coordinates": [[[-76.67638348137984, 39.371219434839745], [-76.68252408696793, 39.370038091643295], [-76.68418508548655, 39.365612886323675], [-76.67970639283827, 39.36236930075911], [-76.67356671036084, 39.36355037698752], [-76.67190479751237, 39.36797530571366], [-76.67638348137984, 39.371219434839745]]]}, "properties": {"light_n": 33.1, "light_pctl": 15, "crime_n": 40, "crime_pctl": 43, "nta": "Cheswolde", "boro": "Baltimore"}}, {"type": "Feature", "geometry": {"type": "Polygon", "coordinates": [[[-76.59246298443779, 39.276571892745025], [-76.59859338207633, 39.27539642404739], [-76.60025885628433, 39.2709780685695], [-76.59579484204278, 39.26773545945456], [-76.58966536537305, 39.268910663120295], [-76.58799898206723, 39.273328740898265], [-76.59246298443779, 39.276571892745025]]]}, "properties": {"light_n": 118.5, "light_pctl": 91, "crime_n": 33, "crime_pctl": 40, "nta": "Locust Point", "boro": "Baltimore"}}, {"type": "Feature", "geometry": {"type": "Polygon", "coordinates": [[[-76.58924986371403, 39.37562899458118], [-76.59539312533443, 39.374452171048034], [-76.59706237036318, 39.37002797253659], [-76.59258926669584, 39.366780875721204], [-76.58644692994852, 39.36795743387649], [-76.58477677208727, 39.37238135419035], [-76.58924986371403, 39.37562899458118]]]}, "properties": {"light_n": 34.0, "light_pctl": 17, "crime_n": 63, "crime_pctl": 52, "nta": "Idlewood", "boro": "Baltimore"}}, {"type": "Feature", "geometry": {"type": "Polygon", "coordinates": [[[-76.54399460037494, 39.35966624935361], [-76.550136874126, 39.35849205377718], [-76.55180975824611, 39.354069465538686], [-76.5473412800573, 39.3508213517904], [-76.54119993138004, 39.351995282890485], [-76.53952613590965, 39.35641759218063], [-76.54399460037494, 39.35966624935361]]]}, "properties": {"light_n": 37.8, "light_pctl": 23, "crime_n": 51, "crime_pctl": 49, "nta": "Rosemont East", "boro": "Baltimore"}}, {"type": "Feature", "geometry": {"type": "Polygon", "coordinates": [[[-76.67790080950535, 39.32167583995211], [-76.68403498139624, 39.32049518476624], [-76.68569410944623, 39.31607290270739], [-76.68121997815112, 39.31283155214757], [-76.67508672742095, 39.31401194054175], [-76.67342668691622, 39.318433946252625], [-76.67790080950535, 39.32167583995211]]]}, "properties": {"light_n": 42.2, "light_pctl": 34, "crime_n": 125, "crime_pctl": 70, "nta": "Garwyn Oaks", "boro": "Baltimore"}}, {"type": "Feature", "geometry": {"type": "Polygon", "coordinates": [[[-76.56126124444563, 39.29894614551452], [-76.56739526846452, 39.29777197202285], [-76.56906441803817, 39.293352739886544], [-76.56460045304068, 39.29010795957238], [-76.55846735142315, 39.291281868516165], [-76.55679729249319, 39.29570082228746], [-76.56126124444563, 39.29894614551452]]]}, "properties": {"light_n": 104.2, "light_pctl": 89, "crime_n": 274, "crime_pctl": 88, "nta": "BALTIMORE HIGHLANDS", "boro": "Baltimore"}}, {"type": "Feature", "geometry": {"type": "Polygon", "coordinates": [[[-76.70193884413752, 39.333461338996365], [-76.70807395834431, 39.33227923728484], [-76.70973126607021, 39.32785590634433], [-76.7052543730448, 39.324614953042946], [-76.6991201800155, 39.325796787471425], [-76.6974619589251, 39.33021984244948], [-76.70193884413752, 39.333461338996365]]]}, "properties": {"light_n": 32.7, "light_pctl": 14, "crime_n": 70, "crime_pctl": 55, "nta": "HOWARD PARK", "boro": "Baltimore"}}, {"type": "Feature", "geometry": {"type": "Polygon", "coordinates": [[[-76.65106526495649, 39.3022240650937], [-76.65719757140808, 39.301045121604716], [-76.65885851017713, 39.296624386256106], [-76.65438805378336, 39.293382871111724], [-76.64825666822877, 39.294561548383484], [-76.64659481826199, 39.298982006982115], [-76.65106526495649, 39.3022240650937]]]}, "properties": {"light_n": 76.0, "light_pctl": 73, "crime_n": 278, "crime_pctl": 88, "nta": "Midtown-Edmondson", "boro": "Baltimore"}}, {"type": "Feature", "geometry": {"type": "Polygon", "coordinates": [[[-76.58644692994852, 39.36795743387649], [-76.59258926669584, 39.366780875721204], [-76.59425850257969, 39.36235717352344], [-76.58978631429206, 39.359110307660835], [-76.58364490217032, 39.36028660052138], [-76.58197475380237, 39.36471002450462], [-76.58644692994852, 39.36795743387649]]]}, "properties": {"light_n": 62.2, "light_pctl": 61, "crime_n": 177, "crime_pctl": 79, "nta": "Ramblewood", "boro": "Baltimore"}}, {"type": "Feature", "geometry": {"type": "Polygon", "coordinates": [[[-76.6941445918508, 39.33906666967786], [-76.70028061736176, 39.33788489065758], [-76.70193884413752, 39.333461338996365], [-76.6974619589251, 39.33021984244948], [-76.69132685495168, 39.33140135430708], [-76.68966771474422, 39.33582462983939], [-76.6941445918508, 39.33906666967786]]]}, "properties": {"light_n": 47.3, "light_pctl": 40, "crime_n": 124, "crime_pctl": 69, "nta": "HOWARD PARK", "boro": "Baltimore"}}, {"type": "Feature", "geometry": {"type": "Polygon", "coordinates": [[[-76.65795986337396, 39.374761634547184], [-76.66410136946378, 39.373581206347566], [-76.66576420324434, 39.369156058061385], [-76.66128644514107, 39.36591161488438], [-76.6551458626368, 39.36709177644116], [-76.65348211474169, 39.37151664778293], [-76.65795986337396, 39.374761634547184]]]}, "properties": {"light_n": 27.3, "light_pctl": 8, "crime_n": 2, "crime_pctl": 21, "nta": "Mount Washington", "boro": "Baltimore"}}, {"type": "Feature", "geometry": {"type": "Polygon", "coordinates": [[[-76.70342837052691, 39.2839425206352], [-76.70955706238195, 39.28276111112337], [-76.71121250750276, 39.27834070723471], [-76.70674017235153, 39.275101988540854], [-76.70061239973008, 39.276283130947164], [-76.698956043117, 39.28070325911801], [-76.70342837052691, 39.2839425206352]]]}, "properties": {"light_n": 28.8, "light_pctl": 9, "crime_n": 70, "crime_pctl": 55, "nta": "WESTGATE", "boro": "Baltimore"}}, {"type": "Feature", "geometry": {"type": "Polygon", "coordinates": [[[-76.64452846016242, 39.365026590278994], [-76.6506690304593, 39.36384701945526], [-76.6523327711215, 39.35942264446861], [-76.64785685506186, 39.356178117416775], [-76.64171720821774, 39.35735742188549], [-76.64005255407196, 39.36178151972627], [-76.64452846016242, 39.365026590278994]]]}, "properties": {"light_n": 33.2, "light_pctl": 16, "crime_n": 16, "crime_pctl": 33, "nta": "Sabina-Mattfeldt", "boro": "Baltimore"}}, {"type": "Feature", "geometry": {"type": "Polygon", "coordinates": [[[-76.58466528768251, 39.28216561301446], [-76.59079659187236, 39.28099046771891], [-76.59246298443779, 39.276571892745025], [-76.58799898206723, 39.273328740898265], [-76.58186859920424, 39.27450362128276], [-76.58020129747617, 39.27892191839049], [-76.58466528768251, 39.28216561301446]]]}, "properties": {"light_n": 79.8, "light_pctl": 77, "crime_n": 6, "crime_pctl": 28, "nta": "Fells Point", "boro": "Baltimore"}}, {"type": "Feature", "geometry": {"type": "Polygon", "coordinates": [[[-76.68851002762575, 39.32373676524109], [-76.69464421030713, 39.32255552046261], [-76.69630242562145, 39.31813296223971], [-76.69182737108106, 39.31489192492451], [-76.68569410944623, 39.31607290270739], [-76.68403498139624, 39.32049518476624], [-76.68851002762575, 39.32373676524109]]]}, "properties": {"light_n": 29.0, "light_pctl": 9, "crime_n": 117, "crime_pctl": 66, "nta": "WEST FOREST PARK", "boro": "Baltimore"}}, {"type": "Feature", "geometry": {"type": "Polygon", "coordinates": [[[-76.58305208864475, 39.331681253129844], [-76.5891898199414, 39.3305054308479], [-76.59085809773632, 39.32608393318438], [-76.5863895553534, 39.32283853588345], [-76.58025274733376, 39.32401409308156], [-76.57858355851154, 39.328435312629786], [-76.58305208864475, 39.331681253129844]]]}, "properties": {"light_n": 48.7, "light_pctl": 43, "crime_n": 68, "crime_pctl": 54, "nta": "Coldstream Homestead Montebello", "boro": "Baltimore"}}, {"type": "Feature", "geometry": {"type": "Polygon", "coordinates": [[[-76.56242052940112, 39.356142746227626], [-76.56856191068611, 39.354967634365366], [-76.57023296132431, 39.350544985199804], [-76.56576354233862, 39.34729772646021], [-76.55962308565609, 39.348472573519864], [-76.55795112344853, 39.352894944087105], [-76.56242052940112, 39.356142746227626]]]}, "properties": {"light_n": 45.0, "light_pctl": 38, "crime_n": 118, "crime_pctl": 67, "nta": "Hamilton Hills", "boro": "Baltimore"}}, {"type": "Feature", "geometry": {"type": "Polygon", "coordinates": [[[-76.61548852843322, 39.366495609732276], [-76.62162998348735, 39.36531754493374], [-76.62329647203178, 39.36089350552953], [-76.61882241859827, 39.35764780856948], [-76.61268188758397, 39.35882560754291], [-76.61101448605494, 39.36324936926677], [-76.61548852843322, 39.366495609732276]]]}, "properties": {"light_n": 40.6, "light_pctl": 31, "crime_n": 20, "crime_pctl": 35, "nta": "Homeland", "boro": "Baltimore"}}, {"type": "Feature", "geometry": {"type": "Polygon", "coordinates": [[[-76.5852584540742, 39.31075186517525], [-76.59139343137836, 39.30957624868002], [-76.59306077064379, 39.30515596343558], [-76.5885940429642, 39.301911572634125], [-76.58245998808448, 39.30308692409039], [-76.5807917385513, 39.30750693135247], [-76.5852584540742, 39.31075186517525]]]}, "properties": {"light_n": 86.8, "light_pctl": 80, "crime_n": 248, "crime_pctl": 86, "nta": "Broadway East", "boro": "Baltimore"}}, {"type": "Feature", "geometry": {"type": "Polygon", "coordinates": [[[-76.65732213733082, 39.346150951279945], [-76.66345996266318, 39.344970998973004], [-76.66512185536271, 39.34054755964121], [-76.66064683582368, 39.33730434941156], [-76.6545099329773, 39.33848403520514], [-76.65284712727525, 39.342907197706936], [-76.65732213733082, 39.346150951279945]]]}, "properties": {"light_n": 52.8, "light_pctl": 49, "crime_n": 158, "crime_pctl": 77, "nta": "Greenspring", "boro": "Baltimore"}}, {"type": "Feature", "geometry": {"type": "Polygon", "coordinates": [[[-76.56964833819472, 39.32194335194216], [-76.57578513089891, 39.32076838430949], [-76.57745431004199, 39.316347661506775], [-76.5729876069697, 39.31310218461739], [-76.56685173740756, 39.31427688745349], [-76.56518164786719, 39.31869733194098], [-76.56964833819472, 39.32194335194216]]]}, "properties": {"light_n": 65.0, "light_pctl": 63, "crime_n": 290, "crime_pctl": 90, "nta": "BELAIR-EDISON", "boro": "Baltimore"}}, {"type": "Feature", "geometry": {"type": "Polygon", "coordinates": [[[-76.61426515423844, 39.309291340738575], [-76.62039925209868, 39.30811422189583], [-76.6220638506588, 39.303693600680134], [-76.6175952622165, 39.30045037572201], [-76.61146208619712, 39.30162722899672], [-76.60979657687047, 39.30604757276291], [-76.61426515423844, 39.309291340738575]]]}, "properties": {"light_n": 164.7, "light_pctl": 97, "crime_n": 313, "crime_pctl": 91, "nta": "MID-TOWN BELVEDERE", "boro": "Baltimore"}}, {"type": "Feature", "geometry": {"type": "Polygon", "coordinates": [[[-76.6086599228054, 39.29396384568281], [-76.61479217723004, 39.29278725789301], [-76.61645675910286, 39.28836763064479], [-76.6119899967148, 39.28512486863504], [-76.6058586636388, 39.28630119102303], [-76.60419317169345, 39.29072054078793], [-76.6086599228054, 39.29396384568281]]]}, "properties": {"light_n": 274.5, "light_pctl": 100, "crime_n": 1325, "crime_pctl": 100, "nta": "DOWNTOWN", "boro": "Baltimore"}}, {"type": "Feature", "geometry": {"type": "Polygon", "coordinates": [[[-76.66294927203744, 39.36148696293591], [-76.66908894308054, 39.360306477351926], [-76.67075084930312, 39.35588204501833], [-76.66627399827318, 39.35263837502905], [-76.66013525020861, 39.353818593932786], [-76.65847243028678, 39.35824274947122], [-76.66294927203744, 39.36148696293591]]]}, "properties": {"light_n": 47.1, "light_pctl": 40, "crime_n": 45, "crime_pctl": 45, "nta": "LEVINDALE", "boro": "Baltimore"}}, {"type": "Feature", "geometry": {"type": "Polygon", "coordinates": [[[-76.6956424069915, 39.28954423391177], [-76.7017720082892, 39.28836314595666], [-76.70342837052691, 39.2839425206352], [-76.698956043117, 39.28070325911801], [-76.6928273614118, 39.28188408008762], [-76.6911700876148, 39.2863044295251], [-76.6956424069915, 39.28954423391177]]]}, "properties": {"light_n": 38.5, "light_pctl": 25, "crime_n": 122, "crime_pctl": 68, "nta": "TEN HILLS", "boro": "Baltimore"}}, {"type": "Feature", "geometry": {"type": "Polygon", "coordinates": [[[-76.61645675910286, 39.28836763064479], [-76.62258810596039, 39.287190719623034], [-76.62425176934853, 39.28277131214873], [-76.61978499597747, 39.279529092978606], [-76.61365457011013, 39.28070573847779], [-76.6119899967148, 39.28512486863504], [-76.61645675910286, 39.28836763064479]]]}, "properties": {"light_n": 254.7, "light_pctl": 100, "crime_n": 278, "crime_pctl": 88, "nta": "DOWNTOWN WEST", "boro": "Baltimore"}}, {"type": "Feature", "geometry": {"type": "Polygon", "coordinates": [[[-76.57863352543889, 39.373557586785694], [-76.58477677208727, 39.37238135419035], [-76.58644692994852, 39.36795743387649], [-76.58197475380237, 39.36471002450462], [-76.57583243213962, 39.365885991926724], [-76.5741613617292, 39.3703096338593], [-76.57863352543889, 39.373557586785694]]]}, "properties": {"light_n": 41.2, "light_pctl": 32, "crime_n": 46, "crime_pctl": 46, "nta": "Idlewood", "boro": "Baltimore"}}, {"type": "Feature", "geometry": {"type": "Polygon", "coordinates": [[[-76.5808437799536, 39.35261649474323], [-76.58698426769723, 39.351440467094335], [-76.58865348502358, 39.3470177577404], [-76.58418312648573, 39.34377135424899], [-76.57804356287281, 39.34494711676931], [-76.57637343375869, 39.34936954787499], [-76.5808437799536, 39.35261649474323]]]}, "properties": {"light_n": 59.7, "light_pctl": 58, "crime_n": 69, "crime_pctl": 55, "nta": "PERRING LOCH", "boro": "Baltimore"}}, {"type": "Feature", "geometry": {"type": "Polygon", "coordinates": [[[-76.6551458626368, 39.36709177644116], [-76.66128644514107, 39.36591161488438], [-76.66294927203744, 39.36148696293591], [-76.65847243028678, 39.35824274947122], [-76.6523327711215, 39.35942264446861], [-76.6506690304593, 39.36384701945526], [-76.6551458626368, 39.36709177644116]]]}, "properties": {"light_n": 34.5, "light_pctl": 17, "crime_n": 6, "crime_pctl": 28, "nta": "Mount Washington", "boro": "Baltimore"}}, {"type": "Feature", "geometry": {"type": "Polygon", "coordinates": [[[-76.63765576199913, 39.29249780962453], [-76.64378713509608, 39.291319721160754], [-76.64544897762612, 39.28689975960207], [-76.64098035771991, 39.283658163423006], [-76.63484990538755, 39.28483598595662], [-76.63318715228789, 39.28925567056476], [-76.63765576199913, 39.29249780962453]]]}, "properties": {"light_n": 94.7, "light_pctl": 85, "crime_n": 515, "crime_pctl": 98, "nta": "FRANKLIN SQUARE", "boro": "Baltimore"}}, {"type": "Feature", "geometry": {"type": "Polygon", "coordinates": [[[-76.66946128724196, 39.29868632294329], [-76.6755926963871, 39.29750646788217], [-76.67725180552266, 39.293085676572495], [-76.67278041701636, 39.289845016689284], [-76.66664992829568, 39.291024605208975], [-76.66498990774781, 39.29544512011852], [-76.66946128724196, 39.29868632294329]]]}, "properties": {"light_n": 47.1, "light_pctl": 40, "crime_n": 189, "crime_pctl": 81, "nta": "EDGEWOOD", "boro": "Baltimore"}}, {"type": "Feature", "geometry": {"type": "Polygon", "coordinates": [[[-76.59965717603805, 39.24240721518048], [-76.60578300064006, 39.24123189604814], [-76.60744661337222, 39.23681547251527], [-76.60298530952333, 39.23357464549794], [-76.59686040443788, 39.234749699605906], [-76.59519588377569, 39.239165845721004], [-76.59965717603805, 39.24240721518048]]]}, "properties": {"light_n": 54.0, "light_pctl": 51, "crime_n": 234, "crime_pctl": 84, "nta": "BROOKLYN", "boro": "Baltimore"}}, {"type": "Feature", "geometry": {"type": "Polygon", "coordinates": [[[-76.56906441803817, 39.293352739886544], [-76.57519753541837, 39.29217824219393], [-76.57686576566655, 39.28775922889072], [-76.57240178791784, 39.284514991444276], [-76.56626959258077, 39.285689224467866], [-76.56460045304068, 39.29010795957238], [-76.56906441803817, 39.293352739886544]]]}, "properties": {"light_n": 105.4, "light_pctl": 89, "crime_n": 425, "crime_pctl": 96, "nta": "HIGHLANDTOWN", "boro": "Baltimore"}}, {"type": "Feature", "geometry": {"type": "Polygon", "coordinates": [[[-76.58865348502358, 39.3470177577404], [-76.59479306361538, 39.34584140504167], [-76.59646135980661, 39.341418914136085], [-76.59199098922035, 39.338173053976234], [-76.58585233439968, 39.33934914142507], [-76.58418312648573, 39.34377135424899], [-76.58865348502358, 39.3470177577404]]]}, "properties": {"light_n": 92.2, "light_pctl": 84, "crime_n": 114, "crime_pctl": 66, "nta": "Hillen", "boro": "Baltimore"}}, {"type": "Feature", "geometry": {"type": "Polygon", "coordinates": [[[-76.6460787667985, 39.31548764872351], [-76.65221290366355, 39.31430876196978], [-76.65387476823449, 39.30988730950614], [-76.64940340764271, 39.306645020660646], [-76.6432701922795, 39.30782364123446], [-76.64160741609737, 39.31224481679895], [-76.6460787667985, 39.31548764872351]]]}, "properties": {"light_n": 88.3, "light_pctl": 81, "crime_n": 602, "crime_pctl": 99, "nta": "MONDAWMIN", "boro": "Baltimore"}}, {"type": "Feature", "geometry": {"type": "Polygon", "coordinates": [[[-76.6014643888009, 39.32815287194993], [-76.60760122612551, 39.3269761354449], [-76.60926767238182, 39.32255457879595], [-76.60479819264958, 39.31931003638279], [-76.5986622781304, 39.32048650747859], [-76.59699492062948, 39.32490778636211], [-76.6014643888009, 39.32815287194993]]]}, "properties": {"light_n": 106.8, "light_pctl": 89, "crime_n": 142, "crime_pctl": 74, "nta": "BETTER WAVERLY", "boro": "Baltimore"}}, {"type": "Feature", "geometry": {"type": "Polygon", "coordinates": [[[-76.66576420324434, 39.369156058061385], [-76.67190479751237, 39.36797530571366], [-76.67356671036084, 39.36355037698752], [-76.66908894308054, 39.360306477351926], [-76.66294927203744, 39.36148696293591], [-76.66128644514107, 39.36591161488438], [-76.66576420324434, 39.369156058061385]]]}, "properties": {"light_n": 23.7, "light_pctl": 5, "crime_n": 0, "crime_pctl": 15, "nta": "Mount Washington", "boro": "Baltimore"}}, {"type": "Feature", "geometry": {"type": "Polygon", "coordinates": [[[-76.55403090964576, 39.33313441317168], [-76.56016951786609, 39.33196009546838], [-76.56184053818005, 39.327538935993246], [-76.55737386089162, 39.324292372835096], [-76.55123617653119, 39.32546642598458], [-76.54956424569097, 39.329887306811464], [-76.55403090964576, 39.33313441317168]]]}, "properties": {"light_n": 54.0, "light_pctl": 51, "crime_n": 75, "crime_pctl": 58, "nta": "Frankford", "boro": "Baltimore"}}, {"type": "Feature", "geometry": {"type": "Polygon", "coordinates": [[[-76.59306077064379, 39.30515596343558], [-76.59919484029189, 39.30398002290898], [-76.6008612601033, 39.29955995677556], [-76.59639452056076, 39.29631610895009], [-76.59026137297845, 39.297491784316655], [-76.5885940429642, 39.301911572634125], [-76.59306077064379, 39.30515596343558]]]}, "properties": {"light_n": 133.2, "light_pctl": 94, "crime_n": 497, "crime_pctl": 97, "nta": "GAY STREET", "boro": "Baltimore"}}, {"type": "Feature", "geometry": {"type": "Polygon", "coordinates": [[[-76.55846735142315, 39.291281868516165], [-76.56460045304068, 39.29010795957238], [-76.56626959258077, 39.285689224467866], [-76.56180653960448, 39.28244467665411], [-76.55567436014161, 39.28361832113285], [-76.55400431159181, 39.28803677785586], [-76.55846735142315, 39.291281868516165]]]}, "properties": {"light_n": 119.8, "light_pctl": 91, "crime_n": 316, "crime_pctl": 91, "nta": "GREEKTOWN", "boro": "Baltimore"}}, {"type": "Feature", "geometry": {"type": "Polygon", "coordinates": [[[-76.6261049526704, 39.36856347233726], [-76.63224642114878, 39.36738481677575], [-76.63391199642595, 39.36296049987502], [-76.62943701658355, 39.359715115997574], [-76.62329647203178, 39.36089350552953], [-76.62162998348735, 39.36531754493374], [-76.6261049526704, 39.36856347233726]]]}, "properties": {"light_n": 32.6, "light_pctl": 14, "crime_n": 5, "crime_pctl": 26, "nta": "The Orchards", "boro": "Baltimore"}}, {"type": "Feature", "geometry": {"type": "Polygon", "coordinates": [[[-76.68353169979508, 39.33700581885914], [-76.68966771474422, 39.33582462983939], [-76.69132685495168, 39.33140135430708], [-76.68685089345173, 39.32815954407263], [-76.68071580015456, 39.32934046613371], [-76.67905574679648, 39.333763465353044], [-76.68353169979508, 39.33700581885914]]]}, "properties": {"light_n": 49.1, "light_pctl": 45, "crime_n": 138, "crime_pctl": 73, "nta": "Dorchester", "boro": "Baltimore"}}, {"type": "Feature", "geometry": {"type": "Polygon", "coordinates": [[[-76.67508672742095, 39.31401194054175], [-76.68121997815112, 39.31283155214757], [-76.68287909998664, 39.308409766933345], [-76.67840588329008, 39.30516864644388], [-76.67227355347515, 39.3063487681298], [-76.67061351953254, 39.310770276978644], [-76.67508672742095, 39.31401194054175]]]}, "properties": {"light_n": 48.3, "light_pctl": 42, "crime_n": 121, "crime_pctl": 67, "nta": "MOUNT HOLLY", "boro": "Baltimore"}}, {"type": "Feature", "geometry": {"type": "Polygon", "coordinates": [[[-76.54621945223973, 39.33872978298891], [-76.55235896826129, 39.337555790650526], [-76.55403090964576, 39.33313441317168], [-76.54956424569097, 39.329887306811464], [-76.54342565388836, 39.33106103471759], [-76.54175280191333, 39.335482133381625], [-76.54621945223973, 39.33872978298891]]]}, "properties": {"light_n": 44.5, "light_pctl": 38, "crime_n": 86, "crime_pctl": 60, "nta": "Frankford", "boro": "Baltimore"}}, {"type": "Feature", "geometry": {"type": "Polygon", "coordinates": [[[-76.64670931404845, 39.34408655983578], [-76.65284712727525, 39.342907197706936], [-76.6545099329773, 39.33848403520514], [-76.65003583826456, 39.33524051181128], [-76.64389894763742, 39.33641960763092], [-76.64223522921466, 39.34084249311885], [-76.64670931404845, 39.34408655983578]]]}, "properties": {"light_n": 52.7, "light_pctl": 49, "crime_n": 18, "crime_pctl": 34, "nta": "Medfield", "boro": "Baltimore"}}, {"type": "Feature", "geometry": {"type": "Polygon", "coordinates": [[[-76.68785461654119, 39.29514584657769], [-76.69398512731321, 39.293965080445766], [-76.6956424069915, 39.28954423391177], [-76.6911700876148, 39.2863044295251], [-76.68504049679433, 39.287484928791635], [-76.68338230548984, 39.29190549927543], [-76.68785461654119, 39.29514584657769]]]}, "properties": {"light_n": 53.0, "light_pctl": 50, "crime_n": 134, "crime_pctl": 71, "nta": "Uplands", "boro": "Baltimore"}}, {"type": "Feature", "geometry": {"type": "Polygon", "coordinates": [[[-76.5590448709203, 39.3198717100671], [-76.56518164786719, 39.31869733194098], [-76.56685173740756, 39.31427688745349], [-76.5623859602072, 39.311031099555876], [-76.55625010651409, 39.31220521308964], [-76.55457910685912, 39.31662537907882], [-76.5590448709203, 39.3198717100671]]]}, "properties": {"light_n": 59.3, "light_pctl": 57, "crime_n": 142, "crime_pctl": 74, "nta": "BELAIR-EDISON", "boro": "Baltimore"}}, {"type": "Feature", "geometry": {"type": "Polygon", "coordinates": [[[-76.54342565388836, 39.33106103471759], [-76.54956424569097, 39.329887306811464], [-76.55123617653119, 39.32546642598458], [-76.54677042590365, 39.32221955186057], [-76.54063275807245, 39.32339301541725], [-76.5389599169891, 39.327813617412836], [-76.54342565388836, 39.33106103471759]]]}, "properties": {"light_n": 54.3, "light_pctl": 52, "crime_n": 197, "crime_pctl": 81, "nta": "FRANKFORD", "boro": "Baltimore"}}, {"type": "Feature", "geometry": {"type": "Polygon", "coordinates": [[[-76.60487304486841, 39.36442684336073], [-76.61101448605494, 39.36324936926677], [-76.61268188758397, 39.35882560754291], [-76.6082087607199, 39.355579597742484], [-76.60206824368618, 39.35675680621579], [-76.60039992945536, 39.361180290075524], [-76.60487304486841, 39.36442684336073]]]}, "properties": {"light_n": 53.3, "light_pctl": 51, "crime_n": 134, "crime_pctl": 71, "nta": "MID-GOVANS", "boro": "Baltimore"}}, {"type": "Feature", "geometry": {"type": "Polygon", "coordinates": [[[-76.6432701922795, 39.30782364123446], [-76.64940340764271, 39.306645020660646], [-76.65106526495649, 39.3022240650937], [-76.64659481826199, 39.298982006982115], [-76.64046252415478, 39.30016036145927], [-76.6387997555772, 39.304581040109916], [-76.6432701922795, 39.30782364123446]]]}, "properties": {"light_n": 78.4, "light_pctl": 75, "crime_n": 507, "crime_pctl": 97, "nta": "SANDTOWN-WINCHESTER", "boro": "Baltimore"}}, {"type": "Feature", "geometry": {"type": "Polygon", "coordinates": [[[-76.54787122617788, 39.289210098109706], [-76.55400431159181, 39.28803677785586], [-76.55567436014161, 39.28361832113285], [-76.55121223209633, 39.280373463193484], [-76.54508006894837, 39.28154651918631], [-76.54340911167117, 39.28596469734505], [-76.54787122617788, 39.289210098109706]]]}, "properties": {"light_n": 137.0, "light_pctl": 94, "crime_n": 147, "crime_pctl": 75, "nta": "GREEKTOWN", "boro": "Baltimore"}}, {"type": "Feature", "geometry": {"type": "Polygon", "coordinates": [[[-76.61768223274125, 39.34555575269289], [-76.62382093018053, 39.344377894970236], [-76.62548648139806, 39.33995506745526], [-76.62101424749024, 39.336710375176125], [-76.61487647323702, 39.33788796711898], [-76.61321000979704, 39.34231051708605], [-76.61768223274125, 39.34555575269289]]]}, "properties": {"light_n": 47.9, "light_pctl": 41, "crime_n": 4, "crime_pctl": 25, "nta": "Guilford", "boro": "Baltimore"}}, {"type": "Feature", "geometry": {"type": "Polygon", "coordinates": [[[-76.63266655288689, 39.30575907152594], [-76.6387997555772, 39.304581040109916], [-76.64046252415478, 39.30016036145927], [-76.63599300111571, 39.29691799128971], [-76.62986071979455, 39.29809575681297], [-76.62819704023447, 39.30251615836386], [-76.63266655288689, 39.30575907152594]]]}, "properties": {"light_n": 96.0, "light_pctl": 86, "crime_n": 490, "crime_pctl": 96, "nta": "UPTON", "boro": "Baltimore"}}, {"type": "Feature", "geometry": {"type": "Polygon", "coordinates": [[[-76.7054246437226, 39.36973518965156], [-76.71156435784084, 39.36855234114432], [-76.71322260644897, 39.36412680347233], [-76.708742055856, 39.360884390330746], [-76.7026032642583, 39.362066971340774], [-76.70094410082422, 39.36649223295468], [-76.7054246437226, 39.36973518965156]]]}, "properties": {"light_n": 61.2, "light_pctl": 60, "crime_n": 120, "crime_pctl": 67, "nta": "Fallstaff", "boro": "Baltimore"}}, {"type": "Feature", "geometry": {"type": "Polygon", "coordinates": [[[-76.60426740465614, 39.335819964418995], [-76.61040516503289, 39.33464296242161], [-76.61207161992571, 39.33022090907767], [-76.60760122612551, 39.3269761354449], [-76.6014643888009, 39.32815287194993], [-76.59979702231583, 39.33257464754538], [-76.60426740465614, 39.335819964418995]]]}, "properties": {"light_n": 95.0, "light_pctl": 85, "crime_n": 220, "crime_pctl": 83, "nta": "Waverly", "boro": "Baltimore"}}, {"type": "Feature", "geometry": {"type": "Polygon", "coordinates": [[[-76.69762484781253, 39.375343472671894], [-76.7037654747091, 39.3741609476051], [-76.7054246437226, 39.36973518965156], [-76.70094410082422, 39.36649223295468], [-76.69480439680909, 39.36767449064482], [-76.69314431290218, 39.372099972373604], [-76.69762484781253, 39.375343472671894]]]}, "properties": {"light_n": 38.4, "light_pctl": 24, "crime_n": 15, "crime_pctl": 33, "nta": "Cross Country", "boro": "Baltimore"}}, {"type": "Feature", "geometry": {"type": "Polygon", "coordinates": [[[-76.5361776116902, 39.36526292447537], [-76.54232079401844, 39.364089055041234], [-76.54399460037494, 39.35966624935361], [-76.53952613590965, 39.35641759218063], [-76.53338387901479, 39.35759119726021], [-76.53170916124381, 39.36201372383277], [-76.5361776116902, 39.36526292447537]]]}, "properties": {"light_n": 39.5, "light_pctl": 27, "crime_n": 29, "crime_pctl": 38, "nta": "North Harford Road", "boro": "Baltimore"}}, {"type": "Feature", "geometry": {"type": "Polygon", "coordinates": [[[-76.69066964431065, 39.30280749156568], [-76.69680107527924, 39.301626458484904], [-76.69845836074833, 39.297205114926], [-76.69398512731321, 39.293965080445766], [-76.68785461654119, 39.29514584657769], [-76.6861964190986, 39.299566914103856], [-76.69066964431065, 39.30280749156568]]]}, "properties": {"light_n": 41.9, "light_pctl": 34, "crime_n": 62, "crime_pctl": 52, "nta": "Rognel Heights", "boro": "Baltimore"}}, {"type": "Feature", "geometry": {"type": "Polygon", "coordinates": [[[-76.62986071979455, 39.29809575681297], [-76.63599300111571, 39.29691799128971], [-76.63765576199913, 39.29249780962453], [-76.63318715228789, 39.28925567056476], [-76.62705579209, 39.290433170278476], [-76.6253921205712, 39.29485307482683], [-76.62986071979455, 39.29809575681297]]]}, "properties": {"light_n": 137.5, "light_pctl": 95, "crime_n": 386, "crime_pctl": 94, "nta": "POPPLETON", "boro": "Baltimore"}}, {"type": "Feature", "geometry": {"type": "Polygon", "coordinates": [[[-76.61987400596901, 39.324621748600464], [-76.62600994824987, 39.323444098372164], [-76.62767456313979, 39.31902248347557], [-76.62320414730146, 39.315778796188084], [-76.61706912735407, 39.316956180682006], [-76.61540360100287, 39.3213775181631], [-76.61987400596901, 39.324621748600464]]]}, "properties": {"light_n": 122.2, "light_pctl": 92, "crime_n": 184, "crime_pctl": 80, "nta": "Remington", "boro": "Baltimore"}}, {"type": "Feature", "geometry": {"type": "Polygon", "coordinates": [[[-76.68136738507971, 39.35794459181449], [-76.68750615579785, 39.35676319197277], [-76.68916622775731, 39.35233870303104], [-76.68468844300408, 39.34909589034059], [-76.67855059478984, 39.35027702317712], [-76.67688960891618, 39.35470123567444], [-76.68136738507971, 39.35794459181449]]]}, "properties": {"light_n": 69.5, "light_pctl": 67, "crime_n": 122, "crime_pctl": 68, "nta": "PIMLICO GOOD NEIGHBORS", "boro": "Baltimore"}}, {"type": "Feature", "geometry": {"type": "Polygon", "coordinates": [[[-76.68634850885367, 39.34467189790085], [-76.6924854457005, 39.34349044183887], [-76.6941445918508, 39.33906666967786], [-76.68966771474422, 39.33582462983939], [-76.68353169979508, 39.33700581885914], [-76.68187164014599, 39.341429314724735], [-76.68634850885367, 39.34467189790085]]]}, "properties": {"light_n": 60.4, "light_pctl": 59, "crime_n": 90, "crime_pctl": 62, "nta": "West Arlington", "boro": "Baltimore"}}, {"type": "Feature", "geometry": {"type": "Polygon", "coordinates": [[[-76.66512185536271, 39.34054755964121], [-76.67125876998554, 39.339367283815875], [-76.6729197428521, 39.33494406442974], [-76.66844471412305, 39.3317013974976], [-76.66230872162625, 39.332881406688884], [-76.66064683582368, 39.33730434941156], [-76.66512185536271, 39.34054755964121]]]}, "properties": {"light_n": 66.1, "light_pctl": 65, "crime_n": 203, "crime_pctl": 82, "nta": "CENTRAL PARK HEIGHTS", "boro": "Baltimore"}}, {"type": "Feature", "geometry": {"type": "Polygon", "coordinates": [[[-76.66230872162625, 39.332881406688884], [-76.66844471412305, 39.3317013974976], [-76.67010568035049, 39.327278674775215], [-76.66563156676028, 39.324036237890134], [-76.6594964961435, 39.325215980530764], [-76.65783461732809, 39.329638426572316], [-76.66230872162625, 39.332881406688884]]]}, "properties": {"light_n": 55.2, "light_pctl": 53, "crime_n": 136, "crime_pctl": 73, "nta": "PARK CIRCLE", "boro": "Baltimore"}}, {"type": "Feature", "geometry": {"type": "Polygon", "coordinates": [[[-76.61207161992571, 39.33022090907767], [-76.61820847123954, 39.329043582831396], [-76.61987400596901, 39.324621748600464], [-76.61540360100287, 39.3213775181631], [-76.60926767238182, 39.32255457879595], [-76.60760122612551, 39.3269761354449], [-76.61207161992571, 39.33022090907767]]]}, "properties": {"light_n": 97.7, "light_pctl": 87, "crime_n": 307, "crime_pctl": 91, "nta": "CHARLES VILLAGE", "boro": "Baltimore"}}, {"type": "Feature", "geometry": {"type": "Polygon", "coordinates": [[[-76.58245998808448, 39.30308692409039], [-76.5885940429642, 39.301911572634125], [-76.59026137297845, 39.297491784316655], [-76.5857955581251, 39.29424762541994], [-76.57966242542325, 39.29542271192022], [-76.57799418548825, 39.299842222238595], [-76.58245998808448, 39.30308692409039]]]}, "properties": {"light_n": 110.7, "light_pctl": 90, "crime_n": 594, "crime_pctl": 99, "nta": "MCELDERRY PARK", "boro": "Baltimore"}}, {"type": "Feature", "geometry": {"type": "Polygon", "coordinates": [[[-76.59646135980661, 39.341418914136085], [-76.60260002927608, 39.340242236654525], [-76.60426740465614, 39.335819964418995], [-76.59979702231583, 39.33257464754538], [-76.59365927625798, 39.333751059655754], [-76.59199098922035, 39.338173053976234], [-76.59646135980661, 39.341418914136085]]]}, "properties": {"light_n": 73.6, "light_pctl": 71, "crime_n": 68, "crime_pctl": 54, "nta": "Ednor Gardens-Lakeside", "boro": "Baltimore"}}, {"type": "Feature", "geometry": {"type": "Polygon", "coordinates": [[[-76.65604898546277, 39.288962632785875], [-76.66217946249539, 39.28778363298596], [-76.66383947621084, 39.28336361515349], [-76.65936992376916, 39.28012287368714], [-76.65324036702923, 39.28130160723268], [-76.65157944252927, 39.285721348464236], [-76.65604898546277, 39.288962632785875]]]}, "properties": {"light_n": 74.9, "light_pctl": 73, "crime_n": 282, "crime_pctl": 89, "nta": "MILLHILL", "boro": "Baltimore"}}, {"type": "Feature", "geometry": {"type": "Polygon", "coordinates": [[[-76.62363552589183, 39.25419597747431], [-76.62976229762091, 39.25301921782947], [-76.63142410162436, 39.248601742541474], [-76.62696004282684, 39.245361303899124], [-76.62083419063518, 39.2465377980296], [-76.61917147779451, 39.250954996282154], [-76.62363552589183, 39.25419597747431]]]}, "properties": {"light_n": 80.3, "light_pctl": 77, "crime_n": 232, "crime_pctl": 84, "nta": "CHERRY HILL", "boro": "Baltimore"}}, {"type": "Feature", "geometry": {"type": "Polygon", "coordinates": [[[-76.60305830827309, 39.27863926524332], [-76.60918872024644, 39.277463208174076], [-76.61085328507517, 39.273044575179206], [-76.60638834740095, 39.26980227673594], [-76.60025885628433, 39.2709780685695], [-76.59859338207633, 39.27539642404739], [-76.60305830827309, 39.27863926524332]]]}, "properties": {"light_n": 126.0, "light_pctl": 93, "crime_n": 127, "crime_pctl": 70, "nta": "RIVERSIDE", "boro": "Baltimore"}}, {"type": "Feature", "geometry": {"type": "Polygon", "coordinates": [[[-76.69696323875006, 39.34673271112571], [-76.70310018604418, 39.34555066485915], [-76.70475841841449, 39.34112661658688], [-76.70028061736176, 39.33788489065758], [-76.6941445918508, 39.33906666967786], [-76.6924854457005, 39.34349044183887], [-76.69696323875006, 39.34673271112571]]]}, "properties": {"light_n": 73.8, "light_pctl": 72, "crime_n": 50, "crime_pctl": 48, "nta": "Grove Park", "boro": "Baltimore"}}, {"type": "Feature", "geometry": {"type": "Polygon", "coordinates": [[[-76.66448028014926, 39.31195007604165], [-76.67061351953254, 39.310770276978644], [-76.67227355347515, 39.3063487681298], [-76.66780125995167, 39.3031073348583], [-76.66166894159744, 39.30428686741693], [-76.66000799582872, 39.308708099716654], [-76.66448028014926, 39.31195007604165]]]}, "properties": {"light_n": 66.1, "light_pctl": 64, "crime_n": 401, "crime_pctl": 95, "nta": "NORTHWEST COMMUNITY ACTION", "boro": "Baltimore"}}, {"type": "Feature", "geometry": {"type": "Polygon", "coordinates": [[[-76.61365457011013, 39.28070573847779], [-76.61978499597747, 39.279529092978606], [-76.62144865114566, 39.27511018264979], [-76.61698279019814, 39.27186819511948], [-76.61085328507517, 39.273044575179206], [-76.60918872024644, 39.277463208174076], [-76.61365457011013, 39.28070573847779]]]}, "properties": {"light_n": 149.7, "light_pctl": 96, "crime_n": 381, "crime_pctl": 94, "nta": "FEDERAL HILL", "boro": "Baltimore"}}, {"type": "Feature", "geometry": {"type": "Polygon", "coordinates": [[[-76.70906303754082, 39.29926348131902], [-76.71519356859706, 39.298081537345524], [-76.71684902418212, 39.293660139262364], [-76.71237486098843, 39.29042096080053], [-76.70624524965517, 39.291602637501406], [-76.7045888818834, 39.2960237599019], [-76.70906303754082, 39.29926348131902]]]}, "properties": {"light_n": 39.1, "light_pctl": 27, "crime_n": 27, "crime_pctl": 36, "nta": "West Hills", "boro": "Baltimore"}}, {"type": "Feature", "geometry": {"type": "Polygon", "coordinates": [[[-76.60926767238182, 39.32255457879595], [-76.61540360100287, 39.3213775181631], [-76.61706912735407, 39.316956180682006], [-76.61259963635487, 39.31371218139806], [-76.60646463018006, 39.314888976500654], [-76.60479819264958, 39.31931003638279], [-76.60926767238182, 39.32255457879595]]]}, "properties": {"light_n": 103.3, "light_pctl": 88, "crime_n": 379, "crime_pctl": 93, "nta": "BARCLAY", "boro": "Baltimore"}}, {"type": "Feature", "geometry": {"type": "Polygon", "coordinates": [[[-76.61487647323702, 39.33788796711898], [-76.62101424749024, 39.336710375176125], [-76.62267979050851, 39.3322880442672], [-76.61820847123954, 39.329043582831396], [-76.61207161992571, 39.33022090907767], [-76.61040516503289, 39.33464296242161], [-76.61487647323702, 39.33788796711898]]]}, "properties": {"light_n": 60.2, "light_pctl": 58, "crime_n": 43, "crime_pctl": 44, "nta": "Guilford", "boro": "Baltimore"}}, {"type": "Feature", "geometry": {"type": "Polygon", "coordinates": [[[-76.63391199642595, 39.36296049987502], [-76.64005255407196, 39.36178151972627], [-76.64171720821774, 39.35735742188549], [-76.63724221801031, 39.35411258148851], [-76.63110258393063, 39.35529129548661], [-76.62943701658355, 39.359715115997574], [-76.63391199642595, 39.36296049987502]]]}, "properties": {"light_n": 37.0, "light_pctl": 22, "crime_n": 14, "crime_pctl": 31, "nta": "Wyndhurst", "boro": "Baltimore"}}, {"type": "Feature", "geometry": {"type": "Polygon", "coordinates": [[[-76.71188173461007, 39.30692505186106], [-76.71801318563406, 39.30574284053135], [-76.71966864631506, 39.3013209454585], [-76.71519356859706, 39.298081537345524], [-76.70906303754082, 39.29926348131902], [-76.70740666432563, 39.30368510072685], [-76.71188173461007, 39.30692505186106]]]}, "properties": {"light_n": 33.4, "light_pctl": 16, "crime_n": 1, "crime_pctl": 19, "nta": "Franklintown", "boro": "Baltimore"}}, {"type": "Feature", "geometry": {"type": "Polygon", "coordinates": [[[-76.63703133832031, 39.26391876309284], [-76.64315904274166, 39.262741149857284], [-76.64481994516518, 39.25832290033715], [-76.64035405272226, 39.25508254085339], [-76.6342272679709, 39.25625988828791], [-76.63256545608338, 39.260677860972564], [-76.63703133832031, 39.26391876309284]]]}, "properties": {"light_n": 64.7, "light_pctl": 62, "crime_n": 60, "crime_pctl": 51, "nta": "WESTPORT", "boro": "Baltimore"}}, {"type": "Feature", "geometry": {"type": "Polygon", "coordinates": [[[-76.63110258393063, 39.35529129548661], [-76.63724221801031, 39.35411258148851], [-76.63890686448455, 39.34968898009245], [-76.63443278982349, 39.346444370006765], [-76.62829407906342, 39.34762281793752], [-76.62662851973626, 39.35204614198654], [-76.63110258393063, 39.35529129548661]]]}, "properties": {"light_n": 32.8, "light_pctl": 15, "crime_n": 5, "crime_pctl": 26, "nta": "Roland Park", "boro": "Baltimore"}}, {"type": "Feature", "geometry": {"type": "Polygon", "coordinates": [[[-76.67725180552266, 39.293085676572495], [-76.68338230548984, 39.29190549927543], [-76.68504049679433, 39.287484928791635], [-76.68056909956829, 39.28424481180402], [-76.6744395196666, 39.285424722439394], [-76.67278041701636, 39.289845016689284], [-76.67725180552266, 39.293085676572495]]]}, "properties": {"light_n": 49.1, "light_pctl": 45, "crime_n": 175, "crime_pctl": 79, "nta": "ALLENDALE", "boro": "Baltimore"}}, {"type": "Feature", "geometry": {"type": "Polygon", "coordinates": [[[-76.70409299449757, 39.31252905761722], [-76.7102253560422, 39.31134716820447], [-76.71188173461007, 39.30692505186106], [-76.70740666432563, 39.30368510072685], [-76.70127522310828, 39.30486672290348], [-76.69961793193895, 39.30928856341559], [-76.70409299449757, 39.31252905761722]]]}, "properties": {"light_n": 33.0, "light_pctl": 15, "crime_n": 94, "crime_pctl": 63, "nta": "FRANKLINTOWN", "boro": "Baltimore"}}, {"type": "Feature", "geometry": {"type": "Polygon", "coordinates": [[[-76.63547329179197, 39.313423114190954], [-76.64160741609737, 39.31224481679895], [-76.6432701922795, 39.30782364123446], [-76.6387997555772, 39.304581040109916], [-76.63266655288689, 39.30575907152594], [-76.63100286537497, 39.31017997000776], [-76.63547329179197, 39.313423114190954]]]}, "properties": {"light_n": 97.4, "light_pctl": 87, "crime_n": 575, "crime_pctl": 98, "nta": "DRUID HEIGHTS", "boro": "Baltimore"}}, {"type": "Feature", "geometry": {"type": "Polygon", "coordinates": [[[-76.56463710871758, 39.335206890641786], [-76.57077573291357, 39.334031983082234], [-76.57244584241828, 39.32961054514203], [-76.56797823862787, 39.32636429319188], [-76.56184053818005, 39.327538935993246], [-76.56016951786609, 39.33196009546838], [-76.56463710871758, 39.335206890641786]]]}, "properties": {"light_n": 42.8, "light_pctl": 35, "crime_n": 153, "crime_pctl": 76, "nta": "BELAIR-EDISON", "boro": "Baltimore"}}, {"type": "Feature", "geometry": {"type": "Polygon", "coordinates": [[[-76.61925985247761, 39.29603025145427], [-76.6253921205712, 39.29485307482683], [-76.62705579209, 39.290433170278476], [-76.62258810596039, 39.287190719623034], [-76.61645675910286, 39.28836763064479], [-76.61479217723004, 39.29278725789301], [-76.61925985247761, 39.29603025145427]]]}, "properties": {"light_n": 239.2, "light_pctl": 99, "crime_n": 1108, "crime_pctl": 100, "nta": "DOWNTOWN", "boro": "Baltimore"}}, {"type": "Feature", "geometry": {"type": "Polygon", "coordinates": [[[-76.57966242542325, 39.29542271192022], [-76.5857955581251, 39.29424762541994], [-76.58746287879933, 39.289828334100996], [-76.58299797643703, 39.28658440726348], [-76.57686576566655, 39.28775922889072], [-76.57519753541837, 39.29217824219393], [-76.57966242542325, 39.29542271192022]]]}, "properties": {"light_n": 88.3, "light_pctl": 82, "crime_n": 209, "crime_pctl": 82, "nta": "Patterson Place", "boro": "Baltimore"}}, {"type": "Feature", "geometry": {"type": "Polygon", "coordinates": [[[-76.60744661337222, 39.23681547251527], [-76.6135715325845, 39.23563983114079], [-76.61523422869774, 39.23122362792841], [-76.61077291355465, 39.22798334330774], [-76.60464891350166, 39.22915871953736], [-76.60298530952333, 39.23357464549794], [-76.60744661337222, 39.23681547251527]]]}, "properties": {"light_n": 56.4, "light_pctl": 55, "crime_n": 75, "crime_pctl": 58, "nta": "BROOKLYN", "boro": "Baltimore"}}, {"type": "Feature", "geometry": {"type": "Polygon", "coordinates": [[[-76.59926434880751, 39.349087496398475], [-76.60540394193556, 39.347910553462604], [-76.60707132612133, 39.34348778465892], [-76.60260002927608, 39.340242236654525], [-76.59646135980661, 39.341418914136085], [-76.59479306361538, 39.34584140504167], [-76.59926434880751, 39.349087496398475]]]}, "properties": {"light_n": 58.3, "light_pctl": 56, "crime_n": 182, "crime_pctl": 80, "nta": "NEW NORTHWOOD", "boro": "Baltimore"}}, {"type": "Feature", "geometry": {"type": "Polygon", "coordinates": [[[-76.59026137297845, 39.297491784316655], [-76.59639452056076, 39.29631610895009], [-76.59806093137907, 39.2918965397984], [-76.59359510456227, 39.28865292381142], [-76.58746287879933, 39.289828334100996], [-76.5857955581251, 39.29424762541994], [-76.59026137297845, 39.297491784316655]]]}, "properties": {"light_n": 153.4, "light_pctl": 97, "crime_n": 546, "crime_pctl": 98, "nta": "DUNBAR-BROADWAY", "boro": "Baltimore"}}, {"type": "Feature", "geometry": {"type": "Polygon", "coordinates": [[[-76.58025274733376, 39.32401409308156], [-76.5863895553534, 39.32283853588345], [-76.58805782381663, 39.3184175349487], [-76.58359019503156, 39.3151723693095], [-76.57745431004199, 39.316347661506775], [-76.57578513089891, 39.32076838430949], [-76.58025274733376, 39.32401409308156]]]}, "properties": {"light_n": 48.3, "light_pctl": 42, "crime_n": 50, "crime_pctl": 48, "nta": "BELAIR-EDISON", "boro": "Baltimore"}}, {"type": "Feature", "geometry": {"type": "Polygon", "coordinates": [[[-76.63204495389536, 39.27717489068174], [-76.63817448570872, 39.27599733399507], [-76.63983631309647, 39.27157836673071], [-76.63536951863797, 39.26833723310298], [-76.62924090709811, 39.2695145240259], [-76.62757816983424, 39.273933214305636], [-76.63204495389536, 39.27717489068174]]]}, "properties": {"light_n": 95.4, "light_pctl": 86, "crime_n": 29, "crime_pctl": 38, "nta": "Carroll - Camden Industrial Area", "boro": "Baltimore"}}, {"type": "Feature", "geometry": {"type": "Polygon", "coordinates": [[[-76.58805782381663, 39.3184175349487], [-76.59419372379195, 39.31724165333148], [-76.5958610722196, 39.31282087123165], [-76.59139343137836, 39.30957624868002], [-76.5852584540742, 39.31075186517525], [-76.58359019503156, 39.3151723693095], [-76.58805782381663, 39.3184175349487]]]}, "properties": {"light_n": 70.2, "light_pctl": 68, "crime_n": 238, "crime_pctl": 85, "nta": "SOUTH CLIFTON PARK", "boro": "Baltimore"}}, {"type": "Feature", "geometry": {"type": "Polygon", "coordinates": [[[-76.7082469348976, 39.3774041331266], [-76.71438757178232, 39.37622101703844], [-76.71604582562084, 39.37179498304463], [-76.71156435784084, 39.36855234114432], [-76.7054246437226, 39.36973518965156], [-76.7037654747091, 39.3741609476051], [-76.7082469348976, 39.3774041331266]]]}, "properties": {"light_n": 39.1, "light_pctl": 26, "crime_n": 3, "crime_pctl": 23, "nta": "Cross Country", "boro": "Baltimore"}}, {"type": "Feature", "geometry": {"type": "Polygon", "coordinates": [[[-76.6360974285363, 39.34202126512757], [-76.64223522921466, 39.34084249311885], [-76.64389894763742, 39.33641960763092], [-76.63942577791194, 39.33317577131461], [-76.63328889994672, 39.33435427721831], [-76.63162426908518, 39.338776885508594], [-76.6360974285363, 39.34202126512757]]]}, "properties": {"light_n": 60.2, "light_pctl": 58, "crime_n": 123, "crime_pctl": 68, "nta": "Medfield", "boro": "Baltimore"}}, {"type": "Feature", "geometry": {"type": "Polygon", "coordinates": [[[-76.68418508548655, 39.365612886323675], [-76.69032477895469, 39.36443121939319], [-76.69198485693327, 39.36000623402176], [-76.68750615579785, 39.35676319197277], [-76.68136738507971, 39.35794459181449], [-76.67970639283827, 39.36236930075911], [-76.68418508548655, 39.365612886323675]]]}, "properties": {"light_n": 40.8, "light_pctl": 31, "crime_n": 39, "crime_pctl": 42, "nta": "Glen", "boro": "Baltimore"}}, {"type": "Feature", "geometry": {"type": "Polygon", "coordinates": [[[-76.62891434120654, 39.37623416576765], [-76.63505673385853, 39.37505524409325], [-76.63672231697592, 39.37063043087504], [-76.63224642114878, 39.36738481677575], [-76.6261049526704, 39.36856347233726], [-76.62443845593711, 39.37298800807619], [-76.62891434120654, 39.37623416576765]]]}, "properties": {"light_n": 20.8, "light_pctl": 4, "crime_n": 3, "crime_pctl": 23, "nta": "The Orchards", "boro": "Baltimore"}}, {"type": "Feature", "geometry": {"type": "Polygon", "coordinates": [[[-76.54679017301942, 39.367337944118766], [-76.55293337209226, 39.366163483983065], [-76.55460626675043, 39.3617403993637], [-76.550136874126, 39.35849205377718], [-76.54399460037494, 39.35966624935361], [-76.54232079401844, 39.364089055041234], [-76.54679017301942, 39.367337944118766]]]}, "properties": {"light_n": 41.2, "light_pctl": 32, "crime_n": 87, "crime_pctl": 61, "nta": "North Harford Road", "boro": "Baltimore"}}, {"type": "Feature", "geometry": {"type": "Polygon", "coordinates": [[[-76.66664992829568, 39.291024605208975], [-76.67278041701636, 39.289845016689284], [-76.6744395196666, 39.285424722439394], [-76.6699690447523, 39.282184293091845], [-76.66383947621084, 39.28336361515349], [-76.66217946249539, 39.28778363298596], [-76.66664992829568, 39.291024605208975]]]}, "properties": {"light_n": 46.9, "light_pctl": 39, "crime_n": 116, "crime_pctl": 66, "nta": "Carroll-South Hilton", "boro": "Baltimore"}}, {"type": "Feature", "geometry": {"type": "Polygon", "coordinates": [[[-76.57465677634491, 39.30868195863194], [-76.5807917385513, 39.30750693135247], [-76.58245998808448, 39.30308692409039], [-76.57799418548825, 39.299842222238595], [-76.5718601458183, 39.30101698468317], [-76.57019098629961, 39.30543671377983], [-76.57465677634491, 39.30868195863194]]]}, "properties": {"light_n": 65.3, "light_pctl": 63, "crime_n": 273, "crime_pctl": 87, "nta": "BEREA", "boro": "Baltimore"}}, {"type": "Feature", "geometry": {"type": "Polygon", "coordinates": [[[-76.64825666822877, 39.294561548383484], [-76.65438805378336, 39.293382871111724], [-76.65604898546277, 39.288962632785875], [-76.65157944252927, 39.285721348464236], [-76.64544897762612, 39.28689975960207], [-76.64378713509608, 39.291319721160754], [-76.64825666822877, 39.294561548383484]]]}, "properties": {"light_n": 90.4, "light_pctl": 83, "crime_n": 393, "crime_pctl": 94, "nta": "PENROSE/FAYETTE STREET OUTREACH", "boro": "Baltimore"}}, {"type": "Feature", "geometry": {"type": "Polygon", "coordinates": [[[-76.53282134204613, 39.32898675558097], [-76.5389599169891, 39.327813617412836], [-76.54063275807245, 39.32339301541725], [-76.5361679342645, 39.320145830569594], [-76.5300302834042, 39.3213187045927], [-76.52835653236096, 39.325739027573974], [-76.53282134204613, 39.32898675558097]]]}, "properties": {"light_n": 53.3, "light_pctl": 51, "crime_n": 81, "crime_pctl": 60, "nta": "Frankford", "boro": "Baltimore"}}, {"type": "Feature", "geometry": {"type": "Polygon", "coordinates": [[[-76.63484990538755, 39.28483598595662], [-76.64098035771991, 39.283658163423006], [-76.6426421927236, 39.279238698975774], [-76.63817448570872, 39.27599733399507], [-76.63204495389536, 39.27717489068174], [-76.63038220866892, 39.28159407816138], [-76.63484990538755, 39.28483598595662]]]}, "properties": {"light_n": 99.6, "light_pctl": 88, "crime_n": 300, "crime_pctl": 90, "nta": "WASHINGTON VILLAGE/PIGTOWN", "boro": "Baltimore"}}, {"type": "Feature", "geometry": {"type": "Polygon", "coordinates": [[[-76.62425176934853, 39.28277131214873], [-76.63038220866892, 39.28159407816138], [-76.63204495389536, 39.27717489068174], [-76.62757816983424, 39.273933214305636], [-76.62144865114566, 39.27511018264979], [-76.61978499597747, 39.279529092978606], [-76.62425176934853, 39.28277131214873]]]}, "properties": {"light_n": 146.6, "light_pctl": 96, "crime_n": 161, "crime_pctl": 78, "nta": "CARROLL - CAMDEN INDUSTRIAL AREA", "boro": "Baltimore"}}, {"type": "Feature", "geometry": {"type": "Polygon", "coordinates": [[[-76.67010568035049, 39.327278674775215], [-76.67624076252875, 39.3260983424532], [-76.67790080950535, 39.32167583995211], [-76.67342668691622, 39.318433946252625], [-76.66729252625828, 39.31961401190343], [-76.66563156676028, 39.324036237890134], [-76.67010568035049, 39.327278674775215]]]}, "properties": {"light_n": 43.0, "light_pctl": 35, "crime_n": 65, "crime_pctl": 53, "nta": "Ashburton", "boro": "Baltimore"}}, {"type": "Feature", "geometry": {"type": "Polygon", "coordinates": [[[-76.5652188775394, 39.363813646988625], [-76.57136118367453, 39.362638270240794], [-76.57303224424327, 39.35821512465567], [-76.56856191068611, 39.354967634365366], [-76.56242052940112, 39.356142746227626], [-76.56074855691494, 39.36056561323114], [-76.5652188775394, 39.363813646988625]]]}, "properties": {"light_n": 36.1, "light_pctl": 20, "crime_n": 47, "crime_pctl": 46, "nta": "Hamilton Hills", "boro": "Baltimore"}}, {"type": "Feature", "geometry": {"type": "Polygon", "coordinates": [[[-76.67356671036084, 39.36355037698752], [-76.67970639283827, 39.36236930075911], [-76.68136738507971, 39.35794459181449], [-76.67688960891618, 39.35470123567444], [-76.67075084930312, 39.35588204501833], [-76.66908894308054, 39.360306477351926], [-76.67356671036084, 39.36355037698752]]]}, "properties": {"light_n": 35.8, "light_pctl": 20, "crime_n": 32, "crime_pctl": 40, "nta": "Mount Washington", "boro": "Baltimore"}}, {"type": "Feature", "geometry": {"type": "Polygon", "coordinates": [[[-76.5940645342556, 39.227092914251145], [-76.60018852006988, 39.22591812508461], [-76.60185211520566, 39.221502696767196], [-76.5973926318571, 39.218262335032776], [-76.59126956506879, 39.21943685934079], [-76.58960506269392, 39.22385201020718], [-76.5940645342556, 39.227092914251145]]]}, "properties": {"light_n": 51.2, "light_pctl": 48, "crime_n": 31, "crime_pctl": 39, "nta": "CURTIS BAY", "boro": "Baltimore"}}, {"type": "Feature", "geometry": {"type": "Polygon", "coordinates": [[[-76.61706912735407, 39.316956180682006], [-76.62320414730146, 39.315778796188084], [-76.62486875407122, 39.31135767809605], [-76.62039925209868, 39.30811422189583], [-76.61426515423844, 39.309291340738575], [-76.61259963635487, 39.31371218139806], [-76.61706912735407, 39.316956180682006]]]}, "properties": {"light_n": 145.6, "light_pctl": 96, "crime_n": 437, "crime_pctl": 96, "nta": "CHARLES NORTH", "boro": "Baltimore"}}, {"type": "Feature", "geometry": {"type": "Polygon", "coordinates": [[[-76.60206824368618, 39.35675680621579], [-76.6082087607199, 39.355579597742484], [-76.60987615362203, 39.35115633244264], [-76.60540394193556, 39.347910553462604], [-76.59926434880751, 39.349087496398475], [-76.59759604355186, 39.35351048381716], [-76.60206824368618, 39.35675680621579]]]}, "properties": {"light_n": 49.1, "light_pctl": 44, "crime_n": 141, "crime_pctl": 74, "nta": "Kenilworth Park", "boro": "Baltimore"}}, {"type": "Feature", "geometry": {"type": "Polygon", "coordinates": [[[-76.61829607659605, 39.374166338783105], [-76.62443845593711, 39.37298800807619], [-76.6261049526704, 39.36856347233726], [-76.62162998348735, 39.36531754493374], [-76.61548852843322, 39.366495609732276], [-76.61382111836681, 39.37091986780798], [-76.61829607659605, 39.374166338783105]]]}, "properties": {"light_n": 34.7, "light_pctl": 18, "crime_n": 9, "crime_pctl": 29, "nta": "Bellona-Gittings", "boro": "Baltimore"}}, {"type": "Feature", "geometry": {"type": "Polygon", "coordinates": [[[-76.7026032642583, 39.362066971340774], [-76.708742055856, 39.360884390330746], [-76.71040029914258, 39.35645934905301], [-76.70592066539974, 39.35321716482625], [-76.69978279607672, 39.35439947842271], [-76.69812363831302, 39.3588242436246], [-76.7026032642583, 39.362066971340774]]]}, "properties": {"light_n": 92.4, "light_pctl": 84, "crime_n": 248, "crime_pctl": 86, "nta": "REISTERSTOWN STATION", "boro": "Baltimore"}}, {"type": "Feature", "geometry": {"type": "Polygon", "coordinates": [[[-76.59145554094174, 39.354687101848924], [-76.59759604355186, 39.35351048381716], [-76.59926434880751, 39.349087496398475], [-76.59479306361538, 39.34584140504167], [-76.58865348502358, 39.3470177577404], [-76.58698426769723, 39.351440467094335], [-76.59145554094174, 39.354687101848924]]]}, "properties": {"light_n": 60.6, "light_pctl": 60, "crime_n": 160, "crime_pctl": 77, "nta": "NEW NORTHWOOD", "boro": "Baltimore"}}, {"type": "Feature", "geometry": {"type": "Polygon", "coordinates": [[[-76.55460626675043, 39.3617403993637], [-76.56074855691494, 39.36056561323114], [-76.56242052940112, 39.356142746227626], [-76.55795112344853, 39.352894944087105], [-76.55180975824611, 39.354069465538686], [-76.550136874126, 39.35849205377718], [-76.55460626675043, 39.3617403993637]]]}, "properties": {"light_n": 40.7, "light_pctl": 31, "crime_n": 66, "crime_pctl": 53, "nta": "Westfield", "boro": "Baltimore"}}, {"type": "Feature", "geometry": {"type": "Polygon", "coordinates": [[[-76.68071580015456, 39.32934046613371], [-76.68685089345173, 39.32815954407263], [-76.68851002762575, 39.32373676524109], [-76.68403498139624, 39.32049518476624], [-76.67790080950535, 39.32167583995211], [-76.67624076252875, 39.3260983424532], [-76.68071580015456, 39.32934046613371]]]}, "properties": {"light_n": 44.3, "light_pctl": 37, "crime_n": 332, "crime_pctl": 92, "nta": "CONCERNED CITIZENS OF FOREST PARK", "boro": "Baltimore"}}, {"type": "Feature", "geometry": {"type": "Polygon", "coordinates": [[[-76.70624524965517, 39.291602637501406], [-76.71237486098843, 39.29042096080053], [-76.71403031138675, 39.286000059778814], [-76.70955706238195, 39.28276111112337], [-76.70342837052691, 39.2839425206352], [-76.7017720082892, 39.28836314595666], [-76.70624524965517, 39.291602637501406]]]}, "properties": {"light_n": 32.7, "light_pctl": 14, "crime_n": 30, "crime_pctl": 38, "nta": "Westgate", "boro": "Baltimore"}}, {"type": "Feature", "geometry": {"type": "Polygon", "coordinates": [[[-76.56626959258077, 39.285689224467866], [-76.57240178791784, 39.284514991444276], [-76.57407000839065, 39.28009647522763], [-76.56960694256313, 39.27685247021528], [-76.56347566902265, 39.2780264386527], [-76.56180653960448, 39.28244467665411], [-76.56626959258077, 39.285689224467866]]]}, "properties": {"light_n": 120.6, "light_pctl": 91, "crime_n": 74, "crime_pctl": 57, "nta": "Canton", "boro": "Baltimore"}}, {"type": "Feature", "geometry": {"type": "Polygon", "coordinates": [[[-76.55066328456648, 39.296874406885124], [-76.55679729249319, 39.29570082228746], [-76.55846735142315, 39.291281868516165], [-76.55400431159181, 39.28803677785586], [-76.54787122617788, 39.289210098109706], [-76.54620025817401, 39.29362877333317], [-76.55066328456648, 39.296874406885124]]]}, "properties": {"light_n": 123.0, "light_pctl": 92, "crime_n": 7, "crime_pctl": 28, "nta": "PULASKI INDUSTRIAL AREA", "boro": "Baltimore"}}, {"type": "Feature", "geometry": {"type": "Polygon", "coordinates": [[[-76.54063275807245, 39.32339301541725], [-76.54677042590365, 39.32221955186057], [-76.54844234611126, 39.317799167757364], [-76.54397750847525, 39.314552526024094], [-76.537840764368, 39.31572572531417], [-76.5361679342645, 39.320145830569594], [-76.54063275807245, 39.32339301541725]]]}, "properties": {"light_n": 70.3, "light_pctl": 68, "crime_n": 97, "crime_pctl": 64, "nta": "Frankford", "boro": "Baltimore"}}, {"type": "Feature", "geometry": {"type": "Polygon", "coordinates": [[[-76.65043265445155, 39.27364130982282], [-76.65656129114404, 39.27246284244832], [-76.65822129092496, 39.26804381898449], [-76.65375356419528, 39.26480353949565], [-76.64762584730501, 39.265981740782344], [-76.64596493743308, 39.27040048761094], [-76.65043265445155, 39.27364130982282]]]}, "properties": {"light_n": 59.4, "light_pctl": 57, "crime_n": 159, "crime_pctl": 77, "nta": "MORRELL PARK", "boro": "Baltimore"}}, {"type": "Feature", "geometry": {"type": "Polygon", "coordinates": [[[-76.6545099329773, 39.33848403520514], [-76.66064683582368, 39.33730434941156], [-76.66230872162625, 39.332881406688884], [-76.65783461732809, 39.329638426572316], [-76.65169863672153, 39.33081784593592], [-76.65003583826456, 39.33524051181128], [-76.6545099329773, 39.33848403520514]]]}, "properties": {"light_n": 46.4, "light_pctl": 39, "crime_n": 111, "crime_pctl": 65, "nta": "Greenspring", "boro": "Baltimore"}}, {"type": "Feature", "geometry": {"type": "Polygon", "coordinates": [[[-76.6058586636388, 39.28630119102303], [-76.6119899967148, 39.28512486863504], [-76.61365457011013, 39.28070573847779], [-76.60918872024644, 39.277463208174076], [-76.60305830827309, 39.27863926524332], [-76.60139282515196, 39.2830581179004], [-76.6058586636388, 39.28630119102303]]]}, "properties": {"light_n": 171.8, "light_pctl": 98, "crime_n": 182, "crime_pctl": 80, "nta": "INNER HARBOR", "boro": "Baltimore"}}, {"type": "Feature", "geometry": {"type": "Polygon", "coordinates": [[[-76.62767456313979, 39.31902248347557], [-76.6338095964178, 39.317844509532044], [-76.63547329179197, 39.313423114190954], [-76.63100286537497, 39.31017997000776], [-76.62486875407122, 39.31135767809605], [-76.62320414730146, 39.315778796188084], [-76.62767456313979, 39.31902248347557]]]}, "properties": {"light_n": 94.1, "light_pctl": 85, "crime_n": 139, "crime_pctl": 73, "nta": "Reservoir Hill", "boro": "Baltimore"}}, {"type": "Feature", "geometry": {"type": "Polygon", "coordinates": [[[-76.70127522310828, 39.30486672290348], [-76.70740666432563, 39.30368510072685], [-76.70906303754082, 39.29926348131902], [-76.7045888818834, 39.2960237599019], [-76.69845836074833, 39.297205114926], [-76.69680107527924, 39.301626458484904], [-76.70127522310828, 39.30486672290348]]]}, "properties": {"light_n": 24.6, "light_pctl": 6, "crime_n": 4, "crime_pctl": 25, "nta": "Hunting Ridge", "boro": "Baltimore"}}, {"type": "Feature", "geometry": {"type": "Polygon", "coordinates": [[[-76.58746287879933, 39.289828334100996], [-76.59359510456227, 39.28865292381142], [-76.59526150629857, 39.28423385171294], [-76.59079659187236, 39.28099046771891], [-76.58466528768251, 39.28216561301446], [-76.58299797643703, 39.28658440726348], [-76.58746287879933, 39.289828334100996]]]}, "properties": {"light_n": 114.0, "light_pctl": 91, "crime_n": 446, "crime_pctl": 96, "nta": "FELLS POINT", "boro": "Baltimore"}}, {"type": "Feature", "geometry": {"type": "Polygon", "coordinates": [[[-76.71040029914258, 39.35645934905301], [-76.71653817835481, 39.355276444990494], [-76.71819550181907, 39.35085162427012], [-76.71371586057187, 39.34760998348659], [-76.70757890327367, 39.34879262001511], [-76.70592066539974, 39.35321716482625], [-76.71040029914258, 39.35645934905301]]]}, "properties": {"light_n": 73.6, "light_pctl": 71, "crime_n": 30, "crime_pctl": 38, "nta": "Reisterstown Station", "boro": "Baltimore"}}, {"type": "Feature", "geometry": {"type": "Polygon", "coordinates": [[[-76.52500809768091, 39.33458038775998], [-76.5311475797639, 39.33340757524714], [-76.53282134204613, 39.32898675558097], [-76.52835653236096, 39.325739027573974], [-76.52221797471947, 39.32691157606345], [-76.52054330241349, 39.331332116548786], [-76.52500809768091, 39.33458038775998]]]}, "properties": {"light_n": 36.2, "light_pctl": 21, "crime_n": 14, "crime_pctl": 31, "nta": "CEDONIA", "boro": "Baltimore"}}, {"type": "Feature", "geometry": {"type": "Polygon", "coordinates": [[[-76.57303224424327, 39.35821512465567], [-76.57917364116808, 39.35703942232373], [-76.5808437799536, 39.35261649474323], [-76.57637343375869, 39.34936954787499], [-76.57023296132431, 39.350544985199804], [-76.56856191068611, 39.354967634365366], [-76.57303224424327, 39.35821512465567]]]}, "properties": {"light_n": 36.6, "light_pctl": 21, "crime_n": 48, "crime_pctl": 47, "nta": "Loch Raven", "boro": "Baltimore"}}, {"type": "Feature", "geometry": {"type": "Polygon", "coordinates": [[[-76.70475841841449, 39.34112661658688], [-76.71089445404422, 39.33994424750867], [-76.71255176710729, 39.33552041990272], [-76.70807395834431, 39.33227923728484], [-76.70193884413752, 39.333461338996365], [-76.70028061736176, 39.33788489065758], [-76.70475841841449, 39.34112661658688]]]}, "properties": {"light_n": 35.8, "light_pctl": 20, "crime_n": 74, "crime_pctl": 57, "nta": "Grove Park", "boro": "Baltimore"}}, {"type": "Feature", "geometry": {"type": "Polygon", "coordinates": [[[-76.58966536537305, 39.268910663120295], [-76.59579484204278, 39.26773545945456], [-76.59746030724877, 39.263317601227115], [-76.59299720462775, 39.26007522434741], [-76.5868686486809, 39.26125016306418], [-76.58520227472337, 39.26566774357502], [-76.58966536537305, 39.268910663120295]]]}, "properties": {"light_n": 90.4, "light_pctl": 83, "crime_n": 4, "crime_pctl": 25, "nta": "Locust Point", "boro": "Baltimore"}}, {"type": "Feature", "geometry": {"type": "Polygon", "coordinates": [[[-76.67941497966589, 39.27216527573189], [-76.68554273131804, 39.27098530994573], [-76.68719999308148, 39.26656595491591], [-76.68273041386888, 39.26332684173991], [-76.67660358143368, 39.26450654091101], [-76.67494540908487, 39.268925619838406], [-76.67941497966589, 39.27216527573189]]]}, "properties": {"light_n": 56.0, "light_pctl": 54, "crime_n": 55, "crime_pctl": 50, "nta": "Violetville", "boro": "Baltimore"}}, {"type": "Feature", "geometry": {"type": "Polygon", "coordinates": [[[-76.54285739165954, 39.302466839087124], [-76.54899230592403, 39.301293579101944], [-76.55066328456648, 39.296874406885124], [-76.54620025817401, 39.29362877333317], [-76.5400662667805, 39.294801769095855], [-76.53839437900005, 39.29922066259848], [-76.54285739165954, 39.302466839087124]]]}, "properties": {"light_n": 95.0, "light_pctl": 85, "crime_n": 4, "crime_pctl": 25, "nta": "Pulaski Industrial Area", "boro": "Baltimore"}}, {"type": "Feature", "geometry": {"type": "Polygon", "coordinates": [[[-76.57023296132431, 39.350544985199804], [-76.57637343375869, 39.34936954787499], [-76.57804356287281, 39.34494711676931], [-76.5735741311489, 39.341700401385516], [-76.56743458295739, 39.342875573786216], [-76.56576354233862, 39.34729772646021], [-76.57023296132431, 39.350544985199804]]]}, "properties": {"light_n": 39.1, "light_pctl": 26, "crime_n": 54, "crime_pctl": 49, "nta": "Lauraville", "boro": "Baltimore"}}, {"type": "Feature", "geometry": {"type": "Polygon", "coordinates": [[[-76.67075084930312, 39.35588204501833], [-76.67688960891618, 39.35470123567444], [-76.67855059478984, 39.35027702317712], [-76.6740737347743, 39.34703389661739], [-76.66793589777943, 39.34821443916027], [-76.66627399827318, 39.35263837502905], [-76.67075084930312, 39.35588204501833]]]}, "properties": {"light_n": 59.5, "light_pctl": 57, "crime_n": 150, "crime_pctl": 76, "nta": "CENTRAL PARK HEIGHTS", "boro": "Baltimore"}}, {"type": "Feature", "geometry": {"type": "Polygon", "coordinates": [[[-76.55180975824611, 39.354069465538686], [-76.55795112344853, 39.352894944087105], [-76.55962308565609, 39.348472573519864], [-76.55515459403894, 39.34522500315128], [-76.54901415355079, 39.34639926000483], [-76.5473412800573, 39.3508213517904], [-76.55180975824611, 39.354069465538686]]]}, "properties": {"light_n": 35.2, "light_pctl": 19, "crime_n": 49, "crime_pctl": 48, "nta": "Hamilton", "boro": "Baltimore"}}, {"type": "Feature", "geometry": {"type": "Polygon", "coordinates": [[[-76.63672231697592, 39.37063043087504], [-76.64286379843507, 39.36945118449227], [-76.64452846016242, 39.365026590278994], [-76.64005255407196, 39.36178151972627], [-76.63391199642595, 39.36296049987502], [-76.63224642114878, 39.36738481677575], [-76.63672231697592, 39.37063043087504]]]}, "properties": {"light_n": 30.0, "light_pctl": 10, "crime_n": 3, "crime_pctl": 23, "nta": "North Roland Park/Poplar Hill", "boro": "Baltimore"}}, {"type": "Feature", "geometry": {"type": "Polygon", "coordinates": [[[-76.68569410944623, 39.31607290270739], [-76.69182737108106, 39.31489192492451], [-76.69348558052866, 39.3104698635287], [-76.68901144082032, 39.307229056062525], [-76.68287909998664, 39.308409766933345], [-76.68121997815112, 39.31283155214757], [-76.68569410944623, 39.31607290270739]]]}, "properties": {"light_n": 24.0, "light_pctl": 5, "crime_n": 48, "crime_pctl": 47, "nta": "MOUNT HOLLY", "boro": "Baltimore"}}, {"type": "Feature", "geometry": {"type": "Polygon", "coordinates": [[[-76.62329647203178, 39.36089350552953], [-76.62943701658355, 39.359715115997574], [-76.63110258393063, 39.35529129548661], [-76.62662851973626, 39.35204614198654], [-76.62048889886417, 39.35322426557221], [-76.61882241859827, 39.35764780856948], [-76.62329647203178, 39.36089350552953]]]}, "properties": {"light_n": 37.5, "light_pctl": 22, "crime_n": 3, "crime_pctl": 23, "nta": "Homeland", "boro": "Baltimore"}}, {"type": "Feature", "geometry": {"type": "Polygon", "coordinates": [[[-76.55682654587922, 39.34080312909229], [-76.5629660782069, 39.33962854675229], [-76.56463710871758, 39.335206890641786], [-76.56016951786609, 39.33196009546838], [-76.55403090964576, 39.33313441317168], [-76.55235896826129, 39.337555790650526], [-76.55682654587922, 39.34080312909229]]]}, "properties": {"light_n": 43.0, "light_pctl": 35, "crime_n": 94, "crime_pctl": 63, "nta": "Waltherson", "boro": "Baltimore"}}, {"type": "Feature", "geometry": {"type": "Polygon", "coordinates": [[[-76.62267979050851, 39.3322880442672], [-76.62881665536925, 39.33111012822133], [-76.6304812782898, 39.326688016591945], [-76.62600994824987, 39.323444098372164], [-76.61987400596901, 39.324621748600464], [-76.61820847123954, 39.329043582831396], [-76.62267979050851, 39.3322880442672]]]}, "properties": {"light_n": 79.8, "light_pctl": 77, "crime_n": 28, "crime_pctl": 37, "nta": "Hampden", "boro": "Baltimore"}}, {"type": "Feature", "geometry": {"type": "Polygon", "coordinates": [[[-76.5718601458183, 39.30101698468317], [-76.57799418548825, 39.299842222238595], [-76.57966242542325, 39.29542271192022], [-76.57519753541837, 39.29217824219393], [-76.56906441803817, 39.293352739886544], [-76.56739526846452, 39.29777197202285], [-76.5718601458183, 39.30101698468317]]]}, "properties": {"light_n": 88.0, "light_pctl": 81, "crime_n": 823, "crime_pctl": 99, "nta": "ELLWOOD PARK/MONUMENT", "boro": "Baltimore"}}, {"type": "Feature", "geometry": {"type": "Polygon", "coordinates": [[[-76.69480439680909, 39.36767449064482], [-76.70094410082422, 39.36649223295468], [-76.7026032642583, 39.362066971340774], [-76.69812363831302, 39.3588242436246], [-76.69198485693327, 39.36000623402176], [-76.69032477895469, 39.36443121939319], [-76.69480439680909, 39.36767449064482]]]}, "properties": {"light_n": 48.4, "light_pctl": 42, "crime_n": 102, "crime_pctl": 64, "nta": "CROSS COUNTRY", "boro": "Baltimore"}}, {"type": "Feature", "geometry": {"type": "Polygon", "coordinates": [[[-76.69132685495168, 39.33140135430708], [-76.6974619589251, 39.33021984244948], [-76.6991201800155, 39.325796787471425], [-76.69464421030713, 39.32255552046261], [-76.68851002762575, 39.32373676524109], [-76.68685089345173, 39.32815954407263], [-76.69132685495168, 39.33140135430708]]]}, "properties": {"light_n": 42.7, "light_pctl": 34, "crime_n": 64, "crime_pctl": 53, "nta": "HOWARD PARK", "boro": "Baltimore"}}, {"type": "Feature", "geometry": {"type": "Polygon", "coordinates": [[[-76.53338387901479, 39.35759119726021], [-76.53952613590965, 39.35641759218063], [-76.54119993138004, 39.351995282890485], [-76.53673238111399, 39.34874685777694], [-76.53059104940442, 39.34992019858478], [-76.5289163428675, 39.354342228743384], [-76.53338387901479, 39.35759119726021]]]}, "properties": {"light_n": 40.9, "light_pctl": 32, "crime_n": 87, "crime_pctl": 61, "nta": "Rosemont East", "boro": "Baltimore"}}, {"type": "Feature", "geometry": {"type": "Polygon", "coordinates": [[[-76.6304812782898, 39.326688016591945], [-76.63661723378827, 39.32550977670997], [-76.63828093693506, 39.32108788458138], [-76.6338095964178, 39.317844509532044], [-76.62767456313979, 39.31902248347557], [-76.62600994824987, 39.323444098372164], [-76.6304812782898, 39.326688016591945]]]}, "properties": {"light_n": 65.8, "light_pctl": 64, "crime_n": 14, "crime_pctl": 31, "nta": "Hampden", "boro": "Baltimore"}}, {"type": "Feature", "geometry": {"type": "Polygon", "coordinates": [[[-76.53727604290164, 39.287137428968016], [-76.54340911167117, 39.28596469734505], [-76.54508006894837, 39.28154651918631], [-76.54061886599246, 39.278301351363005], [-76.53448671959994, 39.279473818929006], [-76.5328148538778, 39.2838917183408], [-76.53727604290164, 39.287137428968016]]]}, "properties": {"light_n": 90.3, "light_pctl": 83, "crime_n": 91, "crime_pctl": 62, "nta": "GRACELAND PARK", "boro": "Baltimore"}}, {"type": "Feature", "geometry": {"type": "Polygon", "coordinates": [[[-76.5986622781304, 39.32048650747859], [-76.60479819264958, 39.31931003638279], [-76.60646463018006, 39.314888976500654], [-76.60199606417997, 39.31164466546199], [-76.5958610722196, 39.31282087123165], [-76.59419372379195, 39.31724165333148], [-76.5986622781304, 39.32048650747859]]]}, "properties": {"light_n": 93.0, "light_pctl": 84, "crime_n": 342, "crime_pctl": 92, "nta": "EAST BALTIMORE MIDWAY", "boro": "Baltimore"}}, {"type": "Feature", "geometry": {"type": "Polygon", "coordinates": [[[-76.60987615362203, 39.35115633244264], [-76.61601576084354, 39.3499787992111], [-76.61768223274125, 39.34555575269289], [-76.61321000979704, 39.34231051708605], [-76.60707132612133, 39.34348778465892], [-76.60540394193556, 39.347910553462604], [-76.60987615362203, 39.35115633244264]]]}, "properties": {"light_n": 56.1, "light_pctl": 54, "crime_n": 145, "crime_pctl": 75, "nta": "Radnor-Winston", "boro": "Baltimore"}}, {"type": "Feature", "geometry": {"type": "Polygon", "coordinates": [[[-76.59365927625798, 39.333751059655754], [-76.59979702231583, 39.33257464754538], [-76.6014643888009, 39.32815287194993], [-76.59699492062948, 39.32490778636211], [-76.59085809773632, 39.32608393318438], [-76.5891898199414, 39.3305054308479], [-76.59365927625798, 39.333751059655754]]]}, "properties": {"light_n": 71.3, "light_pctl": 69, "crime_n": 150, "crime_pctl": 76, "nta": "Ednor Gardens-Lakeside", "boro": "Baltimore"}}, {"type": "Feature", "geometry": {"type": "Polygon", "coordinates": [[[-76.60767875278025, 39.37209760760578], [-76.61382111836681, 39.37091986780798], [-76.61548852843322, 39.366495609732276], [-76.61101448605494, 39.36324936926677], [-76.60487304486841, 39.36442684336073], [-76.6032047217518, 39.368850823589355], [-76.60767875278025, 39.37209760760578]]]}, "properties": {"light_n": 51.1, "light_pctl": 48, "crime_n": 55, "crime_pctl": 50, "nta": "Cedarcroft", "boro": "Baltimore"}}, {"type": "Feature", "geometry": {"type": "Polygon", "coordinates": [[[-76.55962308565609, 39.348472573519864], [-76.56576354233862, 39.34729772646021], [-76.56743458295739, 39.342875573786216], [-76.5629660782069, 39.33962854675229], [-76.55682654587922, 39.34080312909229], [-76.55515459403894, 39.34522500315128], [-76.55962308565609, 39.348472573519864]]]}, "properties": {"light_n": 38.0, "light_pctl": 24, "crime_n": 33, "crime_pctl": 40, "nta": "Waltherson", "boro": "Baltimore"}}, {"type": "Feature", "geometry": {"type": "Polygon", "coordinates": [[[-76.6928273614118, 39.28188408008762], [-76.698956043117, 39.28070325911801], [-76.70061239973008, 39.276283130947164], [-76.69614098594103, 39.273044099612584], [-76.69001322358362, 39.274224653680186], [-76.68835595575825, 39.278644505949565], [-76.6928273614118, 39.28188408008762]]]}, "properties": {"light_n": 34.6, "light_pctl": 18, "crime_n": 136, "crime_pctl": 73, "nta": "Beechfield", "boro": "Baltimore"}}, {"type": "Feature", "geometry": {"type": "Polygon", "coordinates": [[[-76.68504049679433, 39.287484928791635], [-76.6911700876148, 39.2863044295251], [-76.6928273614118, 39.28188408008762], [-76.68835595575825, 39.278644505949565], [-76.68222728464438, 39.279824738434215], [-76.68056909956829, 39.28424481180402], [-76.68504049679433, 39.287484928791635]]]}, "properties": {"light_n": 40.1, "light_pctl": 29, "crime_n": 221, "crime_pctl": 83, "nta": "IRVINGTON", "boro": "Baltimore"}}, {"type": "Feature", "geometry": {"type": "Polygon", "coordinates": [[[-76.65169863672153, 39.33081784593592], [-76.65783461732809, 39.329638426572316], [-76.6594964961435, 39.325215980530764], [-76.65502330675008, 39.321973230682666], [-76.64888824813727, 39.323152383699664], [-76.64722545701535, 39.327574552876584], [-76.65169863672153, 39.33081784593592]]]}, "properties": {"light_n": 43.3, "light_pctl": 36, "crime_n": 60, "crime_pctl": 51, "nta": "PARK CIRCLE", "boro": "Baltimore"}}, {"type": "Feature", "geometry": {"type": "Polygon", "coordinates": [[[-76.54844234611126, 39.317799167757364], [-76.55457910685912, 39.31662537907882], [-76.55625010651409, 39.31220521308964], [-76.55178525534456, 39.308959114425775], [-76.54564941796195, 39.31013263871622], [-76.54397750847525, 39.314552526024094], [-76.54844234611126, 39.317799167757364]]]}, "properties": {"light_n": 51.0, "light_pctl": 47, "crime_n": 31, "crime_pctl": 39, "nta": "FRANKFORD", "boro": "Baltimore"}}, {"type": "Feature", "geometry": {"type": "Polygon", "coordinates": [[[-76.68916622775731, 39.35233870303104], [-76.69530408674764, 39.35115697984327], [-76.69696323875006, 39.34673271112571], [-76.6924854457005, 39.34349044183887], [-76.68634850885367, 39.34467189790085], [-76.68468844300408, 39.34909589034059], [-76.68916622775731, 39.35233870303104]]]}, "properties": {"light_n": 88.3, "light_pctl": 81, "crime_n": 180, "crime_pctl": 79, "nta": "WOODMERE", "boro": "Baltimore"}}, {"type": "Feature", "geometry": {"type": "Polygon", "coordinates": [[[-76.58364490217032, 39.36028660052138], [-76.58978631429206, 39.359110307660835], [-76.59145554094174, 39.354687101848924], [-76.58698426769723, 39.351440467094335], [-76.5808437799536, 39.35261649474323], [-76.57917364116808, 39.35703942232373], [-76.58364490217032, 39.36028660052138]]]}, "properties": {"light_n": 58.4, "light_pctl": 56, "crime_n": 124, "crime_pctl": 69, "nta": "Perring Loch", "boro": "Baltimore"}}, {"type": "Feature", "geometry": {"type": "Polygon", "coordinates": [[[-76.6008612601033, 39.29955995677556], [-76.60699442212484, 39.29838369248412], [-76.6086599228054, 39.29396384568281], [-76.60419317169345, 39.29072054078793], [-76.59806093137907, 39.2918965397984], [-76.59639452056076, 39.29631610895009], [-76.6008612601033, 39.29955995677556]]]}, "properties": {"light_n": 195.1, "light_pctl": 99, "crime_n": 416, "crime_pctl": 95, "nta": "DUNBAR-BROADWAY", "boro": "Baltimore"}}, {"type": "Feature", "geometry": {"type": "Polygon", "coordinates": [[[-76.65324036702923, 39.28130160723268], [-76.65936992376916, 39.28012287368714], [-76.66102993056225, 39.275703353003266], [-76.65656129114404, 39.27246284244832], [-76.65043265445155, 39.27364130982282], [-76.64877173722077, 39.27806055388858], [-76.65324036702923, 39.28130160723268]]]}, "properties": {"light_n": 62.8, "light_pctl": 62, "crime_n": 131, "crime_pctl": 71, "nta": "MILLHILL", "boro": "Baltimore"}}, {"type": "Feature", "geometry": {"type": "Polygon", "coordinates": [[[-76.64762584730501, 39.265981740782344], [-76.65375356419528, 39.26480353949565], [-76.65541355687427, 39.26038501332316], [-76.65094674249836, 39.25714496505502], [-76.64481994516518, 39.25832290033715], [-76.64315904274166, 39.262741149857284], [-76.64762584730501, 39.265981740782344]]]}, "properties": {"light_n": 56.7, "light_pctl": 55, "crime_n": 63, "crime_pctl": 52, "nta": "Morrell Park", "boro": "Baltimore"}}, {"type": "Feature", "geometry": {"type": "Polygon", "coordinates": [[[-76.70757890327367, 39.34879262001511], [-76.71371586057187, 39.34760998348659], [-76.71537317888107, 39.343185659287315], [-76.71089445404422, 39.33994424750867], [-76.70475841841449, 39.34112661658688], [-76.70310018604418, 39.34555066485915], [-76.70757890327367, 39.34879262001511]]]}, "properties": {"light_n": 49.9, "light_pctl": 46, "crime_n": 8, "crime_pctl": 29, "nta": "Seton Business Park", "boro": "Baltimore"}}, {"type": "Feature", "geometry": {"type": "Polygon", "coordinates": [[[-76.61268188758397, 39.35882560754291], [-76.61882241859827, 39.35764780856948], [-76.62048889886417, 39.35322426557221], [-76.61601576084354, 39.3499787992111], [-76.60987615362203, 39.35115633244264], [-76.6082087607199, 39.355579597742484], [-76.61268188758397, 39.35882560754291]]]}, "properties": {"light_n": 50.6, "light_pctl": 47, "crime_n": 102, "crime_pctl": 64, "nta": "Homeland", "boro": "Baltimore"}}, {"type": "Feature", "geometry": {"type": "Polygon", "coordinates": [[[-76.57407000839065, 39.28009647522763], [-76.58020129747617, 39.27892191839049], [-76.58186859920424, 39.27450362128276], [-76.57740552081896, 39.27126015902659], [-76.57127515317208, 39.272434451156535], [-76.56960694256313, 39.27685247021528], [-76.57407000839065, 39.28009647522763]]]}, "properties": {"light_n": 75.4, "light_pctl": 73, "crime_n": 29, "crime_pctl": 38, "nta": "Canton", "boro": "Baltimore"}}, {"type": "Feature", "geometry": {"type": "Polygon", "coordinates": [[[-76.58585233439968, 39.33934914142507], [-76.59199098922035, 39.338173053976234], [-76.59365927625798, 39.333751059655754], [-76.5891898199414, 39.3305054308479], [-76.58305208864475, 39.331681253129844], [-76.5813828902322, 39.336102969351856], [-76.58585233439968, 39.33934914142507]]]}, "properties": {"light_n": 69.5, "light_pctl": 67, "crime_n": 78, "crime_pctl": 59, "nta": "EDNOR GARDENS-LAKESIDE", "boro": "Baltimore"}}, {"type": "Feature", "geometry": {"type": "Polygon", "coordinates": [[[-76.57244584241828, 39.32961054514203], [-76.57858355851154, 39.328435312629786], [-76.58025274733376, 39.32401409308156], [-76.57578513089891, 39.32076838430949], [-76.56964833819472, 39.32194335194216], [-76.56797823862787, 39.32636429319188], [-76.57244584241828, 39.32961054514203]]]}, "properties": {"light_n": 43.9, "light_pctl": 37, "crime_n": 238, "crime_pctl": 85, "nta": "BELAIR-EDISON", "boro": "Baltimore"}}, {"type": "Feature", "geometry": {"type": "Polygon", "coordinates": [[[-76.69978279607672, 39.35439947842271], [-76.70592066539974, 39.35321716482625], [-76.70757890327367, 39.34879262001511], [-76.70310018604418, 39.34555066485915], [-76.69696323875006, 39.34673271112571], [-76.69530408674764, 39.35115697984327], [-76.69978279607672, 39.35439947842271]]]}, "properties": {"light_n": 96.5, "light_pctl": 87, "crime_n": 59, "crime_pctl": 51, "nta": "REISTERSTOWN STATION", "boro": "Baltimore"}}, {"type": "Feature", "geometry": {"type": "Polygon", "coordinates": [[[-76.55345624453739, 39.304539445287006], [-76.5595911752238, 39.303365596262715], [-76.56126124444563, 39.29894614551452], [-76.55679729249319, 39.29570082228746], [-76.55066328456648, 39.296874406885124], [-76.54899230592403, 39.301293579101944], [-76.55345624453739, 39.304539445287006]]]}, "properties": {"light_n": 69.6, "light_pctl": 68, "crime_n": 22, "crime_pctl": 35, "nta": "Orangeville", "boro": "Baltimore"}}, {"type": "Feature", "geometry": {"type": "Polygon", "coordinates": [[[-76.54564941796195, 39.31013263871622], [-76.55178525534456, 39.308959114425775], [-76.55345624453739, 39.304539445287006], [-76.54899230592403, 39.301293579101944], [-76.54285739165954, 39.302466839087124], [-76.54118549298191, 39.306886229528104], [-76.54564941796195, 39.31013263871622]]]}, "properties": {"light_n": 63.5, "light_pctl": 62, "crime_n": 155, "crime_pctl": 77, "nta": "ARMISTEAD GARDENS", "boro": "Baltimore"}}, {"type": "Feature", "geometry": {"type": "Polygon", "coordinates": [[[-76.58186859920424, 39.27450362128276], [-76.58799898206723, 39.273328740898265], [-76.58966536537305, 39.268910663120295], [-76.58520227472337, 39.26566774357502], [-76.57907281294106, 39.2668423591314], [-76.57740552081896, 39.27126015902659], [-76.58186859920424, 39.27450362128276]]]}, "properties": {"light_n": 80.5, "light_pctl": 77, "crime_n": 0, "crime_pctl": 15, "nta": "Locust Point", "boro": "Baltimore"}}, {"type": "Feature", "geometry": {"type": "Polygon", "coordinates": [[[-76.5400662667805, 39.294801769095855], [-76.54620025817401, 39.29362877333317], [-76.54787122617788, 39.289210098109706], [-76.54340911167117, 39.28596469734505], [-76.53727604290164, 39.287137428968016], [-76.53560416610637, 39.29155582546088], [-76.5400662667805, 39.294801769095855]]]}, "properties": {"light_n": 129.2, "light_pctl": 93, "crime_n": 253, "crime_pctl": 86, "nta": "BAYVIEW", "boro": "Baltimore"}}, {"type": "Feature", "geometry": {"type": "Polygon", "coordinates": [[[-76.55673895184803, 39.205578553809104], [-76.56286105383617, 39.20440605389537], [-76.56452734982624, 39.19999245407551], [-76.5600724496262, 39.19675163216565], [-76.55395126650711, 39.197923867996444], [-76.55228406480994, 39.20233718978561], [-76.55673895184803, 39.205578553809104]]]}, "properties": {"light_n": 48.6, "light_pctl": 43, "crime_n": 6, "crime_pctl": 28, "nta": "HAWKINS POINT", "boro": "Baltimore"}}, {"type": "Feature", "geometry": {"type": "Polygon", "coordinates": [[[-76.56347566902265, 39.2780264386527], [-76.56960694256313, 39.27685247021528], [-76.57127515317208, 39.272434451156535], [-76.56681299893089, 39.269190678732436], [-76.56068264694058, 39.27036438266654], [-76.5590135277326, 39.27478212349355], [-76.56347566902265, 39.2780264386527]]]}, "properties": {"light_n": 145.1, "light_pctl": 95, "crime_n": 91, "crime_pctl": 62, "nta": "CANTON INDUSTRIAL AREA", "boro": "Baltimore"}}, {"type": "Feature", "geometry": {"type": "Polygon", "coordinates": [[[-76.66383947621084, 39.28336361515349], [-76.6699690447523, 39.282184293091845], [-76.67162814082712, 39.27776449597326], [-76.66715857916967, 39.2745242973163], [-76.66102993056225, 39.275703353003266], [-76.65936992376916, 39.28012287368714], [-76.66383947621084, 39.28336361515349]]]}, "properties": {"light_n": 61.9, "light_pctl": 60, "crime_n": 92, "crime_pctl": 63, "nta": "GWYNNS FALLS", "boro": "Baltimore"}}, {"type": "Feature", "geometry": {"type": "Polygon", "coordinates": [[[-76.68222728464438, 39.279824738434215], [-76.68835595575825, 39.278644505949565], [-76.69001322358362, 39.274224653680186], [-76.68554273131804, 39.27098530994573], [-76.67941497966589, 39.27216527573189], [-76.67775680090837, 39.27658485191623], [-76.68222728464438, 39.279824738434215]]]}, "properties": {"light_n": 37.8, "light_pctl": 23, "crime_n": 72, "crime_pctl": 56, "nta": "YALE HEIGHTS", "boro": "Baltimore"}}, {"type": "Feature", "geometry": {"type": "Polygon", "coordinates": [[[-76.66881766857907, 39.27010499740051], [-76.67494540908487, 39.268925619838406], [-76.67660358143368, 39.26450654091101], [-76.67213492367271, 39.26126711579676], [-76.66600810249746, 39.26244622694729], [-76.66434901984343, 39.266865029588885], [-76.66881766857907, 39.27010499740051]]]}, "properties": {"light_n": 99.9, "light_pctl": 88, "crime_n": 45, "crime_pctl": 45, "nta": "VIOLETVILLE", "boro": "Baltimore"}}, {"type": "Feature", "geometry": {"type": "Polygon", "coordinates": [[[-76.54119993138004, 39.351995282890485], [-76.5473412800573, 39.3508213517904], [-76.54901415355079, 39.34639926000483], [-76.54454658946128, 39.34315137824966], [-76.53840616560991, 39.34432504495624], [-76.53673238111399, 39.34874685777694], [-76.54119993138004, 39.351995282890485]]]}, "properties": {"light_n": 41.5, "light_pctl": 34, "crime_n": 143, "crime_pctl": 74, "nta": "Hamilton", "boro": "Baltimore"}}, {"type": "Feature", "geometry": {"type": "Polygon", "coordinates": [[[-76.54508006894837, 39.28154651918631], [-76.55121223209633, 39.280373463193484], [-76.55288227017778, 39.27595550359008], [-76.54842105358371, 39.27271087852568], [-76.54228981245494, 39.273883670340275], [-76.54061886599246, 39.278301351363005], [-76.54508006894837, 39.28154651918631]]]}, "properties": {"light_n": 123.8, "light_pctl": 92, "crime_n": 139, "crime_pctl": 73, "nta": "O'DONNELL HEIGHTS", "boro": "Baltimore"}}, {"type": "Feature", "geometry": {"type": "Polygon", "coordinates": [[[-76.6426421927236, 39.279238698975774], [-76.64877173722077, 39.27806055388858], [-76.65043265445155, 39.27364130982282], [-76.64596493743308, 39.27040048761094], [-76.63983631309647, 39.27157836673071], [-76.63817448570872, 39.27599733399507], [-76.6426421927236, 39.279238698975774]]]}, "properties": {"light_n": 86.2, "light_pctl": 80, "crime_n": 43, "crime_pctl": 44, "nta": "Carroll Park", "boro": "Baltimore"}}, {"type": "Feature", "geometry": {"type": "Polygon", "coordinates": [[[-76.58627513217372, 39.23268302967707], [-76.59240002269281, 39.2315085627773], [-76.5940645342556, 39.227092914251145], [-76.58960506269392, 39.22385201020718], [-76.58348109155769, 39.22502621236896], [-76.5818156726912, 39.22944158327816], [-76.58627513217372, 39.23268302967707]]]}, "properties": {"light_n": 61.5, "light_pctl": 60, "crime_n": 204, "crime_pctl": 82, "nta": "CURTIS BAY", "boro": "Baltimore"}}, {"type": "Feature", "geometry": {"type": "Polygon", "coordinates": [[[-76.529470191687, 39.292728232447736], [-76.53560416610637, 39.29155582546088], [-76.53727604290164, 39.287137428968016], [-76.5328148538778, 39.2838917183408], [-76.52668180219332, 39.28506386139205], [-76.52500901688933, 39.28948197897166], [-76.529470191687, 39.292728232447736]]]}, "properties": {"light_n": 73.3, "light_pctl": 71, "crime_n": 49, "crime_pctl": 48, "nta": "Pulaski Industrial Area", "boro": "Baltimore"}}, {"type": "Feature", "geometry": {"type": "Polygon", "coordinates": [[[-76.67162814082712, 39.27776449597326], [-76.67775680090837, 39.27658485191623], [-76.67941497966589, 39.27216527573189], [-76.67494540908487, 39.268925619838406], [-76.66881766857907, 39.27010499740051], [-76.66715857916967, 39.2745242973163], [-76.67162814082712, 39.27776449597326]]]}, "properties": {"light_n": 88.4, "light_pctl": 82, "crime_n": 152, "crime_pctl": 76, "nta": "SAINT AGNES", "boro": "Baltimore"}}, {"type": "Feature", "geometry": {"type": "Polygon", "coordinates": [[[-76.64389894763742, 39.33641960763092], [-76.65003583826456, 39.33524051181128], [-76.65169863672153, 39.33081784593592], [-76.64722545701535, 39.327574552876584], [-76.64108948874163, 39.328753382470374], [-76.63942577791194, 39.33317577131461], [-76.64389894763742, 39.33641960763092]]]}, "properties": {"light_n": 55.0, "light_pctl": 53, "crime_n": 34, "crime_pctl": 41, "nta": "Woodberry", "boro": "Baltimore"}}, {"type": "Feature", "geometry": {"type": "Polygon", "coordinates": [[[-76.69198485693327, 39.36000623402176], [-76.69812363831302, 39.3588242436246], [-76.69978279607672, 39.35439947842271], [-76.69530408674764, 39.35115697984327], [-76.68916622775731, 39.35233870303104], [-76.68750615579785, 39.35676319197277], [-76.69198485693327, 39.36000623402176]]]}, "properties": {"light_n": 66.3, "light_pctl": 65, "crime_n": 67, "crime_pctl": 54, "nta": "Glen", "boro": "Baltimore"}}, {"type": "Feature", "geometry": {"type": "Polygon", "coordinates": [[[-76.53448671959994, 39.279473818929006], [-76.54061886599246, 39.278301351363005], [-76.54228981245494, 39.273883670340275], [-76.53782952071505, 39.270638735612295], [-76.5316982964527, 39.271810939204016], [-76.53002644189152, 39.27622834146351], [-76.53448671959994, 39.279473818929006]]]}, "properties": {"light_n": 67.5, "light_pctl": 66, "crime_n": 125, "crime_pctl": 70, "nta": "BROENING MANOR", "boro": "Baltimore"}}, {"type": "Feature", "geometry": {"type": "Polygon", "coordinates": [[[-76.64734062074535, 39.37269648504511], [-76.65348211474169, 39.37151664778293], [-76.6551458626368, 39.36709177644116], [-76.6506690304593, 39.36384701945526], [-76.64452846016242, 39.365026590278994], [-76.64286379843507, 39.36945118449227], [-76.64734062074535, 39.37269648504511]]]}, "properties": {"light_n": 33.5, "light_pctl": 16, "crime_n": 5, "crime_pctl": 26, "nta": "Mount Washington", "boro": "Baltimore"}}, {"type": "Feature", "geometry": {"type": "Polygon", "coordinates": [[[-76.66013525020861, 39.353818593932786], [-76.66627399827318, 39.35263837502905], [-76.66793589777943, 39.34821443916027], [-76.66345996266318, 39.344970998973004], [-76.65732213733082, 39.346150951279945], [-76.65565932447379, 39.35057461033613], [-76.66013525020861, 39.353818593932786]]]}, "properties": {"light_n": 54.0, "light_pctl": 52, "crime_n": 73, "crime_pctl": 56, "nta": "Cylburn", "boro": "Baltimore"}}, {"type": "Feature", "geometry": {"type": "Polygon", "coordinates": [[[-76.56685173740756, 39.31427688745349], [-76.5729876069697, 39.31310218461739], [-76.57465677634491, 39.30868195863194], [-76.57019098629961, 39.30543671377983], [-76.56405603963253, 39.30661115190225], [-76.5623859602072, 39.311031099555876], [-76.56685173740756, 39.31427688745349]]]}, "properties": {"light_n": 70.5, "light_pctl": 69, "crime_n": 52, "crime_pctl": 49, "nta": "Orangeville Industrial Area", "boro": "Baltimore"}}, {"type": "Feature", "geometry": {"type": "Polygon", "coordinates": [[[-76.64171720821774, 39.35735742188549], [-76.64785685506186, 39.356178117416775], [-76.64952058840095, 39.351754238857545], [-76.64504558812251, 39.348509941895415], [-76.63890686448455, 39.34968898009245], [-76.63724221801031, 39.35411258148851], [-76.64171720821774, 39.35735742188549]]]}, "properties": {"light_n": 30.8, "light_pctl": 11, "crime_n": 1, "crime_pctl": 19, "nta": "Roland Park", "boro": "Baltimore"}}, {"type": "Feature", "geometry": {"type": "Polygon", "coordinates": [[[-76.67855059478984, 39.35027702317712], [-76.68468844300408, 39.34909589034059], [-76.68634850885367, 39.34467189790085], [-76.68187164014599, 39.341429314724735], [-76.67573471418964, 39.34261018063959], [-76.6740737347743, 39.34703389661739], [-76.67855059478984, 39.35027702317712]]]}, "properties": {"light_n": 81.0, "light_pctl": 78, "crime_n": 365, "crime_pctl": 93, "nta": "ARLINGTON", "boro": "Baltimore"}}, {"type": "Feature", "geometry": {"type": "Polygon", "coordinates": [[[-76.69001322358362, 39.274224653680186], [-76.69614098594103, 39.273044099612584], [-76.69779733683905, 39.26862446866386], [-76.69332683633579, 39.26538566766686], [-76.68719999308148, 39.26656595491591], [-76.68554273131804, 39.27098530994573], [-76.69001322358362, 39.274224653680186]]]}, "properties": {"light_n": 35.2, "light_pctl": 19, "crime_n": 42, "crime_pctl": 43, "nta": "YALE HEIGHTS", "boro": "Baltimore"}}, {"type": "Feature", "geometry": {"type": "Polygon", "coordinates": [[[-76.53225948159862, 39.30039333360366], [-76.53839437900005, 39.29922066259848], [-76.5400662667805, 39.294801769095855], [-76.53560416610637, 39.29155582546088], [-76.529470191687, 39.292728232447736], [-76.52779739505128, 39.29714684705344], [-76.53225948159862, 39.30039333360366]]]}, "properties": {"light_n": 77.5, "light_pctl": 74, "crime_n": 23, "crime_pctl": 35, "nta": "HOPKINS BAYVIEW", "boro": "Baltimore"}}, {"type": "Feature", "geometry": {"type": "Polygon", "coordinates": [[[-76.68287909998664, 39.308409766933345], [-76.68901144082032, 39.307229056062525], [-76.69066964431065, 39.30280749156568], [-76.6861964190986, 39.299566914103856], [-76.68006499882078, 39.30074735814606], [-76.67840588329008, 39.30516864644388], [-76.68287909998664, 39.308409766933345]]]}, "properties": {"light_n": 26.5, "light_pctl": 8, "crime_n": 49, "crime_pctl": 48, "nta": "EDMONDSON VILLAGE", "boro": "Baltimore"}}, {"type": "Feature", "geometry": {"type": "Polygon", "coordinates": [[[-76.55625010651409, 39.31220521308964], [-76.5623859602072, 39.311031099555876], [-76.56405603963253, 39.30661115190225], [-76.5595911752238, 39.303365596262715], [-76.55345624453739, 39.304539445287006], [-76.55178525534456, 39.308959114425775], [-76.55625010651409, 39.31220521308964]]]}, "properties": {"light_n": 59.2, "light_pctl": 56, "crime_n": 106, "crime_pctl": 65, "nta": "ARMISTEAD GARDENS", "boro": "Baltimore"}}, {"type": "Feature", "geometry": {"type": "Polygon", "coordinates": [[[-76.5752442505027, 39.337278466826625], [-76.5813828902322, 39.336102969351856], [-76.58305208864475, 39.331681253129844], [-76.57858355851154, 39.328435312629786], [-76.57244584241828, 39.32961054514203], [-76.57077573291357, 39.334031983082234], [-76.5752442505027, 39.337278466826625]]]}, "properties": {"light_n": 38.5, "light_pctl": 24, "crime_n": 6, "crime_pctl": 28, "nta": "Mayfield", "boro": "Baltimore"}}, {"type": "Feature", "geometry": {"type": "Polygon", "coordinates": [[[-76.6991201800155, 39.325796787471425], [-76.7052543730448, 39.324614953042946], [-76.70691167534264, 39.320192118839984], [-76.70243569771863, 39.31695139501069], [-76.69630242562145, 39.31813296223971], [-76.69464421030713, 39.32255552046261], [-76.6991201800155, 39.325796787471425]]]}, "properties": {"light_n": 24.6, "light_pctl": 6, "crime_n": 15, "crime_pctl": 33, "nta": "West Forest Park", "boro": "Baltimore"}}, {"type": "Feature", "geometry": {"type": "Polygon", "coordinates": [[[-76.54901415355079, 39.34639926000483], [-76.55515459403894, 39.34522500315128], [-76.55682654587922, 39.34080312909229], [-76.55235896826129, 39.337555790650526], [-76.54621945223973, 39.33872978298891], [-76.54454658946128, 39.34315137824966], [-76.54901415355079, 39.34639926000483]]]}, "properties": {"light_n": 39.9, "light_pctl": 29, "crime_n": 108, "crime_pctl": 65, "nta": "Waltherson", "boro": "Baltimore"}}, {"type": "Feature", "geometry": {"type": "Polygon", "coordinates": [[[-76.63828093693506, 39.32108788458138], [-76.64441598310157, 39.31990932113013], [-76.6460787667985, 39.31548764872351], [-76.64160741609737, 39.31224481679895], [-76.63547329179197, 39.313423114190954], [-76.6338095964178, 39.317844509532044], [-76.63828093693506, 39.32108788458138]]]}, "properties": {"light_n": 78.7, "light_pctl": 76, "crime_n": 155, "crime_pctl": 77, "nta": "RESERVOIR HILL", "boro": "Baltimore"}}, {"type": "Feature", "geometry": {"type": "Polygon", "coordinates": [[[-76.66793589777943, 39.34821443916027], [-76.6740737347743, 39.34703389661739], [-76.67573471418964, 39.34261018063959], [-76.67125876998554, 39.339367283815875], [-76.66512185536271, 39.34054755964121], [-76.66345996266318, 39.344970998973004], [-76.66793589777943, 39.34821443916027]]]}, "properties": {"light_n": 67.8, "light_pctl": 66, "crime_n": 281, "crime_pctl": 89, "nta": "CENTRAL PARK HEIGHTS", "boro": "Baltimore"}}, {"type": "Feature", "geometry": {"type": "Polygon", "coordinates": [[[-76.61304471952792, 39.25213116819535], [-76.61917147779451, 39.250954996282154], [-76.62083419063518, 39.2465377980296], [-76.61637105385678, 39.243297048873906], [-76.61024521524, 39.244472955476226], [-76.60858159384276, 39.24888987651049], [-76.61304471952792, 39.25213116819535]]]}, "properties": {"light_n": 43.2, "light_pctl": 36, "crime_n": 80, "crime_pctl": 59, "nta": "MIDDLE BRANCH/REEDBIRD PARKS", "boro": "Baltimore"}}, {"type": "Feature", "geometry": {"type": "Polygon", "coordinates": [[[-76.53561330264003, 39.33665553577759], [-76.54175280191333, 39.335482133381625], [-76.54342565388836, 39.33106103471759], [-76.5389599169891, 39.327813617412836], [-76.53282134204613, 39.32898675558097], [-76.5311475797639, 39.33340757524714], [-76.53561330264003, 39.33665553577759]]]}, "properties": {"light_n": 41.2, "light_pctl": 32, "crime_n": 89, "crime_pctl": 61, "nta": "Cedonia", "boro": "Baltimore"}}, {"type": "Feature", "geometry": {"type": "Polygon", "coordinates": [[[-76.58907007362828, 39.240340577441664], [-76.59519588377569, 39.239165845721004], [-76.59686040443788, 39.234749699605906], [-76.59240002269281, 39.2315085627773], [-76.58627513217372, 39.23268302967707], [-76.58460970386234, 39.23709889819179], [-76.58907007362828, 39.240340577441664]]]}, "properties": {"light_n": 79.6, "light_pctl": 76, "crime_n": 78, "crime_pctl": 59, "nta": "CURTIS BAY", "boro": "Baltimore"}}, {"type": "Feature", "geometry": {"type": "Polygon", "coordinates": [[[-76.6594964961435, 39.325215980530764], [-76.66563156676028, 39.324036237890134], [-76.66729252625828, 39.31961401190343], [-76.66281932747084, 39.31637180522076], [-76.65668517848825, 39.31755128139414], [-76.65502330675008, 39.321973230682666], [-76.6594964961435, 39.325215980530764]]]}, "properties": {"light_n": 74.1, "light_pctl": 72, "crime_n": 95, "crime_pctl": 63, "nta": "LIBERTY SQUARE", "boro": "Baltimore"}}, {"type": "Feature", "geometry": {"type": "Polygon", "coordinates": [[[-76.59526150629857, 39.28423385171294], [-76.60139282515196, 39.2830581179004], [-76.60305830827309, 39.27863926524332], [-76.59859338207633, 39.27539642404739], [-76.59246298443779, 39.276571892745025], [-76.59079659187236, 39.28099046771891], [-76.59526150629857, 39.28423385171294]]]}, "properties": {"light_n": 146.6, "light_pctl": 96, "crime_n": 230, "crime_pctl": 83, "nta": "FELLS POINT", "boro": "Baltimore"}}, {"type": "Feature", "geometry": {"type": "Polygon", "coordinates": [[[-76.69845836074833, 39.297205114926], [-76.7045888818834, 39.2960237599019], [-76.70624524965517, 39.291602637501406], [-76.7017720082892, 39.28836314595666], [-76.6956424069915, 39.28954423391177], [-76.69398512731321, 39.293965080445766], [-76.69845836074833, 39.297205114926]]]}, "properties": {"light_n": 39.8, "light_pctl": 28, "crime_n": 46, "crime_pctl": 46, "nta": "Hunting Ridge", "boro": "Baltimore"}}, {"type": "Feature", "geometry": {"type": "Polygon", "coordinates": [[[-76.537840764368, 39.31572572531417], [-76.54397750847525, 39.314552526024094], [-76.54564941796195, 39.31013263871622], [-76.54118549298191, 39.306886229528104], [-76.53504967235122, 39.30805916463436], [-76.53337685331566, 39.312478773078034], [-76.537840764368, 39.31572572531417]]]}, "properties": {"light_n": 77.9, "light_pctl": 74, "crime_n": 45, "crime_pctl": 45, "nta": "PULASKI INDUSTRIAL AREA", "boro": "Baltimore"}}, {"type": "Feature", "geometry": {"type": "Polygon", "coordinates": [[[-76.60464891350166, 39.22915871953736], [-76.61077291355465, 39.22798334330774], [-76.61243560117086, 39.223567637721814], [-76.6079751963445, 39.22032758559945], [-76.60185211520566, 39.221502696767196], [-76.60018852006988, 39.22591812508461], [-76.60464891350166, 39.22915871953736]]]}, "properties": {"light_n": 49.2, "light_pctl": 45, "crime_n": 3, "crime_pctl": 23, "nta": "Brooklyn", "boro": "Baltimore"}}, {"type": "Feature", "geometry": {"type": "Polygon", "coordinates": [[[-76.65668517848825, 39.31755128139414], [-76.66281932747084, 39.31637180522076], [-76.66448028014926, 39.31195007604165], [-76.66000799582872, 39.308708099716654], [-76.65387476823449, 39.30988730950614], [-76.65221290366355, 39.31430876196978], [-76.65668517848825, 39.31755128139414]]]}, "properties": {"light_n": 78.5, "light_pctl": 76, "crime_n": 181, "crime_pctl": 80, "nta": "MONDAWMIN", "boro": "Baltimore"}}, {"type": "Feature", "geometry": {"type": "Polygon", "coordinates": [[[-76.57583243213962, 39.365885991926724], [-76.58197475380237, 39.36471002450462], [-76.58364490217032, 39.36028660052138], [-76.57917364116808, 39.35703942232373], [-76.57303224424327, 39.35821512465567], [-76.57136118367453, 39.362638270240794], [-76.57583243213962, 39.365885991926724]]]}, "properties": {"light_n": 37.9, "light_pctl": 23, "crime_n": 80, "crime_pctl": 59, "nta": "Loch Raven", "boro": "Baltimore"}}, {"type": "Feature", "geometry": {"type": "Polygon", "coordinates": [[[-76.61024521524, 39.244472955476226], [-76.61637105385678, 39.243297048873906], [-76.61803375837822, 39.238880348105944], [-76.6135715325845, 39.23563983114079], [-76.60744661337222, 39.23681547251527], [-76.60578300064006, 39.24123189604814], [-76.61024521524, 39.244472955476226]]]}, "properties": {"light_n": 49.8, "light_pctl": 46, "crime_n": 128, "crime_pctl": 70, "nta": "BROOKLYN", "boro": "Baltimore"}}, {"type": "Feature", "geometry": {"type": "Polygon", "coordinates": [[[-76.7571440445926, 39.32281148001503], [-76.76327645017122, 39.32162664324892], [-76.76492826152854, 39.31720315051063], [-76.76044858140006, 39.31396476941393], [-76.75431709557324, 39.31514933792545], [-76.75266437021381, 39.319572555753275], [-76.7571440445926, 39.32281148001503]]]}, "properties": {"light_n": 51.3, "light_pctl": 48, "crime_n": 0, "crime_pctl": 15, "nta": null, "boro": "Baltimore"}}, {"type": "Feature", "geometry": {"type": "Polygon", "coordinates": [[[-76.71322260644897, 39.36412680347233], [-76.71936140782088, 39.36294363179213], [-76.72101873634905, 39.35851831462295], [-76.71653817835481, 39.355276444990494], [-76.71040029914258, 39.35645934905301], [-76.708742055856, 39.360884390330746], [-76.71322260644897, 39.36412680347233]]]}, "properties": {"light_n": 56.5, "light_pctl": 55, "crime_n": 15, "crime_pctl": 33, "nta": "Fallstaff", "boro": "Baltimore"}}, {"type": "Feature", "geometry": {"type": "Polygon", "coordinates": [[[-76.55567436014161, 39.28361832113285], [-76.56180653960448, 39.28244467665411], [-76.56347566902265, 39.2780264386527], [-76.5590135277326, 39.27478212349355], [-76.55288227017778, 39.27595550359008], [-76.55121223209633, 39.280373463193484], [-76.55567436014161, 39.28361832113285]]]}, "properties": {"light_n": 158.8, "light_pctl": 97, "crime_n": 62, "crime_pctl": 52, "nta": "CANTON INDUSTRIAL AREA", "boro": "Baltimore"}}, {"type": "Feature", "geometry": {"type": "Polygon", "coordinates": [[[-76.6523327711215, 39.35942264446861], [-76.65847243028678, 39.35824274947122], [-76.66013525020861, 39.353818593932786], [-76.65565932447379, 39.35057461033613], [-76.64952058840095, 39.351754238857545], [-76.64785685506186, 39.356178117416775], [-76.6523327711215, 39.35942264446861]]]}, "properties": {"light_n": 30.3, "light_pctl": 11, "crime_n": 1, "crime_pctl": 19, "nta": "Coldspring", "boro": "Baltimore"}}, {"type": "Feature", "geometry": {"type": "Polygon", "coordinates": [[[-76.64980080383525, 39.245069587976104], [-76.65592577515665, 39.24389159695501], [-76.6575848370059, 39.23947428656342], [-76.65311983661083, 39.2362352436787], [-76.64699578399882, 39.237412968741424], [-76.64533581316324, 39.24183000261258], [-76.64980080383525, 39.245069587976104]]]}, "properties": {"light_n": 34.4, "light_pctl": 17, "crime_n": 0, "crime_pctl": 15, "nta": null, "boro": "Baltimore"}}, {"type": "Feature", "geometry": {"type": "Polygon", "coordinates": [[[-76.55288227017778, 39.27595550359008], [-76.5590135277326, 39.27478212349355], [-76.56068264694058, 39.27036438266654], [-76.55622141700205, 39.26712030031599], [-76.55009108110866, 39.26829341611311], [-76.54842105358371, 39.27271087852568], [-76.55288227017778, 39.27595550359008]]]}, "properties": {"light_n": 189.1, "light_pctl": 98, "crime_n": 3, "crime_pctl": 23, "nta": "CANTON INDUSTRIAL AREA", "boro": "Baltimore"}}, {"type": "Feature", "geometry": {"type": "Polygon", "coordinates": [[[-76.59686040443788, 39.234749699605906], [-76.60298530952333, 39.23357464549794], [-76.60464891350166, 39.22915871953736], [-76.60018852006988, 39.22591812508461], [-76.5940645342556, 39.227092914251145], [-76.59240002269281, 39.2315085627773], [-76.59686040443788, 39.234749699605906]]]}, "properties": {"light_n": 65.8, "light_pctl": 64, "crime_n": 415, "crime_pctl": 95, "nta": "BROOKLYN", "boro": "Baltimore"}}, {"type": "Feature", "geometry": {"type": "Polygon", "coordinates": [[[-76.60025885628433, 39.2709780685695], [-76.60638834740095, 39.26980227673594], [-76.60805290357408, 39.26538414097476], [-76.60358887775455, 39.26214207454625], [-76.59746030724877, 39.263317601227115], [-76.59579484204278, 39.26773545945456], [-76.60025885628433, 39.2709780685695]]]}, "properties": {"light_n": 127.3, "light_pctl": 93, "crime_n": 6, "crime_pctl": 28, "nta": "Riverside", "boro": "Baltimore"}}, {"type": "Feature", "geometry": {"type": "Polygon", "coordinates": [[[-76.57081828869698, 39.37915763176157], [-76.57696244527577, 39.377981724993525], [-76.57863352543889, 39.373557586785694], [-76.5741613617292, 39.3703096338593], [-76.56801813049617, 39.37148527557572], [-76.56634613771894, 39.3759091352355], [-76.57081828869698, 39.37915763176157]]]}, "properties": {"light_n": 41.3, "light_pctl": 33, "crime_n": 0, "crime_pctl": 15, "nta": "Hamilton Hills", "boro": "Baltimore"}}, {"type": "Feature", "geometry": {"type": "Polygon", "coordinates": [[[-76.6744395196666, 39.285424722439394], [-76.68056909956829, 39.28424481180402], [-76.68222728464438, 39.279824738434215], [-76.67775680090837, 39.27658485191623], [-76.67162814082712, 39.27776449597326], [-76.6699690447523, 39.282184293091845], [-76.6744395196666, 39.285424722439394]]]}, "properties": {"light_n": 49.1, "light_pctl": 44, "crime_n": 87, "crime_pctl": 61, "nta": "IRVINGTON", "boro": "Baltimore"}}, {"type": "Feature", "geometry": {"type": "Polygon", "coordinates": [[[-76.67573471418964, 39.34261018063959], [-76.68187164014599, 39.341429314724735], [-76.68353169979508, 39.33700581885914], [-76.67905574679648, 39.333763465353044], [-76.6729197428521, 39.33494406442974], [-76.67125876998554, 39.339367283815875], [-76.67573471418964, 39.34261018063959]]]}, "properties": {"light_n": 74.3, "light_pctl": 72, "crime_n": 166, "crime_pctl": 79, "nta": "DOLFIELD", "boro": "Baltimore"}}, {"type": "Feature", "geometry": {"type": "Polygon", "coordinates": [[[-76.56020199688655, 39.377084450978884], [-76.56634613771894, 39.3759091352355], [-76.56801813049617, 39.37148527557572], [-76.5635468948633, 39.36823701035635], [-76.55740367948881, 39.36941206125284], [-76.55573077438119, 39.373835642180985], [-76.56020199688655, 39.377084450978884]]]}, "properties": {"light_n": 40.2, "light_pctl": 30, "crime_n": 68, "crime_pctl": 54, "nta": "HAMILTON HILLS", "boro": "Baltimore"}}, {"type": "Feature", "geometry": {"type": "Polygon", "coordinates": [[[-76.62083419063518, 39.2465377980296], [-76.62696004282684, 39.245361303899124], [-76.62862183885697, 39.24094432607889], [-76.62415869127761, 39.237704119406786], [-76.61803375837822, 39.238880348105944], [-76.61637105385678, 39.243297048873906], [-76.62083419063518, 39.2465377980296]]]}, "properties": {"light_n": 60.4, "light_pctl": 59, "crime_n": 162, "crime_pctl": 78, "nta": "CHERRY HILL", "boro": "Baltimore"}}, {"type": "Feature", "geometry": {"type": "Polygon", "coordinates": [[[-76.63142410162436, 39.248601742541474], [-76.63754996695084, 39.24742466082482], [-76.63921085420918, 39.24300740613519], [-76.63474678500366, 39.23976750999697], [-76.62862183885697, 39.24094432607889], [-76.62696004282684, 39.245361303899124], [-76.63142410162436, 39.248601742541474]]]}, "properties": {"light_n": 67.0, "light_pctl": 65, "crime_n": 34, "crime_pctl": 41, "nta": "Cherry Hill", "boro": "Baltimore"}}, {"type": "Feature", "geometry": {"type": "Polygon", "coordinates": [[[-76.63983631309647, 39.27157836673071], [-76.64596493743308, 39.27040048761094], [-76.64762584730501, 39.265981740782344], [-76.64315904274166, 39.262741149857284], [-76.63703133832031, 39.26391876309284], [-76.63536951863797, 39.26833723310298], [-76.63983631309647, 39.27157836673071]]]}, "properties": {"light_n": 84.6, "light_pctl": 79, "crime_n": 37, "crime_pctl": 41, "nta": "WESTPORT", "boro": "Baltimore"}}, {"type": "Feature", "geometry": {"type": "Polygon", "coordinates": [[[-76.5238943126949, 39.27740022066184], [-76.53002644189152, 39.27622834146351], [-76.5316982964527, 39.271810939204016], [-76.52723892972499, 39.268565695054136], [-76.52110772276927, 39.269737310482185], [-76.51943496039186, 39.27415443379595], [-76.5238943126949, 39.27740022066184]]]}, "properties": {"light_n": 50.4, "light_pctl": 46, "crime_n": 15, "crime_pctl": 33, "nta": "GRACELAND PARK", "boro": "Baltimore"}}, {"type": "Feature", "geometry": {"type": "Polygon", "coordinates": [[[-76.56405603963253, 39.30661115190225], [-76.57019098629961, 39.30543671377983], [-76.5718601458183, 39.30101698468317], [-76.56739526846452, 39.29777197202285], [-76.56126124444563, 39.29894614551452], [-76.5595911752238, 39.303365596262715], [-76.56405603963253, 39.30661115190225]]]}, "properties": {"light_n": 81.4, "light_pctl": 79, "crime_n": 19, "crime_pctl": 34, "nta": "ORANGEVILLE", "boro": "Baltimore"}}, {"type": "Feature", "geometry": {"type": "Polygon", "coordinates": [[[-76.59986714471827, 39.37769949866079], [-76.60601042086724, 39.376522084131075], [-76.60767875278025, 39.37209760760578], [-76.6032047217518, 39.368850823589355], [-76.59706237036318, 39.37002797253659], [-76.59539312533443, 39.374452171048034], [-76.59986714471827, 39.37769949866079]]]}, "properties": {"light_n": 35.9, "light_pctl": 20, "crime_n": 13, "crime_pctl": 30, "nta": "Lake Walker", "boro": "Baltimore"}}, {"type": "Feature", "geometry": {"type": "Polygon", "coordinates": [[[-76.65387476823449, 39.30988730950614], [-76.66000799582872, 39.308708099716654], [-76.66166894159744, 39.30428686741693], [-76.65719757140808, 39.301045121604716], [-76.65106526495649, 39.3022240650937], [-76.64940340764271, 39.306645020660646], [-76.65387476823449, 39.30988730950614]]]}, "properties": {"light_n": 71.4, "light_pctl": 70, "crime_n": 243, "crime_pctl": 85, "nta": "COPPIN HEIGHTS/ASH-CO-EAST", "boro": "Baltimore"}}, {"type": "Feature", "geometry": {"type": "Polygon", "coordinates": [[[-76.71403031138675, 39.286000059778814], [-76.72015901295008, 39.284818061667636], [-76.72181354629876, 39.280397382244914], [-76.71734028994692, 39.27715897643256], [-76.71121250750276, 39.27834070723471], [-76.70955706238195, 39.28276111112337], [-76.71403031138675, 39.286000059778814]]]}, "properties": {"light_n": 31.9, "light_pctl": 13, "crime_n": 0, "crime_pctl": 15, "nta": "Westgate", "boro": "Baltimore"}}, {"type": "Feature", "geometry": {"type": "Polygon", "coordinates": [[[-76.61584512665917, 39.25979011044752], [-76.62197280482094, 39.25861367314042], [-76.62363552589183, 39.25419597747431], [-76.61917147779451, 39.250954996282154], [-76.61304471952792, 39.25213116819535], [-76.61138108955444, 39.25654858665995], [-76.61584512665917, 39.25979011044752]]]}, "properties": {"light_n": 44.9, "light_pctl": 38, "crime_n": 40, "crime_pctl": 43, "nta": "MIDDLE BRANCH/REEDBIRD PARKS", "boro": "Baltimore"}}, {"type": "Feature", "geometry": {"type": "Polygon", "coordinates": [[[-76.70691167534264, 39.320192118839984], [-76.71304495745964, 39.319009962107536], [-76.71470134128936, 39.314587348900375], [-76.7102253560422, 39.31134716820447], [-76.70409299449757, 39.31252905761722], [-76.70243569771863, 39.31695139501069], [-76.70691167534264, 39.320192118839984]]]}, "properties": {"light_n": 32.6, "light_pctl": 13, "crime_n": 2, "crime_pctl": 21, "nta": "Dickeyville", "boro": "Baltimore"}}, {"type": "Feature", "geometry": {"type": "Polygon", "coordinates": [[[-76.54228981245494, 39.273883670340275], [-76.54842105358371, 39.27271087852568], [-76.55009108110866, 39.26829341611311], [-76.54563077563112, 39.26504902407764], [-76.5395004562749, 39.266221551796725], [-76.53782952071505, 39.270638735612295], [-76.54228981245494, 39.273883670340275]]]}, "properties": {"light_n": 96.7, "light_pctl": 87, "crime_n": 42, "crime_pctl": 43, "nta": "BROENING MANOR", "boro": "Baltimore"}}, {"type": "Feature", "geometry": {"type": "Polygon", "coordinates": [[[-76.52556599610301, 39.36318700262472], [-76.53170916124381, 39.36201372383277], [-76.53338387901479, 39.35759119726021], [-76.5289163428675, 39.354342228743384], [-76.52277410327146, 39.35551524338548], [-76.52109847436995, 39.359937490659746], [-76.52556599610301, 39.36318700262472]]]}, "properties": {"light_n": 38.4, "light_pctl": 24, "crime_n": 5, "crime_pctl": 26, "nta": "Overlea", "boro": "Baltimore"}}, {"type": "Feature", "geometry": {"type": "Polygon", "coordinates": [[[-76.66858004425656, 39.376825879081046], [-76.67472156199602, 39.3756448598861], [-76.67638348137984, 39.371219434839745], [-76.67190479751237, 39.36797530571366], [-76.66576420324434, 39.369156058061385], [-76.66410136946378, 39.373581206347566], [-76.66858004425656, 39.376825879081046]]]}, "properties": {"light_n": 24.7, "light_pctl": 7, "crime_n": 0, "crime_pctl": 15, "nta": "Cheswolde", "boro": "Baltimore"}}, {"type": "Feature", "geometry": {"type": "Polygon", "coordinates": [[[-76.56731686275148, 39.20764710948979], [-76.57343898051813, 39.206474023095076], [-76.57510437052038, 39.20206014542665], [-76.57064854883471, 39.198819631967034], [-76.56452734982624, 39.19999245407551], [-76.56286105383617, 39.20440605389537], [-76.56731686275148, 39.20764710948979]]]}, "properties": {"light_n": 45.2, "light_pctl": 39, "crime_n": 2, "crime_pctl": 21, "nta": "Hawkins Point", "boro": "Baltimore"}}, {"type": "Feature", "geometry": {"type": "Polygon", "coordinates": [[[-76.57789571115282, 39.20971477001961], [-76.5840178442593, 39.2085410970853], [-76.58568232799318, 39.20412694175048], [-76.58122558497982, 39.20088673698185], [-76.57510437052038, 39.20206014542665], [-76.57343898051813, 39.206474023095076], [-76.57789571115282, 39.20971477001961]]]}, "properties": {"light_n": 39.6, "light_pctl": 27, "crime_n": 0, "crime_pctl": 15, "nta": "Hawkins Point", "boro": "Baltimore"}}, {"type": "Feature", "geometry": {"type": "Polygon", "coordinates": [[[-76.52668180219332, 39.28506386139205], [-76.5328148538778, 39.2838917183408], [-76.53448671959994, 39.279473818929006], [-76.53002644189152, 39.27622834146351], [-76.5238943126949, 39.27740022066184], [-76.52222153881038, 39.281817841144125], [-76.52668180219332, 39.28506386139205]]]}, "properties": {"light_n": 39.9, "light_pctl": 28, "crime_n": 24, "crime_pctl": 36, "nta": "GRACELAND PARK", "boro": "Baltimore"}}, {"type": "Feature", "geometry": {"type": "Polygon", "coordinates": [[[-76.52835879183957, 39.370859490414524], [-76.53450288277337, 39.36968594738988], [-76.5361776116902, 39.36526292447537], [-76.53170916124381, 39.36201372383277], [-76.52556599610301, 39.36318700262472], [-76.52389035570762, 39.367609746257415], [-76.52835879183957, 39.370859490414524]]]}, "properties": {"light_n": 35.1, "light_pctl": 19, "crime_n": 1, "crime_pctl": 19, "nta": "Taylor Heights", "boro": "Baltimore"}}, {"type": "Feature", "geometry": {"type": "Polygon", "coordinates": [[[-76.5272401262905, 39.31365138303886], [-76.53337685331566, 39.312478773078034], [-76.53504967235122, 39.30805916463436], [-76.53058667371903, 39.30481244516406], [-76.52445087028147, 39.305984791145356], [-76.52277714198016, 39.310404120541996], [-76.5272401262905, 39.31365138303886]]]}, "properties": {"light_n": 59.5, "light_pctl": 57, "crime_n": 25, "crime_pctl": 36, "nta": "PULASKI INDUSTRIAL AREA", "boro": "Baltimore"}}, {"type": "Feature", "geometry": {"type": "Polygon", "coordinates": [[[-76.52891077303745, 39.26414879001806], [-76.53504107541643, 39.26297685031793], [-76.53671199998577, 39.25856016378064], [-76.53225352967428, 39.25531569570477], [-76.52612414893197, 39.25648737159598], [-76.5244523169559, 39.260903779337546], [-76.52891077303745, 39.26414879001806]]]}, "properties": {"light_n": 80.8, "light_pctl": 78, "crime_n": 32, "crime_pctl": 40, "nta": "SAINT HELENA", "boro": "Baltimore"}}, {"type": "Feature", "geometry": {"type": "Polygon", "coordinates": [[[-76.5316982964527, 39.271810939204016], [-76.53782952071505, 39.270638735612295], [-76.5395004562749, 39.266221551796725], [-76.53504107541643, 39.26297685031793], [-76.52891077303745, 39.26414879001806], [-76.52723892972499, 39.268565695054136], [-76.5316982964527, 39.271810939204016]]]}, "properties": {"light_n": 74.9, "light_pctl": 73, "crime_n": 6, "crime_pctl": 28, "nta": "HOLABIRD INDUSTRIAL PARK", "boro": "Baltimore"}}, {"type": "Feature", "geometry": {"type": "Polygon", "coordinates": [[[-76.68719999308148, 39.26656595491591], [-76.69332683633579, 39.26538566766686], [-76.69498318142834, 39.26096653401167], [-76.69051359387602, 39.257727963507094], [-76.68438766948017, 39.25890798402103], [-76.68273041386888, 39.26332684173991], [-76.68719999308148, 39.26656595491591]]]}, "properties": {"light_n": 44.4, "light_pctl": 37, "crime_n": 0, "crime_pctl": 15, "nta": null, "boro": "Baltimore"}}, {"type": "Feature", "geometry": {"type": "Polygon", "coordinates": [[[-76.62048889886417, 39.35322426557221], [-76.62662851973626, 39.35204614198654], [-76.62829407906342, 39.34762281793752], [-76.62382093018053, 39.344377894970236], [-76.61768223274125, 39.34555575269289], [-76.61601576084354, 39.3499787992111], [-76.62048889886417, 39.35322426557221]]]}, "properties": {"light_n": 39.1, "light_pctl": 26, "crime_n": 2, "crime_pctl": 21, "nta": "Loyola/Notre Dame", "boro": "Baltimore"}}, {"type": "Feature", "geometry": {"type": "Polygon", "coordinates": [[[-76.70973126607021, 39.32785590634433], [-76.71586546900473, 39.32667348220859], [-76.7175218580054, 39.32225037220964], [-76.71304495745964, 39.319009962107536], [-76.70691167534264, 39.320192118839984], [-76.7052543730448, 39.324614953042946], [-76.70973126607021, 39.32785590634433]]]}, "properties": {"light_n": 19.0, "light_pctl": 2, "crime_n": 12, "crime_pctl": 30, "nta": "Howard Park", "boro": "Baltimore"}}, {"type": "Feature", "geometry": {"type": "Polygon", "coordinates": [[[-76.5233309018184, 39.38412992320249], [-76.52947682778733, 39.382956442661126], [-76.53115249090591, 39.37853270652787], [-76.52668314003844, 39.375282730333566], [-76.52053814047083, 39.37645594668144], [-76.51886156546144, 39.38087940338254], [-76.5233309018184, 39.38412992320249]]]}, "properties": {"light_n": 25.8, "light_pctl": 7, "crime_n": 0, "crime_pctl": 15, "nta": null, "boro": "Baltimore"}}, {"type": "Feature", "geometry": {"type": "Polygon", "coordinates": [[[-76.6342272679709, 39.25625988828791], [-76.64035405272226, 39.25508254085339], [-76.64201494760788, 39.25066478871293], [-76.63754996695084, 39.24742466082482], [-76.63142410162436, 39.248601742541474], [-76.62976229762091, 39.25301921782947], [-76.6342272679709, 39.25625988828791]]]}, "properties": {"light_n": 78.5, "light_pctl": 75, "crime_n": 78, "crime_pctl": 59, "nta": "CHERRY HILL", "boro": "Baltimore"}}, {"type": "Feature", "geometry": {"type": "Polygon", "coordinates": [[[-76.71255176710729, 39.33552041990272], [-76.71868689110455, 39.334337728280005], [-76.72034328518517, 39.32991412156125], [-76.71586546900473, 39.32667348220859], [-76.70973126607021, 39.32785590634433], [-76.70807395834431, 39.33227923728484], [-76.71255176710729, 39.33552041990272]]]}, "properties": {"light_n": 23.4, "light_pctl": 5, "crime_n": 4, "crime_pctl": 25, "nta": "Howard Park", "boro": "Baltimore"}}, {"type": "Feature", "geometry": {"type": "Polygon", "coordinates": [[[-76.66102993056225, 39.275703353003266], [-76.66715857916967, 39.2745242973163], [-76.66881766857907, 39.27010499740051], [-76.66434901984343, 39.266865029588885], [-76.65822129092496, 39.26804381898449], [-76.65656129114404, 39.27246284244832], [-76.66102993056225, 39.275703353003266]]]}, "properties": {"light_n": 78.4, "light_pctl": 74, "crime_n": 14, "crime_pctl": 31, "nta": "WILHELM PARK", "boro": "Baltimore"}}, {"type": "Feature", "geometry": {"type": "Polygon", "coordinates": [[[-76.5918659163438, 39.24799885543809], [-76.59799264636504, 39.246823858813656], [-76.59965717603805, 39.24240721518048], [-76.59519588377569, 39.239165845721004], [-76.58907007362828, 39.240340577441664], [-76.58740463596043, 39.24475694349103], [-76.5918659163438, 39.24799885543809]]]}, "properties": {"light_n": 81.4, "light_pctl": 79, "crime_n": 0, "crime_pctl": 15, "nta": "Fairfield Area", "boro": "Baltimore"}}, {"type": "Feature", "geometry": {"type": "Polygon", "coordinates": [[[-76.68654615582786, 39.237997098102774], [-76.69266933594827, 39.23681728997191], [-76.69432474750363, 39.23239987038121], [-76.68985788844242, 39.22916253470897], [-76.6837356260894, 39.230342076235], [-76.68207930512072, 39.23475922000337], [-76.68654615582786, 39.237997098102774]]]}, "properties": {"light_n": 32.2, "light_pctl": 13, "crime_n": 0, "crime_pctl": 15, "nta": null, "boro": "Baltimore"}}, {"type": "Feature", "geometry": {"type": "Polygon", "coordinates": [[[-76.54736158154185, 39.39595711419203], [-76.55350846808619, 39.394782186510675], [-76.55518231710195, 39.39035739595464], [-76.55071019247359, 39.387107812093966], [-76.54456423235582, 39.388282475089106], [-76.54288947053192, 39.39270698659652], [-76.54736158154185, 39.39595711419203]]]}, "properties": {"light_n": 40.2, "light_pctl": 30, "crime_n": 0, "crime_pctl": 15, "nta": null, "boro": "Baltimore"}}, {"type": "Feature", "geometry": {"type": "Polygon", "coordinates": [[[-76.57907281294106, 39.2668423591314], [-76.58520227472337, 39.26566774357502], [-76.5868686486809, 39.26125016306418], [-76.58240646941745, 39.25800747597453], [-76.57627792846978, 39.25918182678568], [-76.57461064604213, 39.26359912939716], [-76.57907281294106, 39.2668423591314]]]}, "properties": {"light_n": 31.6, "light_pctl": 12, "crime_n": 1, "crime_pctl": 19, "nta": "Locust Point Industrial Area", "boro": "Baltimore"}}, {"type": "Feature", "geometry": {"type": "Polygon", "coordinates": [[[-76.728132973005, 39.32430772205027], [-76.73426627383378, 39.323124386139604], [-76.73592083092375, 39.31870122185744], [-76.7314430007858, 39.31546166889642], [-76.72531062029967, 39.31664473707984], [-76.72365514969965, 39.32106762591659], [-76.728132973005, 39.32430772205027]]]}, "properties": {"light_n": 39.0, "light_pctl": 26, "crime_n": 0, "crime_pctl": 15, "nta": null, "boro": "Baltimore"}}, {"type": "Feature", "geometry": {"type": "Polygon", "coordinates": [[[-76.52779912243454, 39.34224992867588], [-76.53393952920688, 39.34107685205692], [-76.53561330264003, 39.33665553577759], [-76.5311475797639, 39.33340757524714], [-76.52500809768091, 39.33458038775998], [-76.5233334138766, 39.33900142487486], [-76.52779912243454, 39.34224992867588]]]}, "properties": {"light_n": 31.6, "light_pctl": 12, "crime_n": 49, "crime_pctl": 48, "nta": "FRANKFORD", "boro": "Baltimore"}}, {"type": "Feature", "geometry": {"type": "Polygon", "coordinates": [[[-76.51440383796275, 39.332504339237936], [-76.52054330241349, 39.331332116548786], [-76.52221797471947, 39.32691157606345], [-76.51775409240673, 39.32366353759655], [-76.51161555250837, 39.32483549646683], [-76.50993997046223, 39.32925575758842], [-76.51440383796275, 39.332504339237936]]]}, "properties": {"light_n": 29.3, "light_pctl": 10, "crime_n": 0, "crime_pctl": 15, "nta": null, "boro": "Baltimore"}}, {"type": "Feature", "geometry": {"type": "Polygon", "coordinates": [[[-76.62144865114566, 39.27511018264979], [-76.62757816983424, 39.273933214305636], [-76.62924090709811, 39.2695145240259], [-76.62477503535959, 39.266273079223424], [-76.6186464370572, 39.26744978200749], [-76.61698279019814, 39.27186819511948], [-76.62144865114566, 39.27511018264979]]]}, "properties": {"light_n": 91.2, "light_pctl": 84, "crime_n": 18, "crime_pctl": 34, "nta": "CARROLL - CAMDEN INDUSTRIAL AREA", "boro": "Baltimore"}}, {"type": "Feature", "geometry": {"type": "Polygon", "coordinates": [[[-76.69630242562145, 39.31813296223971], [-76.70243569771863, 39.31695139501069], [-76.70409299449757, 39.31252905761722], [-76.69961793193895, 39.30928856341559], [-76.69348558052866, 39.3104698635287], [-76.69182737108106, 39.31489192492451], [-76.69630242562145, 39.31813296223971]]]}, "properties": {"light_n": 23.3, "light_pctl": 4, "crime_n": 32, "crime_pctl": 40, "nta": "WAKEFIELD", "boro": "Baltimore"}}, {"type": "Feature", "geometry": {"type": "Polygon", "coordinates": [[[-76.66922496709059, 39.405448323739265], [-76.67537016999016, 39.40426682813321], [-76.67703303040216, 39.39983969522094], [-76.67255160351743, 39.39659433475408], [-76.66640732519059, 39.397775563383206], [-76.6647435492673, 39.402202419421236], [-76.66922496709059, 39.405448323739265]]]}, "properties": {"light_n": 10.5, "light_pctl": 1, "crime_n": 0, "crime_pctl": 15, "nta": null, "boro": "Baltimore"}}, {"type": "Feature", "geometry": {"type": "Polygon", "coordinates": [[[-76.56300121936918, 39.38475756831449], [-76.56914628590755, 39.38358198764118], [-76.57081828869698, 39.37915763176157], [-76.56634613771894, 39.3759091352355], [-76.56020199688655, 39.377084450978884], [-76.55852908141819, 39.381508528143634], [-76.56300121936918, 39.38475756831449]]]}, "properties": {"light_n": 32.1, "light_pctl": 13, "crime_n": 0, "crime_pctl": 15, "nta": null, "boro": "Baltimore"}}, {"type": "Feature", "geometry": {"type": "Polygon", "coordinates": [[[-76.67660358143368, 39.26450654091101], [-76.68273041386888, 39.26332684173991], [-76.68438766948017, 39.25890798402103], [-76.67991900298578, 39.25566910155822], [-76.6737930895228, 39.2568485341976], [-76.67213492367271, 39.26126711579676], [-76.67660358143368, 39.26450654091101]]]}, "properties": {"light_n": 69.4, "light_pctl": 67, "crime_n": 9, "crime_pctl": 29, "nta": "VIOLETVILLE", "boro": "Baltimore"}}, {"type": "Feature", "geometry": {"type": "Polygon", "coordinates": [[[-76.52277410327146, 39.35551524338548], [-76.5289163428675, 39.354342228743384], [-76.53059104940442, 39.34992019858478], [-76.52612442721991, 39.34667146234854], [-76.51998311292039, 39.34784421292356], [-76.51830749560082, 39.35226596376743], [-76.52277410327146, 39.35551524338548]]]}, "properties": {"light_n": 23.0, "light_pctl": 4, "crime_n": 0, "crime_pctl": 15, "nta": null, "boro": "Baltimore"}}, {"type": "Feature", "geometry": {"type": "Polygon", "coordinates": [[[-76.71604582562084, 39.37179498304463], [-76.72218554939823, 39.37061154366301], [-76.723842882899, 39.366185730117415], [-76.71936140782088, 39.36294363179213], [-76.71322260644897, 39.36412680347233], [-76.71156435784084, 39.36855234114432], [-76.71604582562084, 39.37179498304463]]]}, "properties": {"light_n": 48.7, "light_pctl": 43, "crime_n": 0, "crime_pctl": 15, "nta": null, "boro": "Baltimore"}}, {"type": "Feature", "geometry": {"type": "Polygon", "coordinates": [[[-76.68438766948017, 39.25890798402103], [-76.69051359387602, 39.257727963507094], [-76.6921699330728, 39.253309327216805], [-76.68770125813668, 39.25007098735938], [-76.68157625235484, 39.2512507412216], [-76.67991900298578, 39.25566910155822], [-76.68438766948017, 39.25890798402103]]]}, "properties": {"light_n": 47.9, "light_pctl": 41, "crime_n": 0, "crime_pctl": 15, "nta": null, "boro": "Baltimore"}}, {"type": "Feature", "geometry": {"type": "Polygon", "coordinates": [[[-76.75079801618519, 39.27890352312326], [-76.75692491508929, 39.27771970620787], [-76.75857579119753, 39.27329892079134], [-76.75410068068793, 39.2700622270893], [-76.74797469995512, 39.27124577604941], [-76.74632291165109, 39.27566628663193], [-76.75079801618519, 39.27890352312326]]]}, "properties": {"light_n": 20.7, "light_pctl": 3, "crime_n": 0, "crime_pctl": 15, "nta": null, "boro": "Baltimore"}}, {"type": "Feature", "geometry": {"type": "Polygon", "coordinates": [[[-76.55009108110866, 39.26829341611311], [-76.55622141700205, 39.26712030031599], [-76.5578905259116, 39.26270305673457], [-76.55343020698999, 39.25945920734659], [-76.54730079251159, 39.260632058927044], [-76.54563077563112, 39.26504902407764], [-76.55009108110866, 39.26829341611311]]]}, "properties": {"light_n": 110.6, "light_pctl": 90, "crime_n": 1, "crime_pctl": 19, "nta": "Canton Industrial Area", "boro": "Baltimore"}}, {"type": "Feature", "geometry": {"type": "Polygon", "coordinates": [[[-76.57127515317208, 39.272434451156535], [-76.57740552081896, 39.27126015902659], [-76.57907281294106, 39.2668423591314], [-76.57461064604213, 39.26359912939716], [-76.56848119958761, 39.26477315690278], [-76.56681299893089, 39.269190678732436], [-76.57127515317208, 39.272434451156535]]]}, "properties": {"light_n": 57.4, "light_pctl": 55, "crime_n": 1, "crime_pctl": 19, "nta": "Canton Industrial Area", "boro": "Baltimore"}}, {"type": "Feature", "geometry": {"type": "Polygon", "coordinates": [[[-76.68201975501216, 39.38655972728004], [-76.68816220756078, 39.38537784989678], [-76.68982321836147, 39.38095165204442], [-76.68534269173283, 39.377707608098675], [-76.67920116278769, 39.37888921834674], [-76.67753923695912, 39.383315139640864], [-76.68201975501216, 39.38655972728004]]]}, "properties": {"light_n": 29.5, "light_pctl": 10, "crime_n": 0, "crime_pctl": 15, "nta": null, "boro": "Baltimore"}}, {"type": "Feature", "geometry": {"type": "Polygon", "coordinates": [[[-76.69348558052866, 39.3104698635287], [-76.69961793193895, 39.30928856341559], [-76.70127522310828, 39.30486672290348], [-76.69680107527924, 39.301626458484904], [-76.69066964431065, 39.30280749156568], [-76.68901144082032, 39.307229056062525], [-76.69348558052866, 39.3104698635287]]]}, "properties": {"light_n": 15.0, "light_pctl": 1, "crime_n": 0, "crime_pctl": 15, "nta": "Franklintown", "boro": "Baltimore"}}, {"type": "Feature", "geometry": {"type": "Polygon", "coordinates": [[[-76.58348109155769, 39.22502621236896], [-76.58960506269392, 39.22385201020718], [-76.59126956506879, 39.21943685934079], [-76.58681100335674, 39.2161961882351], [-76.58068795135803, 39.21737012574173], [-76.57902254202475, 39.22178499897466], [-76.58348109155769, 39.22502621236896]]]}, "properties": {"light_n": 51.1, "light_pctl": 48, "crime_n": 38, "crime_pctl": 42, "nta": "CURTIS BAY", "boro": "Baltimore"}}, {"type": "Feature", "geometry": {"type": "Polygon", "coordinates": [[[-76.68982321836147, 39.38095165204442], [-76.6959647580682, 39.37976945068559], [-76.69762484781253, 39.375343472671894], [-76.69314431290218, 39.372099972373604], [-76.68700369643787, 39.37328190647646], [-76.68534269173283, 39.377707608098675], [-76.68982321836147, 39.38095165204442]]]}, "properties": {"light_n": 37.5, "light_pctl": 23, "crime_n": 0, "crime_pctl": 15, "nta": null, "boro": "Baltimore"}}, {"type": "Feature", "geometry": {"type": "Polygon", "coordinates": [[[-76.6501536903936, 39.3803671059558], [-76.65629610833619, 39.37918700217176], [-76.65795986337396, 39.374761634547184], [-76.65348211474169, 39.37151664778293], [-76.64734062074535, 39.37269648504511], [-76.64567595152653, 39.377121575558576], [-76.6501536903936, 39.3803671059558]]]}, "properties": {"light_n": 27.3, "light_pctl": 8, "crime_n": 0, "crime_pctl": 15, "nta": "Mount Washington", "boro": "Baltimore"}}, {"type": "Feature", "geometry": {"type": "Polygon", "coordinates": [[[-76.6345358436789, 39.39157773158422], [-76.64068008541948, 39.390398277434], [-76.6423456839472, 39.38597247179797], [-76.63786795513973, 39.38272639772207], [-76.63172463806701, 39.38390558559269], [-76.63005812522557, 39.38833111378401], [-76.6345358436789, 39.39157773158422]]]}, "properties": {"light_n": 11.2, "light_pctl": 1, "crime_n": 0, "crime_pctl": 15, "nta": null, "boro": "Baltimore"}}, {"type": "Feature", "geometry": {"type": "Polygon", "coordinates": [[[-76.59205370389287, 39.38330128240779], [-76.59819789063397, 39.38212419341363], [-76.59986714471827, 39.37769949866079], [-76.59539312533443, 39.374452171048034], [-76.58924986371403, 39.37562899458118], [-76.58757969644859, 39.3800534111534], [-76.59205370389287, 39.38330128240779]]]}, "properties": {"light_n": 21.8, "light_pctl": 4, "crime_n": 0, "crime_pctl": 15, "nta": null, "boro": "Baltimore"}}, {"type": "Feature", "geometry": {"type": "Polygon", "coordinates": [[[-76.58143552456687, 39.381229909005064], [-76.58757969644859, 39.3800534111534], [-76.58924986371403, 39.37562899458118], [-76.58477677208727, 39.37238135419035], [-76.57863352543889, 39.373557586785694], [-76.57696244527577, 39.377981724993525], [-76.58143552456687, 39.381229909005064]]]}, "properties": {"light_n": 31.8, "light_pctl": 12, "crime_n": 0, "crime_pctl": 15, "nta": null, "boro": "Baltimore"}}, {"type": "Feature", "geometry": {"type": "Polygon", "coordinates": [[[-76.5812779207218, 39.24593135255866], [-76.58740463596043, 39.24475694349103], [-76.58907007362828, 39.240340577441664], [-76.58460970386234, 39.23709889819179], [-76.57848390860921, 39.23827304255917], [-76.57681756322756, 39.24268913084214], [-76.5812779207218, 39.24593135255866]]]}, "properties": {"light_n": 131.6, "light_pctl": 93, "crime_n": 0, "crime_pctl": 15, "nta": "Fairfield Area", "boro": "Baltimore"}}, {"type": "Feature", "geometry": {"type": "Polygon", "coordinates": [[[-76.67920116278769, 39.37888921834674], [-76.68534269173283, 39.377707608098675], [-76.68700369643787, 39.37328190647646], [-76.68252408696793, 39.370038091643295], [-76.67638348137984, 39.371219434839745], [-76.67472156199602, 39.3756448598861], [-76.67920116278769, 39.37888921834674]]]}, "properties": {"light_n": 36.6, "light_pctl": 21, "crime_n": 2, "crime_pctl": 21, "nta": "Cheswolde", "boro": "Baltimore"}}, {"type": "Feature", "geometry": {"type": "Polygon", "coordinates": [[[-76.64419166805281, 39.22975707876637], [-76.65031480220014, 39.228579619578824], [-76.65197384973155, 39.22416330437599], [-76.64751067150108, 39.220924724880476], [-76.64138845557382, 39.222101918275996], [-76.63972849974763, 39.226517956924425], [-76.64419166805281, 39.22975707876637]]]}, "properties": {"light_n": 24.3, "light_pctl": 6, "crime_n": 0, "crime_pctl": 15, "nta": null, "boro": "Baltimore"}}, {"type": "Feature", "geometry": {"type": "Polygon", "coordinates": [[[-76.6186464370572, 39.26744978200749], [-76.62477503535959, 39.266273079223424], [-76.62643776457156, 39.26185488621488], [-76.62197280482094, 39.25861367314042], [-76.61584512665917, 39.25979011044752], [-76.6141814881984, 39.26420802627141], [-76.6186464370572, 39.26744978200749]]]}, "properties": {"light_n": 69.4, "light_pctl": 66, "crime_n": 4, "crime_pctl": 25, "nta": "Baltimore Peninsula", "boro": "Baltimore"}}, {"type": "Feature", "geometry": {"type": "Polygon", "coordinates": [[[-76.60805290357408, 39.26538414097476], [-76.6141814881984, 39.26420802627141], [-76.61584512665917, 39.25979011044752], [-76.61138108955444, 39.25654858665995], [-76.60525342518311, 39.25772443608996], [-76.60358887775455, 39.26214207454625], [-76.60805290357408, 39.26538414097476]]]}, "properties": {"light_n": 72.5, "light_pctl": 70, "crime_n": 12, "crime_pctl": 30, "nta": "PORT COVINGTON", "boro": "Baltimore"}}, {"type": "Feature", "geometry": {"type": "Polygon", "coordinates": [[[-76.65859835800443, 39.403383323271655], [-76.6647435492673, 39.402202419421236], [-76.66640732519059, 39.397775563383206], [-76.66192682517122, 39.39452988821948], [-76.65578255859543, 39.395710525297616], [-76.65411786744355, 39.40013710427692], [-76.65859835800443, 39.403383323271655]]]}, "properties": {"light_n": 9.9, "light_pctl": 0, "crime_n": 0, "crime_pctl": 15, "nta": null, "boro": "Baltimore"}}, {"type": "Feature", "geometry": {"type": "Polygon", "coordinates": [[[-76.71684902418212, 39.293660139262364], [-76.72297864510915, 39.29247787375861], [-76.7246331833881, 39.28805669722046], [-76.72015901295008, 39.284818061667636], [-76.71403031138675, 39.286000059778814], [-76.71237486098843, 39.29042096080053], [-76.71684902418212, 39.293660139262364]]]}, "properties": {"light_n": 47.9, "light_pctl": 41, "crime_n": 0, "crime_pctl": 15, "nta": null, "boro": "Baltimore"}}, {"type": "Feature", "geometry": {"type": "Polygon", "coordinates": [[[-76.57361935256768, 39.38683071531861], [-76.57976443474013, 39.385654543415896], [-76.58143552456687, 39.381229909005064], [-76.57696244527577, 39.377981724993525], [-76.57081828869698, 39.37915763176157], [-76.56914628590755, 39.38358198764118], [-76.57361935256768, 39.38683071531861]]]}, "properties": {"light_n": 48.6, "light_pctl": 43, "crime_n": 0, "crime_pctl": 15, "nta": null, "boro": "Baltimore"}}, {"type": "Feature", "geometry": {"type": "Polygon", "coordinates": [[[-76.66077477376022, 39.38243221855849], [-76.66691720368226, 39.38125152363256], [-76.66858004425656, 39.376825879081046], [-76.66410136946378, 39.373581206347566], [-76.65795986337396, 39.374761634547184], [-76.65629610833619, 39.37918700217176], [-76.66077477376022, 39.38243221855849]]]}, "properties": {"light_n": 31.4, "light_pctl": 12, "crime_n": 0, "crime_pctl": 15, "nta": null, "boro": "Baltimore"}}, {"type": "Feature", "geometry": {"type": "Polygon", "coordinates": [[[-76.58068795135803, 39.21737012574173], [-76.58681100335674, 39.2161961882351], [-76.58847549645527, 39.21178153509918], [-76.5840178442593, 39.2085410970853], [-76.57789571115282, 39.20971477001961], [-76.57623031144097, 39.214129145505595], [-76.58068795135803, 39.21737012574173]]]}, "properties": {"light_n": 45.1, "light_pctl": 38, "crime_n": 1, "crime_pctl": 19, "nta": "Hawkins Point", "boro": "Baltimore"}}, {"type": "Feature", "geometry": {"type": "Polygon", "coordinates": [[[-76.61048536784797, 39.37976909872326], [-76.6166286580819, 39.378591093138375], [-76.61829607659605, 39.374166338783105], [-76.61382111836681, 39.37091986780798], [-76.60767875278025, 39.37209760760578], [-76.60601042086724, 39.376522084131075], [-76.61048536784797, 39.37976909872326]]]}, "properties": {"light_n": 40.5, "light_pctl": 30, "crime_n": 0, "crime_pctl": 15, "nta": "Cedarcroft", "boro": "Baltimore"}}, {"type": "Feature", "geometry": {"type": "Polygon", "coordinates": [[[-76.64108948874163, 39.328753382470374], [-76.64722545701535, 39.327574552876584], [-76.64888824813727, 39.323152383699664], [-76.64441598310157, 39.31990932113013], [-76.63828093693506, 39.32108788458138], [-76.63661723378827, 39.32550977670997], [-76.64108948874163, 39.328753382470374]]]}, "properties": {"light_n": 42.9, "light_pctl": 35, "crime_n": 2, "crime_pctl": 21, "nta": "Druid Hill Park", "boro": "Baltimore"}}, {"type": "Feature", "geometry": {"type": "Polygon", "coordinates": [[[-76.62391389656894, 39.38950997655755], [-76.63005812522557, 39.38833111378401], [-76.63172463806701, 39.38390558559269], [-76.62724783637424, 39.38065919776897], [-76.62110453249902, 39.38183779446752], [-76.61943710562684, 39.38626304503003], [-76.62391389656894, 39.38950997655755]]]}, "properties": {"light_n": 24.1, "light_pctl": 5, "crime_n": 0, "crime_pctl": 15, "nta": null, "boro": "Baltimore"}}, {"type": "Feature", "geometry": {"type": "Polygon", "coordinates": [[[-76.74088265739235, 39.305433165784706], [-76.74701321555942, 39.30424945462096], [-76.7486659329045, 39.29982723059372], [-76.74418900519967, 39.29658899282595], [-76.73805936641095, 39.297772436106314], [-76.73640573603936, 39.30219438500293], [-76.74088265739235, 39.305433165784706]]]}, "properties": {"light_n": 34.7, "light_pctl": 18, "crime_n": 0, "crime_pctl": 15, "nta": null, "boro": "Baltimore"}}, {"type": "Feature", "geometry": {"type": "Polygon", "coordinates": [[[-76.68483925848133, 39.39423096141096], [-76.69098263487994, 39.393048816808864], [-76.69264365168537, 39.38862212279895], [-76.68816220756078, 39.38537784989678], [-76.68201975501216, 39.38655972728004], [-76.68035782282958, 39.390986144749405], [-76.68483925848133, 39.39423096141096]]]}, "properties": {"light_n": 19.7, "light_pctl": 3, "crime_n": 0, "crime_pctl": 15, "nta": null, "boro": "Baltimore"}}, {"type": "Feature", "geometry": {"type": "Polygon", "coordinates": [[[-76.54115669819893, 39.216750444869284], [-76.5472806062319, 39.215578590140865], [-76.54894873475536, 39.21116455090217], [-76.54449386117157, 39.207922644719886], [-76.53837087272011, 39.20909423560685], [-76.536701838362, 39.21350799648314], [-76.54115669819893, 39.216750444869284]]]}, "properties": {"light_n": 18.9, "light_pctl": 2, "crime_n": 0, "crime_pctl": 15, "nta": "Hawkins Point", "boro": "Baltimore"}}, {"type": "Feature", "geometry": {"type": "Polygon", "coordinates": [[[-76.69779733683905, 39.26862446866386], [-76.70392419047147, 39.26744359327955], [-76.70557962476546, 39.26302418387156], [-76.70110911631623, 39.25978592556591], [-76.69498318142834, 39.26096653401167], [-76.69332683633579, 39.26538566766686], [-76.69779733683905, 39.26862446866386]]]}, "properties": {"light_n": 41.3, "light_pctl": 33, "crime_n": 0, "crime_pctl": 15, "nta": null, "boro": "Baltimore"}}, {"type": "Feature", "geometry": {"type": "Polygon", "coordinates": [[[-76.74301841454732, 39.28450802724239], [-76.74914622381043, 39.2833245309111], [-76.75079801618519, 39.27890352312326], [-76.74632291165109, 39.27566628663193], [-76.7401960209184, 39.27684951512754], [-76.73854331627993, 39.28127024791524], [-76.74301841454732, 39.28450802724239]]]}, "properties": {"light_n": 41.3, "light_pctl": 33, "crime_n": 0, "crime_pctl": 15, "nta": null, "boro": "Baltimore"}}, {"type": "Feature", "geometry": {"type": "Polygon", "coordinates": [[[-76.72395656044088, 39.25947968577156], [-76.73008160600209, 39.258297580652695], [-76.73173429711407, 39.25387833974885], [-76.72726285369906, 39.250641479166156], [-76.7211387260511, 39.251823316903604], [-76.71948512399537, 39.25624228257031], [-76.72395656044088, 39.25947968577156]]]}, "properties": {"light_n": 19.6, "light_pctl": 3, "crime_n": 0, "crime_pctl": 15, "nta": null, "boro": "Baltimore"}}, {"type": "Feature", "geometry": {"type": "Polygon", "coordinates": [[[-76.71966864631506, 39.3013209454585], [-76.7257991868504, 39.3001384124785], [-76.7274537299687, 39.29571673889664], [-76.72297864510915, 39.29247787375861], [-76.71684902418212, 39.293660139262364], [-76.71519356859706, 39.298081537345524], [-76.71966864631506, 39.3013209454585]]]}, "properties": {"light_n": 32.8, "light_pctl": 15, "crime_n": 0, "crime_pctl": 15, "nta": null, "boro": "Baltimore"}}, {"type": "Feature", "geometry": {"type": "Polygon", "coordinates": [[[-76.62643776457156, 39.26185488621488], [-76.63256545608338, 39.260677860972564], [-76.6342272679709, 39.25625988828791], [-76.62976229762091, 39.25301921782947], [-76.62363552589183, 39.25419597747431], [-76.62197280482094, 39.25861367314042], [-76.62643776457156, 39.26185488621488]]]}, "properties": {"light_n": 49.9, "light_pctl": 46, "crime_n": 15, "crime_pctl": 33, "nta": "CHERRY HILL", "boro": "Baltimore"}}, {"type": "Feature", "geometry": {"type": "Polygon", "coordinates": [[[-76.54176778793554, 39.38060856361703], [-76.54791282187513, 39.37943416522514], [-76.5495866497385, 39.37501036695885], [-76.54511635586523, 39.37176124613179], [-76.53897224785544, 39.372935380003355], [-76.53729750788112, 39.37735889918772], [-76.54176778793554, 39.38060856361703]]]}, "properties": {"light_n": 36.9, "light_pctl": 22, "crime_n": 0, "crime_pctl": 15, "nta": null, "boro": "Baltimore"}}, {"type": "Feature", "geometry": {"type": "Polygon", "coordinates": [[[-76.51942875312648, 39.319243493812465], [-76.52556638657425, 39.318071209263586], [-76.5272401262905, 39.31365138303886], [-76.52277714198016, 39.310404120541996], [-76.51664043247841, 39.31157614123295], [-76.51496578343271, 39.3159956882442], [-76.51942875312648, 39.319243493812465]]]}, "properties": {"light_n": 49.0, "light_pctl": 44, "crime_n": 0, "crime_pctl": 15, "nta": null, "boro": "Baltimore"}}, {"type": "Feature", "geometry": {"type": "Polygon", "coordinates": [[[-76.56068264694058, 39.27036438266654], [-76.56681299893089, 39.269190678732436], [-76.56848119958761, 39.26477315690278], [-76.56401995659812, 39.26152961722094], [-76.5578905259116, 39.26270305673457], [-76.55622141700205, 39.26712030031599], [-76.56068264694058, 39.27036438266654]]]}, "properties": {"light_n": 86.2, "light_pctl": 80, "crime_n": 0, "crime_pctl": 15, "nta": "Canton Industrial Area", "boro": "Baltimore"}}, {"type": "Feature", "geometry": {"type": "Polygon", "coordinates": [[[-76.71470134128936, 39.314587348900375], [-76.72083371252599, 39.31340487013083], [-76.72248917821199, 39.308982478140095], [-76.71801318563406, 39.30574284053135], [-76.71188173461007, 39.30692505186106], [-76.7102253560422, 39.31134716820447], [-76.71470134128936, 39.314587348900375]]]}, "properties": {"light_n": 33.6, "light_pctl": 16, "crime_n": 0, "crime_pctl": 15, "nta": null, "boro": "Baltimore"}}, {"type": "Feature", "geometry": {"type": "Polygon", "coordinates": [[[-76.63953354600731, 39.37830108825872], [-76.64567595152653, 39.377121575558576], [-76.64734062074535, 39.37269648504511], [-76.64286379843507, 39.36945118449227], [-76.63672231697592, 39.37063043087504], [-76.63505673385853, 39.37505524409325], [-76.63953354600731, 39.37830108825872]]]}, "properties": {"light_n": 18.6, "light_pctl": 2, "crime_n": 0, "crime_pctl": 15, "nta": "North Roland Park/Poplar Hill", "boro": "Baltimore"}}, {"type": "Feature", "geometry": {"type": "Polygon", "coordinates": [[[-76.50658787278307, 39.33809699362743], [-76.51272824407094, 39.33692509700537], [-76.51440383796275, 39.332504339237936], [-76.50993997046223, 39.32925575758842], [-76.50380052408553, 39.33042739051345], [-76.50212402039007, 39.33484786875056], [-76.50658787278307, 39.33809699362743]]]}, "properties": {"light_n": 26.0, "light_pctl": 7, "crime_n": 0, "crime_pctl": 15, "nta": null, "boro": "Baltimore"}}, {"type": "Feature", "geometry": {"type": "Polygon", "coordinates": [[[-76.5523840309575, 39.38268351764663], [-76.55852908141819, 39.381508528143634], [-76.56020199688655, 39.377084450978884], [-76.55573077438119, 39.373835642180985], [-76.5495866497385, 39.37501036695885], [-76.54791282187513, 39.37943416522514], [-76.5523840309575, 39.38268351764663]]]}, "properties": {"light_n": 27.4, "light_pctl": 9, "crime_n": 0, "crime_pctl": 15, "nta": null, "boro": "Baltimore"}}, {"type": "Feature", "geometry": {"type": "Polygon", "coordinates": [[[-76.53837087272011, 39.20909423560685], [-76.54449386117157, 39.207922644719886], [-76.54616197903883, 39.20350910327708], [-76.54170801403555, 39.20026743106534], [-76.53558594491986, 39.20143875819341], [-76.53391692156272, 39.20585202125769], [-76.53837087272011, 39.20909423560685]]]}, "properties": {"light_n": 17.3, "light_pctl": 2, "crime_n": 6, "crime_pctl": 28, "nta": "HAWKINS POINT", "boro": "Baltimore"}}, {"type": "Feature", "geometry": {"type": "Polygon", "coordinates": [[[-76.57642132253429, 39.39450452601915], [-76.58256733054841, 39.39332808889864], [-76.58423842994962, 39.38890295835719], [-76.57976443474013, 39.385654543415896], [-76.57361935256768, 39.38683071531861], [-76.57194733985496, 39.391255567345745], [-76.57642132253429, 39.39450452601915]]]}, "properties": {"light_n": 62.0, "light_pctl": 61, "crime_n": 0, "crime_pctl": 15, "nta": null, "boro": "Baltimore"}}, {"type": "Feature", "geometry": {"type": "Polygon", "coordinates": [[[-76.56789868157902, 39.236204610832615], [-76.57402446149833, 39.23503105375994], [-76.57569079717794, 39.23061546302817], [-76.57123226011646, 39.22737370729992], [-76.56510740004835, 39.2285469999587], [-76.56344015728159, 39.23296231272514], [-76.56789868157902, 39.236204610832615]]]}, "properties": {"light_n": 72.6, "light_pctl": 70, "crime_n": 0, "crime_pctl": 15, "nta": "Fairfield Area", "boro": "Baltimore"}}, {"type": "Feature", "geometry": {"type": "Polygon", "coordinates": [[[-76.59766410519603, 39.398648038515375], [-76.60381014292177, 39.397470418349656], [-76.6054794148488, 39.39304473133112], [-76.60100356302088, 39.38979694259019], [-76.59485845091135, 39.39097429712853], [-76.59318826510541, 39.39539970600048], [-76.59766410519603, 39.398648038515375]]]}, "properties": {"light_n": 50.6, "light_pctl": 47, "crime_n": 0, "crime_pctl": 15, "nta": null, "boro": "Baltimore"}}, {"type": "Feature", "geometry": {"type": "Polygon", "coordinates": [[[-76.53671199998577, 39.25856016378064], [-76.54284139781606, 39.25738790007436], [-76.54451140396408, 39.25297143225678], [-76.54005291971622, 39.249727506740605], [-76.53392444316538, 39.25089950651678], [-76.53225352967428, 39.25531569570477], [-76.53671199998577, 39.25856016378064]]]}, "properties": {"light_n": 143.3, "light_pctl": 95, "crime_n": 0, "crime_pctl": 15, "nta": "Canton Industrial Area", "boro": "Baltimore"}}, {"type": "Feature", "geometry": {"type": "Polygon", "coordinates": [[[-76.5300302834042, 39.3213187045927], [-76.5361679342645, 39.320145830569594], [-76.537840764368, 39.31572572531417], [-76.53337685331566, 39.312478773078034], [-76.5272401262905, 39.31365138303886], [-76.52556638657425, 39.318071209263586], [-76.5300302834042, 39.3213187045927]]]}, "properties": {"light_n": 55.0, "light_pctl": 52, "crime_n": 1, "crime_pctl": 19, "nta": "PULASKI INDUSTRIAL AREA", "boro": "Baltimore"}}, {"type": "Feature", "geometry": {"type": "Polygon", "coordinates": [[[-76.57848390860921, 39.23827304255917], [-76.58460970386234, 39.23709889819179], [-76.58627513217372, 39.23268302967707], [-76.5818156726912, 39.22944158327816], [-76.57569079717794, 39.23061546302817], [-76.57402446149833, 39.23503105375994], [-76.57848390860921, 39.23827304255917]]]}, "properties": {"light_n": 108.2, "light_pctl": 90, "crime_n": 4, "crime_pctl": 25, "nta": "FAIRFIELD AREA", "boro": "Baltimore"}}, {"type": "Feature", "geometry": {"type": "Polygon", "coordinates": [[[-76.59126956506879, 39.21943685934079], [-76.5973926318571, 39.218262335032776], [-76.59905621806178, 39.21384740442926], [-76.59459764446284, 39.210607275566794], [-76.58847549645527, 39.21178153509918], [-76.58681100335674, 39.2161961882351], [-76.59126956506879, 39.21943685934079]]]}, "properties": {"light_n": 34.8, "light_pctl": 18, "crime_n": 2, "crime_pctl": 21, "nta": "CURTIS BAY", "boro": "Baltimore"}}, {"type": "Feature", "geometry": {"type": "Polygon", "coordinates": [[[-76.5578905259116, 39.26270305673457], [-76.56401995659812, 39.26152961722094], [-76.56568814721429, 39.257112592691534], [-76.56122781514202, 39.253869285905914], [-76.555099305513, 39.25504246108182], [-76.55343020698999, 39.25945920734659], [-76.5578905259116, 39.26270305673457]]]}, "properties": {"light_n": 40.0, "light_pctl": 29, "crime_n": 1, "crime_pctl": 19, "nta": "CANTON INDUSTRIAL AREA", "boro": "Baltimore"}}, {"type": "Feature", "geometry": {"type": "Polygon", "coordinates": [[[-76.57348394536744, 39.251522024470724], [-76.57961156572642, 39.25034793832191], [-76.5812779207218, 39.24593135255866], [-76.57681756322756, 39.24268913084214], [-76.57069086321134, 39.24386295241146], [-76.56902360043769, 39.24827926024228], [-76.57348394536744, 39.251522024470724]]]}, "properties": {"light_n": 79.4, "light_pctl": 76, "crime_n": 2, "crime_pctl": 21, "nta": "FAIRFIELD AREA", "boro": "Baltimore"}}, {"type": "Feature", "geometry": {"type": "Polygon", "coordinates": [[[-76.5395004562749, 39.266221551796725], [-76.54563077563112, 39.26504902407764], [-76.54730079251159, 39.260632058927044], [-76.54284139781606, 39.25738790007436], [-76.53671199998577, 39.25856016378064], [-76.53504107541643, 39.26297685031793], [-76.5395004562749, 39.266221551796725]]]}, "properties": {"light_n": 103.2, "light_pctl": 88, "crime_n": 2, "crime_pctl": 21, "nta": "CANTON INDUSTRIAL AREA", "boro": "Baltimore"}}, {"type": "Feature", "geometry": {"type": "Polygon", "coordinates": [[[-76.54616197903883, 39.20350910327708], [-76.55228406480994, 39.20233718978561], [-76.55395126650711, 39.197923867996444], [-76.5494972879504, 39.19468273787703], [-76.54337612115901, 39.195854387488886], [-76.54170801403555, 39.20026743106534], [-76.54616197903883, 39.20350910327708]]]}, "properties": {"light_n": 26.0, "light_pctl": 7, "crime_n": 1, "crime_pctl": 19, "nta": "HAWKINS POINT", "boro": "Baltimore"}}, {"type": "Feature", "geometry": {"type": "Polygon", "coordinates": [[[-76.53057794720202, 39.214679264500305], [-76.536701838362, 39.21350799648314], [-76.53837087272011, 39.20909423560685], [-76.53391692156272, 39.20585202125769], [-76.52779395009465, 39.207023025636815], [-76.52612401018315, 39.21143650796872], [-76.53057794720202, 39.214679264500305]]]}, "properties": {"light_n": 10.1, "light_pctl": 1, "crime_n": 1, "crime_pctl": 19, "nta": "HAWKINS POINT", "boro": "Baltimore"}}, {"type": "Feature", "geometry": {"type": "Polygon", "coordinates": [[[-76.54894873475536, 39.21116455090217], [-76.55507173975171, 39.20999237344843], [-76.55673895184803, 39.205578553809104], [-76.55228406480994, 39.20233718978561], [-76.54616197903883, 39.20350910327708], [-76.54449386117157, 39.207922644719886], [-76.54894873475536, 39.21116455090217]]]}, "properties": {"light_n": 27.4, "light_pctl": 9, "crime_n": 1, "crime_pctl": 19, "nta": "HAWKINS POINT", "boro": "Baltimore"}}, {"type": "Feature", "geometry": {"type": "Polygon", "coordinates": [[[-76.57010727467087, 39.21530249626928], [-76.57623031144097, 39.214129145505595], [-76.57789571115282, 39.20971477001961], [-76.57343898051813, 39.206474023095076], [-76.56731686275148, 39.20764710948979], [-76.56565055670701, 39.21206120714354], [-76.57010727467087, 39.21530249626928]]]}, "properties": {"light_n": 65.3, "light_pctl": 63, "crime_n": 1, "crime_pctl": 19, "nta": "HAWKINS POINT", "boro": "Baltimore"}}]}