{"type": "FeatureCollection", "meta": {"h3_res": 8, "percentile_method": "Each layer is split into terciles (low / mid / high) over the distribution of hexes that have at least one event", "generated": "2026-05-24", "class_counts": {"0-1": 233, "2-2": 240, "1-2": 113, "2-1": 88, "0-0": 390, "0-2": 85, "1-1": 148, "2-0": 22, "1-0": 89}, "crime": {"first_date": "2023-01-01", "last_date": "2023-12-31", "total_points": 28279, "night_total_points": 10853, "cuts": {"mid": 5, "high": 18}, "night_cuts": {"mid": 3, "high": 9}}, "outages": {"first_date": "2023-01-01", "last_date": "2023-12-31", "total_points": 32258, "cuts": {"mid": 7, "high": 22}}}, "features": [{"type": "Feature", "geometry": {"type": "Polygon", "coordinates": [[[-118.64132524810051, 34.19366769638039], [-118.63678148311055, 34.19714697561177], [-118.6380446615299, 34.20206319945962], [-118.64385197524562, 34.203499977800725], [-118.64839562173849, 34.20002055455285], [-118.64713207305356, 34.195104496992386], [-118.64132524810051, 34.19366769638039]]]}, "properties": {"light_n": 17, "light_t": 1, "light_top": 41, "crime_n": 0, "crime_t": 0, "crime_top": null, "bv": "0-1", "crime_night_n": 0, "crime_night_t": 0, "crime_night_top": null, "bv_night": "0-1", "nta": "West Hills", "boro": "Los Angeles"}}, {"type": "Feature", "geometry": {"type": "Polygon", "coordinates": [[[-118.33765544986873, 34.09040452953929], [-118.33309978293227, 34.09387606848917], [-118.3343502164692, 34.098802201216486], [-118.34015669058925, 34.10025663158203], [-118.34471224604742, 34.096784947515445], [-118.34346143890427, 34.09185897821228], [-118.33765544986873, 34.09040452953929]]]}, "properties": {"light_n": 103, "light_t": 2, "light_top": 4, "crime_n": 118, "crime_t": 2, "crime_top": 2, "bv": "2-2", "crime_night_n": 57, "crime_night_t": 2, "crime_night_top": 2, "bv_night": "2-2", "nta": "Hollywood", "boro": "Los Angeles"}}, {"type": "Feature", "geometry": {"type": "Polygon", "coordinates": [[[-118.21157138802961, 34.0218042969173], [-118.207011894702, 34.02527282780968], [-118.2082567338451, 34.0302038198082], [-118.21406144115915, 34.03166611861396], [-118.21862082597605, 34.02819744204476], [-118.21737561202978, 34.023266612358974], [-118.21157138802961, 34.0218042969173]]]}, "properties": {"light_n": 47, "light_t": 2, "light_top": 16, "crime_n": 15, "crime_t": 1, "crime_top": 38, "bv": "1-2", "crime_night_n": 7, "crime_night_t": 1, "crime_night_top": 42, "bv_night": "1-2", "nta": "Boyle Heights", "boro": "Los Angeles"}}, {"type": "Feature", "geometry": {"type": "Polygon", "coordinates": [[[-118.25546988793046, 33.9589816550351], [-118.25091525957644, 33.96245200338882], [-118.2521610798327, 33.967383975500425], [-118.25796190228998, 33.96884543625294], [-118.26251642127013, 33.96537494201642], [-118.26127022720702, 33.96044313292246], [-118.25546988793046, 33.9589816550351]]]}, "properties": {"light_n": 24, "light_t": 2, "light_top": 31, "crime_n": 44, "crime_t": 2, "crime_top": 14, "bv": "2-2", "crime_night_n": 17, "crime_night_t": 2, "crime_night_top": 18, "bv_night": "2-2", "nta": "77th Street", "boro": "Los Angeles"}}, {"type": "Feature", "geometry": {"type": "Polygon", "coordinates": [[[-118.26165547114246, 33.91897389772218], [-118.25710279700178, 33.922444772349664], [-118.25834840817588, 33.92737783387806], [-118.26414706698924, 33.92883985756046], [-118.26869963169565, 33.92536883687667], [-118.26745364706316, 33.92043593857904], [-118.26165547114246, 33.91897389772218]]]}, "properties": {"light_n": 32, "light_t": 2, "light_top": 24, "crime_n": 34, "crime_t": 2, "crime_top": 19, "bv": "2-2", "crime_night_n": 14, "crime_night_t": 2, "crime_night_top": 22, "bv_night": "2-2", "nta": "Southeast", "boro": "Los Angeles"}}, {"type": "Feature", "geometry": {"type": "Polygon", "coordinates": [[[-118.41855626502384, 34.32260362826667], [-118.41399536701118, 34.32607536037268], [-118.41525150906675, 34.330992440512894], [-118.42106892327116, 34.332437625124875], [-118.42562970751676, 34.328965749122965], [-118.42437319136576, 34.32404883241723], [-118.41855626502384, 34.32260362826667]]]}, "properties": {"light_n": 14, "light_t": 1, "light_top": 48, "crime_n": 1, "crime_t": 0, "crime_top": 100, "bv": "0-1", "crime_night_n": 0, "crime_night_t": 0, "crime_night_top": null, "bv_night": "0-1", "nta": "Sylmar", "boro": "Los Angeles"}}, {"type": "Feature", "geometry": {"type": "Polygon", "coordinates": [[[-118.46523836103431, 34.22827402649665], [-118.46068380462987, 34.23174797330678], [-118.46194066533107, 34.23666700601872], [-118.46775245531946, 34.23811192764964], [-118.47230689710094, 34.23463783661101], [-118.47104966355771, 34.229718968182134], [-118.46523836103431, 34.22827402649665]]]}, "properties": {"light_n": 15, "light_t": 1, "light_top": 46, "crime_n": 68, "crime_t": 2, "crime_top": 8, "bv": "2-1", "crime_night_n": 26, "crime_night_t": 2, "crime_night_top": 10, "bv_night": "2-1", "nta": "Mission", "boro": "Los Angeles"}}, {"type": "Feature", "geometry": {"type": "Polygon", "coordinates": [[[-118.48782904397048, 34.14635439974088], [-118.48327903598161, 34.149829733535924], [-118.48453583411873, 34.154750834425876], [-118.49034301227948, 34.15619643670401], [-118.49489290530748, 34.152720958352404], [-118.49363573517627, 34.14780002229136], [-118.48782904397048, 34.14635439974088]]]}, "properties": {"light_n": 2, "light_t": 0, "light_top": 92, "crime_n": 1, "crime_t": 0, "crime_top": 100, "bv": "0-0", "crime_night_n": 0, "crime_night_t": 0, "crime_night_top": null, "bv_night": "0-0", "nta": "Encino", "boro": "Los Angeles"}}, {"type": "Feature", "geometry": {"type": "Polygon", "coordinates": [[[-118.25013617076401, 34.04536271158756], [-118.24557773860613, 34.04883214102074], [-118.24682431829173, 34.053761571136256], [-118.25262970463103, 34.05522140918642], [-118.25718802736559, 34.05175183425868], [-118.25594107322449, 34.04682256678763], [-118.25013617076401, 34.04536271158756]]]}, "properties": {"light_n": 375, "light_t": 2, "light_top": 0, "crime_n": 427, "crime_t": 2, "crime_top": 0, "bv": "2-2", "crime_night_n": 183, "crime_night_t": 2, "crime_night_top": 0, "bv_night": "2-2", "nta": "Central", "boro": "Los Angeles"}}, {"type": "Feature", "geometry": {"type": "Polygon", "coordinates": [[[-118.2820915891103, 34.08569769284935], [-118.27753318858271, 34.08916767857888], [-118.27878144298032, 34.09409516674866], [-118.28458847225208, 34.095552506358935], [-118.28914676255887, 34.09208237538205], [-118.28789813385502, 34.08715505005455], [-118.2820915891103, 34.08569769284935]]]}, "properties": {"light_n": 15, "light_t": 1, "light_top": 46, "crime_n": 22, "crime_t": 2, "crime_top": 28, "bv": "2-1", "crime_night_n": 14, "crime_night_t": 2, "crime_night_top": 22, "bv_night": "2-1", "nta": "Rampart", "boro": "Los Angeles"}}, {"type": "Feature", "geometry": {"type": "Polygon", "coordinates": [[[-118.33631650050789, 34.020860937681555], [-118.33176360131623, 34.02433305715329], [-118.33301320470844, 34.029261369812104], [-118.33881608049113, 34.0307173993461], [-118.34336886837343, 34.02724513443487], [-118.34211889182275, 34.022316985441364], [-118.33631650050789, 34.020860937681555]]]}, "properties": {"light_n": 55, "light_t": 2, "light_top": 13, "crime_n": 37, "crime_t": 2, "crime_top": 17, "bv": "2-2", "crime_night_n": 9, "crime_night_t": 2, "crime_night_top": 34, "bv_night": "2-2", "nta": "Southwest", "boro": "Los Angeles"}}, {"type": "Feature", "geometry": {"type": "Polygon", "coordinates": [[[-118.27503698856468, 34.079312162621854], [-118.27047847798742, 34.082782003061006], [-118.2717263907982, 34.08770984242812], [-118.27753318858271, 34.08916767857888], [-118.2820915891103, 34.08569769284935], [-118.28084330194336, 34.080770016271735], [-118.27503698856468, 34.079312162621854]]]}, "properties": {"light_n": 46, "light_t": 2, "light_top": 17, "crime_n": 20, "crime_t": 2, "crime_top": 31, "bv": "2-2", "crime_night_n": 14, "crime_night_t": 2, "crime_night_top": 22, "bv_night": "2-2", "nta": "Silver Lake", "boro": "Los Angeles"}}, {"type": "Feature", "geometry": {"type": "Polygon", "coordinates": [[[-118.31141729115194, 33.98691408431013], [-118.3068644647852, 33.99038579001511], [-118.30811273675408, 33.99531568975601], [-118.31391420838908, 33.996773720283144], [-118.31846692407221, 33.99330186893299], [-118.31721827884422, 33.988372132713096], [-118.31141729115194, 33.98691408431013]]]}, "properties": {"light_n": 36, "light_t": 2, "light_top": 21, "crime_n": 114, "crime_t": 2, "crime_top": 3, "bv": "2-2", "crime_night_n": 44, "crime_night_t": 2, "crime_night_top": 4, "bv_night": "2-2", "nta": "77th Street", "boro": "Los Angeles"}}, {"type": "Feature", "geometry": {"type": "Polygon", "coordinates": [[[-118.40494840011812, 34.1625660584203], [-118.40039333779357, 34.16603887601654], [-118.40164715454563, 34.17096129127539], [-118.40745640686372, 34.1724107250689], [-118.41201135605358, 34.16893776282118], [-118.41075716610058, 34.16401551144365], [-118.40494840011812, 34.1625660584203]]]}, "properties": {"light_n": 85, "light_t": 2, "light_top": 6, "crime_n": 7, "crime_t": 1, "crime_top": 60, "bv": "1-2", "crime_night_n": 4, "crime_night_t": 1, "crime_night_top": 60, "bv_night": "1-2", "nta": "Valley Village", "boro": "Los Angeles"}}, {"type": "Feature", "geometry": {"type": "Polygon", "coordinates": [[[-118.34667116306397, 34.01884455194395], [-118.34211889182275, 34.022316985441364], [-118.34336886837343, 34.02724513443487], [-118.34917148921431, 34.02870068615877], [-118.35372364891799, 34.025228107232984], [-118.35247329935872, 34.02030012202387], [-118.34667116306397, 34.01884455194395]]]}, "properties": {"light_n": 33, "light_t": 2, "light_top": 23, "crime_n": 62, "crime_t": 2, "crime_top": 10, "bv": "2-2", "crime_night_n": 19, "crime_night_t": 2, "crime_night_top": 16, "bv_night": "2-2", "nta": "Southwest", "boro": "Los Angeles"}}, {"type": "Feature", "geometry": {"type": "Polygon", "coordinates": [[[-118.40164715454563, 34.17096129127539], [-118.39709157426303, 34.17443393807169], [-118.39834535933554, 34.179356163269006], [-118.40415509803208, 34.18080557786736], [-118.40871056523709, 34.177332786451316], [-118.40745640686372, 34.1724107250689], [-118.40164715454563, 34.17096129127539]]]}, "properties": {"light_n": 76, "light_t": 2, "light_top": 7, "crime_n": 23, "crime_t": 2, "crime_top": 27, "bv": "2-2", "crime_night_n": 8, "crime_night_t": 1, "crime_night_top": 37, "bv_night": "1-2", "nta": "Greater Valley Glen", "boro": "Los Angeles"}}, {"type": "Feature", "geometry": {"type": "Polygon", "coordinates": [[[-118.35372364891799, 34.025228107232984], [-118.34917148921431, 34.02870068615877], [-118.35042180672106, 34.0336284844599], [-118.35622465693021, 34.03508354001049], [-118.3607767049255, 34.031610815699736], [-118.3595260144604, 34.02668318123557], [-118.35372364891799, 34.025228107232984]]]}, "properties": {"light_n": 73, "light_t": 2, "light_top": 8, "crime_n": 37, "crime_t": 2, "crime_top": 17, "bv": "2-2", "crime_night_n": 20, "crime_night_t": 2, "crime_night_top": 14, "bv_night": "2-2", "nta": "West Adams", "boro": "Los Angeles"}}, {"type": "Feature", "geometry": {"type": "Polygon", "coordinates": [[[-118.44073710296183, 34.21757107883608], [-118.43618168533999, 34.22104442148129], [-118.43743748938297, 34.22596432894877], [-118.44324908418392, 34.22741072972232], [-118.44780438775508, 34.22393724274958], [-118.44654821061664, 34.21901749934303], [-118.44073710296183, 34.21757107883608]]]}, "properties": {"light_n": 32, "light_t": 2, "light_top": 24, "crime_n": 8, "crime_t": 1, "crime_top": 57, "bv": "1-2", "crime_night_n": 0, "crime_night_t": 0, "crime_night_top": null, "bv_night": "0-2", "nta": "Panorama City", "boro": "Los Angeles"}}, {"type": "Feature", "geometry": {"type": "Polygon", "coordinates": [[[-118.28896353032606, 33.898145285330465], [-118.28441313785159, 33.90161712081875], [-118.2856595610907, 33.90655022473948], [-118.29145674980577, 33.90801132958121], [-118.29600703227506, 33.90453934799247], [-118.2947602360746, 33.899606407674675], [-118.28896353032606, 33.898145285330465]]]}, "properties": {"light_n": 23, "light_t": 2, "light_top": 32, "crime_n": 13, "crime_t": 1, "crime_top": 42, "bv": "1-2", "crime_night_n": 8, "crime_night_t": 1, "crime_night_top": 37, "bv_night": "1-2", "nta": "Harbor Gateway North", "boro": "Los Angeles"}}, {"type": "Feature", "geometry": {"type": "Polygon", "coordinates": [[[-118.2754707467694, 34.10249228107053], [-118.2709113116131, 34.10596192462085], [-118.27215950036256, 34.110889035391835], [-118.27796749881479, 34.11234633991552], [-118.28252682386591, 34.10887655118198], [-118.28127826061036, 34.10394960312029], [-118.2754707467694, 34.10249228107053]]]}, "properties": {"light_n": 42, "light_t": 2, "light_top": 19, "crime_n": 8, "crime_t": 1, "crime_top": 57, "bv": "1-2", "crime_night_n": 2, "crime_night_t": 0, "crime_night_top": 82, "bv_night": "0-2", "nta": "Los Feliz", "boro": "Los Angeles"}}, {"type": "Feature", "geometry": {"type": "Polygon", "coordinates": [[[-118.29775766884774, 33.997328718907646], [-118.29320369929633, 34.000799941910735], [-118.29445156528796, 34.00572981865404], [-118.30025377437957, 34.00718830907131], [-118.3048076335331, 34.00371694044455], [-118.30355939403317, 33.99878722703643], [-118.29775766884774, 33.997328718907646]]]}, "properties": {"light_n": 56, "light_t": 2, "light_top": 13, "crime_n": 35, "crime_t": 2, "crime_top": 18, "bv": "2-2", "crime_night_n": 7, "crime_night_t": 1, "crime_night_top": 42, "bv_night": "1-2", "nta": "Empowerment Congress Central", "boro": "Los Angeles"}}, {"type": "Feature", "geometry": {"type": "Polygon", "coordinates": [[[-118.2780770680868, 34.24150737160133], [-118.27351207758453, 34.24497581103157], [-118.27476192451849, 34.249898519423624], [-118.28057713740264, 34.25135262616985], [-118.28514201746587, 34.24788404219534], [-118.28389179512446, 34.242961496031185], [-118.2780770680868, 34.24150737160133]]]}, "properties": {"light_n": 14, "light_t": 1, "light_top": 48, "crime_n": 6, "crime_t": 1, "crime_top": 65, "bv": "1-1", "crime_night_n": 2, "crime_night_t": 0, "crime_night_top": 82, "bv_night": "0-1", "nta": "Sunland-Tujunga", "boro": "Los Angeles"}}, {"type": "Feature", "geometry": {"type": "Polygon", "coordinates": [[[-118.32926470326886, 34.01447589451836], [-118.32471169293866, 34.01794786850726], [-118.32596095533789, 34.02287653162494], [-118.33176360131623, 34.02433305715329], [-118.33631650050789, 34.020860937681555], [-118.33506686490007, 34.01593243817654], [-118.32926470326886, 34.01447589451836]]]}, "properties": {"light_n": 37, "light_t": 2, "light_top": 20, "crime_n": 37, "crime_t": 2, "crime_top": 17, "bv": "2-2", "crime_night_n": 7, "crime_night_t": 1, "crime_night_top": 42, "bv_night": "1-2", "nta": "Southwest", "boro": "Los Angeles"}}, {"type": "Feature", "geometry": {"type": "Polygon", "coordinates": [[[-118.47088310638154, 34.165175844674735], [-118.46633143019801, 34.16865052560103], [-118.46758779419329, 34.17357141181478], [-118.47339620675746, 34.175017452536615], [-118.47794776832129, 34.17154262710512], [-118.47669103198128, 34.16662190546914], [-118.47088310638154, 34.165175844674735]]]}, "properties": {"light_n": 7, "light_t": 1, "light_top": 69, "crime_n": 3, "crime_t": 0, "crime_top": 80, "bv": "0-1", "crime_night_n": 0, "crime_night_t": 0, "crime_night_top": null, "bv_night": "0-1", "nta": "Encino", "boro": "Los Angeles"}}, {"type": "Feature", "geometry": {"type": "Polygon", "coordinates": [[[-118.23603417801797, 34.03258192893528], [-118.23147552752624, 34.03605106725047], [-118.23272142431475, 34.04098119751372], [-118.23852634618999, 34.0424420269356], [-118.24308488760028, 34.03897274303994], [-118.24183861625698, 34.03404277531517], [-118.23603417801797, 34.03258192893528]]]}, "properties": {"light_n": 18, "light_t": 1, "light_top": 39, "crime_n": 55, "crime_t": 2, "crime_top": 11, "bv": "2-1", "crime_night_n": 18, "crime_night_t": 2, "crime_night_top": 17, "bv_night": "2-1", "nta": "Central", "boro": "Los Angeles"}}, {"type": "Feature", "geometry": {"type": "Polygon", "coordinates": [[[-118.28122165931755, 34.039330658954604], [-118.27666510671465, 34.04280103541551], [-118.27791280931812, 34.04772997723936], [-118.28371743857156, 34.04918837961192], [-118.28827388106475, 34.04571785768885], [-118.2870258044545, 34.04078907886766], [-118.28122165931755, 34.039330658954604]]]}, "properties": {"light_n": 160, "light_t": 2, "light_top": 1, "crime_n": 97, "crime_t": 2, "crime_top": 4, "bv": "2-2", "crime_night_n": 41, "crime_night_t": 2, "crime_night_top": 4, "bv_night": "2-2", "nta": "Pico Union", "boro": "Los Angeles"}}, {"type": "Feature", "geometry": {"type": "Polygon", "coordinates": [[[-118.28035244840635, 33.992951248585086], [-118.2757977422332, 33.99642201142554], [-118.27704489352755, 34.00135240101348], [-118.28284712474299, 34.00281186461022], [-118.28740172091737, 33.99934095609205], [-118.28615419591536, 33.99441072966709], [-118.28035244840635, 33.992951248585086]]]}, "properties": {"light_n": 138, "light_t": 2, "light_top": 2, "crime_n": 83, "crime_t": 2, "crime_top": 6, "bv": "2-2", "crime_night_n": 16, "crime_night_t": 2, "crime_night_top": 19, "bv_night": "2-2", "nta": "Zapata-King", "boro": "Los Angeles"}}, {"type": "Feature", "geometry": {"type": "Polygon", "coordinates": [[[-118.22651787056404, 34.08096447775487], [-118.22195674412478, 34.084432906595005], [-118.22320281624161, 34.08936174673125], [-118.22901038984253, 34.090821995780715], [-118.23357140731974, 34.08735342156413], [-118.23232496019834, 34.08242474368684], [-118.22651787056404, 34.08096447775487]]]}, "properties": {"light_n": 35, "light_t": 2, "light_top": 22, "crime_n": 21, "crime_t": 2, "crime_top": 29, "bv": "2-2", "crime_night_n": 7, "crime_night_t": 1, "crime_night_top": 42, "bv_night": "1-2", "nta": "Northeast", "boro": "Los Angeles"}}, {"type": "Feature", "geometry": {"type": "Polygon", "coordinates": [[[-118.31229923027226, 34.03329146390661], [-118.30774455909621, 34.036762785527294], [-118.30899338327102, 34.04169123798527], [-118.31479725221985, 34.043148205474324], [-118.31935181260053, 34.03967673842429], [-118.31810261486805, 34.03474844932678], [-118.31229923027226, 34.03329146390661]]]}, "properties": {"light_n": 69, "light_t": 2, "light_top": 9, "crime_n": 46, "crime_t": 2, "crime_top": 14, "bv": "2-2", "crime_night_n": 15, "crime_night_t": 2, "crime_night_top": 20, "bv_night": "2-2", "nta": "United Neighborhoods", "boro": "Los Angeles"}}, {"type": "Feature", "geometry": {"type": "Polygon", "coordinates": [[[-118.23764333173327, 33.93139345528843], [-118.2330888921366, 33.93486353406374], [-118.23433372284585, 33.93979673664868], [-118.24013336704776, 33.94125969754564], [-118.24468769772429, 33.9377894727256], [-118.24344249315912, 33.9328564330656], [-118.23764333173327, 33.93139345528843]]]}, "properties": {"light_n": 94, "light_t": 2, "light_top": 5, "crime_n": 62, "crime_t": 2, "crime_top": 10, "bv": "2-2", "crime_night_n": 20, "crime_night_t": 2, "crime_night_top": 14, "bv_night": "2-2", "nta": "Watts", "boro": "Los Angeles"}}, {"type": "Feature", "geometry": {"type": "Polygon", "coordinates": [[[-118.47040890196327, 34.142015577815066], [-118.46585814690108, 34.14549045320313], [-118.46711423164118, 34.15041207286516], [-118.4729214436803, 34.15185865249257], [-118.47747208418107, 34.148383632492184], [-118.47621562724476, 34.143462177488864], [-118.47040890196327, 34.142015577815066]]]}, "properties": {"light_n": 21, "light_t": 1, "light_top": 35, "crime_n": 3, "crime_t": 0, "crime_top": 80, "bv": "0-1", "crime_night_n": 1, "crime_night_t": 0, "crime_night_top": 100, "bv_night": "0-1", "nta": "Encino", "boro": "Los Angeles"}}, {"type": "Feature", "geometry": {"type": "Polygon", "coordinates": [[[-118.24308488760028, 34.03897274303994], [-118.23852634618999, 34.0424420269356], [-118.23977258442022, 34.04737180721559], [-118.24557773860613, 34.04883214102074], [-118.25013617076401, 34.04536271158756], [-118.24888955802865, 34.04043309389905], [-118.24308488760028, 34.03897274303994]]]}, "properties": {"light_n": 182, "light_t": 2, "light_top": 0, "crime_n": 757, "crime_t": 2, "crime_top": 0, "bv": "2-2", "crime_night_n": 230, "crime_night_t": 2, "crime_night_top": 0, "bv_night": "2-2", "nta": "Central", "boro": "Los Angeles"}}, {"type": "Feature", "geometry": {"type": "Polygon", "coordinates": [[[-118.43367038769345, 34.21120406048912], [-118.42911485619267, 34.21467725876332], [-118.4303703184224, 34.219597521257775], [-118.43618168533999, 34.22104442148129], [-118.44073710296183, 34.21757107883608], [-118.43948126758566, 34.21265098035058], [-118.43367038769345, 34.21120406048912]]]}, "properties": {"light_n": 61, "light_t": 2, "light_top": 11, "crime_n": 7, "crime_t": 1, "crime_top": 60, "bv": "1-2", "crime_night_n": 4, "crime_night_t": 1, "crime_night_top": 60, "bv_night": "1-2", "nta": "Panorama City", "boro": "Los Angeles"}}, {"type": "Feature", "geometry": {"type": "Polygon", "coordinates": [[[-118.25344747335774, 34.03696349410931], [-118.24888955802865, 34.04043309389905], [-118.25013617076401, 34.04536271158756], [-118.25594107322449, 34.04682256678763], [-118.26049887907232, 34.043352821471075], [-118.25925189198124, 34.03842336649355], [-118.25344747335774, 34.03696349410931]]]}, "properties": {"light_n": 138, "light_t": 2, "light_top": 2, "crime_n": 224, "crime_t": 2, "crime_top": 1, "bv": "2-2", "crime_night_n": 103, "crime_night_t": 2, "crime_night_top": 1, "bv_night": "2-2", "nta": "Central", "boro": "Los Angeles"}}, {"type": "Feature", "geometry": {"type": "Polygon", "coordinates": [[[-118.20120742044855, 34.02381003384514], [-118.19664730214434, 34.02727824839722], [-118.19789176633506, 34.03220940258879], [-118.20369672382253, 34.03367218004759], [-118.2082567338451, 34.0302038198082], [-118.207011894702, 34.02527282780968], [-118.20120742044855, 34.02381003384514]]]}, "properties": {"light_n": 218, "light_t": 2, "light_top": 0, "crime_n": 36, "crime_t": 2, "crime_top": 18, "bv": "2-2", "crime_night_n": 16, "crime_night_t": 2, "crime_night_top": 19, "bv_night": "2-2", "nta": "Boyle Heights", "boro": "Los Angeles"}}, {"type": "Feature", "geometry": {"type": "Polygon", "coordinates": [[[-118.33301320470844, 34.029261369812104], [-118.32845978885443, 34.03273332050093], [-118.32970935999481, 34.03766144611878], [-118.33551272028768, 34.03911745746122], [-118.34006602488962, 34.03564536136514], [-118.33881608049113, 34.0307173993461], [-118.33301320470844, 34.029261369812104]]]}, "properties": {"light_n": 82, "light_t": 2, "light_top": 6, "crime_n": 42, "crime_t": 2, "crime_top": 15, "bv": "2-2", "crime_night_n": 13, "crime_night_t": 2, "crime_night_top": 24, "bv_night": "2-2", "nta": "United Neighborhoods", "boro": "Los Angeles"}}, {"type": "Feature", "geometry": {"type": "Polygon", "coordinates": [[[-118.36407754577878, 34.02321028850311], [-118.3595260144604, 34.02668318123557], [-118.3607767049255, 34.031610815699736], [-118.36657929955783, 34.03306539348765], [-118.37113071893974, 34.02959235538144], [-118.36987965566621, 34.02466488487326], [-118.36407754577878, 34.02321028850311]]]}, "properties": {"light_n": 65, "light_t": 2, "light_top": 10, "crime_n": 25, "crime_t": 2, "crime_top": 25, "bv": "2-2", "crime_night_n": 13, "crime_night_t": 2, "crime_night_top": 24, "bv_night": "2-2", "nta": "West Adams", "boro": "Los Angeles"}}, {"type": "Feature", "geometry": {"type": "Polygon", "coordinates": [[[-118.46335984707892, 34.30610166133415], [-118.4588020023485, 34.30957483606013], [-118.46005967108029, 34.31449145488246], [-118.46587555797252, 34.3159347350172], [-118.47043328796167, 34.312461416412575], [-118.46917524584065, 34.30754496156406], [-118.46335984707892, 34.30610166133415]]]}, "properties": {"light_n": 19, "light_t": 1, "light_top": 38, "crime_n": 11, "crime_t": 1, "crime_top": 46, "bv": "1-1", "crime_night_n": 7, "crime_night_t": 1, "crime_night_top": 42, "bv_night": "1-1", "nta": "Sylmar", "boro": "Los Angeles"}}, {"type": "Feature", "geometry": {"type": "Polygon", "coordinates": [[[-118.24682431829173, 34.053761571136256], [-118.2422653692267, 34.05723082998393], [-118.24351191582605, 34.06216007233179], [-118.24931778608607, 34.06361989326632], [-118.25387662578572, 34.06015048895632], [-118.25262970463103, 34.05522140918642], [-118.24682431829173, 34.053761571136256]]]}, "properties": {"light_n": 54, "light_t": 2, "light_top": 13, "crime_n": 66, "crime_t": 2, "crime_top": 9, "bv": "2-2", "crime_night_n": 20, "crime_night_t": 2, "crime_night_top": 14, "bv_night": "2-2", "nta": "Central", "boro": "Los Angeles"}}, {"type": "Feature", "geometry": {"type": "Polygon", "coordinates": [[[-118.57362414995336, 34.26898021428952], [-118.56907369228773, 34.27245688784649], [-118.57033514838199, 34.27737224597346], [-118.57614743385462, 34.278810765269625], [-118.58069777437998, 34.27533394789594], [-118.57943594661387, 34.27041875505491], [-118.57362414995336, 34.26898021428952]]]}, "properties": {"light_n": 10, "light_t": 1, "light_top": 58, "crime_n": 2, "crime_t": 0, "crime_top": 87, "bv": "0-1", "crime_night_n": 0, "crime_night_t": 0, "crime_night_top": null, "bv_night": "0-1", "nta": "Chatsworth", "boro": "Los Angeles"}}, {"type": "Feature", "geometry": {"type": "Polygon", "coordinates": [[[-118.27991811225303, 33.969756919681174], [-118.27536432873468, 33.97322787407784], [-118.27661120455619, 33.97815898533578], [-118.28241223749448, 33.97961897896619], [-118.28696591106946, 33.97614787878374], [-118.28571866168976, 33.9712169307689], [-118.27991811225303, 33.969756919681174]]]}, "properties": {"light_n": 70, "light_t": 2, "light_top": 9, "crime_n": 197, "crime_t": 2, "crime_top": 1, "bv": "2-2", "crime_night_n": 102, "crime_night_t": 2, "crime_night_top": 1, "bv_night": "2-2", "nta": "77th Street", "boro": "Los Angeles"}}, {"type": "Feature", "geometry": {"type": "Polygon", "coordinates": [[[-118.37715718595707, 34.160237191896414], [-118.37260074960531, 34.16370923364014], [-118.37385347779396, 34.16863232989804], [-118.37966301592776, 34.17008322083274], [-118.38421933977375, 34.16661103437099], [-118.38296623803227, 34.1616881017048], [-118.37715718595707, 34.160237191896414]]]}, "properties": {"light_n": 133, "light_t": 2, "light_top": 2, "crime_n": 126, "crime_t": 2, "crime_top": 2, "bv": "2-2", "crime_night_n": 47, "crime_night_t": 2, "crime_night_top": 3, "bv_night": "2-2", "nta": "NoHo", "boro": "Los Angeles"}}, {"type": "Feature", "geometry": {"type": "Polygon", "coordinates": [[[-118.34336886837343, 34.02724513443487], [-118.33881608049113, 34.0307173993461], [-118.34006602488962, 34.03564536136514], [-118.34586913031902, 34.037100894767256], [-118.35042180672106, 34.0336284844599], [-118.34917148921431, 34.02870068615877], [-118.34336886837343, 34.02724513443487]]]}, "properties": {"light_n": 122, "light_t": 2, "light_top": 2, "crime_n": 16, "crime_t": 1, "crime_top": 36, "bv": "1-2", "crime_night_n": 7, "crime_night_t": 1, "crime_night_top": 42, "bv_night": "1-2", "nta": "West Adams", "boro": "Los Angeles"}}, {"type": "Feature", "geometry": {"type": "Polygon", "coordinates": [[[-118.19084257799597, 34.02581497582236], [-118.18628183492439, 34.02928287382702], [-118.18752592401349, 34.03421419009194], [-118.19333113131596, 34.0356774462912], [-118.19789176633506, 34.03220940258879], [-118.19664730214434, 34.02727824839722], [-118.19084257799597, 34.02581497582236]]]}, "properties": {"light_n": 120, "light_t": 2, "light_top": 3, "crime_n": 11, "crime_t": 1, "crime_top": 46, "bv": "1-2", "crime_night_n": 3, "crime_night_t": 1, "crime_night_top": 69, "bv_night": "1-2", "nta": "Boyle Heights", "boro": "Los Angeles"}}, {"type": "Feature", "geometry": {"type": "Polygon", "coordinates": [[[-118.40348901792704, 34.26358426252371], [-118.39892974264224, 34.26705611190644], [-118.40018464183046, 34.27197538848671], [-118.40599919024245, 34.27342265220443], [-118.41055835221982, 34.269950658627664], [-118.40930307913338, 34.26503154553944], [-118.40348901792704, 34.26358426252371]]]}, "properties": {"light_n": 20, "light_t": 1, "light_top": 36, "crime_n": 8, "crime_t": 1, "crime_top": 57, "bv": "1-1", "crime_night_n": 3, "crime_night_t": 1, "crime_night_top": 69, "bv_night": "1-1", "nta": "Pacoima", "boro": "Los Angeles"}}, {"type": "Feature", "geometry": {"type": "Polygon", "coordinates": [[[-118.32837594078933, 33.96809553975335], [-118.32382477387043, 33.9715678950997], [-118.32507348372832, 33.97649800326714], [-118.33087373345585, 33.97795559232716], [-118.3354247893484, 33.974483091281776], [-118.33417570658003, 33.9695531468876], [-118.32837594078933, 33.96809553975335]]]}, "properties": {"light_n": 110, "light_t": 2, "light_top": 3, "crime_n": 50, "crime_t": 2, "crime_top": 12, "bv": "2-2", "crime_night_n": 19, "crime_night_t": 2, "crime_night_top": 16, "bv_night": "2-2", "nta": "Park Mesa Heights", "boro": "Los Angeles"}}, {"type": "Feature", "geometry": {"type": "Polygon", "coordinates": [[[-118.27129346030728, 34.064527540694606], [-118.26673535693237, 34.0679974064825], [-118.26798296106605, 34.07292578501805], [-118.27378904292112, 34.07438413497486], [-118.27834703635965, 34.07091412382142], [-118.27709905791978, 34.06598590808902], [-118.27129346030728, 34.064527540694606]]]}, "properties": {"light_n": 121, "light_t": 2, "light_top": 3, "crime_n": 82, "crime_t": 2, "crime_top": 6, "bv": "2-2", "crime_night_n": 38, "crime_night_t": 2, "crime_night_top": 5, "bv_night": "2-2", "nta": "Echo Park", "boro": "Los Angeles"}}, {"type": "Feature", "geometry": {"type": "Polygon", "coordinates": [[[-118.45769856309005, 34.198755952364905], [-118.45314481458952, 34.202229952402035], [-118.45440105415808, 34.20715007751839], [-118.4602114150123, 34.20859603829763], [-118.4647650491199, 34.20512189388181], [-118.46350843680693, 34.20020193307758], [-118.45769856309005, 34.198755952364905]]]}, "properties": {"light_n": 28, "light_t": 2, "light_top": 27, "crime_n": 21, "crime_t": 2, "crime_top": 29, "bv": "2-2", "crime_night_n": 11, "crime_night_t": 2, "crime_night_top": 28, "bv_night": "2-2", "nta": "Van Nuys", "boro": "Los Angeles"}}, {"type": "Feature", "geometry": {"type": "Polygon", "coordinates": [[[-118.46429193299221, 34.18196661909116], [-118.45973922080879, 34.18544096002966], [-118.46099552266297, 34.19036146608186], [-118.46680490928571, 34.1918074667628], [-118.47135750696276, 34.18833298138243], [-118.4701008325641, 34.18341263977516], [-118.46429193299221, 34.18196661909116]]]}, "properties": {"light_n": 49, "light_t": 2, "light_top": 15, "crime_n": 20, "crime_t": 2, "crime_top": 31, "bv": "2-2", "crime_night_n": 5, "crime_night_t": 1, "crime_night_top": 51, "bv_night": "1-2", "nta": "Van Nuys", "boro": "Los Angeles"}}, {"type": "Feature", "geometry": {"type": "Polygon", "coordinates": [[[-118.36679144078317, 34.16225784447911], [-118.36223437420986, 34.16572957033162], [-118.36348672869514, 34.17065283006247], [-118.36929652349762, 34.17210420048011], [-118.37385347779396, 34.16863232989804], [-118.37260074960531, 34.16370923364014], [-118.36679144078317, 34.16225784447911]]]}, "properties": {"light_n": 91, "light_t": 2, "light_top": 5, "crime_n": 47, "crime_t": 2, "crime_top": 13, "bv": "2-2", "crime_night_n": 18, "crime_night_t": 2, "crime_night_top": 17, "bv_night": "2-2", "nta": "NoHo", "boro": "Los Angeles"}}, {"type": "Feature", "geometry": {"type": "Polygon", "coordinates": [[[-118.27460340968634, 34.056128937960544], [-118.27004582331388, 34.05959897420169], [-118.27129346030728, 34.064527540694606], [-118.27709905791978, 34.06598590808902], [-118.28165653429805, 34.062515726450144], [-118.2804085230983, 34.05758732282689], [-118.27460340968634, 34.056128937960544]]]}, "properties": {"light_n": 105, "light_t": 2, "light_top": 3, "crime_n": 507, "crime_t": 2, "crime_top": 0, "bv": "2-2", "crime_night_n": 188, "crime_night_t": 2, "crime_night_top": 0, "bv_night": "2-2", "nta": "Rampart", "boro": "Los Angeles"}}, {"type": "Feature", "geometry": {"type": "Polygon", "coordinates": [[[-118.43130309987815, 34.26589880654329], [-118.42674520293576, 34.269371433844064], [-118.42800119191479, 34.27429002748174], [-118.43381545142181, 34.275735830049975], [-118.43837323442646, 34.27226305862232], [-118.4371168719025, 34.267344628765535], [-118.43130309987815, 34.26589880654329]]]}, "properties": {"light_n": 38, "light_t": 2, "light_top": 20, "crime_n": 30, "crime_t": 2, "crime_top": 20, "bv": "2-2", "crime_night_n": 9, "crime_night_t": 2, "crime_night_top": 34, "bv_night": "2-2", "nta": "Pacoima", "boro": "Los Angeles"}}, {"type": "Feature", "geometry": {"type": "Polygon", "coordinates": [[[-118.45487224192692, 34.230302551915194], [-118.4503170525783, 34.23377618317201], [-118.45157354028623, 34.23869538004877], [-118.45738559037677, 34.24014078151611], [-118.46194066533107, 34.23666700601872], [-118.46068380462987, 34.23174797330678], [-118.45487224192692, 34.230302551915194]]]}, "properties": {"light_n": 86, "light_t": 2, "light_top": 6, "crime_n": 42, "crime_t": 2, "crime_top": 15, "bv": "2-2", "crime_night_n": 21, "crime_night_t": 2, "crime_night_top": 13, "bv_night": "2-2", "nta": "Panorama City", "boro": "Los Angeles"}}, {"type": "Feature", "geometry": {"type": "Polygon", "coordinates": [[[-118.444505230053, 34.23233028198389], [-118.43994940796632, 34.235803597478636], [-118.44120552252986, 34.240722958401875], [-118.44701783236518, 34.24216883979609], [-118.45157354028623, 34.23869538004877], [-118.4503170525783, 34.23377618317201], [-118.444505230053, 34.23233028198389]]]}, "properties": {"light_n": 98, "light_t": 2, "light_top": 4, "crime_n": 21, "crime_t": 2, "crime_top": 29, "bv": "2-2", "crime_night_n": 7, "crime_night_t": 1, "crime_night_top": 42, "bv_night": "1-2", "nta": "Panorama City", "boro": "Los Angeles"}}, {"type": "Feature", "geometry": {"type": "Polygon", "coordinates": [[[-118.52315402162168, 34.178178658155666], [-118.51860459015221, 34.181654714295576], [-118.51986309448122, 34.18657404193161], [-118.52567140205775, 34.18801714835209], [-118.53022071770863, 34.184540947874716], [-118.52896184164227, 34.17962178532644], [-118.52315402162168, 34.178178658155666]]]}, "properties": {"light_n": 24, "light_t": 2, "light_top": 31, "crime_n": 5, "crime_t": 1, "crime_top": 69, "bv": "1-2", "crime_night_n": 1, "crime_night_t": 0, "crime_night_top": 100, "bv_night": "0-2", "nta": "Encino", "boro": "Los Angeles"}}, {"type": "Feature", "geometry": {"type": "Polygon", "coordinates": [[[-118.40871056523709, 34.177332786451316], [-118.40415509803208, 34.18080557786736], [-118.4054092247896, 34.18572744906095], [-118.41121919204274, 34.18717636498368], [-118.41577454599856, 34.1837034289913], [-118.41452004599097, 34.17878172166476], [-118.40871056523709, 34.177332786451316]]]}, "properties": {"light_n": 46, "light_t": 2, "light_top": 17, "crime_n": 4, "crime_t": 0, "crime_top": 74, "bv": "0-2", "crime_night_n": 1, "crime_night_t": 0, "crime_night_top": 100, "bv_night": "0-2", "nta": "Greater Valley Glen", "boro": "Los Angeles"}}, {"type": "Feature", "geometry": {"type": "Polygon", "coordinates": [[[-118.48453583411873, 34.154750834425876], [-118.47998530835086, 34.15822599899486], [-118.48124207560747, 34.16314691035468], [-118.48704974076647, 34.16459249239519], [-118.49160015163, 34.16111718330134], [-118.49034301227948, 34.15619643670401], [-118.48453583411873, 34.154750834425876]]]}, "properties": {"light_n": 5, "light_t": 0, "light_top": 76, "crime_n": 6, "crime_t": 1, "crime_top": 65, "bv": "1-0", "crime_night_n": 1, "crime_night_t": 0, "crime_night_top": 100, "bv_night": "0-0", "nta": "West Valley", "boro": "Los Angeles"}}, {"type": "Feature", "geometry": {"type": "Polygon", "coordinates": [[[-118.2596381575375, 33.996972064102884], [-118.25508219919841, 34.000442197329576], [-118.25632860262924, 34.005372912885136], [-118.26213133844585, 34.0068333323022], [-118.26668718724312, 34.00336305337631], [-118.26544040980582, 33.99843250074483], [-118.2596381575375, 33.996972064102884]]]}, "properties": {"light_n": 95, "light_t": 2, "light_top": 5, "crime_n": 98, "crime_t": 2, "crime_top": 4, "bv": "2-2", "crime_night_n": 40, "crime_night_t": 2, "crime_night_top": 5, "bv_night": "2-2", "nta": "Newton", "boro": "Los Angeles"}}, {"type": "Feature", "geometry": {"type": "Polygon", "coordinates": [[[-118.25834840817588, 33.92737783387806], [-118.25379521829825, 33.930848540799595], [-118.25504079657033, 33.93578141741498], [-118.26083993831809, 33.93724342395686], [-118.26539301881917, 33.93377257101163], [-118.26414706698924, 33.92883985756046], [-118.25834840817588, 33.92737783387806]]]}, "properties": {"light_n": 59, "light_t": 2, "light_top": 12, "crime_n": 40, "crime_t": 2, "crime_top": 16, "bv": "2-2", "crime_night_n": 18, "crime_night_t": 2, "crime_night_top": 17, "bv_night": "2-2", "nta": "Southeast", "boro": "Los Angeles"}}, {"type": "Feature", "geometry": {"type": "Polygon", "coordinates": [[[-118.28278966763091, 33.9381561882032], [-118.27823732230418, 33.941627500869984], [-118.27948395548637, 33.946559517621004], [-118.28528330734481, 33.948020058327735], [-118.28983554272597, 33.94454859973436], [-118.28858853623443, 33.93961674637308], [-118.28278966763091, 33.9381561882032]]]}, "properties": {"light_n": 67, "light_t": 2, "light_top": 10, "crime_n": 93, "crime_t": 2, "crime_top": 5, "bv": "2-2", "crime_night_n": 49, "crime_night_t": 2, "crime_night_top": 3, "bv_night": "2-2", "nta": "Southeast", "boro": "Los Angeles"}}, {"type": "Feature", "geometry": {"type": "Polygon", "coordinates": [[[-118.4256739052151, 34.158517904594525], [-118.42112010523849, 34.16199135249173], [-118.42237466824164, 34.166913439869354], [-118.42818340416146, 34.16836191524348], [-118.43273709054637, 34.164888322718255], [-118.43148215464376, 34.15996639945911], [-118.4256739052151, 34.158517904594525]]]}, "properties": {"light_n": 36, "light_t": 2, "light_top": 21, "crime_n": 2, "crime_t": 0, "crime_top": 87, "bv": "0-2", "crime_night_n": 0, "crime_night_t": 0, "crime_night_top": null, "bv_night": "0-2", "nta": "Sherman Oaks", "boro": "Los Angeles"}}, {"type": "Feature", "geometry": {"type": "Polygon", "coordinates": [[[-118.27330374789868, 33.98656069645266], [-118.26874893189749, 33.99003131357221], [-118.26999574216588, 33.994962052607555], [-118.2757977422332, 33.99642201142554], [-118.28035244840635, 33.992951248585086], [-118.2791052643805, 33.988020672659815], [-118.27330374789868, 33.98656069645266]]]}, "properties": {"light_n": 85, "light_t": 2, "light_top": 6, "crime_n": 93, "crime_t": 2, "crime_top": 5, "bv": "2-2", "crime_night_n": 32, "crime_night_t": 2, "crime_night_top": 7, "bv_night": "2-2", "nta": "Newton", "boro": "Los Angeles"}}, {"type": "Feature", "geometry": {"type": "Polygon", "coordinates": [[[-118.25718802736559, 34.05175183425868], [-118.25262970463103, 34.05522140918642], [-118.25387662578572, 34.06015048895632], [-118.25968224412104, 34.06160983111337], [-118.26424045726127, 34.058140110734065], [-118.26299316170082, 34.05321119366156], [-118.25718802736559, 34.05175183425868]]]}, "properties": {"light_n": 169, "light_t": 2, "light_top": 1, "crime_n": 73, "crime_t": 2, "crime_top": 7, "bv": "2-2", "crime_night_n": 30, "crime_night_t": 2, "crime_night_top": 8, "bv_night": "2-2", "nta": "Downtown Los Angeles", "boro": "Los Angeles"}}, {"type": "Feature", "geometry": {"type": "Polygon", "coordinates": [[[-118.21530662176593, 34.03659676104502], [-118.2107467201959, 34.04006526692889], [-118.21199186742669, 34.044995721910404], [-118.21779729112124, 34.04645750872107], [-118.22235708406787, 34.04298885723554], [-118.22111156198355, 34.03805856455337], [-118.21530662176593, 34.03659676104502]]]}, "properties": {"light_n": 173, "light_t": 2, "light_top": 1, "crime_n": 50, "crime_t": 2, "crime_top": 12, "bv": "2-2", "crime_night_n": 15, "crime_night_t": 2, "crime_night_top": 20, "bv_night": "2-2", "nta": "Boyle Heights", "boro": "Los Angeles"}}, {"type": "Feature", "geometry": {"type": "Polygon", "coordinates": [[[-118.39650911816766, 34.08668677679959], [-118.391956709738, 34.09016003459174], [-118.39320935097898, 34.09508499679691], [-118.39901477349473, 34.09653653715108], [-118.40356706913289, 34.093063134342444], [-118.40231405508729, 34.088138336208296], [-118.39650911816766, 34.08668677679959]]]}, "properties": {"light_n": 5, "light_t": 0, "light_top": 76, "crime_n": 0, "crime_t": 0, "crime_top": null, "bv": "0-0", "crime_night_n": 0, "crime_night_t": 0, "crime_night_top": null, "bv_night": "0-0", "nta": "Bel Air-Beverly Crest", "boro": "Los Angeles"}}, {"type": "Feature", "geometry": {"type": "Polygon", "coordinates": [[[-118.57970344435563, 34.22905302618563], [-118.57515494424196, 34.2325302357958], [-118.57641617912164, 34.23744671693021], [-118.58222628547982, 34.238885822966495], [-118.58677466840109, 34.23540846937035], [-118.58551306219739, 34.23049215373599], [-118.57970344435563, 34.22905302618563]]]}, "properties": {"light_n": 14, "light_t": 1, "light_top": 48, "crime_n": 7, "crime_t": 1, "crime_top": 60, "bv": "1-1", "crime_night_n": 6, "crime_night_t": 1, "crime_night_top": 46, "bv_night": "1-1", "nta": "Winnetka", "boro": "Los Angeles"}}, {"type": "Feature", "geometry": {"type": "Polygon", "coordinates": [[[-118.26755085789647, 34.0497413028612], [-118.26299316170082, 34.05321119366156], [-118.26424045726127, 34.058140110734065], [-118.27004582331388, 34.05959897420169], [-118.27460340968634, 34.056128937960544], [-118.27335573986967, 34.05120018370485], [-118.26755085789647, 34.0497413028612]]]}, "properties": {"light_n": 79, "light_t": 2, "light_top": 7, "crime_n": 233, "crime_t": 2, "crime_top": 1, "bv": "2-2", "crime_night_n": 97, "crime_night_t": 2, "crime_night_top": 1, "bv_night": "2-2", "nta": "Rampart", "boro": "Los Angeles"}}, {"type": "Feature", "geometry": {"type": "Polygon", "coordinates": [[[-118.27661120455619, 33.97815898533578], [-118.27205690483555, 33.981629771208475], [-118.27330374789868, 33.98656069645266], [-118.2791052643805, 33.988020672659815], [-118.28365945421541, 33.98454974103379], [-118.28241223749448, 33.97961897896619], [-118.27661120455619, 33.97815898533578]]]}, "properties": {"light_n": 127, "light_t": 2, "light_top": 2, "crime_n": 132, "crime_t": 2, "crime_top": 2, "bv": "2-2", "crime_night_n": 58, "crime_night_t": 2, "crime_night_top": 2, "bv_night": "2-2", "nta": "CANNDU", "boro": "Los Angeles"}}, {"type": "Feature", "geometry": {"type": "Polygon", "coordinates": [[[-118.26092950675842, 34.06653856035659], [-118.25637077659516, 34.07000811008596], [-118.25761800627299, 34.074936651305315], [-118.26342434061023, 34.07639548012381], [-118.26798296106605, 34.07292578501805], [-118.26673535693237, 34.0679974064825], [-118.26092950675842, 34.06653856035659]]]}, "properties": {"light_n": 87, "light_t": 2, "light_top": 6, "crime_n": 46, "crime_t": 2, "crime_top": 14, "bv": "2-2", "crime_night_n": 15, "crime_night_t": 2, "crime_night_top": 20, "bv_night": "2-2", "nta": "Echo Park", "boro": "Los Angeles"}}, {"type": "Feature", "geometry": {"type": "Polygon", "coordinates": [[[-118.28078696405744, 34.01614249733889], [-118.27623133485615, 34.019613067533875], [-118.2774787617445, 34.02454273397667], [-118.28328219173154, 34.02600166715393], [-118.28783771087859, 34.02253095138909], [-118.28658991013309, 34.017601448029126], [-118.28078696405744, 34.01614249733889]]]}, "properties": {"light_n": 9, "light_t": 1, "light_top": 62, "crime_n": 97, "crime_t": 2, "crime_top": 4, "bv": "2-1", "crime_night_n": 23, "crime_night_t": 2, "crime_night_top": 12, "bv_night": "2-1", "nta": "Southwest", "boro": "Los Angeles"}}, {"type": "Feature", "geometry": {"type": "Polygon", "coordinates": [[[-118.32729353886833, 34.09242114114184], [-118.32273724337581, 34.09589236471131], [-118.32398730315649, 34.10081866074374], [-118.32979403222636, 34.102273569913855], [-118.3343502164692, 34.098802201216486], [-118.33309978293227, 34.09387606848917], [-118.32729353886833, 34.09242114114184]]]}, "properties": {"light_n": 87, "light_t": 2, "light_top": 6, "crime_n": 187, "crime_t": 2, "crime_top": 1, "bv": "2-2", "crime_night_n": 95, "crime_night_t": 2, "crime_night_top": 1, "bv_night": "2-2", "nta": "Hollywood", "boro": "Los Angeles"}}, {"type": "Feature", "geometry": {"type": "Polygon", "coordinates": [[[-118.35132015875779, 34.079988942506134], [-118.34676563779104, 34.08346096645553], [-118.34801647707738, 34.08838712408992], [-118.35382221072719, 34.089841094177494], [-118.35837661992976, 34.0863689250906], [-118.35712540728714, 34.08144293106584], [-118.35132015875779, 34.079988942506134]]]}, "properties": {"light_n": 67, "light_t": 2, "light_top": 10, "crime_n": 39, "crime_t": 2, "crime_top": 16, "bv": "2-2", "crime_night_n": 7, "crime_night_t": 1, "crime_night_top": 42, "bv_night": "1-2", "nta": "Mid-City West", "boro": "Los Angeles"}}, {"type": "Feature", "geometry": {"type": "Polygon", "coordinates": [[[-118.2971225442841, 33.78007441487304], [-118.29257737674673, 33.783547484323314], [-118.29382279771842, 33.78848398779318], [-118.29961375833624, 33.78994725770202], [-118.30415881591792, 33.786474041615676], [-118.30291302287752, 33.781537702268736], [-118.2971225442841, 33.78007441487304]]]}, "properties": {"light_n": 21, "light_t": 1, "light_top": 35, "crime_n": 12, "crime_t": 1, "crime_top": 44, "bv": "1-1", "crime_night_n": 2, "crime_night_t": 0, "crime_night_top": 82, "bv_night": "0-1", "nta": "Harbor City", "boro": "Los Angeles"}}, {"type": "Feature", "geometry": {"type": "Polygon", "coordinates": [[[-118.34096013379757, 34.08200649944066], [-118.33640498408879, 34.085478208414294], [-118.33765544986873, 34.09040452953929], [-118.34346143890427, 34.09185897821228], [-118.34801647707738, 34.08838712408992], [-118.34676563779104, 34.08346096645553], [-118.34096013379757, 34.08200649944066]]]}, "properties": {"light_n": 110, "light_t": 2, "light_top": 3, "crime_n": 54, "crime_t": 2, "crime_top": 12, "bv": "2-2", "crime_night_n": 18, "crime_night_t": 2, "crime_night_top": 17, "bv_night": "2-2", "nta": "Central Hollywood", "boro": "Los Angeles"}}, {"type": "Feature", "geometry": {"type": "Polygon", "coordinates": [[[-118.37339921539217, 34.14546679052596], [-118.3688431845144, 34.14893885840969], [-118.3700956029771, 34.15386249782614], [-118.37590442586152, 34.15531390576523], [-118.38046034434774, 34.151841693088365], [-118.3792075523816, 34.14691821727776], [-118.37339921539217, 34.14546679052596]]]}, "properties": {"light_n": 168, "light_t": 2, "light_top": 1, "crime_n": 12, "crime_t": 1, "crime_top": 44, "bv": "1-2", "crime_night_n": 6, "crime_night_t": 1, "crime_night_top": 46, "bv_night": "1-2", "nta": "Studio City", "boro": "Los Angeles"}}, {"type": "Feature", "geometry": {"type": "Polygon", "coordinates": [[[-118.391740119541, 34.19614482298308], [-118.38718298490959, 34.19961695600889], [-118.38843667472578, 34.20453860985943], [-118.3942478728148, 34.20598796708086], [-118.39880489454004, 34.202515689530344], [-118.397550831123, 34.19759419929537], [-118.391740119541, 34.19614482298308]]]}, "properties": {"light_n": 21, "light_t": 1, "light_top": 35, "crime_n": 28, "crime_t": 2, "crime_top": 22, "bv": "2-1", "crime_night_n": 8, "crime_night_t": 1, "crime_night_top": 37, "bv_night": "1-1", "nta": "N Hollywood", "boro": "Los Angeles"}}, {"type": "Feature", "geometry": {"type": "Polygon", "coordinates": [[[-118.3710030242334, 34.20018858086458], [-118.36644462790589, 34.2036600811821], [-118.36769757006813, 34.20858206190786], [-118.3735092825008, 34.21003237895011], [-118.37806756638012, 34.206560734084626], [-118.37681425031555, 34.20163891673711], [-118.3710030242334, 34.20018858086458]]]}, "properties": {"light_n": 168, "light_t": 2, "light_top": 1, "crime_n": 20, "crime_t": 2, "crime_top": 31, "bv": "2-2", "crime_night_n": 6, "crime_night_t": 1, "crime_night_top": 46, "bv_night": "1-2", "nta": "Sun Valley Area", "boro": "Los Angeles"}}, {"type": "Feature", "geometry": {"type": "Polygon", "coordinates": [[[-118.26999574216588, 33.994962052607555], [-118.26544040980582, 33.99843250074483], [-118.26668718724312, 34.00336305337631], [-118.2724896709378, 34.00482299483923], [-118.27704489352755, 34.00135240101348], [-118.2757977422332, 33.99642201142554], [-118.26999574216588, 33.994962052607555]]]}, "properties": {"light_n": 145, "light_t": 2, "light_top": 1, "crime_n": 89, "crime_t": 2, "crime_top": 5, "bv": "2-2", "crime_night_n": 32, "crime_night_t": 2, "crime_night_top": 7, "bv_night": "2-2", "nta": "Zapata-King", "boro": "Los Angeles"}}, {"type": "Feature", "geometry": {"type": "Polygon", "coordinates": [[[-118.43087281057431, 34.07221933766616], [-118.42632280995008, 34.07569370567752], [-118.42757660053526, 34.08061836330723], [-118.4333807640389, 34.08206848844413], [-118.43793065113066, 34.078593975419], [-118.43667648829172, 34.07366948228288], [-118.43087281057431, 34.07221933766616]]]}, "properties": {"light_n": 13, "light_t": 1, "light_top": 50, "crime_n": 0, "crime_t": 0, "crime_top": null, "bv": "0-1", "crime_night_n": 0, "crime_night_t": 0, "crime_night_top": null, "bv_night": "0-1", "nta": "Westwood", "boro": "Los Angeles"}}, {"type": "Feature", "geometry": {"type": "Polygon", "coordinates": [[[-118.42005540471744, 34.051067718317064], [-118.41550569445994, 34.05454196435899], [-118.4167588346122, 34.05946751383392], [-118.42256205731802, 34.06091865282346], [-118.42711165432843, 34.05744426164837], [-118.4258581419206, 34.052518876629065], [-118.42005540471744, 34.051067718317064]]]}, "properties": {"light_n": 29, "light_t": 2, "light_top": 26, "crime_n": 13, "crime_t": 1, "crime_top": 42, "bv": "1-2", "crime_night_n": 5, "crime_night_t": 1, "crime_night_top": 51, "bv_night": "1-2", "nta": "Westside", "boro": "Los Angeles"}}, {"type": "Feature", "geometry": {"type": "Polygon", "coordinates": [[[-118.44075815088779, 34.047020126119484], [-118.43620970112245, 34.0504949982041], [-118.43746358563554, 34.055420218649104], [-118.44326629190932, 34.0568704023287], [-118.44781462797215, 34.053395385134145], [-118.44656037150415, 34.04847032938209], [-118.44075815088779, 34.047020126119484]]]}, "properties": {"light_n": 34, "light_t": 2, "light_top": 22, "crime_n": 23, "crime_t": 2, "crime_top": 27, "bv": "2-2", "crime_night_n": 4, "crime_night_t": 1, "crime_night_top": 60, "bv_night": "1-2", "nta": "Westwood", "boro": "Los Angeles"}}, {"type": "Feature", "geometry": {"type": "Polygon", "coordinates": [[[-118.43083661262571, 34.242749740778926], [-118.42627963939007, 34.24622256839995], [-118.42753534921619, 34.25114190165331], [-118.43334840571424, 34.25258824343614], [-118.43790526507004, 34.24911527158204], [-118.43664918184828, 34.2441961021904], [-118.43083661262571, 34.242749740778926]]]}, "properties": {"light_n": 50, "light_t": 2, "light_top": 15, "crime_n": 9, "crime_t": 1, "crime_top": 53, "bv": "1-2", "crime_night_n": 4, "crime_night_t": 1, "crime_night_top": 60, "bv_night": "1-2", "nta": "Arleta", "boro": "Los Angeles"}}, {"type": "Feature", "geometry": {"type": "Polygon", "coordinates": [[[-118.41762825747696, 34.27631619905687], [-118.413069208979, 34.27978833678437], [-118.4143247926749, 34.28470690171395], [-118.4201397987058, 34.28615316533215], [-118.42469873355228, 34.28268088349715], [-118.42344277606003, 34.27776248216367], [-118.41762825747696, 34.27631619905687]]]}, "properties": {"light_n": 96, "light_t": 2, "light_top": 4, "crime_n": 22, "crime_t": 2, "crime_top": 28, "bv": "2-2", "crime_night_n": 13, "crime_night_t": 2, "crime_night_top": 24, "bv_night": "2-2", "nta": "Pacoima", "boro": "Los Angeles"}}, {"type": "Feature", "geometry": {"type": "Polygon", "coordinates": [[[-118.43370224158708, 34.04064401822866], [-118.42915367829018, 34.04411874515961], [-118.4304072220348, 34.04904431746163], [-118.43620970112245, 34.0504949982041], [-118.44075815088779, 34.047020126119484], [-118.4395042351375, 34.04209471845824], [-118.43370224158708, 34.04064401822866]]]}, "properties": {"light_n": 42, "light_t": 2, "light_top": 19, "crime_n": 18, "crime_t": 2, "crime_top": 34, "bv": "2-2", "crime_night_n": 7, "crime_night_t": 1, "crime_night_top": 42, "bv_night": "1-2", "nta": "Westside", "boro": "Los Angeles"}}, {"type": "Feature", "geometry": {"type": "Polygon", "coordinates": [[[-118.41629619931722, 34.03628996905347], [-118.41174689276625, 34.03976423784673], [-118.41299972354852, 34.044690326295296], [-118.41880223312882, 34.046141981492966], [-118.42335142654689, 34.04266756749078], [-118.42209822355797, 34.03774164351202], [-118.41629619931722, 34.03628996905347]]]}, "properties": {"light_n": 14, "light_t": 1, "light_top": 48, "crime_n": 4, "crime_t": 0, "crime_top": 74, "bv": "0-1", "crime_night_n": 2, "crime_night_t": 0, "crime_night_top": 82, "bv_night": "0-1", "nta": "Westside", "boro": "Los Angeles"}}, {"type": "Feature", "geometry": {"type": "Polygon", "coordinates": [[[-118.27287088521544, 33.963365116722244], [-118.26831699192432, 33.96683592528992], [-118.26956352685987, 33.97176738555668], [-118.27536432873468, 33.97322787407784], [-118.27991811225303, 33.969756919681174], [-118.27867120370955, 33.964825622604586], [-118.27287088521544, 33.963365116722244]]]}, "properties": {"light_n": 77, "light_t": 2, "light_top": 7, "crime_n": 142, "crime_t": 2, "crime_top": 2, "bv": "2-2", "crime_night_n": 54, "crime_night_t": 2, "crime_night_top": 2, "bv_night": "2-2", "nta": "77th Street", "boro": "Los Angeles"}}, {"type": "Feature", "geometry": {"type": "Polygon", "coordinates": [[[-118.37054921974307, 34.17702710667092], [-118.3659917474232, 34.18049880586285], [-118.36724441168913, 34.1854215217928], [-118.3730549220683, 34.18687237508422], [-118.37761228199697, 34.18340053123773], [-118.37635924397823, 34.178477978766615], [-118.37054921974307, 34.17702710667092]]]}, "properties": {"light_n": 35, "light_t": 2, "light_top": 22, "crime_n": 8, "crime_t": 1, "crime_top": 57, "bv": "1-2", "crime_night_n": 5, "crime_night_t": 1, "crime_night_top": 51, "bv_night": "1-2", "nta": "NoHo", "boro": "Los Angeles"}}, {"type": "Feature", "geometry": {"type": "Polygon", "coordinates": [[[-118.45393006130713, 34.183994460240676], [-118.44937671672676, 34.18746848638882], [-118.4506326458854, 34.19238915676762], [-118.45644229236062, 34.19383563668386], [-118.46099552266297, 34.19036146608186], [-118.45973922080879, 34.18544096002966], [-118.45393006130713, 34.183994460240676]]]}, "properties": {"light_n": 52, "light_t": 2, "light_top": 14, "crime_n": 21, "crime_t": 2, "crime_top": 29, "bv": "2-2", "crime_night_n": 14, "crime_night_t": 2, "crime_night_top": 22, "bv_night": "2-2", "nta": "Van Nuys", "boro": "Los Angeles"}}, {"type": "Feature", "geometry": {"type": "Polygon", "coordinates": [[[-118.46853550716165, 34.21988068468452], [-118.46398146922766, 34.22335480257918], [-118.46523836103431, 34.22827402649665], [-118.47104966355771, 34.229718968182134], [-118.47560358681196, 34.22624470602749], [-118.47434632226329, 34.221325646459505], [-118.46853550716165, 34.21988068468452]]]}, "properties": {"light_n": 19, "light_t": 1, "light_top": 38, "crime_n": 59, "crime_t": 2, "crime_top": 10, "bv": "2-1", "crime_night_n": 33, "crime_night_t": 2, "crime_night_top": 7, "bv_night": "2-1", "nta": "Mission", "boro": "Los Angeles"}}, {"type": "Feature", "geometry": {"type": "Polygon", "coordinates": [[[-118.25589915658014, 33.98217882252443], [-118.25134360519156, 33.98564897915538], [-118.25258970049107, 33.99058023039431], [-118.25839172117585, 33.99204116207694], [-118.26294716313555, 33.98857085967128], [-118.26170069387958, 33.983639771369965], [-118.25589915658014, 33.98217882252443]]]}, "properties": {"light_n": 20, "light_t": 1, "light_top": 36, "crime_n": 20, "crime_t": 2, "crime_top": 31, "bv": "2-1", "crime_night_n": 2, "crime_night_t": 0, "crime_night_top": 82, "bv_night": "0-1", "nta": "Newton", "boro": "Los Angeles"}}, {"type": "Feature", "geometry": {"type": "Polygon", "coordinates": [[[-118.44356729765215, 34.18602150740456], [-118.43901332088072, 34.18949521855368], [-118.44026887719289, 34.194416053140664], [-118.44607878316357, 34.19586301238253], [-118.4506326458854, 34.19238915676762], [-118.44937671672676, 34.18746848638882], [-118.44356729765215, 34.18602150740456]]]}, "properties": {"light_n": 8, "light_t": 1, "light_top": 65, "crime_n": 54, "crime_t": 2, "crime_top": 12, "bv": "2-1", "crime_night_n": 18, "crime_night_t": 2, "crime_night_top": 17, "bv_night": "2-1", "nta": "Van Nuys", "boro": "Los Angeles"}}, {"type": "Feature", "geometry": {"type": "Polygon", "coordinates": [[[-118.30767268632395, 33.97212329124154], [-118.30312026566267, 33.975595019421085], [-118.30436822925101, 33.98052545477728], [-118.31016898675043, 33.98198399843143], [-118.31472129684138, 33.978512124530994], [-118.3134729600435, 33.97358185270953], [-118.30767268632395, 33.97212329124154]]]}, "properties": {"light_n": 75, "light_t": 2, "light_top": 8, "crime_n": 61, "crime_t": 2, "crime_top": 10, "bv": "2-2", "crime_night_n": 25, "crime_night_t": 2, "crime_night_top": 11, "bv_night": "2-2", "nta": "77th Street", "boro": "Los Angeles"}}, {"type": "Feature", "geometry": {"type": "Polygon", "coordinates": [[[-118.28740172091737, 33.99934095609205], [-118.28284712474299, 34.00281186461022], [-118.28409461707679, 34.00774190456937], [-118.28989707928311, 34.00920087280676], [-118.29445156528796, 34.00572981865404], [-118.29320369929633, 34.000799941910735], [-118.28740172091737, 33.99934095609205]]]}, "properties": {"light_n": 58, "light_t": 2, "light_top": 12, "crime_n": 105, "crime_t": 2, "crime_top": 4, "bv": "2-2", "crime_night_n": 43, "crime_night_t": 2, "crime_night_top": 4, "bv_night": "2-2", "nta": "Southwest", "boro": "Los Angeles"}}, {"type": "Feature", "geometry": {"type": "Polygon", "coordinates": [[[-118.23272142431475, 34.04098119751372], [-118.22816225703191, 34.04445016530797], [-118.22940812060747, 34.04938010805995], [-118.23521352616076, 34.05084092055802], [-118.23977258442022, 34.04737180721559], [-118.23852634618999, 34.0424420269356], [-118.23272142431475, 34.04098119751372]]]}, "properties": {"light_n": 15, "light_t": 1, "light_top": 46, "crime_n": 25, "crime_t": 2, "crime_top": 25, "bv": "2-1", "crime_night_n": 12, "crime_night_t": 2, "crime_night_top": 26, "bv_night": "2-1", "nta": "Central", "boro": "Los Angeles"}}, {"type": "Feature", "geometry": {"type": "Polygon", "coordinates": [[[-118.37191119685322, 34.2465020975591], [-118.3673509513882, 34.24997319687853], [-118.36860444971101, 34.25489370281061], [-118.37441856774107, 34.25634294621849], [-118.37897870064387, 34.2528717025637], [-118.37772482811947, 34.24795135984866], [-118.37191119685322, 34.2465020975591]]]}, "properties": {"light_n": 12, "light_t": 1, "light_top": 52, "crime_n": 4, "crime_t": 0, "crime_top": 74, "bv": "0-1", "crime_night_n": 3, "crime_night_t": 1, "crime_night_top": 69, "bv_night": "1-1", "nta": "Foothills Trails District", "boro": "Los Angeles"}}, {"type": "Feature", "geometry": {"type": "Polygon", "coordinates": [[[-118.59384645777814, 34.24176305533097], [-118.58929819222115, 34.245240552869056], [-118.59056010986072, 34.250156320594535], [-118.59637066431829, 34.25159442519129], [-118.60091881233907, 34.24811678375533], [-118.59965652347937, 34.243201181632564], [-118.59384645777814, 34.24176305533097]]]}, "properties": {"light_n": 17, "light_t": 1, "light_top": 41, "crime_n": 16, "crime_t": 1, "crime_top": 36, "bv": "1-1", "crime_night_n": 7, "crime_night_t": 1, "crime_night_top": 42, "bv_night": "1-1", "nta": "Chatsworth", "boro": "Los Angeles"}}, {"type": "Feature", "geometry": {"type": "Polygon", "coordinates": [[[-118.46806155265959, 34.19672761806531], [-118.46350843680693, 34.20020193307758], [-118.4647650491199, 34.20512189388181], [-118.47057514991945, 34.2065673752555], [-118.47512815115076, 34.20309291587657], [-118.4738711662445, 34.198173119502776], [-118.46806155265959, 34.19672761806531]]]}, "properties": {"light_n": 45, "light_t": 2, "light_top": 17, "crime_n": 42, "crime_t": 2, "crime_top": 15, "bv": "2-2", "crime_night_n": 18, "crime_night_t": 2, "crime_night_top": 17, "bv_night": "2-2", "nta": "Van Nuys", "boro": "Los Angeles"}}, {"type": "Feature", "geometry": {"type": "Polygon", "coordinates": [[[-118.36167929930484, 34.07797059234862], [-118.35712540728714, 34.08144293106584], [-118.35837661992976, 34.0863689250906], [-118.36418209783668, 34.087822416681796], [-118.36873587786177, 34.084349932838386], [-118.367484292013, 34.0794241025422], [-118.36167929930484, 34.07797059234862]]]}, "properties": {"light_n": 34, "light_t": 2, "light_top": 22, "crime_n": 26, "crime_t": 2, "crime_top": 24, "bv": "2-2", "crime_night_n": 9, "crime_night_t": 2, "crime_night_top": 34, "bv_night": "2-2", "nta": "Mid-City West", "boro": "Los Angeles"}}, {"type": "Feature", "geometry": {"type": "Polygon", "coordinates": [[[-118.24351191582605, 34.06216007233179], [-118.23895244977552, 34.06562916036502], [-118.2401989632521, 34.070558214750584], [-118.24600531747468, 34.07201801860378], [-118.25056467421781, 34.06854878514043], [-118.24931778608607, 34.06361989326632], [-118.24351191582605, 34.06216007233179]]]}, "properties": {"light_n": 127, "light_t": 2, "light_top": 2, "crime_n": 36, "crime_t": 2, "crime_top": 18, "bv": "2-2", "crime_night_n": 16, "crime_night_t": 2, "crime_night_top": 19, "bv_night": "2-2", "nta": "Historic Cultural North", "boro": "Los Angeles"}}, {"type": "Feature", "geometry": {"type": "Polygon", "coordinates": [[[-118.58677466840109, 34.23540846937035], [-118.58222628547982, 34.238885822966495], [-118.58348786173337, 34.2438019474855], [-118.58929819222115, 34.245240552869056], [-118.59384645777814, 34.24176305533097], [-118.59258451025248, 34.23684709636337], [-118.58677466840109, 34.23540846937035]]]}, "properties": {"light_n": 19, "light_t": 1, "light_top": 38, "crime_n": 15, "crime_t": 1, "crime_top": 38, "bv": "1-1", "crime_night_n": 6, "crime_night_t": 1, "crime_night_top": 46, "bv_night": "1-1", "nta": "Chatsworth", "boro": "Los Angeles"}}, {"type": "Feature", "geometry": {"type": "Polygon", "coordinates": [[[-118.27834703635965, 34.07091412382142], [-118.27378904292112, 34.07438413497486], [-118.27503698856468, 34.079312162621854], [-118.28084330194336, 34.080770016271735], [-118.28540118527441, 34.077299859795794], [-118.28415286537455, 34.072371995004765], [-118.27834703635965, 34.07091412382142]]]}, "properties": {"light_n": 82, "light_t": 2, "light_top": 6, "crime_n": 38, "crime_t": 2, "crime_top": 17, "bv": "2-2", "crime_night_n": 15, "crime_night_t": 2, "crime_night_top": 20, "bv_night": "2-2", "nta": "Rampart Village", "boro": "Los Angeles"}}, {"type": "Feature", "geometry": {"type": "Polygon", "coordinates": [[[-118.27948395548637, 33.946559517621004], [-118.27493109424977, 33.95003066248401], [-118.2761776947194, 33.95496249393553], [-118.28197752987471, 33.95642301721307], [-118.2865302812233, 33.95295172645603], [-118.28528330734481, 33.948020058327735], [-118.27948395548637, 33.946559517621004]]]}, "properties": {"light_n": 79, "light_t": 2, "light_top": 7, "crime_n": 85, "crime_t": 2, "crime_top": 5, "bv": "2-2", "crime_night_n": 39, "crime_night_t": 2, "crime_night_top": 5, "bv_night": "2-2", "nta": "Southeast", "boro": "Los Angeles"}}, {"type": "Feature", "geometry": {"type": "Polygon", "coordinates": [[[-118.24223136053065, 33.99258880832657], [-118.2376746672782, 33.99605848068241], [-118.23892035537828, 34.000989708331], [-118.24472311097645, 34.0024511008845], [-118.2492796950864, 33.99898128277575], [-118.2480336327809, 33.99405021787873], [-118.24223136053065, 33.99258880832657]]]}, "properties": {"light_n": 82, "light_t": 2, "light_top": 6, "crime_n": 56, "crime_t": 2, "crime_top": 11, "bv": "2-2", "crime_night_n": 18, "crime_night_t": 2, "crime_night_top": 17, "bv_night": "2-2", "nta": "Central Alameda", "boro": "Los Angeles"}}, {"type": "Feature", "geometry": {"type": "Polygon", "coordinates": [[[-118.26611222183877, 33.786099978933215], [-118.26156518238041, 33.78957211523224], [-118.2628094862542, 33.79450911035281], [-118.2686012021409, 33.795973805422726], [-118.27314813232489, 33.79250152245634], [-118.27190345593658, 33.7875646910996], [-118.26611222183877, 33.786099978933215]]]}, "properties": {"light_n": 29, "light_t": 2, "light_top": 26, "crime_n": 40, "crime_t": 2, "crime_top": 16, "bv": "2-2", "crime_night_n": 12, "crime_night_t": 2, "crime_night_top": 26, "bv_night": "2-2", "nta": "Harbor", "boro": "Los Angeles"}}, {"type": "Feature", "geometry": {"type": "Polygon", "coordinates": [[[-118.2492796950864, 33.99898128277575], [-118.24472311097645, 34.0024511008845], [-118.24596914025149, 34.00738197924462], [-118.25177212783251, 34.00884287670373], [-118.25632860262924, 34.005372912885136], [-118.25508219919841, 34.000442197329576], [-118.2492796950864, 33.99898128277575]]]}, "properties": {"light_n": 97, "light_t": 2, "light_top": 4, "crime_n": 64, "crime_t": 2, "crime_top": 9, "bv": "2-2", "crime_night_n": 24, "crime_night_t": 2, "crime_night_top": 11, "bv_night": "2-2", "nta": "Central Alameda", "boro": "Los Angeles"}}, {"type": "Feature", "geometry": {"type": "Polygon", "coordinates": [[[-118.24873847870147, 33.78170390809632], [-118.24419070680554, 33.7851755862097], [-118.24543429814837, 33.79011309035184], [-118.2512260341396, 33.79157875280202], [-118.25577369715822, 33.78810692796755], [-118.25452973310291, 33.78316958741621], [-118.24873847870147, 33.78170390809632]]]}, "properties": {"light_n": 63, "light_t": 2, "light_top": 11, "crime_n": 23, "crime_t": 2, "crime_top": 27, "bv": "2-2", "crime_night_n": 10, "crime_night_t": 2, "crime_night_top": 31, "bv_night": "2-2", "nta": "Wilmington", "boro": "Los Angeles"}}, {"type": "Feature", "geometry": {"type": "Polygon", "coordinates": [[[-118.17798628230263, 34.08259807723227], [-118.17342254535276, 34.086065091027976], [-118.17466677400033, 34.09099492941566], [-118.18047511528977, 34.09245759229261], [-118.18503874436654, 34.088990433035484], [-118.18379414006716, 34.08406075637521], [-118.17798628230263, 34.08259807723227]]]}, "properties": {"light_n": 32, "light_t": 2, "light_top": 24, "crime_n": 18, "crime_t": 2, "crime_top": 34, "bv": "2-2", "crime_night_n": 4, "crime_night_t": 1, "crime_night_top": 60, "bv_night": "1-2", "nta": "LA-32", "boro": "Los Angeles"}}, {"type": "Feature", "geometry": {"type": "Polygon", "coordinates": [[[-118.41907488187458, 34.175308614809005], [-118.41452004599097, 34.17878172166476], [-118.41577454599856, 34.1837034289913], [-118.42158425502961, 34.185151865488685], [-118.42613897743537, 34.18167861406833], [-118.42488410432854, 34.17675707072739], [-118.41907488187458, 34.175308614809005]]]}, "properties": {"light_n": 48, "light_t": 2, "light_top": 15, "crime_n": 13, "crime_t": 1, "crime_top": 42, "bv": "1-2", "crime_night_n": 3, "crime_night_t": 1, "crime_night_top": 69, "bv_night": "1-2", "nta": "Greater Valley Glen", "boro": "Los Angeles"}}, {"type": "Feature", "geometry": {"type": "Polygon", "coordinates": [[[-118.43413732597612, 34.23435721640357], [-118.42958087135774, 34.23783021592756], [-118.43083661262571, 34.242749740778926], [-118.43664918184828, 34.2441961021904], [-118.44120552252986, 34.240722958401875], [-118.43994940796632, 34.235803597478636], [-118.43413732597612, 34.23435721640357]]]}, "properties": {"light_n": 7, "light_t": 1, "light_top": 69, "crime_n": 2, "crime_t": 0, "crime_top": 87, "bv": "0-1", "crime_night_n": 1, "crime_night_t": 0, "crime_night_top": 100, "bv_night": "0-1", "nta": "Arleta", "boro": "Los Angeles"}}, {"type": "Feature", "geometry": {"type": "Polygon", "coordinates": [[[-118.39596098459197, 34.23406471454838], [-118.39140252054035, 34.23753662056491], [-118.39265679892155, 34.24245699161467], [-118.39846991519458, 34.24390529313944], [-118.40302826616815, 34.24043324277947], [-118.40177361398736, 34.235513035250385], [-118.39596098459197, 34.23406471454838]]]}, "properties": {"light_n": 6, "light_t": 0, "light_top": 72, "crime_n": 13, "crime_t": 1, "crime_top": 42, "bv": "1-0", "crime_night_n": 9, "crime_night_t": 2, "crime_night_top": 34, "bv_night": "2-0", "nta": "Foothill", "boro": "Los Angeles"}}, {"type": "Feature", "geometry": {"type": "Polygon", "coordinates": [[[-118.28496548249475, 34.05411697093147], [-118.2804085230983, 34.05758732282689], [-118.28165653429805, 34.062515726450144], [-118.28746187899125, 34.0639736152013], [-118.29201872816475, 34.06050311791903], [-118.29077034290833, 34.05557487728474], [-118.28496548249475, 34.05411697093147]]]}, "properties": {"light_n": 90, "light_t": 2, "light_top": 5, "crime_n": 172, "crime_t": 2, "crime_top": 1, "bv": "2-2", "crime_night_n": 77, "crime_night_t": 2, "crime_night_top": 1, "bv_night": "2-2", "nta": "Olympic", "boro": "Los Angeles"}}, {"type": "Feature", "geometry": {"type": "Polygon", "coordinates": [[[-118.42990421714849, 34.196442154902144], [-118.42534909020594, 34.19991537991695], [-118.42660424209603, 34.20483618802328], [-118.43241489406674, 34.20628360710366], [-118.43696990724511, 34.202810237642815], [-118.4357143822576, 34.19788959355983], [-118.42990421714849, 34.196442154902144]]]}, "properties": {"light_n": 71, "light_t": 2, "light_top": 8, "crime_n": 34, "crime_t": 2, "crime_top": 19, "bv": "2-2", "crime_night_n": 6, "crime_night_t": 1, "crime_night_top": 46, "bv_night": "1-2", "nta": "Van Nuys", "boro": "Los Angeles"}}, {"type": "Feature", "geometry": {"type": "Polygon", "coordinates": [[[-118.30612693640826, 34.0732728705061], [-118.30157030819383, 34.0767436584327], [-118.30281934362374, 34.081671009073546], [-118.30862538121508, 34.08312740865286], [-118.31318189869333, 34.079656475468795], [-118.31193248935676, 34.07472928797516], [-118.30612693640826, 34.0732728705061]]]}, "properties": {"light_n": 58, "light_t": 2, "light_top": 12, "crime_n": 54, "crime_t": 2, "crime_top": 12, "bv": "2-2", "crime_night_n": 33, "crime_night_t": 2, "crime_night_top": 7, "bv_night": "2-2", "nta": "Olympic", "boro": "Los Angeles"}}, {"type": "Feature", "geometry": {"type": "Polygon", "coordinates": [[[-118.41912904047757, 34.00470770646847], [-118.41458117066918, 34.00818233232338], [-118.41583375513152, 34.013109332327325], [-118.42163458140139, 34.01456154187159], [-118.42618233807747, 34.01108677066748], [-118.42492938165643, 34.00615993528047], [-118.41912904047757, 34.00470770646847]]]}, "properties": {"light_n": 26, "light_t": 2, "light_top": 29, "crime_n": 12, "crime_t": 1, "crime_top": 44, "bv": "1-2", "crime_night_n": 4, "crime_night_t": 1, "crime_night_top": 60, "bv_night": "1-2", "nta": "Mar Vista", "boro": "Los Angeles"}}, {"type": "Feature", "geometry": {"type": "Polygon", "coordinates": [[[-118.32023743289486, 34.08603923245335], [-118.31568102632392, 34.089510310851715], [-118.31693074464097, 34.09443695860081], [-118.32273724337581, 34.09589236471131], [-118.32729353886833, 34.09242114114184], [-118.3260434467448, 34.087494656645255], [-118.32023743289486, 34.08603923245335]]]}, "properties": {"light_n": 73, "light_t": 2, "light_top": 8, "crime_n": 71, "crime_t": 2, "crime_top": 8, "bv": "2-2", "crime_night_n": 26, "crime_night_t": 2, "crime_night_top": 10, "bv_night": "2-2", "nta": "Hollywood", "boro": "Los Angeles"}}, {"type": "Feature", "geometry": {"type": "Polygon", "coordinates": [[[-118.25534519800466, 33.76488450487872], [-118.25079845482728, 33.76835651220354], [-118.2520421119489, 33.773294379463216], [-118.25783288480214, 33.77476007568629], [-118.26237951898723, 33.77128792157412], [-118.26113548935135, 33.766350218038426], [-118.25534519800466, 33.76488450487872]]]}, "properties": {"light_n": 11, "light_t": 1, "light_top": 55, "crime_n": 3, "crime_t": 0, "crime_top": 80, "bv": "0-1", "crime_night_n": 0, "crime_night_t": 0, "crime_night_top": null, "bv_night": "0-1", "nta": "Wilmington", "boro": "Los Angeles"}}, {"type": "Feature", "geometry": {"type": "Polygon", "coordinates": [[[-118.24596914025149, 34.00738197924462], [-118.24141203966346, 34.01085162774857], [-118.2426580358716, 34.015782319376825], [-118.24846150696347, 34.01724319977538], [-118.25301849829616, 34.013773405593945], [-118.25177212783251, 34.00884287670373], [-118.24596914025149, 34.00738197924462]]]}, "properties": {"light_n": 69, "light_t": 2, "light_top": 9, "crime_n": 49, "crime_t": 2, "crime_top": 13, "bv": "2-2", "crime_night_n": 10, "crime_night_t": 2, "crime_night_top": 31, "bv_night": "2-2", "nta": "South Central", "boro": "Los Angeles"}}, {"type": "Feature", "geometry": {"type": "Polygon", "coordinates": [[[-118.232296696308, 34.01779043938834], [-118.22773845356052, 34.021259602339754], [-118.22898404216068, 34.02619026959318], [-118.2347882480531, 34.02765161135551], [-118.23934638183201, 34.02418230274835], [-118.23810041872724, 34.019251798046916], [-118.232296696308, 34.01779043938834]]]}, "properties": {"light_n": 17, "light_t": 1, "light_top": 41, "crime_n": 25, "crime_t": 2, "crime_top": 25, "bv": "2-1", "crime_night_n": 9, "crime_night_t": 2, "crime_night_top": 34, "bv_night": "2-1", "nta": "Newton", "boro": "Los Angeles"}}, {"type": "Feature", "geometry": {"type": "Polygon", "coordinates": [[[-118.31979453122025, 34.0628595358594], [-118.31523904793113, 34.06633080912722], [-118.31648848970114, 34.07125818463479], [-118.32229378845763, 34.07271412355394], [-118.3268491607244, 34.06924270500761], [-118.32559934529739, 34.06431549283288], [-118.31979453122025, 34.0628595358594]]]}, "properties": {"light_n": 120, "light_t": 2, "light_top": 3, "crime_n": 7, "crime_t": 1, "crime_top": 60, "bv": "1-2", "crime_night_n": 3, "crime_night_t": 1, "crime_night_top": 69, "bv_night": "1-2", "nta": "Greater Wilshire", "boro": "Los Angeles"}}, {"type": "Feature", "geometry": {"type": "Polygon", "coordinates": [[[-118.29532667512086, 34.052104209942634], [-118.29077034290833, 34.05557487728474], [-118.29201872816475, 34.06050311791903], [-118.29782381958091, 34.061960528115236], [-118.30238004134176, 34.058489715397215], [-118.30113128217842, 34.05356163787117], [-118.29532667512086, 34.052104209942634]]]}, "properties": {"light_n": 97, "light_t": 2, "light_top": 4, "crime_n": 115, "crime_t": 2, "crime_top": 3, "bv": "2-2", "crime_night_n": 36, "crime_night_t": 2, "crime_night_top": 6, "bv_night": "2-2", "nta": "Olympic", "boro": "Los Angeles"}}, {"type": "Feature", "geometry": {"type": "Polygon", "coordinates": [[[-118.39046453440653, 33.95599332530074], [-118.38591713367228, 33.959467557162036], [-118.38716807874846, 33.96439668090249], [-118.39296679661159, 33.965851408305866], [-118.39751408495346, 33.962377030812185], [-118.3962627678649, 33.95744807155966], [-118.39046453440653, 33.95599332530074]]]}, "properties": {"light_n": 11, "light_t": 1, "light_top": 55, "crime_n": 11, "crime_t": 1, "crime_top": 46, "bv": "1-1", "crime_night_n": 1, "crime_night_t": 0, "crime_night_top": 100, "bv_night": "0-1", "nta": "Westchester/Playa", "boro": "Los Angeles"}}, {"type": "Feature", "geometry": {"type": "Polygon", "coordinates": [[[-118.2592080634683, 33.97377705959036], [-118.25465302832302, 33.977247385138696], [-118.25589915658014, 33.98217882252443], [-118.26170069387958, 33.983639771369965], [-118.26625561953813, 33.98016930001445], [-118.26500911742417, 33.97523802563287], [-118.2592080634683, 33.97377705959036]]]}, "properties": {"light_n": 29, "light_t": 2, "light_top": 26, "crime_n": 32, "crime_t": 2, "crime_top": 19, "bv": "2-2", "crime_night_n": 7, "crime_night_t": 1, "crime_night_top": 42, "bv_night": "1-2", "nta": "CANNDU", "boro": "Los Angeles"}}, {"type": "Feature", "geometry": {"type": "Polygon", "coordinates": [[[-118.30392900645292, 33.95733089293155], [-118.29937699147443, 33.96080264324825], [-118.30062464678589, 33.965733613586146], [-118.30642469027596, 33.96719267007115], [-118.3109765947973, 33.963720773957746], [-118.30972856632594, 33.95878996716828], [-118.30392900645292, 33.95733089293155]]]}, "properties": {"light_n": 58, "light_t": 2, "light_top": 12, "crime_n": 75, "crime_t": 2, "crime_top": 7, "bv": "2-2", "crime_night_n": 19, "crime_night_t": 2, "crime_night_top": 16, "bv_night": "2-2", "nta": "77th Street", "boro": "Los Angeles"}}, {"type": "Feature", "geometry": {"type": "Polygon", "coordinates": [[[-118.29201872816475, 34.06050311791903], [-118.28746187899125, 34.0639736152013], [-118.28871023158757, 34.06890166801122], [-118.29451580740448, 34.07035906050941], [-118.29907254618398, 34.06688841788341], [-118.29782381958091, 34.061960528115236], [-118.29201872816475, 34.06050311791903]]]}, "properties": {"light_n": 46, "light_t": 2, "light_top": 17, "crime_n": 252, "crime_t": 2, "crime_top": 1, "bv": "2-2", "crime_night_n": 97, "crime_night_t": 2, "crime_night_top": 1, "bv_night": "2-2", "nta": "Olympic", "boro": "Los Angeles"}}, {"type": "Feature", "geometry": {"type": "Polygon", "coordinates": [[[-118.28165653429805, 34.062515726450144], [-118.27709905791978, 34.06598590808902], [-118.27834703635965, 34.07091412382142], [-118.28415286537455, 34.072371995004765], [-118.28871023158757, 34.06890166801122], [-118.28746187899125, 34.0639736152013], [-118.28165653429805, 34.062515726450144]]]}, "properties": {"light_n": 123, "light_t": 2, "light_top": 2, "crime_n": 66, "crime_t": 2, "crime_top": 9, "bv": "2-2", "crime_night_n": 22, "crime_night_t": 2, "crime_night_top": 13, "bv_night": "2-2", "nta": "Rampart Village", "boro": "Los Angeles"}}, {"type": "Feature", "geometry": {"type": "Polygon", "coordinates": [[[-118.30150198137424, 34.012117835951706], [-118.29694760570968, 34.015589035695754], [-118.29819578016277, 34.020518375853555], [-118.30399870387873, 34.021976352958056], [-118.3085529690322, 34.01850500766591], [-118.30730442102109, 34.01357583082959], [-118.30150198137424, 34.012117835951706]]]}, "properties": {"light_n": 97, "light_t": 2, "light_top": 4, "crime_n": 45, "crime_t": 2, "crime_top": 14, "bv": "2-2", "crime_night_n": 14, "crime_night_t": 2, "crime_night_top": 22, "bv_night": "2-2", "nta": "Empowerment Congress North", "boro": "Los Angeles"}}, {"type": "Feature", "geometry": {"type": "Polygon", "coordinates": [[[-118.25258970049107, 33.99058023039431], [-118.2480336327809, 33.99405021787873], [-118.2492796950864, 33.99898128277575], [-118.25508219919841, 34.000442197329576], [-118.2596381575375, 33.996972064102884], [-118.25839172117585, 33.99204116207694], [-118.25258970049107, 33.99058023039431]]]}, "properties": {"light_n": 85, "light_t": 2, "light_top": 6, "crime_n": 82, "crime_t": 2, "crime_top": 6, "bv": "2-2", "crime_night_n": 35, "crime_night_t": 2, "crime_night_top": 6, "bv_night": "2-2", "nta": "Newton", "boro": "Los Angeles"}}, {"type": "Feature", "geometry": {"type": "Polygon", "coordinates": [[[-118.21946490831341, 34.074574687268445], [-118.21490367308323, 34.07804297068931], [-118.21614940344172, 34.08297216144939], [-118.22195674412478, 34.084432906595005], [-118.22651787056404, 34.08096447775487], [-118.22527176515139, 34.076035449200724], [-118.21946490831341, 34.074574687268445]]]}, "properties": {"light_n": 56, "light_t": 2, "light_top": 13, "crime_n": 55, "crime_t": 2, "crime_top": 11, "bv": "2-2", "crime_night_n": 22, "crime_night_t": 2, "crime_night_top": 13, "bv_night": "2-2", "nta": "Lincoln Heights", "boro": "Los Angeles"}}, {"type": "Feature", "geometry": {"type": "Polygon", "coordinates": [[[-118.43930975462835, 34.31854913827266], [-118.43475012320458, 34.32202150560462], [-118.43600701329957, 34.326938258757544], [-118.44182390865167, 34.32838248091971], [-118.44638342584956, 34.324909969715975], [-118.44512616196204, 34.31999338023409], [-118.43930975462835, 34.31854913827266]]]}, "properties": {"light_n": 21, "light_t": 1, "light_top": 35, "crime_n": 2, "crime_t": 0, "crime_top": 87, "bv": "0-1", "crime_night_n": 0, "crime_night_t": 0, "crime_night_top": null, "bv_night": "0-1", "nta": "Sylmar", "boro": "Los Angeles"}}, {"type": "Feature", "geometry": {"type": "Polygon", "coordinates": [[[-118.20494152952635, 34.03860298472487], [-118.20038100273065, 34.04207117408222], [-118.2016257749586, 34.047001791243424], [-118.20743144902528, 34.04846405687992], [-118.21199186742669, 34.044995721910404], [-118.2107467201959, 34.04006526692889], [-118.20494152952635, 34.03860298472487]]]}, "properties": {"light_n": 100, "light_t": 2, "light_top": 4, "crime_n": 111, "crime_t": 2, "crime_top": 3, "bv": "2-2", "crime_night_n": 43, "crime_night_t": 2, "crime_night_top": 4, "bv_night": "2-2", "nta": "Hollenbeck", "boro": "Los Angeles"}}, {"type": "Feature", "geometry": {"type": "Polygon", "coordinates": [[[-118.26337808301565, 34.01176369833484], [-118.25882171770292, 34.01523380782026], [-118.26006842936876, 34.02016398705913], [-118.26587188044405, 34.021623893914345], [-118.27042813610197, 34.018153638805195], [-118.26918105037967, 34.01322362247683], [-118.26337808301565, 34.01176369833484]]]}, "properties": {"light_n": 48, "light_t": 2, "light_top": 15, "crime_n": 52, "crime_t": 2, "crime_top": 12, "bv": "2-2", "crime_night_n": 30, "crime_night_t": 2, "crime_night_top": 8, "bv_night": "2-2", "nta": "Newton", "boro": "Los Angeles"}}, {"type": "Feature", "geometry": {"type": "Polygon", "coordinates": [[[-118.27086070877881, 34.04134213716158], [-118.26630352944936, 34.04481219815405], [-118.26755085789647, 34.0497413028612], [-118.27335573986967, 34.05120018370485], [-118.27791280931812, 34.04772997723936], [-118.27666510671465, 34.04280103541551], [-118.27086070877881, 34.04134213716158]]]}, "properties": {"light_n": 141, "light_t": 2, "light_top": 1, "crime_n": 99, "crime_t": 2, "crime_top": 4, "bv": "2-2", "crime_night_n": 46, "crime_night_t": 2, "crime_night_top": 3, "bv_night": "2-2", "nta": "Pico Union", "boro": "Los Angeles"}}, {"type": "Feature", "geometry": {"type": "Polygon", "coordinates": [[[-118.40824909616825, 34.15417046512594], [-118.4036945517227, 34.157643453293666], [-118.40494840011812, 34.1625660584203], [-118.41075716610058, 34.16401551144365], [-118.41531159735437, 34.1605423785927], [-118.41405737585801, 34.15561993741384], [-118.40824909616825, 34.15417046512594]]]}, "properties": {"light_n": 57, "light_t": 2, "light_top": 12, "crime_n": 10, "crime_t": 1, "crime_top": 49, "bv": "1-2", "crime_night_n": 7, "crime_night_t": 1, "crime_night_top": 42, "bv_night": "1-2", "nta": "Valley Village", "boro": "Los Angeles"}}, {"type": "Feature", "geometry": {"type": "Polygon", "coordinates": [[[-118.19457556196755, 34.040608413095], [-118.19001441015543, 34.0440762857187], [-118.1912588072313, 34.0490070649399], [-118.19706473131157, 34.05046980948977], [-118.2016257749586, 34.047001791243424], [-118.20038100273065, 34.04207117408222], [-118.19457556196755, 34.040608413095]]]}, "properties": {"light_n": 93, "light_t": 2, "light_top": 5, "crime_n": 11, "crime_t": 1, "crime_top": 46, "bv": "1-2", "crime_night_n": 4, "crime_night_t": 1, "crime_night_top": 60, "bv_night": "1-2", "nta": "Boyle Heights", "boro": "Los Angeles"}}, {"type": "Feature", "geometry": {"type": "Polygon", "coordinates": [[[-118.27644987162783, 33.78409224354307], [-118.27190345593658, 33.7875646910996], [-118.27314813232489, 33.79250152245634], [-118.27893959681053, 33.79396574238514], [-118.28348590300024, 33.79049314817162], [-118.28224085424594, 33.78555648069847], [-118.27644987162783, 33.78409224354307]]]}, "properties": {"light_n": 16, "light_t": 1, "light_top": 43, "crime_n": 36, "crime_t": 2, "crime_top": 18, "bv": "2-1", "crime_night_n": 15, "crime_night_t": 2, "crime_night_top": 20, "bv_night": "2-1", "nta": "Harbor", "boro": "Los Angeles"}}, {"type": "Feature", "geometry": {"type": "Polygon", "coordinates": [[[-118.38421933977375, 34.16661103437099], [-118.37966301592776, 34.17008322083274], [-118.38091608582604, 34.17500596349828], [-118.38672585311308, 34.17645635607027], [-118.39128206428173, 34.17298402493379], [-118.39002862088124, 34.16806144591225], [-118.38421933977375, 34.16661103437099]]]}, "properties": {"light_n": 72, "light_t": 2, "light_top": 8, "crime_n": 12, "crime_t": 1, "crime_top": 44, "bv": "1-2", "crime_night_n": 5, "crime_night_t": 1, "crime_night_top": 51, "bv_night": "1-2", "nta": "NoHo", "boro": "Los Angeles"}}, {"type": "Feature", "geometry": {"type": "Polygon", "coordinates": [[[-118.25504079657033, 33.93578141741498], [-118.25048709087763, 33.939251956401236], [-118.25173263621132, 33.944184647908195], [-118.25753226093526, 33.94564663734347], [-118.26208585730915, 33.942175952366135], [-118.26083993831809, 33.93724342395686], [-118.25504079657033, 33.93578141741498]]]}, "properties": {"light_n": 122, "light_t": 2, "light_top": 2, "crime_n": 48, "crime_t": 2, "crime_top": 13, "bv": "2-2", "crime_night_n": 15, "crime_night_t": 2, "crime_night_top": 20, "bv_night": "2-2", "nta": "Empowerment Congress Southeast", "boro": "Los Angeles"}}, {"type": "Feature", "geometry": {"type": "Polygon", "coordinates": [[[-118.2761776947194, 33.95496249393553], [-118.27162431749468, 33.958433470765485], [-118.27287088521544, 33.963365116722244], [-118.27867120370955, 33.964825622604586], [-118.28322447110388, 33.961354499913114], [-118.28197752987471, 33.95642301721307], [-118.2761776947194, 33.95496249393553]]]}, "properties": {"light_n": 151, "light_t": 2, "light_top": 1, "crime_n": 162, "crime_t": 2, "crime_top": 1, "bv": "2-2", "crime_night_n": 64, "crime_night_t": 2, "crime_night_top": 2, "bv_night": "2-2", "nta": "Empowerment Congress Southeast", "boro": "Los Angeles"}}, {"type": "Feature", "geometry": {"type": "Polygon", "coordinates": [[[-118.59613154616642, 34.1870791749407], [-118.59158563740854, 34.190557229309476], [-118.59284702200021, 34.195474663454284], [-118.59865468621558, 34.196913877410466], [-118.60320047750164, 34.19343567889849], [-118.60193872208502, 34.18851841058558], [-118.59613154616642, 34.1870791749407]]]}, "properties": {"light_n": 19, "light_t": 1, "light_top": 38, "crime_n": 33, "crime_t": 2, "crime_top": 19, "bv": "2-1", "crime_night_n": 11, "crime_night_t": 2, "crime_night_top": 28, "bv_night": "2-1", "nta": "Topanga", "boro": "Los Angeles"}}, {"type": "Feature", "geometry": {"type": "Polygon", "coordinates": [[[-118.26869963169565, 33.92536883687667], [-118.26414706698924, 33.92883985756046], [-118.26539301881917, 33.93377257101163], [-118.2711919088045, 33.93523410050743], [-118.27574436390628, 33.93176293381051], [-118.27449803866757, 33.92683038364316], [-118.26869963169565, 33.92536883687667]]]}, "properties": {"light_n": 51, "light_t": 2, "light_top": 14, "crime_n": 108, "crime_t": 2, "crime_top": 3, "bv": "2-2", "crime_night_n": 36, "crime_night_t": 2, "crime_night_top": 6, "bv_night": "2-2", "nta": "Southeast", "boro": "Los Angeles"}}, {"type": "Feature", "geometry": {"type": "Polygon", "coordinates": [[[-118.32265665848671, 34.03127681306815], [-118.31810261486805, 34.03474844932678], [-118.31935181260053, 34.03967673842429], [-118.3251554273999, 34.04113322779574], [-118.32970935999481, 34.03766144611878], [-118.32845978885443, 34.03273332050093], [-118.32265665848671, 34.03127681306815]]]}, "properties": {"light_n": 73, "light_t": 2, "light_top": 8, "crime_n": 31, "crime_t": 2, "crime_top": 20, "bv": "2-2", "crime_night_n": 10, "crime_night_t": 2, "crime_night_top": 31, "bv_night": "2-2", "nta": "United Neighborhoods", "boro": "Los Angeles"}}, {"type": "Feature", "geometry": {"type": "Polygon", "coordinates": [[[-118.26668718724312, 34.00336305337631], [-118.26213133844585, 34.0068333323022], [-118.26337808301565, 34.01176369833484], [-118.26918105037967, 34.01322362247683], [-118.27373678946434, 34.00975319789484], [-118.2724896709378, 34.00482299483923], [-118.26668718724312, 34.00336305337631]]]}, "properties": {"light_n": 104, "light_t": 2, "light_top": 3, "crime_n": 82, "crime_t": 2, "crime_top": 6, "bv": "2-2", "crime_night_n": 33, "crime_night_t": 2, "crime_night_top": 7, "bv_night": "2-2", "nta": "Zapata-King", "boro": "Los Angeles"}}, {"type": "Feature", "geometry": {"type": "Polygon", "coordinates": [[[-118.4506326458854, 34.19238915676762], [-118.44607878316357, 34.19586301238253], [-118.44733468109757, 34.20078349232374], [-118.45314481458952, 34.202229952402035], [-118.45769856309005, 34.198755952364905], [-118.45644229236062, 34.19383563668386], [-118.4506326458854, 34.19238915676762]]]}, "properties": {"light_n": 47, "light_t": 2, "light_top": 16, "crime_n": 51, "crime_t": 2, "crime_top": 12, "bv": "2-2", "crime_night_n": 22, "crime_night_t": 2, "crime_night_top": 13, "bv_night": "2-2", "nta": "Van Nuys", "boro": "Los Angeles"}}, {"type": "Feature", "geometry": {"type": "Polygon", "coordinates": [[[-118.4021073345957, 34.194121750227964], [-118.397550831123, 34.19759419929537], [-118.39880489454004, 34.202515689530344], [-118.40461583492043, 34.20396456697595], [-118.40917222525813, 34.200491973395515], [-118.40791778839103, 34.19557064689474], [-118.4021073345957, 34.194121750227964]]]}, "properties": {"light_n": 7, "light_t": 1, "light_top": 69, "crime_n": 28, "crime_t": 2, "crime_top": 22, "bv": "2-1", "crime_night_n": 8, "crime_night_t": 1, "crime_night_top": 37, "bv_night": "1-1", "nta": "N Hollywood", "boro": "Los Angeles"}}, {"type": "Feature", "geometry": {"type": "Polygon", "coordinates": [[[-118.35042180672106, 34.0336284844599], [-118.34586913031902, 34.037100894767256], [-118.347119415737, 34.04202850596573], [-118.35292275065535, 34.04348354309855], [-118.3574753154062, 34.04001098743847], [-118.35622465693021, 34.03508354001049], [-118.35042180672106, 34.0336284844599]]]}, "properties": {"light_n": 90, "light_t": 2, "light_top": 5, "crime_n": 31, "crime_t": 2, "crime_top": 20, "bv": "2-2", "crime_night_n": 13, "crime_night_t": 2, "crime_night_top": 24, "bv_night": "2-2", "nta": "Mid City", "boro": "Los Angeles"}}, {"type": "Feature", "geometry": {"type": "Polygon", "coordinates": [[[-118.45628697595066, 34.299741048607366], [-118.4517290166511, 34.30321407941129], [-118.4529863431094, 34.308131055092566], [-118.4588020023485, 34.30957483606013], [-118.46335984707892, 34.30610166133415], [-118.46210214718018, 34.30118484957489], [-118.45628697595066, 34.299741048607366]]]}, "properties": {"light_n": 42, "light_t": 2, "light_top": 19, "crime_n": 2, "crime_t": 0, "crime_top": 87, "bv": "0-2", "crime_night_n": 0, "crime_night_t": 0, "crime_night_top": null, "bv_night": "0-2", "nta": "Sylmar", "boro": "Los Angeles"}}, {"type": "Feature", "geometry": {"type": "Polygon", "coordinates": [[[-118.31318189869333, 34.079656475468795], [-118.30862538121508, 34.08312740865286], [-118.30987475808188, 34.08805440793812], [-118.31568102632392, 34.089510310851715], [-118.32023743289486, 34.08603923245335], [-118.31898768217145, 34.08111239636797], [-118.31318189869333, 34.079656475468795]]]}, "properties": {"light_n": 42, "light_t": 2, "light_top": 19, "crime_n": 26, "crime_t": 2, "crime_top": 24, "bv": "2-2", "crime_night_n": 12, "crime_night_t": 2, "crime_night_top": 26, "bv_night": "2-2", "nta": "Greater Wilshire", "boro": "Los Angeles"}}, {"type": "Feature", "geometry": {"type": "Polygon", "coordinates": [[[-118.20246300313804, 34.09337600751623], [-118.19790010768014, 34.0968436298882], [-118.19914539580694, 34.101772605438306], [-118.20495395483549, 34.10323379667546], [-118.20951674184839, 34.0997660289379], [-118.208271078318, 34.09483721534113], [-118.20246300313804, 34.09337600751623]]]}, "properties": {"light_n": 18, "light_t": 1, "light_top": 39, "crime_n": 22, "crime_t": 2, "crime_top": 28, "bv": "2-1", "crime_night_n": 9, "crime_night_t": 2, "crime_night_top": 34, "bv_night": "2-1", "nta": "Northeast", "boro": "Los Angeles"}}, {"type": "Feature", "geometry": {"type": "Polygon", "coordinates": [[[-118.49585167416961, 34.19903257795743], [-118.49129993930782, 34.20250766663611], [-118.49255763814992, 34.207426943301726], [-118.49836744413415, 34.20887096658209], [-118.50291906374625, 34.205395733604625], [-118.50166099266453, 34.200476621657735], [-118.49585167416961, 34.19903257795743]]]}, "properties": {"light_n": 17, "light_t": 1, "light_top": 41, "crime_n": 7, "crime_t": 1, "crime_top": 60, "bv": "1-1", "crime_night_n": 2, "crime_night_t": 0, "crime_night_top": 82, "bv_night": "0-1", "nta": "Lake Balboa", "boro": "Los Angeles"}}, {"type": "Feature", "geometry": {"type": "Polygon", "coordinates": [[[-118.36769757006813, 34.20858206190786], [-118.36313865542263, 34.21205339011833], [-118.36439156556003, 34.21697517987512], [-118.37020376438592, 34.21842547812188], [-118.37476256664061, 34.21495400539508], [-118.3735092825008, 34.21003237895011], [-118.36769757006813, 34.20858206190786]]]}, "properties": {"light_n": 44, "light_t": 2, "light_top": 18, "crime_n": 29, "crime_t": 2, "crime_top": 21, "bv": "2-2", "crime_night_n": 17, "crime_night_t": 2, "crime_night_top": 18, "bv_night": "2-2", "nta": "Sun Valley Area", "boro": "Los Angeles"}}, {"type": "Feature", "geometry": {"type": "Polygon", "coordinates": [[[-118.22898404216068, 34.02619026959318], [-118.22442528275838, 34.02965926228499], [-118.22567083811889, 34.03458974235021], [-118.23147552752624, 34.03605106725047], [-118.23603417801797, 34.03258192893528], [-118.2347882480531, 34.02765161135551], [-118.22898404216068, 34.02619026959318]]]}, "properties": {"light_n": 10, "light_t": 1, "light_top": 58, "crime_n": 23, "crime_t": 2, "crime_top": 27, "bv": "2-1", "crime_night_n": 10, "crime_night_t": 2, "crime_night_top": 31, "bv_night": "2-1", "nta": "Newton", "boro": "Los Angeles"}}, {"type": "Feature", "geometry": {"type": "Polygon", "coordinates": [[[-118.2227798627217, 34.06617685336089], [-118.2182191445958, 34.069645308218476], [-118.21946490831341, 34.074574687268445], [-118.22527176515139, 34.076035449200724], [-118.2298323744282, 34.072566848891675], [-118.22858623575635, 34.067637632114135], [-118.2227798627217, 34.06617685336089]]]}, "properties": {"light_n": 54, "light_t": 2, "light_top": 13, "crime_n": 33, "crime_t": 2, "crime_top": 19, "bv": "2-2", "crime_night_n": 4, "crime_night_t": 1, "crime_night_top": 60, "bv_night": "1-2", "nta": "Lincoln Heights", "boro": "Los Angeles"}}, {"type": "Feature", "geometry": {"type": "Polygon", "coordinates": [[[-118.19540983977464, 34.08698513938457], [-118.19084683604294, 34.09045261634829], [-118.19209178224902, 34.09538194254402], [-118.19790010768014, 34.0968436298882], [-118.20246300313804, 34.09337600751623], [-118.20121768147888, 34.088446843220716], [-118.19540983977464, 34.08698513938457]]]}, "properties": {"light_n": 12, "light_t": 1, "light_top": 52, "crime_n": 3, "crime_t": 0, "crime_top": 80, "bv": "0-1", "crime_night_n": 2, "crime_night_t": 0, "crime_night_top": 82, "bv_night": "0-1", "nta": "Arroyo Seco", "boro": "Los Angeles"}}, {"type": "Feature", "geometry": {"type": "Polygon", "coordinates": [[[-118.46051403774673, 33.99661213531948], [-118.4559686875679, 34.000088009371154], [-118.45722275896408, 34.00501435019497], [-118.46302255193743, 34.00646465188749], [-118.46756778807446, 34.00298863253286], [-118.46631334532039, 33.99806245680079], [-118.46051403774673, 33.99661213531948]]]}, "properties": {"light_n": 23, "light_t": 2, "light_top": 32, "crime_n": 29, "crime_t": 2, "crime_top": 21, "bv": "2-2", "crime_night_n": 4, "crime_night_t": 1, "crime_night_top": 60, "bv_night": "1-2", "nta": "Pacific", "boro": "Los Angeles"}}, {"type": "Feature", "geometry": {"type": "Polygon", "coordinates": [[[-118.34426426837068, 34.07360811134375], [-118.33970963581088, 34.07707999011233], [-118.34096013379757, 34.08200649944066], [-118.34676563779104, 34.08346096645553], [-118.35132015875779, 34.079988942506134], [-118.35006928736452, 34.0750625967349], [-118.34426426837068, 34.07360811134375]]]}, "properties": {"light_n": 124, "light_t": 2, "light_top": 2, "crime_n": 20, "crime_t": 2, "crime_top": 31, "bv": "2-2", "crime_night_n": 6, "crime_night_t": 1, "crime_night_top": 46, "bv_night": "1-2", "nta": "Greater Wilshire", "boro": "Los Angeles"}}, {"type": "Feature", "geometry": {"type": "Polygon", "coordinates": [[[-118.3715840432104, 34.05277345098422], [-118.36703170227483, 34.05624629721956], [-118.36828301083017, 34.0611728548722], [-118.37408703326844, 34.06262640237371], [-118.3786392620399, 34.05915341091592], [-118.3773875805776, 34.05422701719127], [-118.3715840432104, 34.05277345098422]]]}, "properties": {"light_n": 27, "light_t": 2, "light_top": 28, "crime_n": 18, "crime_t": 2, "crime_top": 34, "bv": "2-2", "crime_night_n": 3, "crime_night_t": 1, "crime_night_top": 69, "bv_night": "1-2", "nta": "P.I.C.O.", "boro": "Los Angeles"}}, {"type": "Feature", "geometry": {"type": "Polygon", "coordinates": [[[-118.44026887719289, 34.194416053140664], [-118.4357143822576, 34.19788959355983], [-118.43696990724511, 34.202810237642815], [-118.44278030015504, 34.20425717717707], [-118.44733468109757, 34.20078349232374], [-118.44607878316357, 34.19586301238253], [-118.44026887719289, 34.194416053140664]]]}, "properties": {"light_n": 34, "light_t": 2, "light_top": 22, "crime_n": 23, "crime_t": 2, "crime_top": 27, "bv": "2-2", "crime_night_n": 9, "crime_night_t": 2, "crime_night_top": 34, "bv_night": "2-2", "nta": "Van Nuys", "boro": "Los Angeles"}}, {"type": "Feature", "geometry": {"type": "Polygon", "coordinates": [[[-118.26625561953813, 33.98016930001445], [-118.26170069387958, 33.983639771369965], [-118.26294716313555, 33.98857085967128], [-118.26874893189749, 33.99003131357221], [-118.27330374789868, 33.98656069645266], [-118.27205690483555, 33.981629771208475], [-118.26625561953813, 33.98016930001445]]]}, "properties": {"light_n": 117, "light_t": 2, "light_top": 3, "crime_n": 54, "crime_t": 2, "crime_top": 12, "bv": "2-2", "crime_night_n": 22, "crime_night_t": 2, "crime_night_top": 13, "bv_night": "2-2", "nta": "CANNDU", "boro": "Los Angeles"}}, {"type": "Feature", "geometry": {"type": "Polygon", "coordinates": [[[-118.43980084510275, 34.17125788824396], [-118.43524727248112, 34.1747316253537], [-118.43650251853641, 34.1796530045905], [-118.44231171005154, 34.18110048250715], [-118.44686516873836, 34.177626600856435], [-118.44560954988549, 34.17270538584223], [-118.43980084510275, 34.17125788824396]]]}, "properties": {"light_n": 6, "light_t": 0, "light_top": 72, "crime_n": 16, "crime_t": 1, "crime_top": 36, "bv": "1-0", "crime_night_n": 7, "crime_night_t": 1, "crime_night_top": 42, "bv_night": "1-0", "nta": "Van Nuys", "boro": "Los Angeles"}}, {"type": "Feature", "geometry": {"type": "Polygon", "coordinates": [[[-118.28827388106475, 34.04571785768885], [-118.28371743857156, 34.04918837961192], [-118.28496548249475, 34.05411697093147], [-118.29077034290833, 34.05557487728474], [-118.29532667512086, 34.052104209942634], [-118.29407825724078, 34.047175781678554], [-118.28827388106475, 34.04571785768885]]]}, "properties": {"light_n": 83, "light_t": 2, "light_top": 6, "crime_n": 99, "crime_t": 2, "crime_top": 4, "bv": "2-2", "crime_night_n": 39, "crime_night_t": 2, "crime_night_top": 5, "bv_night": "2-2", "nta": "Olympic", "boro": "Los Angeles"}}, {"type": "Feature", "geometry": {"type": "Polygon", "coordinates": [[[-118.2455418162474, 33.98418755257051], [-118.24098563933686, 33.987657394269576], [-118.24223136053065, 33.99258880832657], [-118.2480336327809, 33.99405021787873], [-118.25258970049107, 33.99058023039431], [-118.25134360519156, 33.98564897915538], [-118.2455418162474, 33.98418755257051]]]}, "properties": {"light_n": 67, "light_t": 2, "light_top": 10, "crime_n": 29, "crime_t": 2, "crime_top": 21, "bv": "2-2", "crime_night_n": 5, "crime_night_t": 1, "crime_night_top": 51, "bv_night": "1-2", "nta": "Central Alameda", "boro": "Los Angeles"}}, {"type": "Feature", "geometry": {"type": "Polygon", "coordinates": [[[-118.44639585055697, 34.154466575279955], [-118.44184331375324, 34.15794065264421], [-118.44309862240449, 34.16286241166638], [-118.44890684049787, 34.164309928981005], [-118.45345926325318, 34.16083570701236], [-118.45220358200412, 34.155914112345656], [-118.44639585055697, 34.154466575279955]]]}, "properties": {"light_n": 21, "light_t": 1, "light_top": 35, "crime_n": 9, "crime_t": 1, "crime_top": 53, "bv": "1-1", "crime_night_n": 2, "crime_night_t": 0, "crime_night_top": 82, "bv_night": "0-1", "nta": "Sherman Oaks", "boro": "Los Angeles"}}, {"type": "Feature", "geometry": {"type": "Polygon", "coordinates": [[[-118.33720894891322, 34.06722643192105], [-118.33265420493146, 34.070698165465515], [-118.33390436163167, 34.07562502630733], [-118.33970963581088, 34.07707999011233], [-118.34426426837068, 34.07360811134375], [-118.34301373821363, 34.06868141400649], [-118.33720894891322, 34.06722643192105]]]}, "properties": {"light_n": 165, "light_t": 2, "light_top": 1, "crime_n": 10, "crime_t": 1, "crime_top": 49, "bv": "1-2", "crime_night_n": 1, "crime_night_t": 0, "crime_night_top": 100, "bv_night": "0-2", "nta": "Greater Wilshire", "boro": "Los Angeles"}}, {"type": "Feature", "geometry": {"type": "Polygon", "coordinates": [[[-118.33961924750798, 34.012460150150886], [-118.33506686490007, 34.01593243817654], [-118.33631650050789, 34.020860937681555], [-118.34211889182275, 34.022316985441364], [-118.34667116306397, 34.01884455194395], [-118.34542115439736, 34.01391621617071], [-118.33961924750798, 34.012460150150886]]]}, "properties": {"light_n": 39, "light_t": 2, "light_top": 20, "crime_n": 25, "crime_t": 2, "crime_top": 25, "bv": "2-2", "crime_night_n": 7, "crime_night_t": 1, "crime_night_top": 42, "bv_night": "1-2", "nta": "Empowerment Congress West", "boro": "Los Angeles"}}, {"type": "Feature", "geometry": {"type": "Polygon", "coordinates": [[[-118.3700956029771, 34.15386249782614], [-118.36553905429103, 34.15733439480852], [-118.36679144078317, 34.16225784447911], [-118.37260074960531, 34.16370923364014], [-118.37715718595707, 34.160237191896414], [-118.37590442586152, 34.15531390576523], [-118.3700956029771, 34.15386249782614]]]}, "properties": {"light_n": 133, "light_t": 2, "light_top": 2, "crime_n": 49, "crime_t": 2, "crime_top": 13, "bv": "2-2", "crime_night_n": 22, "crime_night_t": 2, "crime_night_top": 13, "bv_night": "2-2", "nta": "NoHo", "boro": "Los Angeles"}}, {"type": "Feature", "geometry": {"type": "Polygon", "coordinates": [[[-118.55471275362315, 34.19522778865149], [-118.5501643046643, 34.198704591160265], [-118.55142420444032, 34.20362268745462], [-118.5572329246472, 34.20506381589169], [-118.56178125704469, 34.20158686918956], [-118.56052098583746, 34.19666893825579], [-118.55471275362315, 34.19522778865149]]]}, "properties": {"light_n": 24, "light_t": 2, "light_top": 31, "crime_n": 16, "crime_t": 1, "crime_top": 36, "bv": "1-2", "crime_night_n": 7, "crime_night_t": 1, "crime_night_top": 42, "bv_night": "1-2", "nta": "Reseda", "boro": "Los Angeles"}}, {"type": "Feature", "geometry": {"type": "Polygon", "coordinates": [[[-118.4897414516771, 34.2389701826633], [-118.48518775829778, 34.24244473320715], [-118.48644567535209, 34.247362890122744], [-118.49225765841464, 34.24880633200174], [-118.4968112365987, 34.24533163732872], [-118.49555294695627, 34.240413644918014], [-118.4897414516771, 34.2389701826633]]]}, "properties": {"light_n": 18, "light_t": 1, "light_top": 39, "crime_n": 2, "crime_t": 0, "crime_top": 87, "bv": "0-1", "crime_night_n": 1, "crime_night_t": 0, "crime_night_top": 100, "bv_night": "0-1", "nta": "North Hills West", "boro": "Los Angeles"}}, {"type": "Feature", "geometry": {"type": "Polygon", "coordinates": [[[-118.29488902978393, 34.02891855972621], [-118.29033362086194, 34.03238942101774], [-118.29158173012286, 34.03731838714589], [-118.2973856221034, 34.03877632880628], [-118.30194092062942, 34.03530532203122], [-118.30069243761113, 34.030376519091554], [-118.29488902978393, 34.02891855972621]]]}, "properties": {"light_n": 95, "light_t": 2, "light_top": 5, "crime_n": 60, "crime_t": 2, "crime_top": 10, "bv": "2-2", "crime_night_n": 26, "crime_night_t": 2, "crime_night_top": 10, "bv_night": "2-2", "nta": "Empowerment Congress North", "boro": "Los Angeles"}}, {"type": "Feature", "geometry": {"type": "Polygon", "coordinates": [[[-118.29158173012286, 34.03731838714589], [-118.2870258044545, 34.04078907886766], [-118.28827388106475, 34.04571785768885], [-118.29407825724078, 34.047175781678554], [-118.29863407257078, 34.04370494450551], [-118.2973856221034, 34.03877632880628], [-118.29158173012286, 34.03731838714589]]]}, "properties": {"light_n": 65, "light_t": 2, "light_top": 10, "crime_n": 64, "crime_t": 2, "crime_top": 9, "bv": "2-2", "crime_night_n": 33, "crime_night_t": 2, "crime_night_top": 7, "bv_night": "2-2", "nta": "Pico Union", "boro": "Los Angeles"}}, {"type": "Feature", "geometry": {"type": "Polygon", "coordinates": [[[-118.54337711405255, 34.15095666751611], [-118.53882987007619, 34.154433543373734], [-118.54008883731183, 34.15935327506012], [-118.54589541985135, 34.16079596549596], [-118.55044254761286, 34.15731894521825], [-118.54918320909042, 34.15239937893689], [-118.54337711405255, 34.15095666751611]]]}, "properties": {"light_n": 5, "light_t": 0, "light_top": 76, "crime_n": 0, "crime_t": 0, "crime_top": null, "bv": "0-0", "crime_night_n": 0, "crime_night_t": 0, "crime_night_top": null, "bv_night": "0-0", "nta": "Tarzana", "boro": "Los Angeles"}}, {"type": "Feature", "geometry": {"type": "Polygon", "coordinates": [[[-118.28365945421541, 33.98454974103379], [-118.2791052643805, 33.988020672659815], [-118.28035244840635, 33.992951248585086], [-118.28615419591536, 33.99441072966709], [-118.29070827569386, 33.99093965233094], [-118.28946071806001, 33.98600923963515], [-118.28365945421541, 33.98454974103379]]]}, "properties": {"light_n": 73, "light_t": 2, "light_top": 8, "crime_n": 109, "crime_t": 2, "crime_top": 3, "bv": "2-2", "crime_night_n": 51, "crime_night_t": 2, "crime_night_top": 3, "bv_night": "2-2", "nta": "77th Street", "boro": "Los Angeles"}}, {"type": "Feature", "geometry": {"type": "Polygon", "coordinates": [[[-118.27574436390628, 33.93176293381051], [-118.2711919088045, 33.93523410050743], [-118.27243820130381, 33.94016646569944], [-118.27823732230418, 33.941627500869984], [-118.28278966763091, 33.9381561882032], [-118.2815430017725, 33.93322398634798], [-118.27574436390628, 33.93176293381051]]]}, "properties": {"light_n": 42, "light_t": 2, "light_top": 19, "crime_n": 114, "crime_t": 2, "crime_top": 3, "bv": "2-2", "crime_night_n": 49, "crime_night_t": 2, "crime_night_top": 3, "bv_night": "2-2", "nta": "Southeast", "boro": "Los Angeles"}}, {"type": "Feature", "geometry": {"type": "Polygon", "coordinates": [[[-118.47937600192236, 34.24100079125762], [-118.47482167493575, 34.24447502648121], [-118.47607921925055, 34.24939334778351], [-118.48189146333219, 34.25083726948769], [-118.48644567535209, 34.247362890122744], [-118.48518775829778, 34.24244473320715], [-118.47937600192236, 34.24100079125762]]]}, "properties": {"light_n": 10, "light_t": 1, "light_top": 58, "crime_n": 1, "crime_t": 0, "crime_top": 100, "bv": "0-1", "crime_night_n": 1, "crime_night_t": 0, "crime_night_top": 100, "bv_night": "0-1", "nta": "North Hills West", "boro": "Los Angeles"}}, {"type": "Feature", "geometry": {"type": "Polygon", "coordinates": [[[-118.16388308620333, 34.06981082802113], [-118.15931913402059, 34.073277550766186], [-118.16056267879799, 34.078208089432806], [-118.1663705515487, 34.07967174374584], [-118.17093439620054, 34.07620487545418], [-118.16969047567277, 34.07127449840847], [-118.16388308620333, 34.06981082802113]]]}, "properties": {"light_n": 57, "light_t": 2, "light_top": 12, "crime_n": 13, "crime_t": 1, "crime_top": 42, "bv": "1-2", "crime_night_n": 8, "crime_night_t": 1, "crime_night_top": 37, "bv_night": "1-2", "nta": "LA-32", "boro": "Los Angeles"}}, {"type": "Feature", "geometry": {"type": "Polygon", "coordinates": [[[-118.37670227814365, 34.137070723001045], [-118.37214676499524, 34.14054296155757], [-118.37339921539217, 34.14546679052596], [-118.3792075523816, 34.14691821727776], [-118.3837629530812, 34.14344583389627], [-118.3825101292807, 34.13852216860016], [-118.37670227814365, 34.137070723001045]]]}, "properties": {"light_n": 52, "light_t": 2, "light_top": 14, "crime_n": 3, "crime_t": 0, "crime_top": 80, "bv": "0-2", "crime_night_n": 2, "crime_night_t": 0, "crime_night_top": 82, "bv_night": "0-2", "nta": "Studio City", "boro": "Los Angeles"}}, {"type": "Feature", "geometry": {"type": "Polygon", "coordinates": [[[-118.46241353009283, 34.25981505198547], [-118.45785753225314, 34.26328862830698], [-118.4591146414131, 34.268206730247066], [-118.46492812154452, 34.26965109174209], [-118.46948400475969, 34.266177371329846], [-118.46822652250869, 34.26125943352551], [-118.46241353009283, 34.25981505198547]]]}, "properties": {"light_n": 8, "light_t": 1, "light_top": 65, "crime_n": 10, "crime_t": 1, "crime_top": 49, "bv": "1-1", "crime_night_n": 5, "crime_night_t": 1, "crime_night_top": 51, "bv_night": "1-1", "nta": "Mission", "boro": "Los Angeles"}}, {"type": "Feature", "geometry": {"type": "Polygon", "coordinates": [[[-118.46099552266297, 34.19036146608186], [-118.45644229236062, 34.19383563668386], [-118.45769856309005, 34.198755952364905], [-118.46350843680693, 34.20020193307758], [-118.46806155265959, 34.19672761806531], [-118.46680490928571, 34.1918074667628], [-118.46099552266297, 34.19036146608186]]]}, "properties": {"light_n": 58, "light_t": 2, "light_top": 12, "crime_n": 19, "crime_t": 2, "crime_top": 33, "bv": "2-2", "crime_night_n": 9, "crime_night_t": 2, "crime_night_top": 34, "bv_night": "2-2", "nta": "Van Nuys", "boro": "Los Angeles"}}, {"type": "Feature", "geometry": {"type": "Polygon", "coordinates": [[[-118.37761228199697, 34.18340053123773], [-118.3730549220683, 34.18687237508422], [-118.37430792817122, 34.19179473716719], [-118.3801186679456, 34.19324509190481], [-118.38467591531145, 34.18977310344704], [-118.38342253550628, 34.18485090487518], [-118.37761228199697, 34.18340053123773]]]}, "properties": {"light_n": 79, "light_t": 2, "light_top": 7, "crime_n": 8, "crime_t": 1, "crime_top": 57, "bv": "1-2", "crime_night_n": 1, "crime_night_t": 0, "crime_night_top": 100, "bv_night": "0-2", "nta": "North Hollywood Northeast", "boro": "Los Angeles"}}, {"type": "Feature", "geometry": {"type": "Polygon", "coordinates": [[[-118.3048076335331, 34.00371694044455], [-118.30025377437957, 34.00718830907131], [-118.30150198137424, 34.012117835951706], [-118.30730442102109, 34.01357583082959], [-118.311858169606, 34.01010431662238], [-118.31060958915296, 34.005174953129966], [-118.3048076335331, 34.00371694044455]]]}, "properties": {"light_n": 38, "light_t": 2, "light_top": 20, "crime_n": 59, "crime_t": 2, "crime_top": 10, "bv": "2-2", "crime_night_n": 19, "crime_night_t": 2, "crime_night_top": 16, "bv_night": "2-2", "nta": "Southwest", "boro": "Los Angeles"}}, {"type": "Feature", "geometry": {"type": "Polygon", "coordinates": [[[-118.17425380319922, 34.06780745792558], [-118.16969047567277, 34.07127449840847], [-118.17093439620054, 34.07620487545418], [-118.17674201989607, 34.07766805028865], [-118.18130523966202, 34.074200864269514], [-118.18006094353314, 34.069270648964505], [-118.17425380319922, 34.06780745792558]]]}, "properties": {"light_n": 109, "light_t": 2, "light_top": 3, "crime_n": 9, "crime_t": 1, "crime_top": 53, "bv": "1-2", "crime_night_n": 5, "crime_night_t": 1, "crime_night_top": 51, "bv_night": "1-2", "nta": "LA-32", "boro": "Los Angeles"}}, {"type": "Feature", "geometry": {"type": "Polygon", "coordinates": [[[-118.50765810582342, 34.26644404889443], [-118.50310423973535, 34.26991886042181], [-118.5043631514287, 34.27483575676233], [-118.51017630178487, 34.27627767699402], [-118.51473005221835, 34.272802721499765], [-118.5134707679911, 34.267885989752834], [-118.50765810582342, 34.26644404889443]]]}, "properties": {"light_n": 56, "light_t": 2, "light_top": 13, "crime_n": 1, "crime_t": 0, "crime_top": 100, "bv": "0-2", "crime_night_n": 0, "crime_night_t": 0, "crime_night_top": null, "bv_night": "0-2", "nta": "Granada Hills South", "boro": "Los Angeles"}}, {"type": "Feature", "geometry": {"type": "Polygon", "coordinates": [[[-118.3255171278678, 33.99968880832669], [-118.32096452303895, 34.003160805278696], [-118.32221347680074, 34.00809000526385], [-118.3280154085907, 34.00954704468277], [-118.33256790239447, 34.006074902172266], [-118.33131857547363, 34.00114586581357], [-118.3255171278678, 33.99968880832669]]]}, "properties": {"light_n": 46, "light_t": 2, "light_top": 17, "crime_n": 36, "crime_t": 2, "crime_top": 18, "bv": "2-2", "crime_night_n": 15, "crime_night_t": 2, "crime_night_top": 20, "bv_night": "2-2", "nta": "Empowerment Congress West", "boro": "Los Angeles"}}, {"type": "Feature", "geometry": {"type": "Polygon", "coordinates": [[[-118.22736560392394, 34.12732678448698], [-118.22280262568088, 34.13079481561667], [-118.22404924831375, 34.1357221973237], [-118.22985922453536, 34.13718138581447], [-118.23442209370666, 34.13371320952219], [-118.23317509576847, 34.12878598991407], [-118.22736560392394, 34.12732678448698]]]}, "properties": {"light_n": 2, "light_t": 0, "light_top": 92, "crime_n": 4, "crime_t": 0, "crime_top": 74, "bv": "0-0", "crime_night_n": 2, "crime_night_t": 0, "crime_night_top": 82, "bv_night": "0-0", "nta": "Northeast", "boro": "Los Angeles"}}, {"type": "Feature", "geometry": {"type": "Polygon", "coordinates": [[[-118.26424045726127, 34.058140110734065], [-118.25968224412104, 34.06160983111337], [-118.26092950675842, 34.06653856035659], [-118.26673535693237, 34.0679974064825], [-118.27129346030728, 34.064527540694606], [-118.27004582331388, 34.05959897420169], [-118.26424045726127, 34.058140110734065]]]}, "properties": {"light_n": 159, "light_t": 2, "light_top": 1, "crime_n": 93, "crime_t": 2, "crime_top": 5, "bv": "2-2", "crime_night_n": 30, "crime_night_t": 2, "crime_night_top": 8, "bv_night": "2-2", "nta": "Echo Park", "boro": "Los Angeles"}}, {"type": "Feature", "geometry": {"type": "Polygon", "coordinates": [[[-118.28409461707679, 34.00774190456937], [-118.27953950442817, 34.011212644040484], [-118.28078696405744, 34.01614249733889], [-118.28658991013309, 34.017601448029126], [-118.29114491266985, 34.014130562955835], [-118.28989707928311, 34.00920087280676], [-118.28409461707679, 34.00774190456937]]]}, "properties": {"light_n": 59, "light_t": 2, "light_top": 12, "crime_n": 70, "crime_t": 2, "crime_top": 8, "bv": "2-2", "crime_night_n": 35, "crime_night_t": 2, "crime_night_top": 6, "bv_night": "2-2", "nta": "Southwest", "boro": "Los Angeles"}}, {"type": "Feature", "geometry": {"type": "Polygon", "coordinates": [[[-118.4567554869125, 34.15243972056071], [-118.45220358200412, 34.155914112345656], [-118.45345926325318, 34.16083570701236], [-118.45926722189816, 34.16228274543243], [-118.46381901252985, 34.15880820905499], [-118.46256295883384, 34.15388677886215], [-118.4567554869125, 34.15243972056071]]]}, "properties": {"light_n": 18, "light_t": 1, "light_top": 39, "crime_n": 24, "crime_t": 2, "crime_top": 26, "bv": "2-1", "crime_night_n": 6, "crime_night_t": 1, "crime_night_top": 46, "bv_night": "1-1", "nta": "Van Nuys", "boro": "Los Angeles"}}, {"type": "Feature", "geometry": {"type": "Polygon", "coordinates": [[[-118.3945843140699, 34.16458894377909], [-118.39002862088124, 34.16806144591225], [-118.39128206428173, 34.17298402493379], [-118.39709157426303, 34.17443393807169], [-118.40164715454563, 34.17096129127539], [-118.40039333779357, 34.16603887601654], [-118.3945843140699, 34.16458894377909]]]}, "properties": {"light_n": 45, "light_t": 2, "light_top": 17, "crime_n": 26, "crime_t": 2, "crime_top": 24, "bv": "2-2", "crime_night_n": 10, "crime_night_t": 2, "crime_night_top": 31, "bv_night": "2-2", "nta": "Valley Village", "boro": "Los Angeles"}}, {"type": "Feature", "geometry": {"type": "Polygon", "coordinates": [[[-118.38853770736027, 34.033953681734076], [-118.38398702913351, 34.03742717874672], [-118.3852387741572, 34.0423539471179], [-118.39104157000568, 34.043807054308786], [-118.39559213572619, 34.040333412020736], [-118.39434001814489, 34.03540680782939], [-118.38853770736027, 34.033953681734076]]]}, "properties": {"light_n": 30, "light_t": 2, "light_top": 26, "crime_n": 17, "crime_t": 1, "crime_top": 35, "bv": "1-2", "crime_night_n": 2, "crime_night_t": 0, "crime_night_top": 82, "bv_night": "0-2", "nta": "South Robertson", "boro": "Los Angeles"}}, {"type": "Feature", "geometry": {"type": "Polygon", "coordinates": [[[-118.19499261461698, 34.063798327391275], [-118.19043053703268, 34.067266002728665], [-118.19167520861338, 34.07219605617323], [-118.19748233312114, 34.07365827231265], [-118.20204430248602, 34.07019045145989], [-118.20079925560276, 34.065260559995444], [-118.19499261461698, 34.063798327391275]]]}, "properties": {"light_n": 37, "light_t": 2, "light_top": 20, "crime_n": 19, "crime_t": 2, "crime_top": 33, "bv": "2-2", "crime_night_n": 8, "crime_night_t": 1, "crime_night_top": 37, "bv_night": "1-2", "nta": "Lincoln Heights", "boro": "Los Angeles"}}, {"type": "Feature", "geometry": {"type": "Polygon", "coordinates": [[[-118.26251642127013, 33.96537494201642], [-118.25796190228998, 33.96884543625294], [-118.2592080634683, 33.97377705959036], [-118.26500911742417, 33.97523802563287], [-118.26956352685987, 33.97176738555668], [-118.26831699192432, 33.96683592528992], [-118.26251642127013, 33.96537494201642]]]}, "properties": {"light_n": 50, "light_t": 2, "light_top": 15, "crime_n": 80, "crime_t": 2, "crime_top": 6, "bv": "2-2", "crime_night_n": 18, "crime_night_t": 2, "crime_night_top": 17, "bv_night": "2-2", "nta": "77th Street", "boro": "Los Angeles"}}, {"type": "Feature", "geometry": {"type": "Polygon", "coordinates": [[[-118.29401428152102, 33.982537993710125], [-118.28946071806001, 33.98600923963515], [-118.29070827569386, 33.99093965233094], [-118.29650977028753, 33.99239865576506], [-118.30106322346384, 33.988927264140706], [-118.29981529237142, 33.98399701479379], [-118.29401428152102, 33.982537993710125]]]}, "properties": {"light_n": 104, "light_t": 2, "light_top": 3, "crime_n": 121, "crime_t": 2, "crime_top": 2, "bv": "2-2", "crime_night_n": 23, "crime_night_t": 2, "crime_night_top": 12, "bv_night": "2-2", "nta": "77th Street", "boro": "Los Angeles"}}, {"type": "Feature", "geometry": {"type": "Polygon", "coordinates": [[[-118.3753386828958, 34.06755260848331], [-118.3707859371186, 34.07102543096511], [-118.37203755487477, 34.075951449265204], [-118.37784229140479, 34.07740448118176], [-118.38239492490395, 34.07393151355305], [-118.38114293419156, 34.06900565916689], [-118.3753386828958, 34.06755260848331]]]}, "properties": {"light_n": 39, "light_t": 2, "light_top": 20, "crime_n": 46, "crime_t": 2, "crime_top": 14, "bv": "2-2", "crime_night_n": 19, "crime_night_t": 2, "crime_night_top": 16, "bv_night": "2-2", "nta": "Wilshire", "boro": "Los Angeles"}}, {"type": "Feature", "geometry": {"type": "Polygon", "coordinates": [[[-118.61077318922874, 34.222935463644006], [-118.60622659676349, 34.22641361290236], [-118.60748894515977, 34.2313295971835], [-118.61329825693072, 34.232767266365215], [-118.61784473152045, 34.229288973159], [-118.61658201225559, 34.22437315473098], [-118.61077318922874, 34.222935463644006]]]}, "properties": {"light_n": 16, "light_t": 1, "light_top": 43, "crime_n": 6, "crime_t": 1, "crime_top": 65, "bv": "1-1", "crime_night_n": 3, "crime_night_t": 1, "crime_night_top": 69, "bv_night": "1-1", "nta": "West Hills", "boro": "Los Angeles"}}, {"type": "Feature", "geometry": {"type": "Polygon", "coordinates": [[[-118.36498142956663, 34.069571902134754], [-118.36042805465506, 34.07304441025349], [-118.36167929930484, 34.07797059234862], [-118.367484292013, 34.0794241025422], [-118.37203755487477, 34.075951449265204], [-118.3707859371186, 34.07102543096511], [-118.36498142956663, 34.069571902134754]]]}, "properties": {"light_n": 43, "light_t": 2, "light_top": 18, "crime_n": 27, "crime_t": 2, "crime_top": 23, "bv": "2-2", "crime_night_n": 9, "crime_night_t": 2, "crime_night_top": 34, "bv_night": "2-2", "nta": "Mid-City West", "boro": "Los Angeles"}}, {"type": "Feature", "geometry": {"type": "Polygon", "coordinates": [[[-118.31693074464097, 34.09443695860081], [-118.31237382079993, 34.09790786658199], [-118.31362350667429, 34.10283432580046], [-118.31943049033637, 34.10428971386399], [-118.32398730315649, 34.10081866074374], [-118.32273724337581, 34.09589236471131], [-118.31693074464097, 34.09443695860081]]]}, "properties": {"light_n": 102, "light_t": 2, "light_top": 4, "crime_n": 63, "crime_t": 2, "crime_top": 9, "bv": "2-2", "crime_night_n": 23, "crime_night_t": 2, "crime_night_top": 12, "bv_night": "2-2", "nta": "Hollywood Studio District", "boro": "Los Angeles"}}, {"type": "Feature", "geometry": {"type": "Polygon", "coordinates": [[[-118.2298323744282, 34.072566848891675], [-118.22527176515139, 34.076035449200724], [-118.22651787056404, 34.08096447775487], [-118.23232496019834, 34.08242474368684], [-118.23688546045496, 34.07895599796916], [-118.2356389801377, 34.074027131740486], [-118.2298323744282, 34.072566848891675]]]}, "properties": {"light_n": 4, "light_t": 0, "light_top": 81, "crime_n": 7, "crime_t": 1, "crime_top": 60, "bv": "1-0", "crime_night_n": 3, "crime_night_t": 1, "crime_night_top": 69, "bv_night": "1-0", "nta": "Central", "boro": "Los Angeles"}}, {"type": "Feature", "geometry": {"type": "Polygon", "coordinates": [[[-118.30656706775176, 34.09645198161957], [-118.30200951576991, 34.09992257380465], [-118.30325882758794, 34.10484919609003], [-118.30906606548453, 34.106305063135714], [-118.31362350667429, 34.10283432580046], [-118.31237382079993, 34.09790786658199], [-118.30656706775176, 34.09645198161957]]]}, "properties": {"light_n": 110, "light_t": 2, "light_top": 3, "crime_n": 157, "crime_t": 2, "crime_top": 2, "bv": "2-2", "crime_night_n": 50, "crime_night_t": 2, "crime_night_top": 3, "bv_night": "2-2", "nta": "Hollywood", "boro": "Los Angeles"}}, {"type": "Feature", "geometry": {"type": "Polygon", "coordinates": [[[-118.20452252442283, 34.01541030728796], [-118.19996292275535, 34.018878692460646], [-118.20120742044855, 34.02381003384514], [-118.207011894702, 34.02527282780968], [-118.21157138802961, 34.0218042969173], [-118.21032651548384, 34.01687311779241], [-118.20452252442283, 34.01541030728796]]]}, "properties": {"light_n": 86, "light_t": 2, "light_top": 6, "crime_n": 26, "crime_t": 2, "crime_top": 24, "bv": "2-2", "crime_night_n": 9, "crime_night_t": 2, "crime_night_top": 34, "bv_night": "2-2", "nta": "Boyle Heights", "boro": "Los Angeles"}}, {"type": "Feature", "geometry": {"type": "Polygon", "coordinates": [[[-118.26841524294521, 34.09610716281692], [-118.26385569785496, 34.09957666114103], [-118.26510354489075, 34.10450412336508], [-118.2709113116131, 34.10596192462085], [-118.2754707467694, 34.10249228107053], [-118.27422252517762, 34.09756498150298], [-118.26841524294521, 34.09610716281692]]]}, "properties": {"light_n": 22, "light_t": 2, "light_top": 33, "crime_n": 4, "crime_t": 0, "crime_top": 74, "bv": "0-2", "crime_night_n": 0, "crime_night_t": 0, "crime_night_top": null, "bv_night": "0-2", "nta": "Silver Lake", "boro": "Los Angeles"}}, {"type": "Feature", "geometry": {"type": "Polygon", "coordinates": [[[-118.34516040899594, 34.11995867287775], [-118.34060393026603, 34.12343016115605], [-118.34185498232863, 34.12835521191461], [-118.34766288686694, 34.12980861101088], [-118.35221925389087, 34.126336977766336], [-118.35096782812296, 34.12141209040401], [-118.34516040899594, 34.11995867287775]]]}, "properties": {"light_n": 24, "light_t": 2, "light_top": 31, "crime_n": 3, "crime_t": 0, "crime_top": 80, "bv": "0-2", "crime_night_n": 2, "crime_night_t": 0, "crime_night_top": 82, "bv_night": "0-2", "nta": "Hollywood Hills West", "boro": "Los Angeles"}}, {"type": "Feature", "geometry": {"type": "Polygon", "coordinates": [[[-118.3606331451106, 34.20220926539501], [-118.35607411824601, 34.20568044904594], [-118.35732668635525, 34.21060259303124], [-118.36313865542263, 34.21205339011833], [-118.36769757006813, 34.20858206190786], [-118.36644462790589, 34.2036600811821], [-118.3606331451106, 34.20220926539501]]]}, "properties": {"light_n": 10, "light_t": 1, "light_top": 58, "crime_n": 2, "crime_t": 0, "crime_top": 87, "bv": "0-1", "crime_night_n": 0, "crime_night_t": 0, "crime_night_top": null, "bv_night": "0-1", "nta": "Sun Valley Area", "boro": "Los Angeles"}}, {"type": "Feature", "geometry": {"type": "Polygon", "coordinates": [[[-118.23509402537184, 33.79211846579198], [-118.23054511585389, 33.79558966707643], [-118.23178830129292, 33.800527152769675], [-118.23758076924997, 33.801993273786344], [-118.24212957017559, 33.79852192580364], [-118.2408860117765, 33.793584603514766], [-118.23509402537184, 33.79211846579198]]]}, "properties": {"light_n": 3, "light_t": 0, "light_top": 86, "crime_n": 3, "crime_t": 0, "crime_top": 80, "bv": "0-0", "crime_night_n": 1, "crime_night_t": 0, "crime_night_top": 100, "bv_night": "0-0", "nta": "Wilmington", "boro": "Los Angeles"}}, {"type": "Feature", "geometry": {"type": "Polygon", "coordinates": [[[-118.31472129684138, 33.978512124530994], [-118.31016898675043, 33.98198399843143], [-118.31141729115194, 33.98691408431013], [-118.31721827884422, 33.988372132713096], [-118.32177047819418, 33.98490011313509], [-118.32052180063312, 33.97997019084391], [-118.31472129684138, 33.978512124530994]]]}, "properties": {"light_n": 54, "light_t": 2, "light_top": 13, "crime_n": 28, "crime_t": 2, "crime_top": 22, "bv": "2-2", "crime_night_n": 14, "crime_night_t": 2, "crime_night_top": 22, "bv_night": "2-2", "nta": "Empowerment Congress Central", "boro": "Los Angeles"}}, {"type": "Feature", "geometry": {"type": "Polygon", "coordinates": [[[-118.460523244514, 34.16720398596229], [-118.45597093597866, 34.17067835249173], [-118.4572269274782, 34.1755994031649], [-118.46303560004945, 34.177045922861375], [-118.46758779419329, 34.17357141181478], [-118.46633143019801, 34.16865052560103], [-118.460523244514, 34.16720398596229]]]}, "properties": {"light_n": 40, "light_t": 2, "light_top": 19, "crime_n": 10, "crime_t": 1, "crime_top": 49, "bv": "1-2", "crime_night_n": 3, "crime_night_t": 1, "crime_night_top": 69, "bv_night": "1-2", "nta": "Van Nuys", "boro": "Los Angeles"}}, {"type": "Feature", "geometry": {"type": "Polygon", "coordinates": [[[-118.39412580348187, 34.14142408288494], [-118.38957103316726, 34.14489678155597], [-118.39082419848637, 34.14982009364197], [-118.39663250736308, 34.15127054322582], [-118.40118716482887, 34.14779769978474], [-118.39993362630733, 34.14287455154208], [-118.39412580348187, 34.14142408288494]]]}, "properties": {"light_n": 103, "light_t": 2, "light_top": 4, "crime_n": 24, "crime_t": 2, "crime_top": 26, "bv": "2-2", "crime_night_n": 13, "crime_night_t": 2, "crime_night_top": 24, "bv_night": "2-2", "nta": "Studio City", "boro": "Los Angeles"}}, {"type": "Feature", "geometry": {"type": "Polygon", "coordinates": [[[-118.30194092062942, 34.03530532203122], [-118.2973856221034, 34.03877632880628], [-118.29863407257078, 34.04370494450551], [-118.30443819531189, 34.045162390200666], [-118.30899338327102, 34.04169123798527], [-118.30774455909621, 34.036762785527294], [-118.30194092062942, 34.03530532203122]]]}, "properties": {"light_n": 41, "light_t": 2, "light_top": 19, "crime_n": 35, "crime_t": 2, "crime_top": 18, "bv": "2-2", "crime_night_n": 13, "crime_night_t": 2, "crime_night_top": 24, "bv_night": "2-2", "nta": "United Neighborhoods", "boro": "Los Angeles"}}, {"type": "Feature", "geometry": {"type": "Polygon", "coordinates": [[[-118.41820344119726, 33.95833536499232], [-118.41365741035261, 33.96181036630527], [-118.4149094396147, 33.966738810947376], [-118.42070787142396, 33.96819208951048], [-118.42525378925095, 33.964716942631526], [-118.42400138832667, 33.9597886627676], [-118.41820344119726, 33.95833536499232]]]}, "properties": {"light_n": 18, "light_t": 1, "light_top": 39, "crime_n": 10, "crime_t": 1, "crime_top": 49, "bv": "1-1", "crime_night_n": 2, "crime_night_t": 0, "crime_night_top": 82, "bv_night": "0-1", "nta": "Westchester/Playa", "boro": "Los Angeles"}}, {"type": "Feature", "geometry": {"type": "Polygon", "coordinates": [[[-118.35792587453008, 34.063191506556485], [-118.35337238773978, 34.066663869473565], [-118.3546232912037, 34.071590403187244], [-118.36042805465506, 34.07304441025349], [-118.36498142956663, 34.069571902134754], [-118.36373015294596, 34.064645532163645], [-118.35792587453008, 34.063191506556485]]]}, "properties": {"light_n": 25, "light_t": 2, "light_top": 30, "crime_n": 28, "crime_t": 2, "crime_top": 22, "bv": "2-2", "crime_night_n": 9, "crime_night_t": 2, "crime_night_top": 34, "bv_night": "2-2", "nta": "Wilshire", "boro": "Los Angeles"}}, {"type": "Feature", "geometry": {"type": "Polygon", "coordinates": [[[-118.4054092247896, 34.18572744906095], [-118.4008532394903, 34.18920006941688], [-118.4021073345957, 34.194121750227964], [-118.40791778839103, 34.19557064689474], [-118.41247366049821, 34.19209788199416], [-118.41121919204274, 34.18717636498368], [-118.4054092247896, 34.18572744906095]]]}, "properties": {"light_n": 43, "light_t": 2, "light_top": 18, "crime_n": 25, "crime_t": 2, "crime_top": 25, "bv": "2-2", "crime_night_n": 10, "crime_night_t": 2, "crime_night_top": 31, "bv_night": "2-2", "nta": "Greater Valley Glen", "boro": "Los Angeles"}}, {"type": "Feature", "geometry": {"type": "Polygon", "coordinates": [[[-118.38467591531145, 34.18977310344704], [-118.3801186679456, 34.19324509190481], [-118.38137201589859, 34.1981670999613], [-118.38718298490959, 34.19961695600889], [-118.391740119541, 34.19614482298308], [-118.3904863979364, 34.19122297848996], [-118.38467591531145, 34.18977310344704]]]}, "properties": {"light_n": 32, "light_t": 2, "light_top": 24, "crime_n": 18, "crime_t": 2, "crime_top": 34, "bv": "2-2", "crime_night_n": 10, "crime_night_t": 2, "crime_night_top": 31, "bv_night": "2-2", "nta": "North Hollywood Northeast", "boro": "Los Angeles"}}, {"type": "Feature", "geometry": {"type": "Polygon", "coordinates": [[[-118.23399666253593, 34.11053487353862], [-118.22943471939925, 34.11400324933607], [-118.23068140862631, 34.118931009750966], [-118.23649041613562, 34.12039023214886], [-118.24105225008418, 34.11692171112476], [-118.23980518575186, 34.111994112941765], [-118.23399666253593, 34.11053487353862]]]}, "properties": {"light_n": 19, "light_t": 1, "light_top": 38, "crime_n": 11, "crime_t": 1, "crime_top": 46, "bv": "1-1", "crime_night_n": 2, "crime_night_t": 0, "crime_night_top": 82, "bv_night": "0-1", "nta": "Glassell Park", "boro": "Los Angeles"}}, {"type": "Feature", "geometry": {"type": "Polygon", "coordinates": [[[-118.28783771087859, 34.02253095138909], [-118.28328219173154, 34.02600166715393], [-118.28452995979941, 34.03093098352994], [-118.29033362086194, 34.03238942101774], [-118.29488902978393, 34.02891855972621], [-118.29364088790875, 34.02398940648584], [-118.28783771087859, 34.02253095138909]]]}, "properties": {"light_n": 28, "light_t": 2, "light_top": 27, "crime_n": 48, "crime_t": 2, "crime_top": 13, "bv": "2-2", "crime_night_n": 22, "crime_night_t": 2, "crime_night_top": 13, "bv_night": "2-2", "nta": "Southwest", "boro": "Los Angeles"}}, {"type": "Feature", "geometry": {"type": "Polygon", "coordinates": [[[-118.3607767049255, 34.031610815699736], [-118.35622465693021, 34.03508354001049], [-118.3574753154062, 34.04001098743847], [-118.3632783948259, 34.04146554667839], [-118.36783033094187, 34.03799267702611], [-118.36657929955783, 34.03306539348765], [-118.3607767049255, 34.031610815699736]]]}, "properties": {"light_n": 95, "light_t": 2, "light_top": 5, "crime_n": 25, "crime_t": 2, "crime_top": 25, "bv": "2-2", "crime_night_n": 6, "crime_night_t": 1, "crime_night_top": 46, "bv_night": "1-2", "nta": "Mid City", "boro": "Los Angeles"}}, {"type": "Feature", "geometry": {"type": "Polygon", "coordinates": [[[-118.28452995979941, 34.03093098352994], [-118.27997392396367, 34.034401529757304], [-118.28122165931755, 34.039330658954604], [-118.2870258044545, 34.04078907886766], [-118.29158173012286, 34.03731838714589], [-118.29033362086194, 34.03238942101774], [-118.28452995979941, 34.03093098352994]]]}, "properties": {"light_n": 117, "light_t": 2, "light_top": 3, "crime_n": 51, "crime_t": 2, "crime_top": 12, "bv": "2-2", "crime_night_n": 21, "crime_night_t": 2, "crime_night_top": 13, "bv_night": "2-2", "nta": "Empowerment Congress North", "boro": "Los Angeles"}}, {"type": "Feature", "geometry": {"type": "Polygon", "coordinates": [[[-118.33040933826258, 34.254582734196944], [-118.32584656971666, 34.25805256254555], [-118.32709856972481, 34.262973720158854], [-118.33291371312437, 34.264424886693675], [-118.33747637002608, 34.260954913963424], [-118.33622399521306, 34.2560339190923], [-118.33040933826258, 34.254582734196944]]]}, "properties": {"light_n": 12, "light_t": 1, "light_top": 52, "crime_n": 0, "crime_t": 0, "crime_top": null, "bv": "0-1", "crime_night_n": 0, "crime_night_t": 0, "crime_night_top": null, "bv_night": "0-1", "nta": "Foothills Trails District", "boro": "Los Angeles"}}, {"type": "Feature", "geometry": {"type": "Polygon", "coordinates": [[[-118.46146799622824, 34.213515808410094], [-118.45691384378631, 34.21698978200119], [-118.45817039386908, 34.22190936122845], [-118.46398146922766, 34.22335480257918], [-118.46853550716165, 34.21988068468452], [-118.4672785842857, 34.21496126975488], [-118.46146799622824, 34.213515808410094]]]}, "properties": {"light_n": 32, "light_t": 2, "light_top": 24, "crime_n": 28, "crime_t": 2, "crime_top": 22, "bv": "2-2", "crime_night_n": 11, "crime_night_t": 2, "crime_night_top": 28, "bv_night": "2-2", "nta": "Panorama City", "boro": "Los Angeles"}}, {"type": "Feature", "geometry": {"type": "Polygon", "coordinates": [[[-118.52363922900133, 34.201330934017], [-118.51908887703615, 34.204806795434145], [-118.52034766160973, 34.209725387102424], [-118.52615717007477, 34.211167952359034], [-118.53070740616228, 34.207691946711364], [-118.52944824970317, 34.20277352004973], [-118.52363922900133, 34.201330934017]]]}, "properties": {"light_n": 12, "light_t": 1, "light_top": 52, "crime_n": 5, "crime_t": 1, "crime_top": 69, "bv": "1-1", "crime_night_n": 1, "crime_night_t": 0, "crime_night_top": 100, "bv_night": "0-1", "nta": "Reseda", "boro": "Los Angeles"}}, {"type": "Feature", "geometry": {"type": "Polygon", "coordinates": [[[-118.4228390966843, 34.190073218579975], [-118.41828385614932, 34.19354629910528], [-118.41953866631565, 34.1984674617533], [-118.42534909020594, 34.19991537991695], [-118.42990421714849, 34.196442154902144], [-118.42864903383379, 34.191521156225406], [-118.4228390966843, 34.190073218579975]]]}, "properties": {"light_n": 12, "light_t": 1, "light_top": 52, "crime_n": 16, "crime_t": 1, "crime_top": 36, "bv": "1-1", "crime_night_n": 7, "crime_night_t": 1, "crime_night_top": 42, "bv_night": "1-1", "nta": "N Hollywood", "boro": "Los Angeles"}}, {"type": "Feature", "geometry": {"type": "Polygon", "coordinates": [[[-118.46709495339833, 33.9798066492675], [-118.46255063578376, 33.98328285547651], [-118.46380476918655, 33.98820956820238], [-118.46960359140347, 33.98965990950669], [-118.47414779486346, 33.98618355793019], [-118.47289329030157, 33.98125701042897], [-118.46709495339833, 33.9798066492675]]]}, "properties": {"light_n": 43, "light_t": 2, "light_top": 18, "crime_n": 65, "crime_t": 2, "crime_top": 9, "bv": "2-2", "crime_night_n": 17, "crime_night_t": 2, "crime_night_top": 18, "bv_night": "2-2", "nta": "Pacific", "boro": "Los Angeles"}}, {"type": "Feature", "geometry": {"type": "Polygon", "coordinates": [[[-118.37113071893974, 34.02959235538144], [-118.36657929955783, 34.03306539348765], [-118.36783033094187, 34.03799267702611], [-118.37363315450627, 34.039446758462105], [-118.37818446178082, 34.035973575025636], [-118.37693305763872, 34.031046455495634], [-118.37113071893974, 34.02959235538144]]]}, "properties": {"light_n": 72, "light_t": 2, "light_top": 8, "crime_n": 29, "crime_t": 2, "crime_top": 21, "bv": "2-2", "crime_night_n": 11, "crime_night_t": 2, "crime_night_top": 28, "bv_night": "2-2", "nta": "Mid City", "boro": "Los Angeles"}}, {"type": "Feature", "geometry": {"type": "Polygon", "coordinates": [[[-118.45440105415808, 34.20715007751839], [-118.44984678738001, 34.21062390676235], [-118.45110299575161, 34.215543841120514], [-118.45691384378631, 34.21698978200119], [-118.46146799622824, 34.213515808410094], [-118.4602114150123, 34.20859603829763], [-118.45440105415808, 34.20715007751839]]]}, "properties": {"light_n": 21, "light_t": 1, "light_top": 35, "crime_n": 14, "crime_t": 1, "crime_top": 40, "bv": "1-1", "crime_night_n": 5, "crime_night_t": 1, "crime_night_top": 51, "bv_night": "1-1", "nta": "Van Nuys", "boro": "Los Angeles"}}, {"type": "Feature", "geometry": {"type": "Polygon", "coordinates": [[[-118.58348786173337, 34.2438019474855], [-118.57893896024572, 34.24727913141397], [-118.58020050651334, 34.2521950646245], [-118.5860113256814, 34.2536336484336], [-118.59056010986072, 34.250156320594535], [-118.58929819222115, 34.245240552869056], [-118.58348786173337, 34.2438019474855]]]}, "properties": {"light_n": 31, "light_t": 2, "light_top": 25, "crime_n": 16, "crime_t": 1, "crime_top": 36, "bv": "1-2", "crime_night_n": 9, "crime_night_t": 2, "crime_night_top": 34, "bv_night": "2-2", "nta": "Chatsworth", "boro": "Los Angeles"}}, {"type": "Feature", "geometry": {"type": "Polygon", "coordinates": [[[-118.32398730315649, 34.10081866074374], [-118.31943049033637, 34.10428971386399], [-118.32068051773786, 34.10921582123797], [-118.32648773185598, 34.11067071226532], [-118.33104443348395, 34.107199514049206], [-118.32979403222636, 34.102273569913855], [-118.32398730315649, 34.10081866074374]]]}, "properties": {"light_n": 92, "light_t": 2, "light_top": 5, "crime_n": 137, "crime_t": 2, "crime_top": 2, "bv": "2-2", "crime_night_n": 52, "crime_night_t": 2, "crime_night_top": 2, "bv_night": "2-2", "nta": "Hollywood", "boro": "Los Angeles"}}, {"type": "Feature", "geometry": {"type": "Polygon", "coordinates": [[[-118.2364597312414, 34.05577051319852], [-118.23190015605451, 34.059239455758735], [-118.23314632794903, 34.06416886056507], [-118.23895244977552, 34.06562916036502], [-118.24351191582605, 34.06216007233179], [-118.2422653692267, 34.05723082998393], [-118.2364597312414, 34.05577051319852]]]}, "properties": {"light_n": 128, "light_t": 2, "light_top": 2, "crime_n": 311, "crime_t": 2, "crime_top": 0, "bv": "2-2", "crime_night_n": 116, "crime_night_t": 2, "crime_night_top": 1, "bv_night": "2-2", "nta": "Central", "boro": "Los Angeles"}}, {"type": "Feature", "geometry": {"type": "Polygon", "coordinates": [[[-118.41623768621398, 34.20686134316636], [-118.41168140918296, 34.21033408121644], [-118.41293615626388, 34.21525486239726], [-118.41874755376479, 34.21670274170176], [-118.42330371731738, 34.21322985922539], [-118.4220485968881, 34.208309241883015], [-118.41623768621398, 34.20686134316636]]]}, "properties": {"light_n": 36, "light_t": 2, "light_top": 21, "crime_n": 3, "crime_t": 0, "crime_top": 80, "bv": "0-2", "crime_night_n": 0, "crime_night_t": 0, "crime_night_top": null, "bv_night": "0-2", "nta": "North Hollywood West", "boro": "Los Angeles"}}, {"type": "Feature", "geometry": {"type": "Polygon", "coordinates": [[[-118.58020050651334, 34.2521950646245], [-118.5756510863795, 34.2556720786572], [-118.57691260262523, 34.26058782036619], [-118.58272391051754, 34.262026382635916], [-118.58727321339904, 34.25854922472392], [-118.5860113256814, 34.2536336484336], [-118.58020050651334, 34.2521950646245]]]}, "properties": {"light_n": 27, "light_t": 2, "light_top": 28, "crime_n": 9, "crime_t": 1, "crime_top": 53, "bv": "1-2", "crime_night_n": 2, "crime_night_t": 0, "crime_night_top": 82, "bv_night": "0-2", "nta": "Chatsworth", "boro": "Los Angeles"}}, {"type": "Feature", "geometry": {"type": "Polygon", "coordinates": [[[-118.26510354489075, 34.10450412336508], [-118.26054348242623, 34.10797345028849], [-118.26179129651979, 34.11290072364949], [-118.2675995477741, 34.11435850750938], [-118.27215950036256, 34.110889035391835], [-118.2709113116131, 34.10596192462085], [-118.26510354489075, 34.10450412336508]]]}, "properties": {"light_n": 21, "light_t": 1, "light_top": 35, "crime_n": 16, "crime_t": 1, "crime_top": 36, "bv": "1-1", "crime_night_n": 3, "crime_night_t": 1, "crime_night_top": 69, "bv_night": "1-1", "nta": "Northeast", "boro": "Los Angeles"}}, {"type": "Feature", "geometry": {"type": "Polygon", "coordinates": [[[-118.26956352685987, 33.97176738555668], [-118.26500911742417, 33.97523802563287], [-118.26625561953813, 33.98016930001445], [-118.27205690483555, 33.981629771208475], [-118.27661120455619, 33.97815898533578], [-118.27536432873468, 33.97322787407784], [-118.26956352685987, 33.97176738555668]]]}, "properties": {"light_n": 94, "light_t": 2, "light_top": 5, "crime_n": 90, "crime_t": 2, "crime_top": 5, "bv": "2-2", "crime_night_n": 43, "crime_night_t": 2, "crime_night_top": 4, "bv_night": "2-2", "nta": "CANNDU", "boro": "Los Angeles"}}, {"type": "Feature", "geometry": {"type": "Polygon", "coordinates": [[[-118.36198930293452, 34.271675817652934], [-118.3574275009842, 34.27514639703792], [-118.3586809030691, 34.28006632640099], [-118.36449648164731, 34.281515513373535], [-118.36905817120781, 34.27804478974751], [-118.36780439462059, 34.27312502340226], [-118.36198930293452, 34.271675817652934]]]}, "properties": {"light_n": 28, "light_t": 2, "light_top": 27, "crime_n": 1, "crime_t": 0, "crime_top": 100, "bv": "0-2", "crime_night_n": 1, "crime_night_t": 0, "crime_night_top": 100, "bv_night": "0-2", "nta": "Foothills Trails District", "boro": "Los Angeles"}}, {"type": "Feature", "geometry": {"type": "Polygon", "coordinates": [[[-118.26539301881917, 33.93377257101163], [-118.26083993831809, 33.93724342395686], [-118.26208585730915, 33.942175952366135], [-118.26788523034972, 33.94363746462516], [-118.27243820130381, 33.94016646569944], [-118.2711919088045, 33.93523410050743], [-118.26539301881917, 33.93377257101163]]]}, "properties": {"light_n": 69, "light_t": 2, "light_top": 9, "crime_n": 75, "crime_t": 2, "crime_top": 7, "bv": "2-2", "crime_night_n": 26, "crime_night_t": 2, "crime_night_top": 10, "bv_night": "2-2", "nta": "Southeast", "boro": "Los Angeles"}}, {"type": "Feature", "geometry": {"type": "Polygon", "coordinates": [[[-118.43746358563554, 34.055420218649104], [-118.43291461899621, 34.05889492293811], [-118.43416847223604, 34.06381995597241], [-118.43997166421022, 34.065270120103364], [-118.44452051720366, 34.06179527073649], [-118.44326629190932, 34.0568704023287], [-118.43746358563554, 34.055420218649104]]]}, "properties": {"light_n": 42, "light_t": 2, "light_top": 19, "crime_n": 15, "crime_t": 1, "crime_top": 38, "bv": "1-2", "crime_night_n": 0, "crime_night_t": 0, "crime_night_top": null, "bv_night": "0-2", "nta": "Westwood", "boro": "Los Angeles"}}, {"type": "Feature", "geometry": {"type": "Polygon", "coordinates": [[[-118.36828301083017, 34.0611728548722], [-118.36373015294596, 34.064645532163645], [-118.36498142956663, 34.069571902134754], [-118.3707859371186, 34.07102543096511], [-118.3753386828958, 34.06755260848331], [-118.37408703326844, 34.06262640237371], [-118.36828301083017, 34.0611728548722]]]}, "properties": {"light_n": 44, "light_t": 2, "light_top": 18, "crime_n": 10, "crime_t": 1, "crime_top": 49, "bv": "1-2", "crime_night_n": 3, "crime_night_t": 1, "crime_night_top": 69, "bv_night": "1-2", "nta": "Mid-City West", "boro": "Los Angeles"}}, {"type": "Feature", "geometry": {"type": "Polygon", "coordinates": [[[-118.241378538575, 33.946192552030666], [-118.23682369198497, 33.949662608489426], [-118.23806883043788, 33.95459527760413], [-118.243869189427, 33.956057727360815], [-118.24842392698429, 33.95258752493302], [-118.24717841462537, 33.947655018729854], [-118.241378538575, 33.946192552030666]]]}, "properties": {"light_n": 50, "light_t": 2, "light_top": 15, "crime_n": 51, "crime_t": 2, "crime_top": 12, "bv": "2-2", "crime_night_n": 29, "crime_night_t": 2, "crime_night_top": 8, "bv_night": "2-2", "nta": "Southeast", "boro": "Los Angeles"}}, {"type": "Feature", "geometry": {"type": "Polygon", "coordinates": [[[-118.21862082597605, 34.02819744204476], [-118.21406144115915, 34.03166611861396], [-118.21530662176593, 34.03659676104502], [-118.22111156198355, 34.03805856455337], [-118.22567083811889, 34.03458974235021], [-118.22442528275838, 34.02965926228499], [-118.21862082597605, 34.02819744204476]]]}, "properties": {"light_n": 90, "light_t": 2, "light_top": 5, "crime_n": 27, "crime_t": 2, "crime_top": 23, "bv": "2-2", "crime_night_n": 11, "crime_night_t": 2, "crime_night_top": 28, "bv_night": "2-2", "nta": "Boyle Heights", "boro": "Los Angeles"}}, {"type": "Feature", "geometry": {"type": "Polygon", "coordinates": [[[-118.42376853026015, 34.23638335487529], [-118.4192114433166, 34.23985603821984], [-118.4204668111379, 34.244775726880924], [-118.42627963939007, 34.24622256839995], [-118.43083661262571, 34.242749740778926], [-118.42958087135774, 34.23783021592756], [-118.42376853026015, 34.23638335487529]]]}, "properties": {"light_n": 13, "light_t": 1, "light_top": 50, "crime_n": 14, "crime_t": 1, "crime_top": 40, "bv": "1-1", "crime_night_n": 7, "crime_night_t": 1, "crime_night_top": 42, "bv_night": "1-1", "nta": "Mission", "boro": "Los Angeles"}}, {"type": "Feature", "geometry": {"type": "Polygon", "coordinates": [[[-118.5001060065227, 34.23693877926283], [-118.49555294695627, 34.240413644918014], [-118.4968112365987, 34.24533163732872], [-118.50262295828512, 34.24677459947338], [-118.50717590242785, 34.24329958970125], [-118.50591724034864, 34.238381761913566], [-118.5001060065227, 34.23693877926283]]]}, "properties": {"light_n": 18, "light_t": 1, "light_top": 39, "crime_n": 1, "crime_t": 0, "crime_top": 100, "bv": "0-1", "crime_night_n": 0, "crime_night_t": 0, "crime_night_top": null, "bv_night": "0-1", "nta": "Northridge East", "boro": "Los Angeles"}}, {"type": "Feature", "geometry": {"type": "Polygon", "coordinates": [[[-118.31935181260053, 34.03967673842429], [-118.31479725221985, 34.043148205474324], [-118.3160464175645, 34.04807630726968], [-118.32185051683777, 34.04953277861407], [-118.32640496625218, 34.046061166177914], [-118.3251554273999, 34.04113322779574], [-118.31935181260053, 34.03967673842429]]]}, "properties": {"light_n": 64, "light_t": 2, "light_top": 10, "crime_n": 40, "crime_t": 2, "crime_top": 16, "bv": "2-2", "crime_night_n": 19, "crime_night_t": 2, "crime_night_top": 16, "bv_night": "2-2", "nta": "United Neighborhoods", "boro": "Los Angeles"}}, {"type": "Feature", "geometry": {"type": "Polygon", "coordinates": [[[-118.30899338327102, 34.04169123798527], [-118.30443819531189, 34.045162390200666], [-118.30568698699913, 34.050090655290006], [-118.31149134034321, 34.05154760488222], [-118.3160464175645, 34.04807630726968], [-118.31479725221985, 34.043148205474324], [-118.30899338327102, 34.04169123798527]]]}, "properties": {"light_n": 54, "light_t": 2, "light_top": 13, "crime_n": 93, "crime_t": 2, "crime_top": 5, "bv": "2-2", "crime_night_n": 39, "crime_night_t": 2, "crime_night_top": 5, "bv_night": "2-2", "nta": "Olympic", "boro": "Los Angeles"}}, {"type": "Feature", "geometry": {"type": "Polygon", "coordinates": [[[-118.41531159735437, 34.1605423785927], [-118.41075716610058, 34.16401551144365], [-118.41201135605358, 34.16893776282118], [-118.41782035035112, 34.17038671736005], [-118.42237466824164, 34.166913439869354], [-118.42112010523849, 34.16199135249173], [-118.41531159735437, 34.1605423785927]]]}, "properties": {"light_n": 94, "light_t": 2, "light_top": 5, "crime_n": 6, "crime_t": 1, "crime_top": 65, "bv": "1-2", "crime_night_n": 1, "crime_night_t": 0, "crime_night_top": 100, "bv_night": "0-2", "nta": "Sherman Oaks", "boro": "Los Angeles"}}, {"type": "Feature", "geometry": {"type": "Polygon", "coordinates": [[[-118.3837629530812, 34.14344583389627], [-118.3792075523816, 34.14691821727776], [-118.38046034434774, 34.151841693088365], [-118.386268910407, 34.153292621805086], [-118.39082419848637, 34.14982009364197], [-118.38957103316726, 34.14489678155597], [-118.3837629530812, 34.14344583389627]]]}, "properties": {"light_n": 69, "light_t": 2, "light_top": 9, "crime_n": 17, "crime_t": 1, "crime_top": 35, "bv": "1-2", "crime_night_n": 5, "crime_night_t": 1, "crime_night_top": 51, "bv_night": "1-2", "nta": "Studio City", "boro": "Los Angeles"}}, {"type": "Feature", "geometry": {"type": "Polygon", "coordinates": [[[-118.36724441168913, 34.1854215217928], [-118.36268642126669, 34.18889304936614], [-118.36393905351675, 34.193815574841516], [-118.36975005008264, 34.195266409363406], [-118.37430792817122, 34.19179473716719], [-118.3730549220683, 34.18687237508422], [-118.36724441168913, 34.1854215217928]]]}, "properties": {"light_n": 56, "light_t": 2, "light_top": 13, "crime_n": 27, "crime_t": 2, "crime_top": 23, "bv": "2-2", "crime_night_n": 9, "crime_night_t": 2, "crime_night_top": 34, "bv_night": "2-2", "nta": "North Hollywood Northeast", "boro": "Los Angeles"}}, {"type": "Feature", "geometry": {"type": "Polygon", "coordinates": [[[-118.64460528719245, 34.185271835484485], [-118.64006204027335, 34.18875128245556], [-118.64132524810051, 34.19366769638039], [-118.64713207305356, 34.195104496992386], [-118.65167520142008, 34.191624905973356], [-118.650411623427, 34.18670865840228], [-118.64460528719245, 34.185271835484485]]]}, "properties": {"light_n": 14, "light_t": 1, "light_top": 48, "crime_n": 6, "crime_t": 1, "crime_top": 65, "bv": "1-1", "crime_night_n": 0, "crime_night_t": 0, "crime_night_top": null, "bv_night": "0-1", "nta": "West Hills", "boro": "Los Angeles"}}, {"type": "Feature", "geometry": {"type": "Polygon", "coordinates": [[[-118.3268491607244, 34.06924270500761], [-118.32229378845763, 34.07271412355394], [-118.323543571551, 34.07764114778122], [-118.32934910055835, 34.07909659008894], [-118.33390436163167, 34.07562502630733], [-118.33265420493146, 34.070698165465515], [-118.3268491607244, 34.06924270500761]]]}, "properties": {"light_n": 25, "light_t": 2, "light_top": 30, "crime_n": 8, "crime_t": 1, "crime_top": 57, "bv": "1-2", "crime_night_n": 0, "crime_night_t": 0, "crime_night_top": null, "bv_night": "0-2", "nta": "Greater Wilshire", "boro": "Los Angeles"}}, {"type": "Feature", "geometry": {"type": "Polygon", "coordinates": [[[-118.23314632794903, 34.06416886056507], [-118.22858623575635, 34.067637632114135], [-118.2298323744282, 34.072566848891675], [-118.2356389801377, 34.074027131740486], [-118.2401989632521, 34.070558214750584], [-118.23895244977552, 34.06562916036502], [-118.23314632794903, 34.06416886056507]]]}, "properties": {"light_n": 96, "light_t": 2, "light_top": 4, "crime_n": 11, "crime_t": 1, "crime_top": 46, "bv": "1-2", "crime_night_n": 5, "crime_night_t": 1, "crime_night_top": 51, "bv_night": "1-2", "nta": "Historic Cultural North", "boro": "Los Angeles"}}, {"type": "Feature", "geometry": {"type": "Polygon", "coordinates": [[[-118.39788601421385, 34.15619350192196], [-118.39333083892616, 34.15966617482333], [-118.3945843140699, 34.16458894377909], [-118.40039333779357, 34.16603887601654], [-118.40494840011812, 34.1625660584203], [-118.4036945517227, 34.157643453293666], [-118.39788601421385, 34.15619350192196]]]}, "properties": {"light_n": 50, "light_t": 2, "light_top": 15, "crime_n": 9, "crime_t": 1, "crime_top": 53, "bv": "1-2", "crime_night_n": 2, "crime_night_t": 0, "crime_night_top": 82, "bv_night": "0-2", "nta": "Valley Village", "boro": "Los Angeles"}}, {"type": "Feature", "geometry": {"type": "Polygon", "coordinates": [[[-118.31251640781318, 33.86251040388017], [-118.30796870215637, 33.86598321645988], [-118.30921562811913, 33.87091689211124], [-118.3150106321939, 33.8723775912065], [-118.3195582273886, 33.868904632406036], [-118.31831092901079, 33.863971120743265], [-118.31251640781318, 33.86251040388017]]]}, "properties": {"light_n": 1, "light_t": 0, "light_top": 100, "crime_n": 0, "crime_t": 0, "crime_top": null, "bv": "0-0", "crime_night_n": 0, "crime_night_t": 0, "crime_night_top": null, "bv_night": "0-0", "nta": "Harbor Gateway South", "boro": "Los Angeles"}}, {"type": "Feature", "geometry": {"type": "Polygon", "coordinates": [[[-118.42800119191479, 34.27429002748174], [-118.42344277606003, 34.27776248216367], [-118.42469873355228, 34.28268088349715], [-118.43051348058508, 34.28412666644641], [-118.43507178255916, 34.28065406766895], [-118.43381545142181, 34.275735830049975], [-118.42800119191479, 34.27429002748174]]]}, "properties": {"light_n": 33, "light_t": 2, "light_top": 23, "crime_n": 4, "crime_t": 0, "crime_top": 74, "bv": "0-2", "crime_night_n": 0, "crime_night_t": 0, "crime_night_top": null, "bv_night": "0-2", "nta": "Pacoima", "boro": "Los Angeles"}}, {"type": "Feature", "geometry": {"type": "Polygon", "coordinates": [[[-118.47278188690153, 34.25778554128136], [-118.46822652250869, 34.26125943352551], [-118.46948400475969, 34.266177371329846], [-118.47529722438392, 34.267621252648276], [-118.47985247392347, 34.26414721632555], [-118.47859461873279, 34.25922944277515], [-118.47278188690153, 34.25778554128136]]]}, "properties": {"light_n": 11, "light_t": 1, "light_top": 55, "crime_n": 1, "crime_t": 0, "crime_top": 100, "bv": "0-1", "crime_night_n": 1, "crime_night_t": 0, "crime_night_top": 100, "bv_night": "0-1", "nta": "Granada Hills South", "boro": "Los Angeles"}}, {"type": "Feature", "geometry": {"type": "Polygon", "coordinates": [[[-118.23433372284585, 33.93979673664868], [-118.22977876739354, 33.94326664709531], [-118.23102356496526, 33.948199664438754], [-118.23682369198497, 33.949662608489426], [-118.241378538575, 33.946192552030666], [-118.24013336704776, 33.94125969754564], [-118.23433372284585, 33.93979673664868]]]}, "properties": {"light_n": 29, "light_t": 2, "light_top": 26, "crime_n": 75, "crime_t": 2, "crime_top": 7, "bv": "2-2", "crime_night_n": 27, "crime_night_t": 2, "crime_night_top": 9, "bv_night": "2-2", "nta": "Southeast", "boro": "Los Angeles"}}, {"type": "Feature", "geometry": {"type": "Polygon", "coordinates": [[[-118.25387662578572, 34.06015048895632], [-118.24931778608607, 34.06361989326632], [-118.25056467421781, 34.06854878514043], [-118.25637077659516, 34.07000811008596], [-118.26092950675842, 34.06653856035659], [-118.25968224412104, 34.06160983111337], [-118.25387662578572, 34.06015048895632]]]}, "properties": {"light_n": 192, "light_t": 2, "light_top": 0, "crime_n": 40, "crime_t": 2, "crime_top": 16, "bv": "2-2", "crime_night_n": 18, "crime_night_t": 2, "crime_night_top": 17, "bv_night": "2-2", "nta": "Echo Park", "boro": "Los Angeles"}}, {"type": "Feature", "geometry": {"type": "Polygon", "coordinates": [[[-118.24970784442345, 34.02217354180528], [-118.24515033647654, 34.02564316612048], [-118.24639664089642, 34.03057332109523], [-118.25220082760907, 34.032033689042564], [-118.25675822618774, 34.028563919125226], [-118.25551154746225, 34.02363392687502], [-118.24970784442345, 34.02217354180528]]]}, "properties": {"light_n": 65, "light_t": 2, "light_top": 10, "crime_n": 90, "crime_t": 2, "crime_top": 5, "bv": "2-2", "crime_night_n": 38, "crime_night_t": 2, "crime_night_top": 5, "bv_night": "2-2", "nta": "Newton", "boro": "Los Angeles"}}, {"type": "Feature", "geometry": {"type": "Polygon", "coordinates": [[[-118.53399796753752, 34.199297344726254], [-118.52944824970317, 34.20277352004973], [-118.53070740616228, 34.207691946711364], [-118.53651665223067, 34.209134032936994], [-118.54106625395937, 34.20565771339534], [-118.5398067257661, 34.20073945185836], [-118.53399796753752, 34.199297344726254]]]}, "properties": {"light_n": 39, "light_t": 2, "light_top": 20, "crime_n": 39, "crime_t": 2, "crime_top": 16, "bv": "2-2", "crime_night_n": 20, "crime_night_t": 2, "crime_night_top": 14, "bv_night": "2-2", "nta": "Reseda", "boro": "Los Angeles"}}, {"type": "Feature", "geometry": {"type": "Polygon", "coordinates": [[[-118.43790526507004, 34.24911527158204], [-118.43334840571424, 34.25258824343614], [-118.43460445755802, 34.25750722110297], [-118.4404177421429, 34.25895306301422], [-118.44497448744696, 34.25547994697043], [-118.44371806225857, 34.250561133217296], [-118.43790526507004, 34.24911527158204]]]}, "properties": {"light_n": 30, "light_t": 2, "light_top": 26, "crime_n": 19, "crime_t": 2, "crime_top": 33, "bv": "2-2", "crime_night_n": 7, "crime_night_t": 1, "crime_night_top": 42, "bv_night": "1-2", "nta": "Arleta", "boro": "Los Angeles"}}, {"type": "Feature", "geometry": {"type": "Polygon", "coordinates": [[[-118.4968112365987, 34.24533163732872], [-118.49225765841464, 34.24880633200174], [-118.49351591724336, 34.253724132892806], [-118.4993281268337, 34.25516707456638], [-118.5038815896506, 34.251692235807816], [-118.50262295828512, 34.24677459947338], [-118.4968112365987, 34.24533163732872]]]}, "properties": {"light_n": 31, "light_t": 2, "light_top": 25, "crime_n": 7, "crime_t": 1, "crime_top": 60, "bv": "1-2", "crime_night_n": 4, "crime_night_t": 1, "crime_night_top": 60, "bv_night": "1-2", "nta": "Granada Hills South", "boro": "Los Angeles"}}, {"type": "Feature", "geometry": {"type": "Polygon", "coordinates": [[[-118.58727321339904, 34.25854922472392], [-118.58272391051754, 34.262026382635916], [-118.58398576827737, 34.266941767298064], [-118.58979730037953, 34.26837982859031], [-118.59434648583668, 34.26490252684305], [-118.59308425665691, 34.259987307650896], [-118.58727321339904, 34.25854922472392]]]}, "properties": {"light_n": 10, "light_t": 1, "light_top": 58, "crime_n": 2, "crime_t": 0, "crime_top": 87, "bv": "0-1", "crime_night_n": 1, "crime_night_t": 0, "crime_night_top": 100, "bv_night": "0-1", "nta": "Chatsworth", "boro": "Los Angeles"}}, {"type": "Feature", "geometry": {"type": "Polygon", "coordinates": [[[-118.3921983643817, 34.219302480853486], [-118.38764030591393, 34.22277441468521], [-118.38889427404814, 34.22769533203059], [-118.39470667444097, 34.22914415202159], [-118.3992646199453, 34.22567207377165], [-118.39801027806087, 34.22075131996118], [-118.3921983643817, 34.219302480853486]]]}, "properties": {"light_n": 29, "light_t": 2, "light_top": 26, "crime_n": 9, "crime_t": 1, "crime_top": 53, "bv": "1-2", "crime_night_n": 4, "crime_night_t": 1, "crime_night_top": 60, "bv_night": "1-2", "nta": "Sun Valley Area", "boro": "Los Angeles"}}, {"type": "Feature", "geometry": {"type": "Polygon", "coordinates": [[[-118.4529863431094, 34.308131055092566], [-118.44842786458993, 34.311603912924376], [-118.44968515978096, 34.316520695602364], [-118.45550130707296, 34.317964456605104], [-118.46005967108029, 34.31449145488246], [-118.4588020023485, 34.30957483606013], [-118.4529863431094, 34.308131055092566]]]}, "properties": {"light_n": 16, "light_t": 1, "light_top": 43, "crime_n": 5, "crime_t": 1, "crime_top": 69, "bv": "1-1", "crime_night_n": 3, "crime_night_t": 1, "crime_night_top": 69, "bv_night": "1-1", "nta": "Sylmar", "boro": "Los Angeles"}}, {"type": "Feature", "geometry": {"type": "Polygon", "coordinates": [[[-118.38046034434774, 34.151841693088365], [-118.37590442586152, 34.15531390576523], [-118.37715718595707, 34.160237191896414], [-118.38296623803227, 34.1616881017048], [-118.38752204395543, 34.1582157442781], [-118.386268910407, 34.153292621805086], [-118.38046034434774, 34.151841693088365]]]}, "properties": {"light_n": 65, "light_t": 2, "light_top": 10, "crime_n": 5, "crime_t": 1, "crime_top": 69, "bv": "1-2", "crime_night_n": 1, "crime_night_t": 0, "crime_night_top": 100, "bv_night": "0-2", "nta": "Valley Village", "boro": "Los Angeles"}}, {"type": "Feature", "geometry": {"type": "Polygon", "coordinates": [[[-118.25577369715822, 33.78810692796755], [-118.2512260341396, 33.79157875280202], [-118.25246996535029, 33.79651591156666], [-118.25826193228265, 33.79798108186499], [-118.2628094862542, 33.79450911035281], [-118.26156518238041, 33.78957211523224], [-118.25577369715822, 33.78810692796755]]]}, "properties": {"light_n": 28, "light_t": 2, "light_top": 27, "crime_n": 6, "crime_t": 1, "crime_top": 65, "bv": "1-2", "crime_night_n": 4, "crime_night_t": 1, "crime_night_top": 60, "bv_night": "1-2", "nta": "Wilmington", "boro": "Los Angeles"}}, {"type": "Feature", "geometry": {"type": "Polygon", "coordinates": [[[-118.3085529690322, 34.01850500766591], [-118.30399870387873, 34.021976352958056], [-118.30524721941161, 34.02690534294345], [-118.31105037364627, 34.02836282427467], [-118.31560452811776, 34.02489133347765], [-118.31435563907685, 34.0199625068665], [-118.3085529690322, 34.01850500766591]]]}, "properties": {"light_n": 80, "light_t": 2, "light_top": 7, "crime_n": 55, "crime_t": 2, "crime_top": 11, "bv": "2-2", "crime_night_n": 28, "crime_night_t": 2, "crime_night_top": 9, "bv_night": "2-2", "nta": "Empowerment Congress North", "boro": "Los Angeles"}}, {"type": "Feature", "geometry": {"type": "Polygon", "coordinates": [[[-118.30436822925101, 33.98052545477728], [-118.29981529237142, 33.98399701479379], [-118.30106322346384, 33.988927264140706], [-118.3068644647852, 33.99038579001511], [-118.31141729115194, 33.98691408431013], [-118.31016898675043, 33.98198399843143], [-118.30436822925101, 33.98052545477728]]]}, "properties": {"light_n": 34, "light_t": 2, "light_top": 22, "crime_n": 59, "crime_t": 2, "crime_top": 10, "bv": "2-2", "crime_night_n": 22, "crime_night_t": 2, "crime_night_top": 13, "bv_night": "2-2", "nta": "77th Street", "boro": "Los Angeles"}}, {"type": "Feature", "geometry": {"type": "Polygon", "coordinates": [[[-118.41299972354852, 34.044690326295296], [-118.40844990021492, 34.04816442716043], [-118.40970269949729, 34.05309032838788], [-118.41550569445994, 34.05454196435899], [-118.42005540471744, 34.051067718317064], [-118.41880223312882, 34.046141981492966], [-118.41299972354852, 34.044690326295296]]]}, "properties": {"light_n": 13, "light_t": 1, "light_top": 50, "crime_n": 6, "crime_t": 1, "crime_top": 65, "bv": "1-1", "crime_night_n": 1, "crime_night_t": 0, "crime_night_top": 100, "bv_night": "0-1", "nta": "Westside", "boro": "Los Angeles"}}, {"type": "Feature", "geometry": {"type": "Polygon", "coordinates": [[[-118.61683554367525, 34.18300012211634], [-118.61229090623986, 34.18647880115907], [-118.61355303232979, 34.191395903522334], [-118.61936016641748, 34.192834160787584], [-118.62390468592625, 34.18935533762703], [-118.62264218931477, 34.18443840133108], [-118.61683554367525, 34.18300012211634]]]}, "properties": {"light_n": 32, "light_t": 2, "light_top": 24, "crime_n": 9, "crime_t": 1, "crime_top": 53, "bv": "1-2", "crime_night_n": 1, "crime_night_t": 0, "crime_night_top": 100, "bv_night": "0-2", "nta": "Woodland Hills-Warner Center", "boro": "Los Angeles"}}, {"type": "Feature", "geometry": {"type": "Polygon", "coordinates": [[[-118.3189092769223, 34.016490847122135], [-118.31435563907685, 34.0199625068665], [-118.31560452811776, 34.02489133347765], [-118.32140742840271, 34.02634833686319], [-118.32596095533789, 34.02287653162494], [-118.32471169293866, 34.01794786850726], [-118.3189092769223, 34.016490847122135]]]}, "properties": {"light_n": 52, "light_t": 2, "light_top": 14, "crime_n": 20, "crime_t": 2, "crime_top": 31, "bv": "2-2", "crime_night_n": 12, "crime_night_t": 2, "crime_night_top": 26, "bv_night": "2-2", "nta": "United Neighborhoods", "boro": "Los Angeles"}}, {"type": "Feature", "geometry": {"type": "Polygon", "coordinates": [[[-118.26380918102076, 34.034953451017124], [-118.25925189198124, 34.03842336649355], [-118.26049887907232, 34.043352821471075], [-118.26630352944936, 34.04481219815405], [-118.27086070877881, 34.04134213716158], [-118.26961334748157, 34.03641284501445], [-118.26380918102076, 34.034953451017124]]]}, "properties": {"light_n": 190, "light_t": 2, "light_top": 0, "crime_n": 158, "crime_t": 2, "crime_top": 1, "bv": "2-2", "crime_night_n": 74, "crime_night_t": 2, "crime_night_top": 1, "bv_night": "2-2", "nta": "Downtown Los Angeles", "boro": "Los Angeles"}}, {"type": "Feature", "geometry": {"type": "Polygon", "coordinates": [[[-118.27704489352755, 34.00135240101348], [-118.2724896709378, 34.00482299483923], [-118.27373678946434, 34.00975319789484], [-118.27953950442817, 34.011212644040484], [-118.28409461707679, 34.00774190456937], [-118.28284712474299, 34.00281186461022], [-118.27704489352755, 34.00135240101348]]]}, "properties": {"light_n": 129, "light_t": 2, "light_top": 2, "crime_n": 117, "crime_t": 2, "crime_top": 3, "bv": "2-2", "crime_night_n": 41, "crime_night_t": 2, "crime_night_top": 4, "bv_night": "2-2", "nta": "Zapata-King", "boro": "Los Angeles"}}, {"type": "Feature", "geometry": {"type": "Polygon", "coordinates": [[[-118.3127404732637, 34.05647551918077], [-118.30818487912326, 34.05994664712688], [-118.30943397958328, 34.06487437373406], [-118.31523904793113, 34.06633080912722], [-118.31979453122025, 34.0628595358594], [-118.31854505705316, 34.05793197253238], [-118.3127404732637, 34.05647551918077]]]}, "properties": {"light_n": 59, "light_t": 2, "light_top": 12, "crime_n": 72, "crime_t": 2, "crime_top": 8, "bv": "2-2", "crime_night_n": 27, "crime_night_t": 2, "crime_night_top": 9, "bv_night": "2-2", "nta": "Olympic", "boro": "Los Angeles"}}, {"type": "Feature", "geometry": {"type": "Polygon", "coordinates": [[[-118.37806756638012, 34.206560734084626], [-118.3735092825008, 34.21003237895011], [-118.37476256664061, 34.21495400539508], [-118.38057450855202, 34.21640382355629], [-118.3851326798114, 34.21293203418607], [-118.38387902181994, 34.20801057117163], [-118.37806756638012, 34.206560734084626]]]}, "properties": {"light_n": 48, "light_t": 2, "light_top": 15, "crime_n": 14, "crime_t": 1, "crime_top": 40, "bv": "1-2", "crime_night_n": 5, "crime_night_t": 1, "crime_night_top": 51, "bv_night": "1-2", "nta": "North Hollywood Northeast", "boro": "Los Angeles"}}, {"type": "Feature", "geometry": {"type": "Polygon", "coordinates": [[[-118.56885032620373, 34.20794509397629], [-118.56430211053927, 34.21142218482783], [-118.56556269284981, 34.21633956939327], [-118.57137186219329, 34.21777969765572], [-118.57591996095292, 34.2143024626988], [-118.57465900731464, 34.209385243596905], [-118.56885032620373, 34.20794509397629]]]}, "properties": {"light_n": 16, "light_t": 1, "light_top": 43, "crime_n": 9, "crime_t": 1, "crime_top": 53, "bv": "1-1", "crime_night_n": 2, "crime_night_t": 0, "crime_night_top": 82, "bv_night": "0-1", "nta": "Winnetka", "boro": "Los Angeles"}}, {"type": "Feature", "geometry": {"type": "Polygon", "coordinates": [[[-118.55569650156153, 34.24152083347755], [-118.55114621214447, 34.244997245578894], [-118.55240667367123, 34.24991386604549], [-118.55821779638316, 34.25135390922481], [-118.56276796911972, 34.24787735314373], [-118.56150713586567, 34.24296089787518], [-118.55569650156153, 34.24152083347755]]]}, "properties": {"light_n": 10, "light_t": 1, "light_top": 58, "crime_n": 25, "crime_t": 2, "crime_top": 25, "bv": "2-1", "crime_night_n": 12, "crime_night_t": 2, "crime_night_top": 26, "bv_night": "2-1", "nta": "Devonshire", "boro": "Los Angeles"}}, {"type": "Feature", "geometry": {"type": "Polygon", "coordinates": [[[-118.25632860262924, 34.005372912885136], [-118.25177212783251, 34.00884287670373], [-118.25301849829616, 34.013773405593945], [-118.25882171770292, 34.01523380782026], [-118.26337808301565, 34.01176369833484], [-118.26213133844585, 34.0068333323022], [-118.25632860262924, 34.005372912885136]]]}, "properties": {"light_n": 73, "light_t": 2, "light_top": 8, "crime_n": 60, "crime_t": 2, "crime_top": 10, "bv": "2-2", "crime_night_n": 25, "crime_night_t": 2, "crime_night_top": 11, "bv_night": "2-2", "nta": "Newton", "boro": "Los Angeles"}}, {"type": "Feature", "geometry": {"type": "Polygon", "coordinates": [[[-118.6097669653218, 34.17664405062585], [-118.6052222101315, 34.18012258550653], [-118.60648399528333, 34.18504004377512], [-118.61229090623986, 34.18647880115907], [-118.61683554367525, 34.18300012211634], [-118.61557338794981, 34.17808282986376], [-118.6097669653218, 34.17664405062585]]]}, "properties": {"light_n": 18, "light_t": 1, "light_top": 39, "crime_n": 5, "crime_t": 1, "crime_top": 69, "bv": "1-1", "crime_night_n": 1, "crime_night_t": 0, "crime_night_top": 100, "bv_night": "0-1", "nta": "Woodland Hills-Warner Center", "boro": "Los Angeles"}}, {"type": "Feature", "geometry": {"type": "Polygon", "coordinates": [[[-118.60799173193615, 34.25446965433148], [-118.60344370162348, 34.25794743962128], [-118.6047063020713, 34.262862493225754], [-118.61051730398883, 34.26429959584721], [-118.61506521642148, 34.26082166674765], [-118.61380224485754, 34.25590677884847], [-118.60799173193615, 34.25446965433148]]]}, "properties": {"light_n": 15, "light_t": 1, "light_top": 46, "crime_n": 3, "crime_t": 0, "crime_top": 80, "bv": "0-1", "crime_night_n": 1, "crime_night_t": 0, "crime_night_top": 100, "bv_night": "0-1", "nta": "Chatsworth", "boro": "Los Angeles"}}, {"type": "Feature", "geometry": {"type": "Polygon", "coordinates": [[[-118.44780438775508, 34.22393724274958], [-118.44324908418392, 34.22741072972232], [-118.444505230053, 34.23233028198389], [-118.4503170525783, 34.23377618317201], [-118.45487224192692, 34.230302551915194], [-118.45361572301347, 34.22538316376653], [-118.44780438775508, 34.22393724274958]]]}, "properties": {"light_n": 53, "light_t": 2, "light_top": 14, "crime_n": 56, "crime_t": 2, "crime_top": 11, "bv": "2-2", "crime_night_n": 16, "crime_night_t": 2, "crime_night_top": 19, "bv_night": "2-2", "nta": "Mission", "boro": "Los Angeles"}}, {"type": "Feature", "geometry": {"type": "Polygon", "coordinates": [[[-118.37443055839279, 34.02119167854207], [-118.36987965566621, 34.02466488487326], [-118.37113071893974, 34.02959235538144], [-118.37693305763872, 34.031046455495634], [-118.38148384820083, 34.02757310380196], [-118.38023241226884, 34.02264579736876], [-118.37443055839279, 34.02119167854207]]]}, "properties": {"light_n": 16, "light_t": 1, "light_top": 43, "crime_n": 18, "crime_t": 2, "crime_top": 34, "bv": "2-1", "crime_night_n": 4, "crime_night_t": 1, "crime_night_top": 60, "bv_night": "1-1", "nta": "Southwest", "boro": "Los Angeles"}}, {"type": "Feature", "geometry": {"type": "Polygon", "coordinates": [[[-118.46333276958491, 33.965025417934726], [-118.45878885409384, 33.968501644435094], [-118.46004267824894, 33.97342889352259], [-118.46584078904615, 33.974879750882835], [-118.47038459049692, 33.97140337893872], [-118.4691303952312, 33.966476295090196], [-118.46333276958491, 33.965025417934726]]]}, "properties": {"light_n": 4, "light_t": 0, "light_top": 81, "crime_n": 0, "crime_t": 0, "crime_top": null, "bv": "0-0", "crime_night_n": 0, "crime_night_t": 0, "crime_night_top": null, "bv_night": "0-0", "nta": "Venice", "boro": "Los Angeles"}}, {"type": "Feature", "geometry": {"type": "Polygon", "coordinates": [[[-118.17757265936501, 34.05940968020141], [-118.17300984888584, 34.06287689264659], [-118.17425380319922, 34.06780745792558], [-118.18006094353314, 34.069270648964505], [-118.18462364619336, 34.06580329095081], [-118.18337931637882, 34.060872887479064], [-118.17757265936501, 34.05940968020141]]]}, "properties": {"light_n": 52, "light_t": 2, "light_top": 14, "crime_n": 6, "crime_t": 1, "crime_top": 65, "bv": "1-2", "crime_night_n": 2, "crime_night_t": 0, "crime_night_top": 82, "bv_night": "0-2", "nta": "LA-32", "boro": "Los Angeles"}}, {"type": "Feature", "geometry": {"type": "Polygon", "coordinates": [[[-118.40970269949729, 34.05309032838788], [-118.40515235930224, 34.056564261096064], [-118.40640512704857, 34.061489974907865], [-118.41220860743634, 34.06294159168678], [-118.4167588346122, 34.05946751383392], [-118.41550569445994, 34.05454196435899], [-118.40970269949729, 34.05309032838788]]]}, "properties": {"light_n": 33, "light_t": 2, "light_top": 23, "crime_n": 1, "crime_t": 0, "crime_top": 100, "bv": "0-2", "crime_night_n": 0, "crime_night_t": 0, "crime_night_top": null, "bv_night": "0-2", "nta": "Westside", "boro": "Los Angeles"}}, {"type": "Feature", "geometry": {"type": "Polygon", "coordinates": [[[-118.49207879587969, 34.184273631139334], [-118.48752746407003, 34.18774874545013], [-118.48878485227945, 34.1926685676407], [-118.49459394453032, 34.194113110799265], [-118.49914516120546, 34.19063785211438], [-118.49788740080496, 34.185718194657156], [-118.49207879587969, 34.184273631139334]]]}, "properties": {"light_n": 18, "light_t": 1, "light_top": 39, "crime_n": 11, "crime_t": 1, "crime_top": 46, "bv": "1-1", "crime_night_n": 5, "crime_night_t": 1, "crime_night_top": 51, "bv_night": "1-1", "nta": "Lake Balboa", "boro": "Los Angeles"}}, {"type": "Feature", "geometry": {"type": "Polygon", "coordinates": [[[-118.34185498232863, 34.12835521191461], [-118.3372979860199, 34.13182652941906], [-118.33854900585757, 34.13675139094187], [-118.34435739584961, 34.13820477164271], [-118.3489142805098, 34.13473330920392], [-118.34766288686694, 34.12980861101088], [-118.34185498232863, 34.12835521191461]]]}, "properties": {"light_n": 33, "light_t": 2, "light_top": 23, "crime_n": 6, "crime_t": 1, "crime_top": 65, "bv": "1-2", "crime_night_n": 1, "crime_night_t": 0, "crime_night_top": 100, "bv_night": "0-2", "nta": "Hollywood Hills West", "boro": "Los Angeles"}}, {"type": "Feature", "geometry": {"type": "Polygon", "coordinates": [[[-118.35507339132641, 34.09476689993751], [-118.35051846486016, 34.098238899165345], [-118.3517696133797, 34.10316451646633], [-118.35757606181164, 34.10461797095609], [-118.36213087639982, 34.10114582666614], [-118.36087935447456, 34.09622037296078], [-118.35507339132641, 34.09476689993751]]]}, "properties": {"light_n": 63, "light_t": 2, "light_top": 11, "crime_n": 37, "crime_t": 2, "crime_top": 17, "bv": "2-2", "crime_night_n": 20, "crime_night_t": 2, "crime_night_top": 14, "bv_night": "2-2", "nta": "Hollywood Hills West", "boro": "Los Angeles"}}, {"type": "Feature", "geometry": {"type": "Polygon", "coordinates": [[[-118.25056467421781, 34.06854878514043], [-118.24600531747468, 34.07201801860378], [-118.247252172547, 34.076946722387525], [-118.25305875900828, 34.07840603015583], [-118.25761800627299, 34.074936651305315], [-118.25637077659516, 34.07000811008596], [-118.25056467421781, 34.06854878514043]]]}, "properties": {"light_n": 19, "light_t": 1, "light_top": 38, "crime_n": 77, "crime_t": 2, "crime_top": 7, "bv": "2-1", "crime_night_n": 57, "crime_night_t": 2, "crime_night_top": 2, "bv_night": "2-1", "nta": "Northeast", "boro": "Los Angeles"}}, {"type": "Feature", "geometry": {"type": "Polygon", "coordinates": [[[-118.61734003326193, 34.20614611816441], [-118.61279447743458, 34.209624604830296], [-118.61405688522423, 34.21454097049719], [-118.6198652195511, 34.21597868352439], [-118.62441065739152, 34.21250005284783], [-118.62314787893285, 34.20758385316681], [-118.61734003326193, 34.20614611816441]]]}, "properties": {"light_n": 13, "light_t": 1, "light_top": 50, "crime_n": 2, "crime_t": 0, "crime_top": 87, "bv": "0-1", "crime_night_n": 1, "crime_night_t": 0, "crime_night_top": 100, "bv_night": "0-1", "nta": "West Hills", "boro": "Los Angeles"}}, {"type": "Feature", "geometry": {"type": "Polygon", "coordinates": [[[-118.30943397958328, 34.06487437373406], [-118.30487786844513, 34.068345331784826], [-118.30612693640826, 34.0732728705061], [-118.31193248935676, 34.07472928797516], [-118.31648848970114, 34.07125818463479], [-118.31523904793113, 34.06633080912722], [-118.30943397958328, 34.06487437373406]]]}, "properties": {"light_n": 36, "light_t": 2, "light_top": 21, "crime_n": 60, "crime_t": 2, "crime_top": 10, "bv": "2-2", "crime_night_n": 26, "crime_night_t": 2, "crime_night_top": 10, "bv_night": "2-2", "nta": "Olympic", "boro": "Los Angeles"}}, {"type": "Feature", "geometry": {"type": "Polygon", "coordinates": [[[-118.42525378925095, 33.964716942631526], [-118.42070787142396, 33.96819208951048], [-118.42196024100984, 33.973120183968085], [-118.42775890007464, 33.97457296672834], [-118.43230470471333, 33.97109767432718], [-118.43105196351588, 33.966169744700096], [-118.42525378925095, 33.964716942631526]]]}, "properties": {"light_n": 32, "light_t": 2, "light_top": 24, "crime_n": 8, "crime_t": 1, "crime_top": 57, "bv": "1-2", "crime_night_n": 3, "crime_night_t": 1, "crime_night_top": 69, "bv_night": "1-2", "nta": "Westchester/Playa", "boro": "Los Angeles"}}, {"type": "Feature", "geometry": {"type": "Polygon", "coordinates": [[[-118.38137201589859, 34.1981670999613], [-118.37681425031555, 34.20163891673711], [-118.37806756638012, 34.206560734084626], [-118.38387902181994, 34.20801057117163], [-118.38843667472578, 34.20453860985943], [-118.38718298490959, 34.19961695600889], [-118.38137201589859, 34.1981670999613]]]}, "properties": {"light_n": 19, "light_t": 1, "light_top": 38, "crime_n": 14, "crime_t": 1, "crime_top": 40, "bv": "1-1", "crime_night_n": 2, "crime_night_t": 0, "crime_night_top": 82, "bv_night": "0-1", "nta": "North Hollywood Northeast", "boro": "Los Angeles"}}, {"type": "Feature", "geometry": {"type": "Polygon", "coordinates": [[[-118.27791280931812, 34.04772997723936], [-118.27335573986967, 34.05120018370485], [-118.27460340968634, 34.056128937960544], [-118.2804085230983, 34.05758732282689], [-118.28496548249475, 34.05411697093147], [-118.28371743857156, 34.04918837961192], [-118.27791280931812, 34.04772997723936]]]}, "properties": {"light_n": 163, "light_t": 2, "light_top": 1, "crime_n": 273, "crime_t": 2, "crime_top": 1, "bv": "2-2", "crime_night_n": 103, "crime_night_t": 2, "crime_night_top": 1, "bv_night": "2-2", "nta": "Rampart", "boro": "Los Angeles"}}, {"type": "Feature", "geometry": {"type": "Polygon", "coordinates": [[[-118.62718619078399, 34.180959410265565], [-118.62264218931477, 34.18443840133108], [-118.62390468592625, 34.18935533762703], [-118.62971155441763, 34.19079311668452], [-118.63425543773306, 34.18731398151393], [-118.63299257075174, 34.182397211402936], [-118.62718619078399, 34.180959410265565]]]}, "properties": {"light_n": 11, "light_t": 1, "light_top": 55, "crime_n": 13, "crime_t": 1, "crime_top": 42, "bv": "1-1", "crime_night_n": 2, "crime_night_t": 0, "crime_night_top": 82, "bv_night": "0-1", "nta": "Topanga", "boro": "Los Angeles"}}, {"type": "Feature", "geometry": {"type": "Polygon", "coordinates": [[[-118.41161489053339, 33.97514190520138], [-118.40706782748816, 33.978616573828724], [-118.40831979383861, 33.98354464733024], [-118.41411919513573, 33.984997887571325], [-118.4186661452767, 33.981523073442716], [-118.41741380706523, 33.97659516458642], [-118.41161489053339, 33.97514190520138]]]}, "properties": {"light_n": 25, "light_t": 2, "light_top": 30, "crime_n": 9, "crime_t": 1, "crime_top": 53, "bv": "1-2", "crime_night_n": 4, "crime_night_t": 1, "crime_night_top": 60, "bv_night": "1-2", "nta": "Westchester/Playa", "boro": "Los Angeles"}}, {"type": "Feature", "geometry": {"type": "Polygon", "coordinates": [[[-118.45534233428371, 34.08294194173513], [-118.4507931919723, 34.08641691300602], [-118.45204803666618, 34.091340701015994], [-118.45785239571352, 34.092789353050804], [-118.46240142392236, 34.08931423686524], [-118.46114620722699, 34.08439061357169], [-118.45534233428371, 34.08294194173513]]]}, "properties": {"light_n": 15, "light_t": 1, "light_top": 46, "crime_n": 0, "crime_t": 0, "crime_top": null, "bv": "0-1", "crime_night_n": 0, "crime_night_t": 0, "crime_night_top": null, "bv_night": "0-1", "nta": "Bel Air-Beverly Crest", "boro": "Los Angeles"}}, {"type": "Feature", "geometry": {"type": "Polygon", "coordinates": [[[-118.51850852733817, 34.2875518189647], [-118.51395437372832, 34.29102674681846], [-118.51521393855626, 34.29594273719589], [-118.52102802956573, 34.29738363510128], [-118.52558206723336, 34.293908563399285], [-118.52432212987453, 34.28899273765227], [-118.51850852733817, 34.2875518189647]]]}, "properties": {"light_n": 9, "light_t": 1, "light_top": 62, "crime_n": 1, "crime_t": 0, "crime_top": 100, "bv": "0-1", "crime_night_n": 1, "crime_night_t": 0, "crime_night_top": 100, "bv_night": "0-1", "nta": "Granada Hills North", "boro": "Los Angeles"}}, {"type": "Feature", "geometry": {"type": "Polygon", "coordinates": [[[-118.39687971508329, 34.28036614915849], [-118.39231940192016, 34.283837652351295], [-118.39357423756982, 34.2887565441178], [-118.39938976052198, 34.29020376934452], [-118.40394996049223, 34.28673212202045], [-118.40269475074386, 34.281813393613184], [-118.39687971508329, 34.28036614915849]]]}, "properties": {"light_n": 32, "light_t": 2, "light_top": 24, "crime_n": 8, "crime_t": 1, "crime_top": 57, "bv": "1-2", "crime_night_n": 3, "crime_night_t": 1, "crime_night_top": 69, "bv_night": "1-2", "nta": "Foothills Trails District", "boro": "Los Angeles"}}, {"type": "Feature", "geometry": {"type": "Polygon", "coordinates": [[[-118.43699671310024, 34.03224336437289], [-118.43244866654177, 34.03571825883846], [-118.43370224158708, 34.04064401822866], [-118.4395042351375, 34.04209471845824], [-118.44405216810779, 34.03861967880687], [-118.44279822115634, 34.03369408412387], [-118.43699671310024, 34.03224336437289]]]}, "properties": {"light_n": 17, "light_t": 1, "light_top": 41, "crime_n": 60, "crime_t": 2, "crime_top": 10, "bv": "2-1", "crime_night_n": 18, "crime_night_t": 2, "crime_night_top": 17, "bv_night": "2-1", "nta": "West LA", "boro": "Los Angeles"}}, {"type": "Feature", "geometry": {"type": "Polygon", "coordinates": [[[-118.24436650220674, 34.10852541989483], [-118.23980518575186, 34.111994112941765], [-118.24105225008418, 34.11692171112476], [-118.24686100586719, 34.11838045392186], [-118.25142221290454, 34.114911615659054], [-118.25017477361675, 34.10998417982738], [-118.24436650220674, 34.10852541989483]]]}, "properties": {"light_n": 8, "light_t": 1, "light_top": 65, "crime_n": 17, "crime_t": 1, "crime_top": 35, "bv": "1-1", "crime_night_n": 6, "crime_night_t": 1, "crime_night_top": 46, "bv_night": "1-1", "nta": "Northeast", "boro": "Los Angeles"}}, {"type": "Feature", "geometry": {"type": "Polygon", "coordinates": [[[-118.31802475393707, 33.97010981084278], [-118.3134729600435, 33.97358185270953], [-118.31472129684138, 33.978512124530994], [-118.32052180063312, 33.97997019084391], [-118.32507348372832, 33.97649800326714], [-118.32382477387043, 33.9715678950997], [-118.31802475393707, 33.97010981084278]]]}, "properties": {"light_n": 65, "light_t": 2, "light_top": 10, "crime_n": 26, "crime_t": 2, "crime_top": 24, "bv": "2-2", "crime_night_n": 8, "crime_night_t": 1, "crime_night_top": 37, "bv_night": "1-2", "nta": "Park Mesa Heights", "boro": "Los Angeles"}}, {"type": "Feature", "geometry": {"type": "Polygon", "coordinates": [[[-118.26237951898723, 33.77128792157412], [-118.25783288480214, 33.77476007568629], [-118.25907688166585, 33.779697597828005], [-118.26486788521949, 33.78116280209251], [-118.26941441024255, 33.777690501236435], [-118.26817004091396, 33.77275314287194], [-118.26237951898723, 33.77128792157412]]]}, "properties": {"light_n": 36, "light_t": 2, "light_top": 21, "crime_n": 77, "crime_t": 2, "crime_top": 7, "bv": "2-2", "crime_night_n": 34, "crime_night_t": 2, "crime_night_top": 7, "bv_night": "2-2", "nta": "Harbor", "boro": "Los Angeles"}}, {"type": "Feature", "geometry": {"type": "Polygon", "coordinates": [[[-118.43460445755802, 34.25750722110297], [-118.4300470794486, 34.26098002079448], [-118.43130309987815, 34.26589880654329], [-118.4371168719025, 34.267344628765535], [-118.44167413601717, 34.26387168491574], [-118.4404177421429, 34.25895306301422], [-118.43460445755802, 34.25750722110297]]]}, "properties": {"light_n": 15, "light_t": 1, "light_top": 46, "crime_n": 25, "crime_t": 2, "crime_top": 25, "bv": "2-1", "crime_night_n": 10, "crime_night_t": 2, "crime_night_top": 31, "bv_night": "2-1", "nta": "Foothill", "boro": "Los Angeles"}}, {"type": "Feature", "geometry": {"type": "Polygon", "coordinates": [[[-118.51279650814062, 34.180211108433284], [-118.50824644301946, 34.18368685083908], [-118.50950457545983, 34.18860634344479], [-118.51531314495067, 34.19004992868714], [-118.51986309448122, 34.18657404193161], [-118.51860459015221, 34.181654714295576], [-118.51279650814062, 34.180211108433284]]]}, "properties": {"light_n": 31, "light_t": 2, "light_top": 25, "crime_n": 4, "crime_t": 0, "crime_top": 74, "bv": "0-2", "crime_night_n": 0, "crime_night_t": 0, "crime_night_top": null, "bv_night": "0-2", "nta": "Lake Balboa", "boro": "Los Angeles"}}, {"type": "Feature", "geometry": {"type": "Polygon", "coordinates": [[[-118.17093439620054, 34.07620487545418], [-118.1663705515487, 34.07967174374584], [-118.16761443825416, 34.08460193236365], [-118.17342254535276, 34.086065091027976], [-118.17798628230263, 34.08259807723227], [-118.17674201989607, 34.07766805028865], [-118.17093439620054, 34.07620487545418]]]}, "properties": {"light_n": 27, "light_t": 2, "light_top": 28, "crime_n": 16, "crime_t": 1, "crime_top": 36, "bv": "1-2", "crime_night_n": 7, "crime_night_t": 1, "crime_night_top": 42, "bv_night": "1-2", "nta": "LA-32", "boro": "Los Angeles"}}, {"type": "Feature", "geometry": {"type": "Polygon", "coordinates": [[[-118.29731973851345, 33.97413598065378], [-118.29276669129165, 33.97760739493853], [-118.29401428152102, 33.982537993710125], [-118.29981529237142, 33.98399701479379], [-118.30436822925101, 33.98052545477728], [-118.30312026566267, 33.975595019421085], [-118.29731973851345, 33.97413598065378]]]}, "properties": {"light_n": 33, "light_t": 2, "light_top": 23, "crime_n": 49, "crime_t": 2, "crime_top": 13, "bv": "2-2", "crime_night_n": 14, "crime_night_t": 2, "crime_night_top": 22, "bv_night": "2-2", "nta": "77th Street", "boro": "Los Angeles"}}, {"type": "Feature", "geometry": {"type": "Polygon", "coordinates": [[[-118.45628424127202, 34.12927691149057], [-118.45173325760126, 34.1327514975229], [-118.45298865987544, 34.13767382476968], [-118.45879541815935, 34.13912140144152], [-118.46334628761154, 34.13564667070947], [-118.46209051303897, 34.13072450801746], [-118.45628424127202, 34.12927691149057]]]}, "properties": {"light_n": 6, "light_t": 0, "light_top": 72, "crime_n": 1, "crime_t": 0, "crime_top": 100, "bv": "0-0", "crime_night_n": 0, "crime_night_t": 0, "crime_night_top": null, "bv_night": "0-0", "nta": "Sherman Oaks", "boro": "Los Angeles"}}, {"type": "Feature", "geometry": {"type": "Polygon", "coordinates": [[[-118.58299016114488, 34.22065897504432], [-118.57844217946183, 34.22413635406264], [-118.57970344435563, 34.22905302618563], [-118.58551306219739, 34.23049215373599], [-118.5900609266321, 34.22701463070032], [-118.58879929051419, 34.22209812414373], [-118.58299016114488, 34.22065897504432]]]}, "properties": {"light_n": 20, "light_t": 1, "light_top": 36, "crime_n": 10, "crime_t": 1, "crime_top": 49, "bv": "1-1", "crime_night_n": 7, "crime_night_t": 1, "crime_night_top": 42, "bv_night": "1-1", "nta": "Winnetka", "boro": "Los Angeles"}}, {"type": "Feature", "geometry": {"type": "Polygon", "coordinates": [[[-118.60648399528333, 34.18504004377512], [-118.60193872208502, 34.18851841058558], [-118.60320047750164, 34.19343567889849], [-118.6090078768307, 34.194874414463335], [-118.61355303232979, 34.191395903522334], [-118.61229090623986, 34.18647880115907], [-118.60648399528333, 34.18504004377512]]]}, "properties": {"light_n": 19, "light_t": 1, "light_top": 38, "crime_n": 38, "crime_t": 2, "crime_top": 17, "bv": "2-1", "crime_night_n": 13, "crime_night_t": 2, "crime_night_top": 24, "bv_night": "2-1", "nta": "Topanga", "boro": "Los Angeles"}}, {"type": "Feature", "geometry": {"type": "Polygon", "coordinates": [[[-118.50484491258898, 34.29797611506979], [-118.50028960507713, 34.30145055528278], [-118.50154876645627, 34.30636651750122], [-118.50736360817082, 34.307807875072754], [-118.51191880002564, 34.30433329103032], [-118.51065926586378, 34.29941749325796], [-118.50484491258898, 34.29797611506979]]]}, "properties": {"light_n": 28, "light_t": 2, "light_top": 27, "crime_n": 1, "crime_t": 0, "crime_top": 100, "bv": "0-2", "crime_night_n": 0, "crime_night_t": 0, "crime_night_top": null, "bv_night": "0-2", "nta": "Granada Hills North", "boro": "Los Angeles"}}, {"type": "Feature", "geometry": {"type": "Polygon", "coordinates": [[[-118.347119415737, 34.04202850596573], [-118.342566222558, 34.045500747425706], [-118.34381647585094, 34.05042817132684], [-118.34962029552092, 34.051883190076225], [-118.35417337710598, 34.04841080329571], [-118.35292275065535, 34.04348354309855], [-118.347119415737, 34.04202850596573]]]}, "properties": {"light_n": 62, "light_t": 2, "light_top": 11, "crime_n": 70, "crime_t": 2, "crime_top": 8, "bv": "2-2", "crime_night_n": 32, "crime_night_t": 2, "crime_night_top": 7, "bv_night": "2-2", "nta": "Wilshire", "boro": "Los Angeles"}}, {"type": "Feature", "geometry": {"type": "Polygon", "coordinates": [[[-118.58906317939129, 34.18072181518312], [-118.5845171533332, 34.18419972536458], [-118.585778196883, 34.189117515311985], [-118.59158563740854, 34.190557229309476], [-118.59613154616642, 34.1870791749407], [-118.5948701317398, 34.182161550773806], [-118.58906317939129, 34.18072181518312]]]}, "properties": {"light_n": 5, "light_t": 0, "light_top": 76, "crime_n": 7, "crime_t": 1, "crime_top": 60, "bv": "1-0", "crime_night_n": 2, "crime_night_t": 0, "crime_night_top": 82, "bv_night": "0-0", "nta": "Topanga", "boro": "Los Angeles"}}, {"type": "Feature", "geometry": {"type": "Polygon", "coordinates": [[[-118.59763292335595, 34.25650983594525], [-118.59308425665691, 34.259987307650896], [-118.59434648583668, 34.26490252684305], [-118.60015775302448, 34.26634010875396], [-118.6047063020713, 34.262862493225754], [-118.60344370162348, 34.25794743962128], [-118.59763292335595, 34.25650983594525]]]}, "properties": {"light_n": 31, "light_t": 2, "light_top": 25, "crime_n": 18, "crime_t": 2, "crime_top": 34, "bv": "2-2", "crime_night_n": 5, "crime_night_t": 1, "crime_night_top": 51, "bv_night": "1-2", "nta": "Chatsworth", "boro": "Los Angeles"}}, {"type": "Feature", "geometry": {"type": "Polygon", "coordinates": [[[-118.41102077723554, 34.29309723876375], [-118.40646069063028, 34.29656903017588], [-118.40771621104321, 34.301487209785215], [-118.41353219209894, 34.30293343453134], [-118.4180921651671, 34.29946149907437], [-118.41683627075733, 34.29454348292836], [-118.41102077723554, 34.29309723876375]]]}, "properties": {"light_n": 5, "light_t": 0, "light_top": 76, "crime_n": 5, "crime_t": 1, "crime_top": 69, "bv": "1-0", "crime_night_n": 1, "crime_night_t": 0, "crime_night_top": 100, "bv_night": "0-0", "nta": "Sylmar", "boro": "Los Angeles"}}, {"type": "Feature", "geometry": {"type": "Polygon", "coordinates": [[[-118.33390436163167, 34.07562502630733], [-118.32934910055835, 34.07909659008894], [-118.33059922498839, 34.084023262855325], [-118.33640498408879, 34.085478208414294], [-118.34096013379757, 34.08200649944066], [-118.33970963581088, 34.07707999011233], [-118.33390436163167, 34.07562502630733]]]}, "properties": {"light_n": 62, "light_t": 2, "light_top": 11, "crime_n": 5, "crime_t": 1, "crime_top": 69, "bv": "1-2", "crime_night_n": 2, "crime_night_t": 0, "crime_night_top": 82, "bv_night": "0-2", "nta": "Greater Wilshire", "boro": "Los Angeles"}}, {"type": "Feature", "geometry": {"type": "Polygon", "coordinates": [[[-118.47512815115076, 34.20309291587657], [-118.47057514991945, 34.2065673752555], [-118.47183210382862, 34.21148698100394], [-118.4776424315518, 34.21293196290332], [-118.48219531799, 34.20945735920134], [-118.48093799153878, 34.204537917935205], [-118.47512815115076, 34.20309291587657]]]}, "properties": {"light_n": 5, "light_t": 0, "light_top": 76, "crime_n": 13, "crime_t": 1, "crime_top": 42, "bv": "1-0", "crime_night_n": 5, "crime_night_t": 1, "crime_night_top": 51, "bv_night": "1-0", "nta": "West Valley", "boro": "Los Angeles"}}, {"type": "Feature", "geometry": {"type": "Polygon", "coordinates": [[[-118.37488452682231, 34.04437369089423], [-118.37033270275661, 34.04784670584457], [-118.3715840432104, 34.05277345098422], [-118.3773875805776, 34.05422701719127], [-118.38193929242205, 34.050753856986326], [-118.38068757916095, 34.045827275841134], [-118.37488452682231, 34.04437369089423]]]}, "properties": {"light_n": 56, "light_t": 2, "light_top": 13, "crime_n": 26, "crime_t": 2, "crime_top": 24, "bv": "2-2", "crime_night_n": 5, "crime_night_t": 1, "crime_night_top": 51, "bv_night": "1-2", "nta": "South Robertson", "boro": "Los Angeles"}}, {"type": "Feature", "geometry": {"type": "Polygon", "coordinates": [[[-118.38091608582604, 34.17500596349828], [-118.37635924397823, 34.178477978766615], [-118.37761228199697, 34.18340053123773], [-118.38342253550628, 34.18485090487518], [-118.38797926473401, 34.18137874496382], [-118.38672585311308, 34.17645635607027], [-118.38091608582604, 34.17500596349828]]]}, "properties": {"light_n": 84, "light_t": 2, "light_top": 6, "crime_n": 19, "crime_t": 2, "crime_top": 33, "bv": "2-2", "crime_night_n": 8, "crime_night_t": 1, "crime_night_top": 37, "bv_night": "1-2", "nta": "NoHo", "boro": "Los Angeles"}}, {"type": "Feature", "geometry": {"type": "Polygon", "coordinates": [[[-118.20288187702212, 34.116558452440124], [-118.19831805509573, 34.12002587524479], [-118.19956361810915, 34.124954121638496], [-118.20537337864346, 34.12641478336649], [-118.20993709207038, 34.12294721530311], [-118.20869115350274, 34.118019130782805], [-118.20288187702212, 34.116558452440124]]]}, "properties": {"light_n": 4, "light_t": 0, "light_top": 81, "crime_n": 12, "crime_t": 1, "crime_top": 44, "bv": "1-0", "crime_night_n": 5, "crime_night_t": 1, "crime_night_top": 51, "bv_night": "1-0", "nta": "Northeast", "boro": "Los Angeles"}}, {"type": "Feature", "geometry": {"type": "Polygon", "coordinates": [[[-118.46005116166018, 34.144043374985635], [-118.45549977451951, 34.14751793635839], [-118.4567554869125, 34.15243972056071], [-118.46256295883384, 34.15388677886215], [-118.46711423164118, 34.15041207286516], [-118.46585814690108, 34.14549045320313], [-118.46005116166018, 34.144043374985635]]]}, "properties": {"light_n": 21, "light_t": 1, "light_top": 35, "crime_n": 6, "crime_t": 1, "crime_top": 65, "bv": "1-1", "crime_night_n": 3, "crime_night_t": 1, "crime_night_top": 69, "bv_night": "1-1", "nta": "Sherman Oaks", "boro": "Los Angeles"}}, {"type": "Feature", "geometry": {"type": "Polygon", "coordinates": [[[-118.55142420444032, 34.20362268745462], [-118.54687523727499, 34.2070993206811], [-118.54813510678105, 34.21201722649443], [-118.55394431502427, 34.21345833379918], [-118.55849316568433, 34.20998155641083], [-118.5572329246472, 34.20506381589169], [-118.55142420444032, 34.20362268745462]]]}, "properties": {"light_n": 21, "light_t": 1, "light_top": 35, "crime_n": 14, "crime_t": 1, "crime_top": 40, "bv": "1-1", "crime_night_n": 7, "crime_night_t": 1, "crime_night_top": 42, "bv_night": "1-1", "nta": "Reseda", "boro": "Los Angeles"}}, {"type": "Feature", "geometry": {"type": "Polygon", "coordinates": [[[-118.36977186932984, 33.96003055441194], [-118.3652232123759, 33.963504161599545], [-118.36647341297801, 33.96843361395879], [-118.37227264288627, 33.96988929489269], [-118.37682118790283, 33.9664155420503], [-118.3755706149888, 33.96148625394093], [-118.36977186932984, 33.96003055441194]]]}, "properties": {"light_n": 13, "light_t": 1, "light_top": 50, "crime_n": 4, "crime_t": 0, "crime_top": 74, "bv": "0-1", "crime_night_n": 0, "crime_night_t": 0, "crime_night_top": null, "bv_night": "0-1", "nta": "Westchester/Playa", "boro": "Los Angeles"}}, {"type": "Feature", "geometry": {"type": "Polygon", "coordinates": [[[-118.29819578016277, 34.020518375853555], [-118.29364088790875, 34.02398940648584], [-118.29488902978393, 34.02891855972621], [-118.30069243761113, 34.030376519091554], [-118.30524721941161, 34.02690534294345], [-118.30399870387873, 34.021976352958056], [-118.29819578016277, 34.020518375853555]]]}, "properties": {"light_n": 38, "light_t": 2, "light_top": 20, "crime_n": 27, "crime_t": 2, "crime_top": 23, "bv": "2-2", "crime_night_n": 13, "crime_night_t": 2, "crime_night_top": 24, "bv_night": "2-2", "nta": "Empowerment Congress North", "boro": "Los Angeles"}}, {"type": "Feature", "geometry": {"type": "Polygon", "coordinates": [[[-118.18918926778433, 34.12696022995329], [-118.18462430241972, 34.13042716167284], [-118.18586945605036, 34.13535538029756], [-118.1916799508897, 34.13681650552779], [-118.19624480804295, 34.13334942857099], [-118.19499927860852, 34.12842137163359], [-118.18918926778433, 34.12696022995329]]]}, "properties": {"light_n": 3, "light_t": 0, "light_top": 86, "crime_n": 4, "crime_t": 0, "crime_top": 74, "bv": "0-0", "crime_night_n": 2, "crime_night_t": 0, "crime_night_top": 82, "bv_night": "0-0", "nta": "Northeast", "boro": "Los Angeles"}}, {"type": "Feature", "geometry": {"type": "Polygon", "coordinates": [[[-118.37385347779396, 34.16863232989804], [-118.36929652349762, 34.17210420048011], [-118.37054921974307, 34.17702710667092], [-118.37635924397823, 34.178477978766615], [-118.38091608582604, 34.17500596349828], [-118.37966301592776, 34.17008322083274], [-118.37385347779396, 34.16863232989804]]]}, "properties": {"light_n": 43, "light_t": 2, "light_top": 18, "crime_n": 118, "crime_t": 2, "crime_top": 2, "bv": "2-2", "crime_night_n": 35, "crime_night_t": 2, "crime_night_top": 6, "bv_night": "2-2", "nta": "N Hollywood", "boro": "Los Angeles"}}, {"type": "Feature", "geometry": {"type": "Polygon", "coordinates": [[[-118.28871023158757, 34.06890166801122], [-118.28415286537455, 34.072371995004765], [-118.28540118527441, 34.077299859795794], [-118.29120724553418, 34.07875723463028], [-118.29576450141087, 34.07528676232517], [-118.29451580740448, 34.07035906050941], [-118.28871023158757, 34.06890166801122]]]}, "properties": {"light_n": 61, "light_t": 2, "light_top": 11, "crime_n": 109, "crime_t": 2, "crime_top": 3, "bv": "2-2", "crime_night_n": 46, "crime_night_t": 2, "crime_night_top": 3, "bv_night": "2-2", "nta": "Olympic", "boro": "Los Angeles"}}, {"type": "Feature", "geometry": {"type": "Polygon", "coordinates": [[[-118.18213430361327, 34.12057018373118], [-118.17756923020866, 34.12403697017086], [-118.1788140416651, 34.1289655399526], [-118.18462430241972, 34.13042716167284], [-118.18918926778433, 34.12696022995329], [-118.18794408047464, 34.12203182180576], [-118.18213430361327, 34.12057018373118]]]}, "properties": {"light_n": 4, "light_t": 0, "light_top": 81, "crime_n": 4, "crime_t": 0, "crime_top": 74, "bv": "0-0", "crime_night_n": 3, "crime_night_t": 1, "crime_night_top": 69, "bv_night": "1-0", "nta": "Historic Highland Park", "boro": "Los Angeles"}}, {"type": "Feature", "geometry": {"type": "Polygon", "coordinates": [[[-118.21488549219465, 34.0134044164761], [-118.21032651548384, 34.01687311779241], [-118.21157138802961, 34.0218042969173], [-118.21737561202978, 34.023266612358974], [-118.22193448017177, 34.01979776533346], [-118.22068923292261, 34.014866748587814], [-118.21488549219465, 34.0134044164761]]]}, "properties": {"light_n": 19, "light_t": 1, "light_top": 38, "crime_n": 23, "crime_t": 2, "crime_top": 27, "bv": "2-1", "crime_night_n": 13, "crime_night_t": 2, "crime_night_top": 24, "bv_night": "2-1", "nta": "Hollenbeck", "boro": "Los Angeles"}}, {"type": "Feature", "geometry": {"type": "Polygon", "coordinates": [[[-118.59056010986072, 34.250156320594535], [-118.5860113256814, 34.2536336484336], [-118.58727321339904, 34.25854922472392], [-118.59308425665691, 34.259987307650896], [-118.59763292335595, 34.25650983594525], [-118.59637066431829, 34.25159442519129], [-118.59056010986072, 34.250156320594535]]]}, "properties": {"light_n": 34, "light_t": 2, "light_top": 22, "crime_n": 15, "crime_t": 1, "crime_top": 38, "bv": "1-2", "crime_night_n": 9, "crime_night_t": 2, "crime_night_top": 34, "bv_night": "2-2", "nta": "Chatsworth", "boro": "Los Angeles"}}, {"type": "Feature", "geometry": {"type": "Polygon", "coordinates": [[[-118.42093117175745, 34.26792513121359], [-118.41637264219406, 34.271397441756676], [-118.41762825747696, 34.27631619905687], [-118.42344277606003, 34.27776248216367], [-118.42800119191479, 34.27429002748174], [-118.42674520293576, 34.269371433844064], [-118.42093117175745, 34.26792513121359]]]}, "properties": {"light_n": 56, "light_t": 2, "light_top": 13, "crime_n": 24, "crime_t": 2, "crime_top": 26, "bv": "2-2", "crime_night_n": 11, "crime_night_t": 2, "crime_night_top": 28, "bv_night": "2-2", "nta": "Pacoima", "boro": "Los Angeles"}}, {"type": "Feature", "geometry": {"type": "Polygon", "coordinates": [[[-118.2856595610907, 33.90655022473948], [-118.28110865307667, 33.91002189337398], [-118.28235504368527, 33.914954812905734], [-118.2881527154088, 33.916415900278835], [-118.29270351347513, 33.91294408557656], [-118.29145674980577, 33.90801132958121], [-118.2856595610907, 33.90655022473948]]]}, "properties": {"light_n": 45, "light_t": 2, "light_top": 17, "crime_n": 15, "crime_t": 1, "crime_top": 38, "bv": "1-2", "crime_night_n": 6, "crime_night_t": 1, "crime_night_top": 46, "bv_night": "1-2", "nta": "Harbor Gateway North", "boro": "Los Angeles"}}, {"type": "Feature", "geometry": {"type": "Polygon", "coordinates": [[[-118.45157354028623, 34.23869538004877], [-118.44701783236518, 34.24216883979609], [-118.44827428883144, 34.24708784520766], [-118.45408682635279, 34.24853322678569], [-118.45864241993635, 34.24505962282926], [-118.45738559037677, 34.24014078151611], [-118.45157354028623, 34.23869538004877]]]}, "properties": {"light_n": 25, "light_t": 2, "light_top": 30, "crime_n": 18, "crime_t": 2, "crime_top": 34, "bv": "2-2", "crime_night_n": 4, "crime_night_t": 1, "crime_night_top": 60, "bv_night": "1-2", "nta": "Panorama City", "boro": "Los Angeles"}}, {"type": "Feature", "geometry": {"type": "Polygon", "coordinates": [[[-118.2671189333257, 34.026553723320575], [-118.26256216101616, 34.03002380872787], [-118.26380918102076, 34.034953451017124], [-118.26961334748157, 34.03641284501445], [-118.27417001002323, 34.032942614058825], [-118.27292261591222, 34.02801313466648], [-118.2671189333257, 34.026553723320575]]]}, "properties": {"light_n": 96, "light_t": 2, "light_top": 4, "crime_n": 79, "crime_t": 2, "crime_top": 6, "bv": "2-2", "crime_night_n": 29, "crime_night_t": 2, "crime_night_top": 8, "bv_night": "2-2", "nta": "Downtown Los Angeles", "boro": "Los Angeles"}}, {"type": "Feature", "geometry": {"type": "Polygon", "coordinates": [[[-118.32310002336561, 34.05446052956596], [-118.31854505705316, 34.05793197253238], [-118.31979453122025, 34.0628595358594], [-118.32559934529739, 34.06431549283288], [-118.33015420053002, 34.060843904555796], [-118.32890435280568, 34.05591650462813], [-118.32310002336561, 34.05446052956596]]]}, "properties": {"light_n": 55, "light_t": 2, "light_top": 13, "crime_n": 14, "crime_t": 1, "crime_top": 40, "bv": "1-2", "crime_night_n": 6, "crime_night_t": 1, "crime_night_top": 46, "bv_night": "1-2", "nta": "Greater Wilshire", "boro": "Los Angeles"}}, {"type": "Feature", "geometry": {"type": "Polygon", "coordinates": [[[-118.3918360921462, 34.02555306125839], [-118.38728593061012, 34.029026726331516], [-118.38853770736027, 34.033953681734076], [-118.39434001814489, 34.03540680782939], [-118.39889006711775, 34.03193299744866], [-118.39763791790962, 34.02700620629241], [-118.3918360921462, 34.02555306125839]]]}, "properties": {"light_n": 47, "light_t": 2, "light_top": 16, "crime_n": 43, "crime_t": 2, "crime_top": 14, "bv": "2-2", "crime_night_n": 8, "crime_night_t": 1, "crime_night_top": 37, "bv_night": "1-2", "nta": "South Robertson", "boro": "Los Angeles"}}, {"type": "Feature", "geometry": {"type": "Polygon", "coordinates": [[[-118.6206226334574, 34.197750907067196], [-118.61607759582925, 34.20122956209452], [-118.61734003326193, 34.20614611816441], [-118.62314787893285, 34.20758385316681], [-118.62769279851844, 34.20410505409735], [-118.62642999051651, 34.19918866407967], [-118.6206226334574, 34.197750907067196]]]}, "properties": {"light_n": 16, "light_t": 1, "light_top": 43, "crime_n": 1, "crime_t": 0, "crime_top": 100, "bv": "0-1", "crime_night_n": 0, "crime_night_t": 0, "crime_night_top": null, "bv_night": "0-1", "nta": "West Hills", "boro": "Los Angeles"}}, {"type": "Feature", "geometry": {"type": "Polygon", "coordinates": [[[-118.39880489454004, 34.202515689530344], [-118.3942478728148, 34.20598796708086], [-118.3955019045072, 34.21090926654613], [-118.40131333151551, 34.21235812480538], [-118.40587024016291, 34.208885702773465], [-118.40461583492043, 34.20396456697595], [-118.39880489454004, 34.202515689530344]]]}, "properties": {"light_n": 61, "light_t": 2, "light_top": 11, "crime_n": 5, "crime_t": 1, "crime_top": 69, "bv": "1-2", "crime_night_n": 2, "crime_night_t": 0, "crime_night_top": 82, "bv_night": "0-2", "nta": "North Hollywood Northeast", "boro": "Los Angeles"}}, {"type": "Feature", "geometry": {"type": "Polygon", "coordinates": [[[-118.47560358681196, 34.22624470602749], [-118.47104966355771, 34.229718968182134], [-118.47230689710094, 34.23463783661101], [-118.47811842662993, 34.23608227849606], [-118.48267223503265, 34.232607872125016], [-118.48141462879866, 34.22768916809747], [-118.47560358681196, 34.22624470602749]]]}, "properties": {"light_n": 43, "light_t": 2, "light_top": 18, "crime_n": 20, "crime_t": 2, "crime_top": 31, "bv": "2-2", "crime_night_n": 4, "crime_night_t": 1, "crime_night_top": 60, "bv_night": "1-2", "nta": "North Hills East", "boro": "Los Angeles"}}, {"type": "Feature", "geometry": {"type": "Polygon", "coordinates": [[[-118.3570249424427, 34.016827374708605], [-118.35247329935872, 34.02030012202387], [-118.35372364891799, 34.025228107232984], [-118.3595260144604, 34.02668318123557], [-118.36407754577878, 34.02321028850311], [-118.36282682336075, 34.018282467197466], [-118.3570249424427, 34.016827374708605]]]}, "properties": {"light_n": 33, "light_t": 2, "light_top": 23, "crime_n": 40, "crime_t": 2, "crime_top": 16, "bv": "2-2", "crime_night_n": 9, "crime_night_t": 2, "crime_night_top": 34, "bv_night": "2-2", "nta": "Southwest", "boro": "Los Angeles"}}, {"type": "Feature", "geometry": {"type": "Polygon", "coordinates": [[[-118.41293615626388, 34.21525486239726], [-118.40837936086605, 34.21872742886722], [-118.40963407634987, 34.2236480190242], [-118.41544596072055, 34.2250958789514], [-118.42000264269704, 34.221623168086715], [-118.41874755376479, 34.21670274170176], [-118.41293615626388, 34.21525486239726]]]}, "properties": {"light_n": 35, "light_t": 2, "light_top": 22, "crime_n": 5, "crime_t": 1, "crime_top": 69, "bv": "1-2", "crime_night_n": 3, "crime_night_t": 1, "crime_night_top": 69, "bv_night": "1-2", "nta": "North Hollywood West", "boro": "Los Angeles"}}, {"type": "Feature", "geometry": {"type": "Polygon", "coordinates": [[[-118.4143247926749, 34.28470690171395], [-118.40976522516297, 34.28817886639781], [-118.41102077723554, 34.29309723876375], [-118.41683627075733, 34.29454348292836], [-118.42139572467497, 34.29107137416836], [-118.4201397987058, 34.28615316533215], [-118.4143247926749, 34.28470690171395]]]}, "properties": {"light_n": 64, "light_t": 2, "light_top": 10, "crime_n": 11, "crime_t": 1, "crime_top": 46, "bv": "1-2", "crime_night_n": 5, "crime_night_t": 1, "crime_night_top": 51, "bv_night": "1-2", "nta": "Pacoima", "boro": "Los Angeles"}}, {"type": "Feature", "geometry": {"type": "Polygon", "coordinates": [[[-118.3931154232783, 34.26560834834222], [-118.38855551601584, 34.269079880538236], [-118.38981004115477, 34.27399932049204], [-118.39562484764616, 34.27544706488855], [-118.40018464183046, 34.27197538848671], [-118.39892974264224, 34.26705611190644], [-118.3931154232783, 34.26560834834222]]]}, "properties": {"light_n": 20, "light_t": 1, "light_top": 36, "crime_n": 20, "crime_t": 2, "crime_top": 31, "bv": "2-1", "crime_night_n": 10, "crime_night_t": 2, "crime_night_top": 31, "bv_night": "2-1", "nta": "Foothill", "boro": "Los Angeles"}}, {"type": "Feature", "geometry": {"type": "Polygon", "coordinates": [[[-118.48549035968806, 34.201063143801974], [-118.48093799153878, 34.204537917935205], [-118.48219531799, 34.20945735920134], [-118.48800538502208, 34.21090186174588], [-118.49255763814992, 34.207426943301726], [-118.49129993930782, 34.20250766663611], [-118.48549035968806, 34.201063143801974]]]}, "properties": {"light_n": 9, "light_t": 1, "light_top": 62, "crime_n": 7, "crime_t": 1, "crime_top": 60, "bv": "1-1", "crime_night_n": 3, "crime_night_t": 1, "crime_night_top": 69, "bv_night": "1-1", "nta": "Lake Balboa", "boro": "Los Angeles"}}, {"type": "Feature", "geometry": {"type": "Polygon", "coordinates": [[[-118.30281934362374, 34.081671009073546], [-118.29826219825442, 34.08514162664714], [-118.29951120111471, 34.09006878901313], [-118.30531772339113, 34.09152517073707], [-118.30987475808188, 34.08805440793812], [-118.30862538121508, 34.08312740865286], [-118.30281934362374, 34.081671009073546]]]}, "properties": {"light_n": 47, "light_t": 2, "light_top": 16, "crime_n": 78, "crime_t": 2, "crime_top": 7, "bv": "2-2", "crime_night_n": 28, "crime_night_t": 2, "crime_night_top": 9, "bv_night": "2-2", "nta": "Hollywood", "boro": "Los Angeles"}}, {"type": "Feature", "geometry": {"type": "Polygon", "coordinates": [[[-118.1912588072313, 34.0490070649399], [-118.18669713854798, 34.052474766255905], [-118.1879415020115, 34.05740535769975], [-118.19374790945054, 34.05886808584647], [-118.19830947002708, 34.05540023894013], [-118.19706473131157, 34.05046980948977], [-118.1912588072313, 34.0490070649399]]]}, "properties": {"light_n": 47, "light_t": 2, "light_top": 16, "crime_n": 19, "crime_t": 2, "crime_top": 33, "bv": "2-2", "crime_night_n": 8, "crime_night_t": 1, "crime_night_top": 37, "bv_night": "1-2", "nta": "Boyle Heights", "boro": "Los Angeles"}}, {"type": "Feature", "geometry": {"type": "Polygon", "coordinates": [[[-118.40264713315356, 34.04671229434444], [-118.39809668011026, 34.050186081864354], [-118.39934910693614, 34.055112147376356], [-118.40515235930224, 34.056564261096064], [-118.40970269949729, 34.05309032838788], [-118.40844990021492, 34.04816442716043], [-118.40264713315356, 34.04671229434444]]]}, "properties": {"light_n": 4, "light_t": 0, "light_top": 81, "crime_n": 7, "crime_t": 1, "crime_top": 60, "bv": "1-0", "crime_night_n": 2, "crime_night_t": 0, "crime_night_top": 82, "bv_night": "0-0", "nta": "West LA", "boro": "Los Angeles"}}, {"type": "Feature", "geometry": {"type": "Polygon", "coordinates": [[[-118.44120552252986, 34.240722958401875], [-118.43664918184828, 34.2441961021904], [-118.43790526507004, 34.24911527158204], [-118.44371806225857, 34.250561133217296], [-118.44827428883144, 34.24708784520766], [-118.44701783236518, 34.24216883979609], [-118.44120552252986, 34.240722958401875]]]}, "properties": {"light_n": 47, "light_t": 2, "light_top": 16, "crime_n": 14, "crime_t": 1, "crime_top": 40, "bv": "1-2", "crime_night_n": 3, "crime_night_t": 1, "crime_night_top": 69, "bv_night": "1-2", "nta": "Arleta", "boro": "Los Angeles"}}, {"type": "Feature", "geometry": {"type": "Polygon", "coordinates": [[[-118.29907254618398, 34.06688841788341], [-118.29451580740448, 34.07035906050941], [-118.29576450141087, 34.07528676232517], [-118.30157030819383, 34.0767436584327], [-118.30612693640826, 34.0732728705061], [-118.30487786844513, 34.068345331784826], [-118.29907254618398, 34.06688841788341]]]}, "properties": {"light_n": 40, "light_t": 2, "light_top": 19, "crime_n": 84, "crime_t": 2, "crime_top": 6, "bv": "2-2", "crime_night_n": 41, "crime_night_t": 2, "crime_night_top": 4, "bv_night": "2-2", "nta": "Olympic", "boro": "Los Angeles"}}, {"type": "Feature", "geometry": {"type": "Polygon", "coordinates": [[[-118.32773810079786, 34.11559646761444], [-118.32318088170604, 34.11906749512061], [-118.32443121829587, 34.123993061489294], [-118.33023914792378, 34.125447437139314], [-118.33479625570973, 34.121976264612414], [-118.33354554521408, 34.11705086146848], [-118.32773810079786, 34.11559646761444]]]}, "properties": {"light_n": 12, "light_t": 1, "light_top": 52, "crime_n": 0, "crime_t": 0, "crime_top": null, "bv": "0-1", "crime_night_n": 0, "crime_night_t": 0, "crime_night_top": null, "bv_night": "0-1", "nta": "Hollywood United", "boro": "Los Angeles"}}, {"type": "Feature", "geometry": {"type": "Polygon", "coordinates": [[[-118.32221347680074, 34.00809000526385], [-118.31766035550284, 34.01156183372656], [-118.3189092769223, 34.016490847122135], [-118.32471169293866, 34.01794786850726], [-118.32926470326886, 34.01447589451836], [-118.3280154085907, 34.00954704468277], [-118.32221347680074, 34.00809000526385]]]}, "properties": {"light_n": 36, "light_t": 2, "light_top": 21, "crime_n": 19, "crime_t": 2, "crime_top": 33, "bv": "2-2", "crime_night_n": 7, "crime_night_t": 1, "crime_night_top": 42, "bv_night": "1-2", "nta": "Empowerment Congress West", "boro": "Los Angeles"}}, {"type": "Feature", "geometry": {"type": "Polygon", "coordinates": [[[-118.30238004134176, 34.058489715397215], [-118.29782381958091, 34.061960528115236], [-118.29907254618398, 34.06688841788341], [-118.30487786844513, 34.068345331784826], [-118.30943397958328, 34.06487437373406], [-118.30818487912326, 34.05994664712688], [-118.30238004134176, 34.058489715397215]]]}, "properties": {"light_n": 65, "light_t": 2, "light_top": 10, "crime_n": 119, "crime_t": 2, "crime_top": 2, "bv": "2-2", "crime_night_n": 41, "crime_night_t": 2, "crime_night_top": 4, "bv_night": "2-2", "nta": "Olympic", "boro": "Los Angeles"}}, {"type": "Feature", "geometry": {"type": "Polygon", "coordinates": [[[-118.42191043187024, 34.14375053002981], [-118.41735703625125, 34.147224003401746], [-118.41861128925486, 34.152146634188135], [-118.42441931076841, 34.15359562748199], [-118.42897259291027, 34.150122009406765], [-118.42771796705624, 34.14519954275316], [-118.42191043187024, 34.14375053002981]]]}, "properties": {"light_n": 22, "light_t": 2, "light_top": 33, "crime_n": 12, "crime_t": 1, "crime_top": 44, "bv": "1-2", "crime_night_n": 2, "crime_night_t": 0, "crime_night_top": 82, "bv_night": "0-2", "nta": "Studio City", "boro": "Los Angeles"}}, {"type": "Feature", "geometry": {"type": "Polygon", "coordinates": [[[-118.47373245657566, 34.30407147015283], [-118.46917524584065, 34.30754496156406], [-118.47043328796167, 34.312461416412575], [-118.47624891409613, 34.3139042157701], [-118.48080600986076, 34.31043058049246], [-118.47954759450208, 34.30551428973589], [-118.47373245657566, 34.30407147015283]]]}, "properties": {"light_n": 16, "light_t": 1, "light_top": 43, "crime_n": 14, "crime_t": 1, "crime_top": 40, "bv": "1-1", "crime_night_n": 9, "crime_night_t": 2, "crime_night_top": 34, "bv_night": "2-1", "nta": "Sylmar", "boro": "Los Angeles"}}, {"type": "Feature", "geometry": {"type": "Polygon", "coordinates": [[[-118.47180560105048, 34.040942812153794], [-118.46725904356326, 34.04441862173957], [-118.46851404348975, 34.04934334774992], [-118.47431597244751, 34.05079209913795], [-118.47886241554961, 34.047316144477385], [-118.47760704411958, 34.042391583515695], [-118.47180560105048, 34.040942812153794]]]}, "properties": {"light_n": 6, "light_t": 0, "light_top": 72, "crime_n": 7, "crime_t": 1, "crime_top": 60, "bv": "1-0", "crime_night_n": 2, "crime_night_t": 0, "crime_night_top": 82, "bv_night": "0-0", "nta": "West LA", "boro": "Los Angeles"}}, {"type": "Feature", "geometry": {"type": "Polygon", "coordinates": [[[-118.28914676255887, 34.09208237538205], [-118.28458847225208, 34.095552506358935], [-118.28583706825002, 34.1004796431507], [-118.29164432885138, 34.101936486082835], [-118.29620250876617, 34.09846620990165], [-118.29495353851196, 34.093539236004915], [-118.28914676255887, 34.09208237538205]]]}, "properties": {"light_n": 65, "light_t": 2, "light_top": 10, "crime_n": 99, "crime_t": 2, "crime_top": 4, "bv": "2-2", "crime_night_n": 51, "crime_night_t": 2, "crime_night_top": 3, "bv_night": "2-2", "nta": "Northeast", "boro": "Los Angeles"}}, {"type": "Feature", "geometry": {"type": "Polygon", "coordinates": [[[-118.2813916601099, 34.23311585775421], [-118.27682718825334, 34.236584471321834], [-118.2780770680868, 34.24150737160133], [-118.28389179512446, 34.242961496031185], [-118.28845615648392, 34.23949273788773], [-118.28720590134333, 34.23456999990258], [-118.2813916601099, 34.23311585775421]]]}, "properties": {"light_n": 8, "light_t": 1, "light_top": 65, "crime_n": 0, "crime_t": 0, "crime_top": null, "bv": "0-1", "crime_night_n": 0, "crime_night_t": 0, "crime_night_top": null, "bv_night": "0-1", "nta": "Sunland-Tujunga", "boro": "Los Angeles"}}, {"type": "Feature", "geometry": {"type": "Polygon", "coordinates": [[[-118.40831979383861, 33.98354464733024], [-118.40377221457504, 33.987019149271134], [-118.40502414941567, 33.99194703690989], [-118.4108240355207, 33.993400258041184], [-118.41537150193675, 33.98992561063136], [-118.41411919513573, 33.984997887571325], [-118.40831979383861, 33.98354464733024]]]}, "properties": {"light_n": 8, "light_t": 1, "light_top": 65, "crime_n": 12, "crime_t": 1, "crime_top": 44, "bv": "1-1", "crime_night_n": 4, "crime_night_t": 1, "crime_night_top": 60, "bv_night": "1-1", "nta": "Pacific", "boro": "Los Angeles"}}, {"type": "Feature", "geometry": {"type": "Polygon", "coordinates": [[[-118.52693024766246, 34.1929361208005], [-118.52238041389418, 34.19641215186193], [-118.52363922900133, 34.201330934017], [-118.52944824970317, 34.20277352004973], [-118.53399796753752, 34.199297344726254], [-118.53273878064468, 34.19437872764423], [-118.52693024766246, 34.1929361208005]]]}, "properties": {"light_n": 14, "light_t": 1, "light_top": 48, "crime_n": 26, "crime_t": 2, "crime_top": 24, "bv": "2-1", "crime_night_n": 10, "crime_night_t": 2, "crime_night_top": 31, "bv_night": "2-1", "nta": "West Valley", "boro": "Los Angeles"}}, {"type": "Feature", "geometry": {"type": "Polygon", "coordinates": [[[-118.414788054913, 34.3078512577942], [-118.41022756261488, 34.31132301972013], [-118.41148339379687, 34.316240649906966], [-118.41730009136383, 34.31768635473121], [-118.42186047000986, 34.314214448834946], [-118.42060426478174, 34.309296982097024], [-118.414788054913, 34.3078512577942]]]}, "properties": {"light_n": 13, "light_t": 1, "light_top": 50, "crime_n": 0, "crime_t": 0, "crime_top": null, "bv": "0-1", "crime_night_n": 0, "crime_night_t": 0, "crime_night_top": null, "bv_night": "0-1", "nta": "Sylmar", "boro": "Los Angeles"}}, {"type": "Feature", "geometry": {"type": "Polygon", "coordinates": [[[-118.22524758446785, 34.011397731335066], [-118.22068923292261, 34.014866748587814], [-118.22193448017177, 34.01979776533346], [-118.22773845356052, 34.021259602339754], [-118.232296696308, 34.01779043938834], [-118.2310510745047, 34.01285958514159], [-118.22524758446785, 34.011397731335066]]]}, "properties": {"light_n": 12, "light_t": 1, "light_top": 52, "crime_n": 8, "crime_t": 1, "crime_top": 57, "bv": "1-1", "crime_night_n": 3, "crime_night_t": 1, "crime_night_top": 69, "bv_night": "1-1", "nta": "Downtown Los Angeles", "boro": "Los Angeles"}}, {"type": "Feature", "geometry": {"type": "Polygon", "coordinates": [[[-118.47043328796167, 34.312461416412575], [-118.46587555797252, 34.3159347350172], [-118.46713356899056, 34.32085099680238], [-118.47294968337644, 34.32229377596955], [-118.47750729845205, 34.318820313529706], [-118.47624891409613, 34.3139042157701], [-118.47043328796167, 34.312461416412575]]]}, "properties": {"light_n": 17, "light_t": 1, "light_top": 41, "crime_n": 6, "crime_t": 1, "crime_top": 65, "bv": "1-1", "crime_night_n": 2, "crime_night_t": 0, "crime_night_top": 82, "bv_night": "0-1", "nta": "Sylmar", "boro": "Los Angeles"}}, {"type": "Feature", "geometry": {"type": "Polygon", "coordinates": [[[-118.51986309448122, 34.18657404193161], [-118.51531314495067, 34.19004992868714], [-118.51657161871822, 34.19496906615693], [-118.52238041389418, 34.19641215186193], [-118.52693024766246, 34.1929361208005], [-118.52567140205775, 34.18801714835209], [-118.51986309448122, 34.18657404193161]]]}, "properties": {"light_n": 7, "light_t": 1, "light_top": 69, "crime_n": 5, "crime_t": 1, "crime_top": 69, "bv": "1-1", "crime_night_n": 0, "crime_night_t": 0, "crime_night_top": null, "bv_night": "0-1", "nta": "Lake Balboa", "boro": "Los Angeles"}}, {"type": "Feature", "geometry": {"type": "Polygon", "coordinates": [[[-118.30568698699913, 34.050090655290006], [-118.30113128217842, 34.05356163787117], [-118.30238004134176, 34.058489715397215], [-118.30818487912326, 34.05994664712688], [-118.3127404732637, 34.05647551918077], [-118.31149134034321, 34.05154760488222], [-118.30568698699913, 34.050090655290006]]]}, "properties": {"light_n": 139, "light_t": 2, "light_top": 1, "crime_n": 99, "crime_t": 2, "crime_top": 4, "bv": "2-2", "crime_night_n": 39, "crime_night_t": 2, "crime_night_top": 5, "bv_night": "2-2", "nta": "Wilshire Center-Koreatown", "boro": "Los Angeles"}}, {"type": "Feature", "geometry": {"type": "Polygon", "coordinates": [[[-118.45864241993635, 34.24505962282926], [-118.45408682635279, 34.24853322678569], [-118.45534362473457, 34.25345187650684], [-118.4611563897828, 34.254896758133434], [-118.46571186885696, 34.25142301001139], [-118.46445469743301, 34.24650452444055], [-118.45864241993635, 34.24505962282926]]]}, "properties": {"light_n": 16, "light_t": 1, "light_top": 43, "crime_n": 1, "crime_t": 0, "crime_top": 100, "bv": "0-1", "crime_night_n": 0, "crime_night_t": 0, "crime_night_top": null, "bv_night": "0-1", "nta": "Mission Hills", "boro": "Los Angeles"}}, {"type": "Feature", "geometry": {"type": "Polygon", "coordinates": [[[-118.32443121829587, 34.123993061489294], [-118.31987348166145, 34.12746391805685], [-118.32112378586284, 34.132389295250945], [-118.3269322007448, 34.13384365273148], [-118.33148982613086, 34.13037265117515], [-118.33023914792378, 34.125447437139314], [-118.32443121829587, 34.123993061489294]]]}, "properties": {"light_n": 20, "light_t": 1, "light_top": 36, "crime_n": 2, "crime_t": 0, "crime_top": 87, "bv": "0-1", "crime_night_n": 0, "crime_night_t": 0, "crime_night_top": null, "bv_night": "0-1", "nta": "Hollywood United", "boro": "Los Angeles"}}, {"type": "Feature", "geometry": {"type": "Polygon", "coordinates": [[[-118.53680001241787, 34.16774952458257], [-118.53225173276324, 34.171226063206845], [-118.53351063925527, 34.17614541566143], [-118.53931819692896, 34.17758806423161], [-118.54386636048099, 34.17411138125056], [-118.54260708250268, 34.1691921940682], [-118.53680001241787, 34.16774952458257]]]}, "properties": {"light_n": 43, "light_t": 2, "light_top": 18, "crime_n": 42, "crime_t": 2, "crime_top": 15, "bv": "2-2", "crime_night_n": 11, "crime_night_t": 2, "crime_night_top": 28, "bv_night": "2-2", "nta": "Tarzana", "boro": "Los Angeles"}}, {"type": "Feature", "geometry": {"type": "Polygon", "coordinates": [[[-118.56556269284981, 34.21633956939327], [-118.56101395886674, 34.21981649089955], [-118.56227451103518, 34.22473368473011], [-118.56808416865508, 34.22617379166932], [-118.57263278578937, 34.22269672608911], [-118.57137186219329, 34.21777969765572], [-118.56556269284981, 34.21633956939327]]]}, "properties": {"light_n": 22, "light_t": 2, "light_top": 33, "crime_n": 30, "crime_t": 2, "crime_top": 20, "bv": "2-2", "crime_night_n": 15, "crime_night_t": 2, "crime_night_top": 20, "bv_night": "2-2", "nta": "Devonshire", "boro": "Los Angeles"}}, {"type": "Feature", "geometry": {"type": "Polygon", "coordinates": [[[-118.43230470471333, 33.97109767432718], [-118.42775890007464, 33.97457296672834], [-118.42901160999708, 33.9795007108206], [-118.43481049615956, 33.98095299764096], [-118.4393561874393, 33.977477559761404], [-118.43810310595592, 33.97254998055199], [-118.43230470471333, 33.97109767432718]]]}, "properties": {"light_n": 9, "light_t": 1, "light_top": 62, "crime_n": 5, "crime_t": 1, "crime_top": 69, "bv": "1-1", "crime_night_n": 1, "crime_night_t": 0, "crime_night_top": 100, "bv_night": "0-1", "nta": "Del Rey", "boro": "Los Angeles"}}, {"type": "Feature", "geometry": {"type": "Polygon", "coordinates": [[[-118.39834535933554, 34.179356163269006], [-118.39378926101577, 34.18282863903687], [-118.39504301437242, 34.187750673978925], [-118.4008532394903, 34.18920006941688], [-118.4054092247896, 34.18572744906095], [-118.40415509803208, 34.18080557786736], [-118.39834535933554, 34.179356163269006]]]}, "properties": {"light_n": 47, "light_t": 2, "light_top": 16, "crime_n": 37, "crime_t": 2, "crime_top": 17, "bv": "2-2", "crime_night_n": 9, "crime_night_t": 2, "crime_night_top": 34, "bv_night": "2-2", "nta": "N Hollywood", "boro": "Los Angeles"}}, {"type": "Feature", "geometry": {"type": "Polygon", "coordinates": [[[-118.28983554272597, 33.94454859973436], [-118.28528330734481, 33.948020058327735], [-118.2865302812233, 33.95295172645603], [-118.2923298637828, 33.9544117725605], [-118.29688198904788, 33.950940168083804], [-118.29563464190979, 33.946008663398196], [-118.28983554272597, 33.94454859973436]]]}, "properties": {"light_n": 19, "light_t": 1, "light_top": 38, "crime_n": 51, "crime_t": 2, "crime_top": 12, "bv": "2-1", "crime_night_n": 16, "crime_night_t": 2, "crime_night_top": 19, "bv_night": "2-1", "nta": "Southeast", "boro": "Los Angeles"}}, {"type": "Feature", "geometry": {"type": "Polygon", "coordinates": [[[-118.27042813610197, 34.018153638805195], [-118.26587188044405, 34.021623893914345], [-118.2671189333257, 34.026553723320575], [-118.27292261591222, 34.02801313466648], [-118.2774787617445, 34.02454273397667], [-118.27623133485615, 34.019613067533875], [-118.27042813610197, 34.018153638805195]]]}, "properties": {"light_n": 79, "light_t": 2, "light_top": 7, "crime_n": 113, "crime_t": 2, "crime_top": 3, "bv": "2-2", "crime_night_n": 34, "crime_night_t": 2, "crime_night_top": 7, "bv_night": "2-2", "nta": "Newton", "boro": "Los Angeles"}}, {"type": "Feature", "geometry": {"type": "Polygon", "coordinates": [[[-118.46005967108029, 34.31449145488246], [-118.45550130707296, 34.317964456605104], [-118.45675894460155, 34.32288088229771], [-118.46257531966766, 34.324324142372454], [-118.46713356899056, 34.32085099680238], [-118.46587555797252, 34.3159347350172], [-118.46005967108029, 34.31449145488246]]]}, "properties": {"light_n": 60, "light_t": 2, "light_top": 11, "crime_n": 3, "crime_t": 0, "crime_top": 80, "bv": "0-2", "crime_night_n": 1, "crime_night_t": 0, "crime_night_top": 100, "bv_night": "0-2", "nta": "Sylmar", "boro": "Los Angeles"}}, {"type": "Feature", "geometry": {"type": "Polygon", "coordinates": [[[-118.40917222525813, 34.200491973395515], [-118.40461583492043, 34.20396456697595], [-118.40587024016291, 34.208885702773465], [-118.41168140918296, 34.21033408121644], [-118.41623768621398, 34.20686134316636], [-118.41498290757224, 34.20194037115517], [-118.40917222525813, 34.200491973395515]]]}, "properties": {"light_n": 15, "light_t": 1, "light_top": 46, "crime_n": 17, "crime_t": 1, "crime_top": 35, "bv": "1-1", "crime_night_n": 6, "crime_night_t": 1, "crime_night_top": 46, "bv_night": "1-1", "nta": "N Hollywood", "boro": "Los Angeles"}}, {"type": "Feature", "geometry": {"type": "Polygon", "coordinates": [[[-118.36543365174181, 34.09274805877972], [-118.36087935447456, 34.09622037296078], [-118.36213087639982, 34.10114582666614], [-118.36793706888827, 34.10259880248813], [-118.37249125404898, 34.09912634325628], [-118.3712393588682, 34.09420105326546], [-118.36543365174181, 34.09274805877972]]]}, "properties": {"light_n": 9, "light_t": 1, "light_top": 62, "crime_n": 19, "crime_t": 2, "crime_top": 33, "bv": "2-1", "crime_night_n": 13, "crime_night_t": 2, "crime_night_top": 24, "bv_night": "2-1", "nta": "Hollywood", "boro": "Los Angeles"}}, {"type": "Feature", "geometry": {"type": "Polygon", "coordinates": [[[-118.38182813468246, 34.22132509554109], [-118.37726944499035, 34.22479671274104], [-118.37852303922341, 34.22971779350275], [-118.38433569709036, 34.23116709366046], [-118.38889427404814, 34.22769533203059], [-118.38764030591393, 34.22277441468521], [-118.38182813468246, 34.22132509554109]]]}, "properties": {"light_n": 14, "light_t": 1, "light_top": 48, "crime_n": 10, "crime_t": 1, "crime_top": 49, "bv": "1-1", "crime_night_n": 4, "crime_night_t": 1, "crime_night_top": 60, "bv_night": "1-1", "nta": "Sun Valley Area", "boro": "Los Angeles"}}, {"type": "Feature", "geometry": {"type": "Polygon", "coordinates": [[[-118.31846692407221, 33.99330186893299], [-118.31391420838908, 33.996773720283144], [-118.31516282124774, 34.00170327023676], [-118.32096452303895, 34.003160805278696], [-118.3255171278678, 33.99968880832669], [-118.32426814179999, 33.99475942194684], [-118.31846692407221, 33.99330186893299]]]}, "properties": {"light_n": 42, "light_t": 2, "light_top": 19, "crime_n": 29, "crime_t": 2, "crime_top": 21, "bv": "2-2", "crime_night_n": 10, "crime_night_t": 2, "crime_night_top": 31, "bv_night": "2-2", "nta": "Empowerment Congress Central", "boro": "Los Angeles"}}, {"type": "Feature", "geometry": {"type": "Polygon", "coordinates": [[[-118.37145701656459, 34.22334691347076], [-118.36689769585543, 34.22681821383056], [-118.36815091603663, 34.23173945788992], [-118.37396383101948, 34.23318923830411], [-118.37852303922341, 34.22971779350275], [-118.37726944499035, 34.22479671274104], [-118.37145701656459, 34.22334691347076]]]}, "properties": {"light_n": 31, "light_t": 2, "light_top": 25, "crime_n": 7, "crime_t": 1, "crime_top": 60, "bv": "1-2", "crime_night_n": 1, "crime_night_t": 0, "crime_night_top": 100, "bv_night": "0-2", "nta": "Sun Valley Area", "boro": "Los Angeles"}}, {"type": "Feature", "geometry": {"type": "Polygon", "coordinates": [[[-118.29951120111471, 34.09006878901313], [-118.29495353851196, 34.093539236004915], [-118.29620250876617, 34.09846620990165], [-118.30200951576991, 34.09992257380465], [-118.30656706775176, 34.09645198161957], [-118.30531772339113, 34.09152517073707], [-118.29951120111471, 34.09006878901313]]]}, "properties": {"light_n": 47, "light_t": 2, "light_top": 16, "crime_n": 58, "crime_t": 2, "crime_top": 10, "bv": "2-2", "crime_night_n": 26, "crime_night_t": 2, "crime_night_top": 10, "bv_night": "2-2", "nta": "East Hollywood", "boro": "Los Angeles"}}, {"type": "Feature", "geometry": {"type": "Polygon", "coordinates": [[[-118.3109765947973, 33.963720773957746], [-118.30642469027596, 33.96719267007115], [-118.30767268632395, 33.97212329124154], [-118.3134729600435, 33.97358185270953], [-118.31802475393707, 33.97010981084278], [-118.3167763847791, 33.96517935327362], [-118.3109765947973, 33.963720773957746]]]}, "properties": {"light_n": 121, "light_t": 2, "light_top": 3, "crime_n": 22, "crime_t": 2, "crime_top": 28, "bv": "2-2", "crime_night_n": 8, "crime_night_t": 1, "crime_night_top": 37, "bv_night": "1-2", "nta": "Empowerment Congress Southwest", "boro": "Los Angeles"}}, {"type": "Feature", "geometry": {"type": "Polygon", "coordinates": [[[-118.65874567858671, 34.197977119678775], [-118.65420266894446, 34.2014568547014], [-118.65546655849887, 34.20637255571942], [-118.66127382779787, 34.207808355270785], [-118.66581671854419, 34.20432847628894], [-118.66455245892836, 34.19941294172694], [-118.65874567858671, 34.197977119678775]]]}, "properties": {"light_n": 4, "light_t": 0, "light_top": 81, "crime_n": 0, "crime_t": 0, "crime_top": null, "bv": "0-0", "crime_night_n": 0, "crime_night_t": 0, "crime_night_top": null, "bv_night": "0-0", "nta": "West Hills", "boro": "Los Angeles"}}, {"type": "Feature", "geometry": {"type": "Polygon", "coordinates": [[[-118.34006602488962, 34.03564536136514], [-118.33551272028768, 34.03911745746122], [-118.33676263249771, 34.04404523231109], [-118.342566222558, 34.045500747425706], [-118.347119415737, 34.04202850596573], [-118.34586913031902, 34.037100894767256], [-118.34006602488962, 34.03564536136514]]]}, "properties": {"light_n": 60, "light_t": 2, "light_top": 11, "crime_n": 55, "crime_t": 2, "crime_top": 11, "bv": "2-2", "crime_night_n": 16, "crime_night_t": 2, "crime_night_top": 19, "bv_night": "2-2", "nta": "Mid City", "boro": "Los Angeles"}}, {"type": "Feature", "geometry": {"type": "Polygon", "coordinates": [[[-118.28939944651079, 33.92134847175626], [-118.28484813276918, 33.9248201193427], [-118.28609483126753, 33.92975250610672], [-118.29189321665807, 33.93121308177373], [-118.29644442033906, 33.9277412881955], [-118.29519734873027, 33.922809064954286], [-118.28939944651079, 33.92134847175626]]]}, "properties": {"light_n": 28, "light_t": 2, "light_top": 27, "crime_n": 24, "crime_t": 2, "crime_top": 26, "bv": "2-2", "crime_night_n": 11, "crime_night_t": 2, "crime_night_top": 28, "bv_night": "2-2", "nta": "Harbor Gateway North", "boro": "Los Angeles"}}, {"type": "Feature", "geometry": {"type": "Polygon", "coordinates": [[[-118.2426580358716, 34.015782319376825], [-118.23810041872724, 34.019251798046916], [-118.23934638183201, 34.02418230274835], [-118.24515033647654, 34.02564316612048], [-118.24970784442345, 34.02217354180528], [-118.24846150696347, 34.01724319977538], [-118.2426580358716, 34.015782319376825]]]}, "properties": {"light_n": 78, "light_t": 2, "light_top": 7, "crime_n": 72, "crime_t": 2, "crime_top": 8, "bv": "2-2", "crime_night_n": 26, "crime_night_t": 2, "crime_night_top": 10, "bv_night": "2-2", "nta": "Newton", "boro": "Los Angeles"}}, {"type": "Feature", "geometry": {"type": "Polygon", "coordinates": [[[-118.44263014096501, 34.13970018620888], [-118.43807800801768, 34.14317428867794], [-118.43933300657143, 34.1480965910802], [-118.44514051066196, 34.14954462665574], [-118.44969252967552, 34.14607037950695], [-118.44843715857287, 34.141148241474525], [-118.44263014096501, 34.13970018620888]]]}, "properties": {"light_n": 35, "light_t": 2, "light_top": 22, "crime_n": 2, "crime_t": 0, "crime_top": 87, "bv": "0-2", "crime_night_n": 2, "crime_night_t": 0, "crime_night_top": 82, "bv_night": "0-2", "nta": "Sherman Oaks", "boro": "Los Angeles"}}, {"type": "Feature", "geometry": {"type": "Polygon", "coordinates": [[[-118.42469873355228, 34.28268088349715], [-118.4201397987058, 34.28615316533215], [-118.42139572467497, 34.29107137416836], [-118.42721095927664, 34.29251713753373], [-118.43176978029953, 34.28904471163455], [-118.43051348058508, 34.28412666644641], [-118.42469873355228, 34.28268088349715]]]}, "properties": {"light_n": 14, "light_t": 1, "light_top": 48, "crime_n": 2, "crime_t": 0, "crime_top": 87, "bv": "0-1", "crime_night_n": 0, "crime_night_t": 0, "crime_night_top": null, "bv_night": "0-1", "nta": "Pacoima", "boro": "Los Angeles"}}, {"type": "Feature", "geometry": {"type": "Polygon", "coordinates": [[[-118.27373678946434, 34.00975319789484], [-118.26918105037967, 34.01322362247683], [-118.27042813610197, 34.018153638805195], [-118.27623133485615, 34.019613067533875], [-118.28078696405744, 34.01614249733889], [-118.27953950442817, 34.011212644040484], [-118.27373678946434, 34.00975319789484]]]}, "properties": {"light_n": 49, "light_t": 2, "light_top": 15, "crime_n": 78, "crime_t": 2, "crime_top": 7, "bv": "2-2", "crime_night_n": 23, "crime_night_t": 2, "crime_night_top": 12, "bv_night": "2-2", "nta": "Newton", "boro": "Los Angeles"}}, {"type": "Feature", "geometry": {"type": "Polygon", "coordinates": [[[-118.42330371731738, 34.21322985922539], [-118.41874755376479, 34.21670274170176], [-118.42000264269704, 34.221623168086715], [-118.42581426851999, 34.22307054811702], [-118.4303703184224, 34.219597521257775], [-118.42911485619267, 34.21467725876332], [-118.42330371731738, 34.21322985922539]]]}, "properties": {"light_n": 35, "light_t": 2, "light_top": 22, "crime_n": 5, "crime_t": 1, "crime_top": 69, "bv": "1-2", "crime_night_n": 2, "crime_night_t": 0, "crime_night_top": 82, "bv_night": "0-2", "nta": "Panorama City", "boro": "Los Angeles"}}, {"type": "Feature", "geometry": {"type": "Polygon", "coordinates": [[[-118.2016257749586, 34.047001791243424], [-118.19706473131157, 34.05046980948977], [-118.19830947002708, 34.05540023894013], [-118.20411562753252, 34.05686248804333], [-118.20867656284348, 34.05339432421713], [-118.20743144902528, 34.04846405687992], [-118.2016257749586, 34.047001791243424]]]}, "properties": {"light_n": 48, "light_t": 2, "light_top": 15, "crime_n": 26, "crime_t": 2, "crime_top": 24, "bv": "2-2", "crime_night_n": 14, "crime_night_t": 2, "crime_night_top": 22, "bv_night": "2-2", "nta": "Boyle Heights", "boro": "Los Angeles"}}, {"type": "Feature", "geometry": {"type": "Polygon", "coordinates": [[[-118.40302826616815, 34.24043324277947], [-118.39846991519458, 34.24390529313944], [-118.39972453566942, 34.24882530906455], [-118.40553788090722, 34.25027311106917], [-118.41009611863089, 34.246800916409036], [-118.4088411244073, 34.2418810640567], [-118.40302826616815, 34.24043324277947]]]}, "properties": {"light_n": 10, "light_t": 1, "light_top": 58, "crime_n": 8, "crime_t": 1, "crime_top": 57, "bv": "1-1", "crime_night_n": 5, "crime_night_t": 1, "crime_night_top": 51, "bv_night": "1-1", "nta": "Foothill", "boro": "Los Angeles"}}, {"type": "Feature", "geometry": {"type": "Polygon", "coordinates": [[[-118.56227451103518, 34.22473368473011], [-118.55772525865382, 34.228210436662906], [-118.5589857806443, 34.23312743956533], [-118.56479592658441, 34.23456752521626], [-118.56934506217306, 34.23109062924094], [-118.56808416865508, 34.22617379166932], [-118.56227451103518, 34.22473368473011]]]}, "properties": {"light_n": 17, "light_t": 1, "light_top": 41, "crime_n": 10, "crime_t": 1, "crime_top": 49, "bv": "1-1", "crime_night_n": 2, "crime_night_t": 0, "crime_night_top": 82, "bv_night": "0-1", "nta": "Devonshire", "boro": "Los Angeles"}}, {"type": "Feature", "geometry": {"type": "Polygon", "coordinates": [[[-118.55191533744234, 34.226769850666564], [-118.54736545001825, 34.23024628874265], [-118.54862560032959, 34.235163456858025], [-118.55443600978495, 34.23660402169647], [-118.5589857806443, 34.23312743956533], [-118.55772525865382, 34.228210436662906], [-118.55191533744234, 34.226769850666564]]]}, "properties": {"light_n": 28, "light_t": 2, "light_top": 27, "crime_n": 29, "crime_t": 2, "crime_top": 21, "bv": "2-2", "crime_night_n": 9, "crime_night_t": 2, "crime_night_top": 34, "bv_night": "2-2", "nta": "Devonshire", "boro": "Los Angeles"}}, {"type": "Feature", "geometry": {"type": "Polygon", "coordinates": [[[-118.35026237909564, 34.20422915325479], [-118.34570272190159, 34.20770002003093], [-118.34695491580719, 34.21262232715698], [-118.35276714115108, 34.214073604378406], [-118.35732668635525, 34.21060259303124], [-118.35607411824601, 34.20568044904594], [-118.35026237909564, 34.20422915325479]]]}, "properties": {"light_n": 12, "light_t": 1, "light_top": 52, "crime_n": 7, "crime_t": 1, "crime_top": 60, "bv": "1-1", "crime_night_n": 2, "crime_night_t": 0, "crime_night_top": 82, "bv_night": "0-1", "nta": "Sun Valley Area", "boro": "Los Angeles"}}, {"type": "Feature", "geometry": {"type": "Polygon", "coordinates": [[[-118.29620250876617, 34.09846620990165], [-118.29164432885138, 34.101936486082835], [-118.29289326646314, 34.10686327131597], [-118.29870075823636, 34.10831961743245], [-118.30325882758794, 34.10484919609003], [-118.30200951576991, 34.09992257380465], [-118.29620250876617, 34.09846620990165]]]}, "properties": {"light_n": 38, "light_t": 2, "light_top": 20, "crime_n": 24, "crime_t": 2, "crime_top": 26, "bv": "2-2", "crime_night_n": 7, "crime_night_t": 1, "crime_night_top": 42, "bv_night": "1-2", "nta": "Los Feliz", "boro": "Los Angeles"}}, {"type": "Feature", "geometry": {"type": "Polygon", "coordinates": [[[-118.33015420053002, 34.060843904555796], [-118.32559934529739, 34.06431549283288], [-118.3268491607244, 34.06924270500761], [-118.33265420493146, 34.070698165465515], [-118.33720894891322, 34.06722643192105], [-118.33595875997915, 34.06229938319828], [-118.33015420053002, 34.060843904555796]]]}, "properties": {"light_n": 21, "light_t": 1, "light_top": 35, "crime_n": 5, "crime_t": 1, "crime_top": 69, "bv": "1-1", "crime_night_n": 1, "crime_night_t": 0, "crime_night_top": 100, "bv_night": "0-1", "nta": "Greater Wilshire", "boro": "Los Angeles"}}, {"type": "Feature", "geometry": {"type": "Polygon", "coordinates": [[[-118.2521610798327, 33.967383975500425], [-118.24760593537135, 33.97085415519847], [-118.24885172264321, 33.97578594148702], [-118.25465302832302, 33.977247385138696], [-118.2592080634683, 33.97377705959036], [-118.25796190228998, 33.96884543625294], [-118.2521610798327, 33.967383975500425]]]}, "properties": {"light_n": 15, "light_t": 1, "light_top": 46, "crime_n": 13, "crime_t": 1, "crime_top": 42, "bv": "1-1", "crime_night_n": 4, "crime_night_t": 1, "crime_night_top": 60, "bv_night": "1-1", "nta": "CANNDU", "boro": "Los Angeles"}}, {"type": "Feature", "geometry": {"type": "Polygon", "coordinates": [[[-118.25473546318081, 34.10651516973845], [-118.25017477361675, 34.10998417982738], [-118.25142221290454, 34.114911615659054], [-118.25723071660252, 34.11636987894345], [-118.26179129651979, 34.11290072364949], [-118.26054348242623, 34.10797345028849], [-118.25473546318081, 34.10651516973845]]]}, "properties": {"light_n": 11, "light_t": 1, "light_top": 55, "crime_n": 6, "crime_t": 1, "crime_top": 65, "bv": "1-1", "crime_night_n": 4, "crime_night_t": 1, "crime_night_top": 60, "bv_night": "1-1", "nta": "Atwater Village", "boro": "Los Angeles"}}, {"type": "Feature", "geometry": {"type": "Polygon", "coordinates": [[[-118.49825207033582, 34.31475655485204], [-118.49369572437338, 34.31823065040432], [-118.49495482411174, 34.32314622670156], [-118.50077064283649, 34.324587543145356], [-118.50532687325516, 34.321113303825996], [-118.50406740053367, 34.316197891842116], [-118.49825207033582, 34.31475655485204]]]}, "properties": {"light_n": 6, "light_t": 0, "light_top": 72, "crime_n": 1, "crime_t": 0, "crime_top": 100, "bv": "0-0", "crime_night_n": 0, "crime_night_t": 0, "crime_night_top": null, "bv_night": "0-0", "nta": "Granada Hills North", "boro": "Los Angeles"}}, {"type": "Feature", "geometry": {"type": "Polygon", "coordinates": [[[-118.53302351246211, 34.15299035374342], [-118.52847563469908, 34.15646691666618], [-118.5297342304967, 34.16138681363957], [-118.53554107553607, 34.16282998241527], [-118.54008883731183, 34.15935327506012], [-118.53882987007619, 34.154433543373734], [-118.53302351246211, 34.15299035374342]]]}, "properties": {"light_n": 16, "light_t": 1, "light_top": 43, "crime_n": 1, "crime_t": 0, "crime_top": 100, "bv": "0-1", "crime_night_n": 0, "crime_night_t": 0, "crime_night_top": null, "bv_night": "0-1", "nta": "Tarzana", "boro": "Los Angeles"}}, {"type": "Feature", "geometry": {"type": "Polygon", "coordinates": [[[-118.39889006711775, 34.03193299744866], [-118.39434001814489, 34.03540680782939], [-118.39559213572619, 34.040333412020736], [-118.4013946747282, 34.04178604154483], [-118.40594461096687, 34.0383120859001], [-118.40469212097814, 34.033385646007446], [-118.39889006711775, 34.03193299744866]]]}, "properties": {"light_n": 15, "light_t": 1, "light_top": 46, "crime_n": 1, "crime_t": 0, "crime_top": 100, "bv": "0-1", "crime_night_n": 1, "crime_night_t": 0, "crime_night_top": 100, "bv_night": "0-1", "nta": "South Robertson", "boro": "Los Angeles"}}, {"type": "Feature", "geometry": {"type": "Polygon", "coordinates": [[[-118.34051298694799, 34.058827480119774], [-118.33595875997915, 34.06229938319828], [-118.33720894891322, 34.06722643192105], [-118.34301373821363, 34.06868141400649], [-118.34756785370318, 34.065209365671734], [-118.34631729141196, 34.06028248052001], [-118.34051298694799, 34.058827480119774]]]}, "properties": {"light_n": 33, "light_t": 2, "light_top": 23, "crime_n": 21, "crime_t": 2, "crime_top": 29, "bv": "2-2", "crime_night_n": 8, "crime_night_t": 1, "crime_night_top": 37, "bv_night": "1-2", "nta": "Greater Wilshire", "boro": "Los Angeles"}}, {"type": "Feature", "geometry": {"type": "Polygon", "coordinates": [[[-118.31362350667429, 34.10283432580046], [-118.30906606548453, 34.106305063135714], [-118.3103157188798, 34.11123133362924], [-118.31612318751141, 34.11268670368025], [-118.32068051773786, 34.10921582123797], [-118.31943049033637, 34.10428971386399], [-118.31362350667429, 34.10283432580046]]]}, "properties": {"light_n": 30, "light_t": 2, "light_top": 26, "crime_n": 22, "crime_t": 2, "crime_top": 28, "bv": "2-2", "crime_night_n": 6, "crime_night_t": 1, "crime_night_top": 46, "bv_night": "1-2", "nta": "Hollywood United", "boro": "Los Angeles"}}, {"type": "Feature", "geometry": {"type": "Polygon", "coordinates": [[[-118.52024698606418, 34.039199441152924], [-118.5157030697753, 34.04267664284821], [-118.51695989523682, 34.047600355551765], [-118.52276100787783, 34.049046700997884], [-118.52730480870171, 34.04556935431938], [-118.52604761239016, 34.04064580719003], [-118.52024698606418, 34.039199441152924]]]}, "properties": {"light_n": 7, "light_t": 1, "light_top": 69, "crime_n": 10, "crime_t": 1, "crime_top": 49, "bv": "1-1", "crime_night_n": 3, "crime_night_t": 1, "crime_night_top": 69, "bv_night": "1-1", "nta": "West LA", "boro": "Los Angeles"}}, {"type": "Feature", "geometry": {"type": "Polygon", "coordinates": [[[-118.57641617912164, 34.23744671693021], [-118.57186716049753, 34.2409237569041], [-118.57312836532725, 34.24584004685676], [-118.57893896024572, 34.24727913141397], [-118.58348786173337, 34.2438019474855], [-118.58222628547982, 34.238885822966495], [-118.57641617912164, 34.23744671693021]]]}, "properties": {"light_n": 37, "light_t": 2, "light_top": 20, "crime_n": 4, "crime_t": 0, "crime_top": 74, "bv": "0-2", "crime_night_n": 1, "crime_night_t": 0, "crime_night_top": 100, "bv_night": "0-2", "nta": "Chatsworth", "boro": "Los Angeles"}}, {"type": "Feature", "geometry": {"type": "Polygon", "coordinates": [[[-118.54008883731183, 34.15935327506012], [-118.53554107553607, 34.16282998241527], [-118.53680001241787, 34.16774952458257], [-118.54260708250268, 34.1691921940682], [-118.54715472811968, 34.16571534232463], [-118.54589541985135, 34.16079596549596], [-118.54008883731183, 34.15935327506012]]]}, "properties": {"light_n": 5, "light_t": 0, "light_top": 76, "crime_n": 4, "crime_t": 0, "crime_top": 74, "bv": "0-0", "crime_night_n": 1, "crime_night_t": 0, "crime_night_top": 100, "bv_night": "0-0", "nta": "Tarzana", "boro": "Los Angeles"}}, {"type": "Feature", "geometry": {"type": "Polygon", "coordinates": [[[-118.31516282124774, 34.00170327023676], [-118.31060958915296, 34.005174953129966], [-118.311858169606, 34.01010431662238], [-118.31766035550284, 34.01156183372656], [-118.32221347680074, 34.00809000526385], [-118.32096452303895, 34.003160805278696], [-118.31516282124774, 34.00170327023676]]]}, "properties": {"light_n": 52, "light_t": 2, "light_top": 14, "crime_n": 21, "crime_t": 2, "crime_top": 29, "bv": "2-2", "crime_night_n": 7, "crime_night_t": 1, "crime_night_top": 42, "bv_night": "1-2", "nta": "Empowerment Congress Central", "boro": "Los Angeles"}}, {"type": "Feature", "geometry": {"type": "Polygon", "coordinates": [[[-118.3955019045072, 34.21090926654613], [-118.39094436445025, 34.21438137235141], [-118.3921983643817, 34.219302480853486], [-118.39801027806087, 34.22075131996118], [-118.40256770509713, 34.2172790697061], [-118.40131333151551, 34.21235812480538], [-118.3955019045072, 34.21090926654613]]]}, "properties": {"light_n": 28, "light_t": 2, "light_top": 27, "crime_n": 30, "crime_t": 2, "crime_top": 20, "bv": "2-2", "crime_night_n": 15, "crime_night_t": 2, "crime_night_top": 20, "bv_night": "2-2", "nta": "Foothill", "boro": "Los Angeles"}}, {"type": "Feature", "geometry": {"type": "Polygon", "coordinates": [[[-118.17840007636727, 34.10578336613948], [-118.17383541257102, 34.10925018019881], [-118.17507991567318, 34.114179290223866], [-118.18088945841437, 34.1156414245544], [-118.18545401428332, 34.11217446514054], [-118.18420913537864, 34.107245516763044], [-118.17840007636727, 34.10578336613948]]]}, "properties": {"light_n": 18, "light_t": 1, "light_top": 39, "crime_n": 8, "crime_t": 1, "crime_top": 57, "bv": "1-1", "crime_night_n": 7, "crime_night_t": 1, "crime_night_top": 42, "bv_night": "1-1", "nta": "Historic Highland Park", "boro": "Los Angeles"}}, {"type": "Feature", "geometry": {"type": "Polygon", "coordinates": [[[-118.40594461096687, 34.0383120859001], [-118.4013946747282, 34.04178604154483], [-118.40264713315356, 34.04671229434444], [-118.40844990021492, 34.04816442716043], [-118.41299972354852, 34.044690326295296], [-118.41174689276625, 34.03976423784673], [-118.40594461096687, 34.0383120859001]]]}, "properties": {"light_n": 11, "light_t": 1, "light_top": 55, "crime_n": 1, "crime_t": 0, "crime_top": 100, "bv": "0-1", "crime_night_n": 1, "crime_night_t": 0, "crime_night_top": 100, "bv_night": "0-1", "nta": "Westside", "boro": "Los Angeles"}}, {"type": "Feature", "geometry": {"type": "Polygon", "coordinates": [[[-118.2520421119489, 33.773294379463216], [-118.24749485445112, 33.776766222297226], [-118.24873847870147, 33.78170390809632], [-118.25452973310291, 33.78316958741621], [-118.25907688166585, 33.779697597828005], [-118.25783288480214, 33.77476007568629], [-118.2520421119489, 33.773294379463216]]]}, "properties": {"light_n": 16, "light_t": 1, "light_top": 43, "crime_n": 29, "crime_t": 2, "crime_top": 21, "bv": "2-1", "crime_night_n": 6, "crime_night_t": 1, "crime_night_top": 46, "bv_night": "1-1", "nta": "Harbor", "boro": "Los Angeles"}}, {"type": "Feature", "geometry": {"type": "Polygon", "coordinates": [[[-118.45251521384414, 34.2849889939481], [-118.44795765923108, 34.2884620534994], [-118.44921467472356, 34.293379578545355], [-118.4550296182614, 34.29482388011561], [-118.45958705842058, 34.29135067656757], [-118.4583296695366, 34.2864333154582], [-118.45251521384414, 34.2849889939481]]]}, "properties": {"light_n": 12, "light_t": 1, "light_top": 52, "crime_n": 14, "crime_t": 1, "crime_top": 40, "bv": "1-1", "crime_night_n": 6, "crime_night_t": 1, "crime_night_top": 46, "bv_night": "1-1", "nta": "Mission", "boro": "Los Angeles"}}, {"type": "Feature", "geometry": {"type": "Polygon", "coordinates": [[[-118.29114491266985, 34.014130562955835], [-118.28658991013309, 34.017601448029126], [-118.28783771087859, 34.02253095138909], [-118.29364088790875, 34.02398940648584], [-118.29819578016277, 34.020518375853555], [-118.29694760570968, 34.015589035695754], [-118.29114491266985, 34.014130562955835]]]}, "properties": {"light_n": 26, "light_t": 2, "light_top": 29, "crime_n": 57, "crime_t": 2, "crime_top": 11, "bv": "2-2", "crime_night_n": 20, "crime_night_t": 2, "crime_night_top": 14, "bv_night": "2-2", "nta": "Southwest", "boro": "Los Angeles"}}, {"type": "Feature", "geometry": {"type": "Polygon", "coordinates": [[[-118.3526690804066, 34.14950631944986], [-118.34811178979385, 34.152977755713536], [-118.34936346079822, 34.15790172198523], [-118.35517279626022, 34.15935408863731], [-118.35972997493897, 34.1558825075576], [-118.35847793013023, 34.150958704654116], [-118.3526690804066, 34.14950631944986]]]}, "properties": {"light_n": 27, "light_t": 2, "light_top": 28, "crime_n": 2, "crime_t": 0, "crime_top": 87, "bv": "0-2", "crime_night_n": 2, "crime_night_t": 0, "crime_night_top": 82, "bv_night": "0-2", "nta": "Greater Toluca Lake", "boro": "Los Angeles"}}, {"type": "Feature", "geometry": {"type": "Polygon", "coordinates": [[[-118.23934638183201, 34.02418230274835], [-118.2347882480531, 34.02765161135551], [-118.23603417801797, 34.03258192893528], [-118.24183861625698, 34.03404277531517], [-118.24639664089642, 34.03057332109523], [-118.24515033647654, 34.02564316612048], [-118.23934638183201, 34.02418230274835]]]}, "properties": {"light_n": 10, "light_t": 1, "light_top": 58, "crime_n": 49, "crime_t": 2, "crime_top": 13, "bv": "2-1", "crime_night_n": 26, "crime_night_t": 2, "crime_night_top": 10, "bv_night": "2-1", "nta": "Newton", "boro": "Los Angeles"}}, {"type": "Feature", "geometry": {"type": "Polygon", "coordinates": [[[-118.44733468109757, 34.20078349232374], [-118.44278030015504, 34.20425717717707], [-118.4440361668282, 34.209177466487155], [-118.44984678738001, 34.21062390676235], [-118.45440105415808, 34.20715007751839], [-118.45314481458952, 34.202229952402035], [-118.44733468109757, 34.20078349232374]]]}, "properties": {"light_n": 26, "light_t": 2, "light_top": 29, "crime_n": 50, "crime_t": 2, "crime_top": 12, "bv": "2-2", "crime_night_n": 19, "crime_night_t": 2, "crime_night_top": 16, "bv_night": "2-2", "nta": "Van Nuys", "boro": "Los Angeles"}}, {"type": "Feature", "geometry": {"type": "Polygon", "coordinates": [[[-118.50058672744943, 34.26008451925443], [-118.49603274587876, 34.26355918677131], [-118.49729131570867, 34.26847643961988], [-118.50310423973535, 34.26991886042181], [-118.50765810582342, 34.26644404889443], [-118.50639916340816, 34.26152696058778], [-118.50058672744943, 34.26008451925443]]]}, "properties": {"light_n": 24, "light_t": 2, "light_top": 31, "crime_n": 12, "crime_t": 1, "crime_top": 44, "bv": "1-2", "crime_night_n": 6, "crime_night_t": 1, "crime_night_top": 46, "bv_night": "1-2", "nta": "Granada Hills South", "boro": "Los Angeles"}}, {"type": "Feature", "geometry": {"type": "Polygon", "coordinates": [[[-118.20578005965586, 34.0849790487576], [-118.20121768147888, 34.088446843220716], [-118.20246300313804, 34.09337600751623], [-118.208271078318, 34.09483721534113], [-118.21283334799169, 34.091369275480304], [-118.21158765102895, 34.08644027320465], [-118.20578005965586, 34.0849790487576]]]}, "properties": {"light_n": 42, "light_t": 2, "light_top": 19, "crime_n": 20, "crime_t": 2, "crime_top": 31, "bv": "2-2", "crime_night_n": 7, "crime_night_t": 1, "crime_night_top": 42, "bv_night": "1-2", "nta": "Arroyo Seco", "boro": "Los Angeles"}}, {"type": "Feature", "geometry": {"type": "Polygon", "coordinates": [[[-118.54715472811968, 34.16571534232463], [-118.54260708250268, 34.1691921940682], [-118.54386636048099, 34.17411138125056], [-118.54967365545197, 34.1755535513112], [-118.55422118473868, 34.17207655522318], [-118.55296153542542, 34.167157533431066], [-118.54715472811968, 34.16571534232463]]]}, "properties": {"light_n": 3, "light_t": 0, "light_top": 86, "crime_n": 8, "crime_t": 1, "crime_top": 57, "bv": "1-0", "crime_night_n": 4, "crime_night_t": 1, "crime_night_top": 60, "bv_night": "1-0", "nta": "West Valley", "boro": "Los Angeles"}}, {"type": "Feature", "geometry": {"type": "Polygon", "coordinates": [[[-118.44921467472356, 34.293379578545355], [-118.44465660102702, 34.29685246538381], [-118.44591358522459, 34.30176979774576], [-118.4517290166511, 34.30321407941129], [-118.45628697595066, 34.299741048607366], [-118.4550296182614, 34.29482388011561], [-118.44921467472356, 34.293379578545355]]]}, "properties": {"light_n": 16, "light_t": 1, "light_top": 43, "crime_n": 13, "crime_t": 1, "crime_top": 42, "bv": "1-1", "crime_night_n": 6, "crime_night_t": 1, "crime_night_top": 46, "bv_night": "1-1", "nta": "Sylmar", "boro": "Los Angeles"}}, {"type": "Feature", "geometry": {"type": "Polygon", "coordinates": [[[-118.29382279771842, 33.78848398779318], [-118.2892771157295, 33.7919568930467], [-118.2905225042168, 33.79689321479988], [-118.2963139469008, 33.79835646725534], [-118.30085951899129, 33.794883415398814], [-118.29961375833624, 33.78994725770202], [-118.29382279771842, 33.78848398779318]]]}, "properties": {"light_n": 16, "light_t": 1, "light_top": 43, "crime_n": 47, "crime_t": 2, "crime_top": 13, "bv": "2-1", "crime_night_n": 23, "crime_night_t": 2, "crime_night_top": 12, "bv_night": "2-1", "nta": "Harbor", "boro": "Los Angeles"}}, {"type": "Feature", "geometry": {"type": "Polygon", "coordinates": [[[-118.38843667472578, 34.20453860985943], [-118.38387902181994, 34.20801057117163], [-118.3851326798114, 34.21293203418607], [-118.39094436445025, 34.21438137235141], [-118.3955019045072, 34.21090926654613], [-118.3942478728148, 34.20598796708086], [-118.38843667472578, 34.20453860985943]]]}, "properties": {"light_n": 31, "light_t": 2, "light_top": 25, "crime_n": 44, "crime_t": 2, "crime_top": 14, "bv": "2-2", "crime_night_n": 20, "crime_night_t": 2, "crime_night_top": 14, "bv_night": "2-2", "nta": "Foothill", "boro": "Los Angeles"}}, {"type": "Feature", "geometry": {"type": "Polygon", "coordinates": [[[-118.35597415010831, 34.141110556163405], [-118.35141737726808, 34.144582163493304], [-118.3526690804066, 34.14950631944986], [-118.35847793013023, 34.150958704654116], [-118.3630345909791, 34.14748695247634], [-118.36178251413617, 34.14256295995444], [-118.35597415010831, 34.141110556163405]]]}, "properties": {"light_n": 23, "light_t": 2, "light_top": 32, "crime_n": 4, "crime_t": 0, "crime_top": 74, "bv": "0-2", "crime_night_n": 2, "crime_night_t": 0, "crime_night_top": 82, "bv_night": "0-2", "nta": "Greater Toluca Lake", "boro": "Los Angeles"}}, {"type": "Feature", "geometry": {"type": "Polygon", "coordinates": [[[-118.19789176633506, 34.03220940258879], [-118.19333113131596, 34.0356774462912], [-118.19457556196755, 34.040608413095], [-118.20038100273065, 34.04207117408222], [-118.20494152952635, 34.03860298472487], [-118.20369672382253, 34.03367218004759], [-118.19789176633506, 34.03220940258879]]]}, "properties": {"light_n": 133, "light_t": 2, "light_top": 2, "crime_n": 33, "crime_t": 2, "crime_top": 19, "bv": "2-2", "crime_night_n": 13, "crime_night_t": 2, "crime_night_top": 24, "bv_night": "2-2", "nta": "Boyle Heights", "boro": "Los Angeles"}}, {"type": "Feature", "geometry": {"type": "Polygon", "coordinates": [[[-118.26553535650098, 34.12768146234063], [-118.2609743688125, 34.131150590906536], [-118.26222245881604, 34.136077134122274], [-118.26803191135446, 34.137534386274574], [-118.27259278911148, 34.134065112621435], [-118.27134432430192, 34.12913873191555], [-118.26553535650098, 34.12768146234063]]]}, "properties": {"light_n": 4, "light_t": 0, "light_top": 81, "crime_n": 9, "crime_t": 1, "crime_top": 53, "bv": "1-0", "crime_night_n": 5, "crime_night_t": 1, "crime_night_top": 51, "bv_night": "1-0", "nta": "Northeast", "boro": "Los Angeles"}}, {"type": "Feature", "geometry": {"type": "Polygon", "coordinates": [[[-118.30833623444948, 33.824496665064814], [-118.30378985318492, 33.827969680715896], [-118.30503619625179, 33.8329045994135], [-118.31082929284022, 33.83436633838988], [-118.31537556381113, 33.830893176332395], [-118.31412884852732, 33.825958421717125], [-118.30833623444948, 33.824496665064814]]]}, "properties": {"light_n": 12, "light_t": 1, "light_top": 52, "crime_n": 9, "crime_t": 1, "crime_top": 53, "bv": "1-1", "crime_night_n": 5, "crime_night_t": 1, "crime_night_top": 51, "bv_night": "1-1", "nta": "Harbor Gateway South", "boro": "Los Angeles"}}, {"type": "Feature", "geometry": {"type": "Polygon", "coordinates": [[[-118.5612882070218, 34.178436913442184], [-118.55674079423699, 34.18191405383065], [-118.55800075444516, 34.18683253050678], [-118.56380849871059, 34.18827370131313], [-118.56835579482193, 34.18479641666822], [-118.5670954633821, 34.17987810548546], [-118.5612882070218, 34.178436913442184]]]}, "properties": {"light_n": 32, "light_t": 2, "light_top": 24, "crime_n": 9, "crime_t": 1, "crime_top": 53, "bv": "1-2", "crime_night_n": 6, "crime_night_t": 1, "crime_night_top": 46, "bv_night": "1-2", "nta": "Tarzana", "boro": "Los Angeles"}}, {"type": "Feature", "geometry": {"type": "Polygon", "coordinates": [[[-118.5509332745391, 34.1804723833298], [-118.54638522726125, 34.18394921062371], [-118.54764481608633, 34.188867852675244], [-118.55345282361313, 34.190309502069546], [-118.55800075444516, 34.18683253050678], [-118.55674079423699, 34.18191405383065], [-118.5509332745391, 34.1804723833298]]]}, "properties": {"light_n": 31, "light_t": 2, "light_top": 25, "crime_n": 13, "crime_t": 1, "crime_top": 42, "bv": "1-2", "crime_night_n": 6, "crime_night_t": 1, "crime_night_top": 46, "bv_night": "1-2", "nta": "Tarzana", "boro": "Los Angeles"}}, {"type": "Feature", "geometry": {"type": "Polygon", "coordinates": [[[-118.32068051773786, 34.10921582123797], [-118.31612318751141, 34.11268670368025], [-118.31737318249729, 34.117612622201534], [-118.32318088170604, 34.11906749512061], [-118.32773810079786, 34.11559646761444], [-118.32648773185598, 34.11067071226532], [-118.32068051773786, 34.10921582123797]]]}, "properties": {"light_n": 30, "light_t": 2, "light_top": 26, "crime_n": 4, "crime_t": 0, "crime_top": 74, "bv": "0-2", "crime_night_n": 2, "crime_night_t": 0, "crime_night_top": 82, "bv_night": "0-2", "nta": "Hollywood United", "boro": "Los Angeles"}}, {"type": "Feature", "geometry": {"type": "Polygon", "coordinates": [[[-118.30258687197755, 34.25224393938955], [-118.29802273212788, 34.25571298655625], [-118.29927363952581, 34.26063482395112], [-118.30508906197048, 34.262087451739625], [-118.30965309080737, 34.25861826012557], [-118.30840180825292, 34.25369658518269], [-118.30258687197755, 34.25224393938955]]]}, "properties": {"light_n": 22, "light_t": 2, "light_top": 33, "crime_n": 7, "crime_t": 1, "crime_top": 60, "bv": "1-2", "crime_night_n": 1, "crime_night_t": 0, "crime_night_top": 100, "bv_night": "0-2", "nta": "Sunland-Tujunga", "boro": "Los Angeles"}}, {"type": "Feature", "geometry": {"type": "Polygon", "coordinates": [[[-118.23839920191172, 33.78370943174729], [-118.23385080688989, 33.78718079817887], [-118.23509402537184, 33.79211846579198], [-118.2408860117765, 33.793584603514766], [-118.24543429814837, 33.79011309035184], [-118.24419070680554, 33.7851755862097], [-118.23839920191172, 33.78370943174729]]]}, "properties": {"light_n": 18, "light_t": 1, "light_top": 39, "crime_n": 10, "crime_t": 1, "crime_top": 49, "bv": "1-1", "crime_night_n": 4, "crime_night_t": 1, "crime_night_top": 60, "bv_night": "1-1", "nta": "Wilmington", "boro": "Los Angeles"}}, {"type": "Feature", "geometry": {"type": "Polygon", "coordinates": [[[-118.44122585829486, 34.070194800972494], [-118.43667648829172, 34.07366948228288], [-118.43793065113066, 34.078593975419], [-118.44373455611647, 34.08004362264466], [-118.4482838123593, 34.076568796332175], [-118.4470292774171, 34.07164446780826], [-118.44122585829486, 34.070194800972494]]]}, "properties": {"light_n": 10, "light_t": 1, "light_top": 58, "crime_n": 1, "crime_t": 0, "crime_top": 100, "bv": "0-1", "crime_night_n": 0, "crime_night_t": 0, "crime_night_top": null, "bv_night": "0-1", "nta": "Bel Air-Beverly Crest", "boro": "Los Angeles"}}, {"type": "Feature", "geometry": {"type": "Polygon", "coordinates": [[[-118.44968515978096, 34.316520695602364], [-118.44512616196204, 34.31999338023409], [-118.44638342584956, 34.324909969715975], [-118.45220006123782, 34.32635371078907], [-118.45675894460155, 34.32288088229771], [-118.45550130707296, 34.317964456605104], [-118.44968515978096, 34.316520695602364]]]}, "properties": {"light_n": 21, "light_t": 1, "light_top": 35, "crime_n": 3, "crime_t": 0, "crime_top": 80, "bv": "0-1", "crime_night_n": 2, "crime_night_t": 0, "crime_night_top": 82, "bv_night": "0-1", "nta": "Sylmar", "boro": "Los Angeles"}}, {"type": "Feature", "geometry": {"type": "Polygon", "coordinates": [[[-118.33104443348395, 34.107199514049206], [-118.32648773185598, 34.11067071226532], [-118.32773810079786, 34.11559646761444], [-118.33354554521408, 34.11705086146848], [-118.33810213547868, 34.11357951819964], [-118.33685139273088, 34.10865392614174], [-118.33104443348395, 34.107199514049206]]]}, "properties": {"light_n": 49, "light_t": 2, "light_top": 15, "crime_n": 10, "crime_t": 1, "crime_top": 49, "bv": "1-2", "crime_night_n": 5, "crime_night_t": 1, "crime_night_top": 51, "bv_night": "1-2", "nta": "Hollywood Hills West", "boro": "Los Angeles"}}, {"type": "Feature", "geometry": {"type": "Polygon", "coordinates": [[[-118.24393912065837, 34.08534430027417], [-118.23937872959304, 34.08881319135762], [-118.24062551843696, 34.09374151837707], [-118.24643307319178, 34.09520079189403], [-118.25099335489469, 34.0917317554877], [-118.24974619124546, 34.08680359089963], [-118.24393912065837, 34.08534430027417]]]}, "properties": {"light_n": 13, "light_t": 1, "light_top": 50, "crime_n": 6, "crime_t": 1, "crime_top": 65, "bv": "1-1", "crime_night_n": 5, "crime_night_t": 1, "crime_night_top": 51, "bv_night": "1-1", "nta": "Echo Park", "boro": "Los Angeles"}}, {"type": "Feature", "geometry": {"type": "Polygon", "coordinates": [[[-118.32596095533789, 34.02287653162494], [-118.32140742840271, 34.02634833686319], [-118.32265665848671, 34.03127681306815], [-118.32845978885443, 34.03273332050093], [-118.33301320470844, 34.029261369812104], [-118.33176360131623, 34.02433305715329], [-118.32596095533789, 34.02287653162494]]]}, "properties": {"light_n": 22, "light_t": 2, "light_top": 33, "crime_n": 37, "crime_t": 2, "crime_top": 17, "bv": "2-2", "crime_night_n": 22, "crime_night_t": 2, "crime_night_top": 13, "bv_night": "2-2", "nta": "Southwest", "boro": "Los Angeles"}}, {"type": "Feature", "geometry": {"type": "Polygon", "coordinates": [[[-118.22362594473611, 34.1125435303743], [-118.2190633751268, 34.11601158871485], [-118.22030968909895, 34.1209395112422], [-118.22611894797566, 34.12239921332889], [-118.23068140862631, 34.118931009750966], [-118.22943471939925, 34.11400324933607], [-118.22362594473611, 34.1125435303743]]]}, "properties": {"light_n": 9, "light_t": 1, "light_top": 62, "crime_n": 3, "crime_t": 0, "crime_top": 80, "bv": "0-1", "crime_night_n": 3, "crime_night_t": 1, "crime_night_top": 69, "bv_night": "1-1", "nta": "Glassell Park", "boro": "Los Angeles"}}, {"type": "Feature", "geometry": {"type": "Polygon", "coordinates": [[[-118.36439156556003, 34.21697517987512], [-118.3598321325175, 34.22044633575016], [-118.36108501059364, 34.22536793434446], [-118.36689769585543, 34.22681821383056], [-118.37145701656459, 34.22334691347076], [-118.37020376438592, 34.21842547812188], [-118.36439156556003, 34.21697517987512]]]}, "properties": {"light_n": 5, "light_t": 0, "light_top": 76, "crime_n": 24, "crime_t": 2, "crime_top": 26, "bv": "2-0", "crime_night_n": 11, "crime_night_t": 2, "crime_night_top": 28, "bv_night": "2-0", "nta": "Foothill", "boro": "Los Angeles"}}, {"type": "Feature", "geometry": {"type": "Polygon", "coordinates": [[[-118.45110819071526, 34.04499514458867], [-118.44656037150415, 34.04847032938209], [-118.44781462797215, 34.053395385134145], [-118.45361707549618, 34.054845091293345], [-118.45816478077712, 34.05136976140165], [-118.45691015250468, 34.046444870461166], [-118.45110819071526, 34.04499514458867]]]}, "properties": {"light_n": 7, "light_t": 1, "light_top": 69, "crime_n": 14, "crime_t": 1, "crime_top": 40, "bv": "1-1", "crime_night_n": 4, "crime_night_t": 1, "crime_night_top": 60, "bv_night": "1-1", "nta": "West LA", "boro": "Los Angeles"}}, {"type": "Feature", "geometry": {"type": "Polygon", "coordinates": [[[-118.29027181908313, 33.96774566225916], [-118.28571866168976, 33.9712169307689], [-118.28696591106946, 33.97614787878374], [-118.29276669129165, 33.97760739493853], [-118.29731973851345, 33.97413598065378], [-118.2960721157249, 33.96920519600147], [-118.29027181908313, 33.96774566225916]]]}, "properties": {"light_n": 47, "light_t": 2, "light_top": 16, "crime_n": 85, "crime_t": 2, "crime_top": 5, "bv": "2-2", "crime_night_n": 35, "crime_night_t": 2, "crime_night_top": 6, "bv_night": "2-2", "nta": "77th Street", "boro": "Los Angeles"}}, {"type": "Feature", "geometry": {"type": "Polygon", "coordinates": [[[-118.28965135936727, 33.75045167201261], [-118.28510700086821, 33.75392477563164], [-118.28635180762524, 33.7588623324244], [-118.29214134489122, 33.76032662146042], [-118.2966855936596, 33.75685337105189], [-118.29544041493273, 33.751915978409016], [-118.28965135936727, 33.75045167201261]]]}, "properties": {"light_n": 8, "light_t": 1, "light_top": 65, "crime_n": 7, "crime_t": 1, "crime_top": 60, "bv": "1-1", "crime_night_n": 3, "crime_night_t": 1, "crime_night_top": 69, "bv_night": "1-1", "nta": "Harbor", "boro": "Los Angeles"}}, {"type": "Feature", "geometry": {"type": "Polygon", "coordinates": [[[-118.43696990724511, 34.202810237642815], [-118.43241489406674, 34.20628360710366], [-118.43367038769345, 34.21120406048912], [-118.43948126758566, 34.21265098035058], [-118.4440361668282, 34.209177466487155], [-118.44278030015504, 34.20425717717707], [-118.43696990724511, 34.202810237642815]]]}, "properties": {"light_n": 2, "light_t": 0, "light_top": 92, "crime_n": 1, "crime_t": 0, "crime_top": 100, "bv": "0-0", "crime_night_n": 0, "crime_night_t": 0, "crime_night_top": null, "bv_night": "0-0", "nta": "Van Nuys", "boro": "Los Angeles"}}, {"type": "Feature", "geometry": {"type": "Polygon", "coordinates": [[[-118.21199186742669, 34.044995721910404], [-118.20743144902528, 34.04846405687992], [-118.20867656284348, 34.05339432421713], [-118.21448247005668, 34.054856094364325], [-118.21904277989283, 34.05138761382546], [-118.21779729112124, 34.04645750872107], [-118.21199186742669, 34.044995721910404]]]}, "properties": {"light_n": 43, "light_t": 2, "light_top": 18, "crime_n": 80, "crime_t": 2, "crime_top": 6, "bv": "2-2", "crime_night_n": 31, "crime_night_t": 2, "crime_night_top": 8, "bv_night": "2-2", "nta": "Hollenbeck", "boro": "Los Angeles"}}, {"type": "Feature", "geometry": {"type": "Polygon", "coordinates": [[[-118.44781462797215, 34.053395385134145], [-118.44326629190932, 34.0568704023287], [-118.44452051720366, 34.06179527073649], [-118.45032345050534, 34.063244957216774], [-118.45487167269455, 34.05976979495603], [-118.45361707549618, 34.054845091293345], [-118.44781462797215, 34.053395385134145]]]}, "properties": {"light_n": 9, "light_t": 1, "light_top": 62, "crime_n": 23, "crime_t": 2, "crime_top": 27, "bv": "2-1", "crime_night_n": 8, "crime_night_t": 1, "crime_night_top": 37, "bv_night": "1-1", "nta": "West LA", "boro": "Los Angeles"}}, {"type": "Feature", "geometry": {"type": "Polygon", "coordinates": [[[-118.42711165432843, 34.05744426164837], [-118.42256205731802, 34.06091865282346], [-118.42381553835298, 34.0658438503656], [-118.42961898864375, 34.06729449223698], [-118.43416847223604, 34.06381995597241], [-118.43291461899621, 34.05889492293811], [-118.42711165432843, 34.05744426164837]]]}, "properties": {"light_n": 32, "light_t": 2, "light_top": 24, "crime_n": 6, "crime_t": 1, "crime_top": 65, "bv": "1-2", "crime_night_n": 2, "crime_night_t": 0, "crime_night_top": 82, "bv_night": "0-2", "nta": "Westwood", "boro": "Los Angeles"}}, {"type": "Feature", "geometry": {"type": "Polygon", "coordinates": [[[-118.33345869108281, 34.05244474684915], [-118.32890435280568, 34.05591650462813], [-118.33015420053002, 34.060843904555796], [-118.33595875997915, 34.06229938319828], [-118.34051298694799, 34.058827480119774], [-118.33926276581634, 34.05390024371054], [-118.33345869108281, 34.05244474684915]]]}, "properties": {"light_n": 24, "light_t": 2, "light_top": 31, "crime_n": 7, "crime_t": 1, "crime_top": 60, "bv": "1-2", "crime_night_n": 2, "crime_night_t": 0, "crime_night_top": 82, "bv_night": "0-2", "nta": "Greater Wilshire", "boro": "Los Angeles"}}, {"type": "Feature", "geometry": {"type": "Polygon", "coordinates": [[[-118.37682118790283, 33.9664155420503], [-118.37227264288627, 33.96988929489269], [-118.37352318400089, 33.97481839745833], [-118.37932264243402, 33.976273582891295], [-118.38387107534255, 33.97279968443771], [-118.38262016196633, 33.9678707461745], [-118.37682118790283, 33.9664155420503]]]}, "properties": {"light_n": 10, "light_t": 1, "light_top": 58, "crime_n": 8, "crime_t": 1, "crime_top": 57, "bv": "1-1", "crime_night_n": 1, "crime_night_t": 0, "crime_night_top": 100, "bv_night": "0-1", "nta": "Westchester/Playa", "boro": "Los Angeles"}}, {"type": "Feature", "geometry": {"type": "Polygon", "coordinates": [[[-118.61405688522423, 34.21454097049719], [-118.60951081111786, 34.2180192885734], [-118.61077318922874, 34.222935463644006], [-118.61658201225559, 34.22437315473098], [-118.62112796843074, 34.220894692675515], [-118.6198652195511, 34.21597868352439], [-118.61405688522423, 34.21454097049719]]]}, "properties": {"light_n": 16, "light_t": 1, "light_top": 43, "crime_n": 4, "crime_t": 0, "crime_top": 74, "bv": "0-1", "crime_night_n": 2, "crime_night_t": 0, "crime_night_top": 82, "bv_night": "0-1", "nta": "West Hills", "boro": "Los Angeles"}}, {"type": "Feature", "geometry": {"type": "Polygon", "coordinates": [[[-118.25675822618774, 34.028563919125226], [-118.25220082760907, 34.032033689042564], [-118.25344747335774, 34.03696349410931], [-118.25925189198124, 34.03842336649355], [-118.26380918102076, 34.034953451017124], [-118.26256216101616, 34.03002380872787], [-118.25675822618774, 34.028563919125226]]]}, "properties": {"light_n": 34, "light_t": 2, "light_top": 22, "crime_n": 105, "crime_t": 2, "crime_top": 4, "bv": "2-2", "crime_night_n": 32, "crime_night_t": 2, "crime_night_top": 7, "bv_night": "2-2", "nta": "Central", "boro": "Los Angeles"}}, {"type": "Feature", "geometry": {"type": "Polygon", "coordinates": [[[-118.43653003340532, 34.00906341956028], [-118.43198290655631, 34.01253850311446], [-118.43323620352979, 34.01746498738966], [-118.43903699915059, 34.01891622333485], [-118.44358401246897, 34.015440994486724], [-118.44233034373765, 34.01051467499947], [-118.43653003340532, 34.00906341956028]]]}, "properties": {"light_n": 18, "light_t": 1, "light_top": 39, "crime_n": 5, "crime_t": 1, "crime_top": 69, "bv": "1-1", "crime_night_n": 1, "crime_night_t": 0, "crime_night_top": 100, "bv_night": "0-1", "nta": "Mar Vista", "boro": "Los Angeles"}}, {"type": "Feature", "geometry": {"type": "Polygon", "coordinates": [[[-118.32132766255374, 33.96170714366972], [-118.3167763847791, 33.96517935327362], [-118.31802475393707, 33.97010981084278], [-118.32382477387043, 33.9715678950997], [-118.32837594078933, 33.96809553975335], [-118.32712719867087, 33.963165245904726], [-118.32132766255374, 33.96170714366972]]]}, "properties": {"light_n": 15, "light_t": 1, "light_top": 46, "crime_n": 0, "crime_t": 0, "crime_top": null, "bv": "0-1", "crime_night_n": 0, "crime_night_t": 0, "crime_night_top": null, "bv_night": "0-1", "nta": "Empowerment Congress Southwest", "boro": "Los Angeles"}}, {"type": "Feature", "geometry": {"type": "Polygon", "coordinates": [[[-118.24095239174207, 33.92298982078273], [-118.23639846792301, 33.92646006765737], [-118.23764333173327, 33.93139345528843], [-118.24344249315912, 33.9328564330656], [-118.24799630800022, 33.92938604011359], [-118.24675107043353, 33.92445281547403], [-118.24095239174207, 33.92298982078273]]]}, "properties": {"light_n": 26, "light_t": 2, "light_top": 29, "crime_n": 32, "crime_t": 2, "crime_top": 19, "bv": "2-2", "crime_night_n": 14, "crime_night_t": 2, "crime_night_top": 22, "bv_night": "2-2", "nta": "Southeast", "boro": "Los Angeles"}}, {"type": "Feature", "geometry": {"type": "Polygon", "coordinates": [[[-118.3072328176292, 33.94892781911437], [-118.30268131865488, 33.95239973710322], [-118.30392900645292, 33.95733089293155], [-118.30972856632594, 33.95878996716828], [-118.31427995478569, 33.95531790335021], [-118.31303189392723, 33.95038691113684], [-118.3072328176292, 33.94892781911437]]]}, "properties": {"light_n": 44, "light_t": 2, "light_top": 18, "crime_n": 39, "crime_t": 2, "crime_top": 16, "bv": "2-2", "crime_night_n": 14, "crime_night_t": 2, "crime_night_top": 22, "bv_night": "2-2", "nta": "Empowerment Congress Southwest", "boro": "Los Angeles"}}, {"type": "Feature", "geometry": {"type": "Polygon", "coordinates": [[[-118.57312836532725, 34.24584004685676], [-118.56857882811299, 34.24931691696623], [-118.56984000285681, 34.25423301554404], [-118.5756510863795, 34.2556720786572], [-118.58020050651334, 34.2521950646245], [-118.57893896024572, 34.24727913141397], [-118.57312836532725, 34.24584004685676]]]}, "properties": {"light_n": 37, "light_t": 2, "light_top": 20, "crime_n": 0, "crime_t": 0, "crime_top": null, "bv": "0-2", "crime_night_n": 0, "crime_night_t": 0, "crime_night_top": null, "bv_night": "0-2", "nta": "Chatsworth", "boro": "Los Angeles"}}, {"type": "Feature", "geometry": {"type": "Polygon", "coordinates": [[[-118.42618233807747, 34.01108677066748], [-118.42163458140139, 34.01456154187159], [-118.4228875064668, 34.01948819081601], [-118.42868856015681, 34.02093990389923], [-118.43323620352979, 34.01746498738966], [-118.43198290655631, 34.01253850311446], [-118.42618233807747, 34.01108677066748]]]}, "properties": {"light_n": 15, "light_t": 1, "light_top": 46, "crime_n": 4, "crime_t": 0, "crime_top": 74, "bv": "0-1", "crime_night_n": 0, "crime_night_t": 0, "crime_night_top": null, "bv_night": "0-1", "nta": "Mar Vista", "boro": "Los Angeles"}}, {"type": "Feature", "geometry": {"type": "Polygon", "coordinates": [[[-118.311858169606, 34.01010431662238], [-118.30730442102109, 34.01357583082959], [-118.3085529690322, 34.01850500766591], [-118.31435563907685, 34.0199625068665], [-118.3189092769223, 34.016490847122135], [-118.31766035550284, 34.01156183372656], [-118.311858169606, 34.01010431662238]]]}, "properties": {"light_n": 42, "light_t": 2, "light_top": 19, "crime_n": 49, "crime_t": 2, "crime_top": 13, "bv": "2-2", "crime_night_n": 14, "crime_night_t": 2, "crime_night_top": 22, "bv_night": "2-2", "nta": "Southwest", "boro": "Los Angeles"}}, {"type": "Feature", "geometry": {"type": "Polygon", "coordinates": [[[-118.41201135605358, 34.16893776282118], [-118.40745640686372, 34.1724107250689], [-118.40871056523709, 34.177332786451316], [-118.41452004599097, 34.17878172166476], [-118.41907488187458, 34.175308614809005], [-118.41782035035112, 34.17038671736005], [-118.41201135605358, 34.16893776282118]]]}, "properties": {"light_n": 32, "light_t": 2, "light_top": 24, "crime_n": 2, "crime_t": 0, "crime_top": 87, "bv": "0-2", "crime_night_n": 1, "crime_night_t": 0, "crime_night_top": 100, "bv_night": "0-2", "nta": "Greater Valley Glen", "boro": "Los Angeles"}}, {"type": "Feature", "geometry": {"type": "Polygon", "coordinates": [[[-118.30062464678589, 33.965733613586146], [-118.2960721157249, 33.96920519600147], [-118.29731973851345, 33.97413598065378], [-118.30312026566267, 33.975595019421085], [-118.30767268632395, 33.97212329124154], [-118.30642469027596, 33.96719267007115], [-118.30062464678589, 33.965733613586146]]]}, "properties": {"light_n": 66, "light_t": 2, "light_top": 10, "crime_n": 33, "crime_t": 2, "crime_top": 19, "bv": "2-2", "crime_night_n": 14, "crime_night_t": 2, "crime_night_top": 22, "bv_night": "2-2", "nta": "Empowerment Congress Southwest", "boro": "Los Angeles"}}, {"type": "Feature", "geometry": {"type": "Polygon", "coordinates": [[[-118.28235504368527, 33.914954812905734], [-118.27780362005348, 33.91842631445707], [-118.27904997799527, 33.92335904940436], [-118.28484813276918, 33.9248201193427], [-118.28939944651079, 33.92134847175626], [-118.2881527154088, 33.916415900278835], [-118.28235504368527, 33.914954812905734]]]}, "properties": {"light_n": 16, "light_t": 1, "light_top": 43, "crime_n": 36, "crime_t": 2, "crime_top": 18, "bv": "2-1", "crime_night_n": 17, "crime_night_t": 2, "crime_night_top": 18, "bv_night": "2-1", "nta": "Southeast", "boro": "Los Angeles"}}, {"type": "Feature", "geometry": {"type": "Polygon", "coordinates": [[[-118.54533531440147, 34.243556701863376], [-118.54078438989465, 34.2470327997145], [-118.5420444795424, 34.251949585261286], [-118.54785586561678, 34.25339010788888], [-118.55240667367123, 34.24991386604549], [-118.55114621214447, 34.244997245578894], [-118.54533531440147, 34.243556701863376]]]}, "properties": {"light_n": 11, "light_t": 1, "light_top": 55, "crime_n": 14, "crime_t": 1, "crime_top": 40, "bv": "1-1", "crime_night_n": 7, "crime_night_t": 1, "crime_night_top": 42, "bv_night": "1-1", "nta": "Devonshire", "boro": "Los Angeles"}}, {"type": "Feature", "geometry": {"type": "Polygon", "coordinates": [[[-118.42706969931648, 34.22799061952705], [-118.42251313093313, 34.231463474743066], [-118.42376853026015, 34.23638335487529], [-118.42958087135774, 34.23783021592756], [-118.43413732597612, 34.23435721640357], [-118.43288155330252, 34.22943750014749], [-118.42706969931648, 34.22799061952705]]]}, "properties": {"light_n": 30, "light_t": 2, "light_top": 26, "crime_n": 12, "crime_t": 1, "crime_top": 44, "bv": "1-2", "crime_night_n": 4, "crime_night_t": 1, "crime_night_top": 60, "bv_night": "1-2", "nta": "Arleta", "boro": "Los Angeles"}}, {"type": "Feature", "geometry": {"type": "Polygon", "coordinates": [[[-118.26582423010028, 33.95697247022696], [-118.26127022720702, 33.96044313292246], [-118.26251642127013, 33.96537494201642], [-118.26831699192432, 33.96683592528992], [-118.27287088521544, 33.963365116722244], [-118.27162431749468, 33.958433470765485], [-118.26582423010028, 33.95697247022696]]]}, "properties": {"light_n": 78, "light_t": 2, "light_top": 7, "crime_n": 115, "crime_t": 2, "crime_top": 3, "bv": "2-2", "crime_night_n": 50, "crime_night_t": 2, "crime_night_top": 3, "bv_night": "2-2", "nta": "77th Street", "boro": "Los Angeles"}}, {"type": "Feature", "geometry": {"type": "Polygon", "coordinates": [[[-118.26179129651979, 34.11290072364949], [-118.25723071660252, 34.11636987894345], [-118.25847849771728, 34.12129696324712], [-118.26428723354559, 34.1227547297456], [-118.26884770364477, 34.11928542928951], [-118.2675995477741, 34.11435850750938], [-118.26179129651979, 34.11290072364949]]]}, "properties": {"light_n": 16, "light_t": 1, "light_top": 43, "crime_n": 8, "crime_t": 1, "crime_top": 57, "bv": "1-1", "crime_night_n": 2, "crime_night_t": 0, "crime_night_top": 82, "bv_night": "0-1", "nta": "Atwater Village", "boro": "Los Angeles"}}, {"type": "Feature", "geometry": {"type": "Polygon", "coordinates": [[[-118.41148339379687, 34.316240649906966], [-118.40692238218938, 34.31971223807386], [-118.40817818170294, 34.32462967499187], [-118.41399536701118, 34.32607536037268], [-118.41855626502384, 34.32260362826667], [-118.41730009136383, 34.31768635473121], [-118.41148339379687, 34.316240649906966]]]}, "properties": {"light_n": 27, "light_t": 2, "light_top": 28, "crime_n": 1, "crime_t": 0, "crime_top": 100, "bv": "0-2", "crime_night_n": 0, "crime_night_t": 0, "crime_night_top": null, "bv_night": "0-2", "nta": "Sylmar", "boro": "Los Angeles"}}, {"type": "Feature", "geometry": {"type": "Polygon", "coordinates": [[[-118.45440120554804, 34.036594549523386], [-118.44985390310966, 34.04006990168684], [-118.45110819071526, 34.04499514458867], [-118.45691015250468, 34.046444870461166], [-118.46145734095634, 34.04296937316733], [-118.46020268164578, 34.038044295143514], [-118.45440120554804, 34.036594549523386]]]}, "properties": {"light_n": 10, "light_t": 1, "light_top": 58, "crime_n": 20, "crime_t": 2, "crime_top": 31, "bv": "2-1", "crime_night_n": 6, "crime_night_t": 1, "crime_night_top": 46, "bv_night": "1-1", "nta": "West LA", "boro": "Los Angeles"}}, {"type": "Feature", "geometry": {"type": "Polygon", "coordinates": [[[-118.40018464183046, 34.27197538848671], [-118.39562484764616, 34.27544706488855], [-118.39687971508329, 34.28036614915849], [-118.40269475074386, 34.281813393613184], [-118.40725443167801, 34.278341573048706], [-118.40599919024245, 34.27342265220443], [-118.40018464183046, 34.27197538848671]]]}, "properties": {"light_n": 95, "light_t": 2, "light_top": 5, "crime_n": 19, "crime_t": 2, "crime_top": 33, "bv": "2-2", "crime_night_n": 5, "crime_night_t": 1, "crime_night_top": 51, "bv_night": "1-2", "nta": "Pacoima", "boro": "Los Angeles"}}, {"type": "Feature", "geometry": {"type": "Polygon", "coordinates": [[[-118.39128206428173, 34.17298402493379], [-118.38672585311308, 34.17645635607027], [-118.38797926473401, 34.18137874496382], [-118.39378926101577, 34.18282863903687], [-118.39834535933554, 34.179356163269006], [-118.39709157426303, 34.17443393807169], [-118.39128206428173, 34.17298402493379]]]}, "properties": {"light_n": 52, "light_t": 2, "light_top": 14, "crime_n": 11, "crime_t": 1, "crime_top": 46, "bv": "1-2", "crime_night_n": 4, "crime_night_t": 1, "crime_night_top": 60, "bv_night": "1-2", "nta": "Greater Valley Glen", "boro": "Los Angeles"}}, {"type": "Feature", "geometry": {"type": "Polygon", "coordinates": [[[-118.3615370631629, 34.24852345407189], [-118.35697618661571, 34.25199423596104], [-118.35822931058605, 34.256914904991525], [-118.36404368549671, 34.258364629046746], [-118.36860444971101, 34.25489370281061], [-118.3673509513882, 34.24997319687853], [-118.3615370631629, 34.24852345407189]]]}, "properties": {"light_n": 10, "light_t": 1, "light_top": 58, "crime_n": 0, "crime_t": 0, "crime_top": null, "bv": "0-1", "crime_night_n": 0, "crime_night_t": 0, "crime_night_top": null, "bv_night": "0-1", "nta": "Foothills Trails District", "boro": "Los Angeles"}}, {"type": "Feature", "geometry": {"type": "Polygon", "coordinates": [[[-118.16761443825416, 34.08460193236365], [-118.16305007639876, 34.08806862823521], [-118.16429392924519, 34.092998628230546], [-118.17010251978833, 34.094461770759054], [-118.17466677400033, 34.09099492941566], [-118.17342254535276, 34.086065091027976], [-118.16761443825416, 34.08460193236365]]]}, "properties": {"light_n": 10, "light_t": 1, "light_top": 58, "crime_n": 11, "crime_t": 1, "crime_top": 46, "bv": "1-1", "crime_night_n": 4, "crime_night_t": 1, "crime_night_top": 60, "bv_night": "1-1", "nta": "Hollenbeck", "boro": "Los Angeles"}}, {"type": "Feature", "geometry": {"type": "Polygon", "coordinates": [[[-118.26884770364477, 34.11928542928951], [-118.26428723354559, 34.1227547297456], [-118.26553535650098, 34.12768146234063], [-118.27134432430192, 34.12913873191555], [-118.27590468441171, 34.12566928634027], [-118.27465618675032, 34.12074271632159], [-118.26884770364477, 34.11928542928951]]]}, "properties": {"light_n": 7, "light_t": 1, "light_top": 69, "crime_n": 6, "crime_t": 1, "crime_top": 65, "bv": "1-1", "crime_night_n": 4, "crime_night_t": 1, "crime_night_top": 60, "bv_night": "1-1", "nta": "Atwater Village", "boro": "Los Angeles"}}, {"type": "Feature", "geometry": {"type": "Polygon", "coordinates": [[[-118.27243820130381, 33.94016646569944], [-118.26788523034972, 33.94363746462516], [-118.26913149007332, 33.948569644646454], [-118.27493109424977, 33.95003066248401], [-118.27948395548637, 33.946559517621004], [-118.27823732230418, 33.941627500869984], [-118.27243820130381, 33.94016646569944]]]}, "properties": {"light_n": 48, "light_t": 2, "light_top": 15, "crime_n": 157, "crime_t": 2, "crime_top": 2, "bv": "2-2", "crime_night_n": 59, "crime_night_t": 2, "crime_night_top": 2, "bv_night": "2-2", "nta": "Southeast", "boro": "Los Angeles"}}, {"type": "Feature", "geometry": {"type": "Polygon", "coordinates": [[[-118.34756785370318, 34.065209365671734], [-118.34301373821363, 34.06868141400649], [-118.34426426837068, 34.07360811134375], [-118.35006928736452, 34.0750625967349], [-118.3546232912037, 34.071590403187244], [-118.35337238773978, 34.066663869473565], [-118.34756785370318, 34.065209365671734]]]}, "properties": {"light_n": 25, "light_t": 2, "light_top": 30, "crime_n": 25, "crime_t": 2, "crime_top": 25, "bv": "2-2", "crime_night_n": 8, "crime_night_t": 1, "crime_night_top": 37, "bv_night": "1-2", "nta": "Mid-City West", "boro": "Los Angeles"}}, {"type": "Feature", "geometry": {"type": "Polygon", "coordinates": [[[-118.27417001002323, 34.032942614058825], [-118.26961334748157, 34.03641284501445], [-118.27086070877881, 34.04134213716158], [-118.27666510671465, 34.04280103541551], [-118.28122165931755, 34.039330658954604], [-118.27997392396367, 34.034401529757304], [-118.27417001002323, 34.032942614058825]]]}, "properties": {"light_n": 69, "light_t": 2, "light_top": 9, "crime_n": 67, "crime_t": 2, "crime_top": 8, "bv": "2-2", "crime_night_n": 22, "crime_night_t": 2, "crime_night_top": 13, "bv_night": "2-2", "nta": "Pico Union", "boro": "Los Angeles"}}, {"type": "Feature", "geometry": {"type": "Polygon", "coordinates": [[[-118.37430792817122, 34.19179473716719], [-118.36975005008264, 34.195266409363406], [-118.3710030242334, 34.20018858086458], [-118.37681425031555, 34.20163891673711], [-118.38137201589859, 34.1981670999613], [-118.3801186679456, 34.19324509190481], [-118.37430792817122, 34.19179473716719]]]}, "properties": {"light_n": 22, "light_t": 2, "light_top": 33, "crime_n": 8, "crime_t": 1, "crime_top": 57, "bv": "1-2", "crime_night_n": 0, "crime_night_t": 0, "crime_night_top": null, "bv_night": "0-2", "nta": "North Hollywood Northeast", "boro": "Los Angeles"}}, {"type": "Feature", "geometry": {"type": "Polygon", "coordinates": [[[-118.47465291214485, 34.17993798425504], [-118.4701008325641, 34.18341263977516], [-118.47135750696276, 34.18833298138243], [-118.4771666333763, 34.189778502918486], [-118.48171859822237, 34.18630370296848], [-118.48046155143027, 34.181383525924474], [-118.47465291214485, 34.17993798425504]]]}, "properties": {"light_n": 5, "light_t": 0, "light_top": 76, "crime_n": 2, "crime_t": 0, "crime_top": 87, "bv": "0-0", "crime_night_n": 0, "crime_night_t": 0, "crime_night_top": null, "bv_night": "0-0", "nta": "Van Nuys", "boro": "Los Angeles"}}, {"type": "Feature", "geometry": {"type": "Polygon", "coordinates": [[[-118.51657161871822, 34.19496906615693], [-118.51202115104712, 34.198444783299756], [-118.5132795942172, 34.20336373040978], [-118.51908887703615, 34.204806795434145], [-118.52363922900133, 34.201330934017], [-118.52238041389418, 34.19641215186193], [-118.51657161871822, 34.19496906615693]]]}, "properties": {"light_n": 28, "light_t": 2, "light_top": 27, "crime_n": 11, "crime_t": 1, "crime_top": 46, "bv": "1-2", "crime_night_n": 5, "crime_night_t": 1, "crime_night_top": 51, "bv_night": "1-2", "nta": "Reseda", "boro": "Los Angeles"}}, {"type": "Feature", "geometry": {"type": "Polygon", "coordinates": [[[-118.55668106390043, 34.287801269478535], [-118.55212893253865, 34.29127728684486], [-118.55338995631394, 34.29619242565367], [-118.55920348351569, 34.297631382072794], [-118.56375549807773, 34.29415522093956], [-118.56249410227865, 34.28924024716623], [-118.55668106390043, 34.287801269478535]]]}, "properties": {"light_n": 3, "light_t": 0, "light_top": 86, "crime_n": 0, "crime_t": 0, "crime_top": null, "bv": "0-0", "crime_night_n": 0, "crime_night_t": 0, "crime_night_top": null, "bv_night": "0-0", "nta": "Porter Ranch", "boro": "Los Angeles"}}, {"type": "Feature", "geometry": {"type": "Polygon", "coordinates": [[[-118.25173263621132, 33.944184647908195], [-118.24717841462537, 33.947655018729854], [-118.24842392698429, 33.95258752493302], [-118.25422403472622, 33.95404949729564], [-118.25877814705109, 33.95057898051548], [-118.25753226093526, 33.94564663734347], [-118.25173263621132, 33.944184647908195]]]}, "properties": {"light_n": 12, "light_t": 1, "light_top": 52, "crime_n": 26, "crime_t": 2, "crime_top": 24, "bv": "2-1", "crime_night_n": 10, "crime_night_t": 2, "crime_night_top": 31, "bv_night": "2-1", "nta": "Southeast", "boro": "Los Angeles"}}, {"type": "Feature", "geometry": {"type": "Polygon", "coordinates": [[[-118.585778196883, 34.189117515311985], [-118.58123165276906, 34.19259525702971], [-118.5824926663842, 34.197512856888665], [-118.58830059513063, 34.198952549327814], [-118.59284702200021, 34.195474663454284], [-118.59158563740854, 34.190557229309476], [-118.585778196883, 34.189117515311985]]]}, "properties": {"light_n": 17, "light_t": 1, "light_top": 41, "crime_n": 24, "crime_t": 2, "crime_top": 26, "bv": "2-1", "crime_night_n": 13, "crime_night_t": 2, "crime_night_top": 24, "bv_night": "2-1", "nta": "Topanga", "boro": "Los Angeles"}}, {"type": "Feature", "geometry": {"type": "Polygon", "coordinates": [[[-118.45675203979265, 33.98183201787734], [-118.45220709200791, 33.98530791274307], [-118.45346085410135, 33.99023479057498], [-118.45925993532929, 33.991685608447234], [-118.46380476918655, 33.98820956820238], [-118.46255063578376, 33.98328285547651], [-118.45675203979265, 33.98183201787734]]]}, "properties": {"light_n": 7, "light_t": 1, "light_top": 69, "crime_n": 4, "crime_t": 0, "crime_top": 74, "bv": "0-1", "crime_night_n": 0, "crime_night_t": 0, "crime_night_top": null, "bv_night": "0-1", "nta": "Venice", "boro": "Los Angeles"}}, {"type": "Feature", "geometry": {"type": "Polygon", "coordinates": [[[-118.50621209403353, 34.19700121864251], [-118.50166099266453, 34.200476621657735], [-118.50291906374625, 34.205395733604625], [-118.50872860832604, 34.20683927771158], [-118.5132795942172, 34.20336373040978], [-118.51202115104712, 34.198444783299756], [-118.50621209403353, 34.19700121864251]]]}, "properties": {"light_n": 23, "light_t": 2, "light_top": 32, "crime_n": 3, "crime_t": 0, "crime_top": 80, "bv": "0-2", "crime_night_n": 2, "crime_night_t": 0, "crime_night_top": 82, "bv_night": "0-2", "nta": "Lake Balboa", "boro": "Los Angeles"}}, {"type": "Feature", "geometry": {"type": "Polygon", "coordinates": [[[-118.44261194523145, 34.310159651128465], [-118.43805283312957, 34.313632191857245], [-118.43930975462835, 34.31854913827266], [-118.44512616196204, 34.31999338023409], [-118.44968515978096, 34.316520695602364], [-118.44842786458993, 34.311603912924376], [-118.44261194523145, 34.310159651128465]]]}, "properties": {"light_n": 10, "light_t": 1, "light_top": 58, "crime_n": 7, "crime_t": 1, "crime_top": 60, "bv": "1-1", "crime_night_n": 3, "crime_night_t": 1, "crime_night_top": 69, "bv_night": "1-1", "nta": "Sylmar", "boro": "Los Angeles"}}, {"type": "Feature", "geometry": {"type": "Polygon", "coordinates": [[[-118.3630345909791, 34.14748695247634], [-118.35847793013023, 34.150958704654116], [-118.35972997493897, 34.1558825075576], [-118.36553905429103, 34.15733439480852], [-118.3700956029771, 34.15386249782614], [-118.3688431845144, 34.14893885840969], [-118.3630345909791, 34.14748695247634]]]}, "properties": {"light_n": 58, "light_t": 2, "light_top": 12, "crime_n": 19, "crime_t": 2, "crime_top": 33, "bv": "2-2", "crime_night_n": 9, "crime_night_t": 2, "crime_night_top": 34, "bv_night": "2-2", "nta": "Greater Toluca Lake", "boro": "Los Angeles"}}, {"type": "Feature", "geometry": {"type": "Polygon", "coordinates": [[[-118.41953866631565, 34.1984674617533], [-118.41498290757224, 34.20194037115517], [-118.41623768621398, 34.20686134316636], [-118.4220485968881, 34.208309241883015], [-118.42660424209603, 34.20483618802328], [-118.42534909020594, 34.19991537991695], [-118.41953866631565, 34.1984674617533]]]}, "properties": {"light_n": 17, "light_t": 1, "light_top": 41, "crime_n": 27, "crime_t": 2, "crime_top": 23, "bv": "2-1", "crime_night_n": 12, "crime_night_t": 2, "crime_night_top": 26, "bv_night": "2-1", "nta": "N Hollywood", "boro": "Los Angeles"}}, {"type": "Feature", "geometry": {"type": "Polygon", "coordinates": [[[-118.33524247946754, 34.14514720953682], [-118.33068444776472, 34.14861818480771], [-118.33193540304333, 34.15354266727689], [-118.33774476407038, 34.1549960112906], [-118.34230268423958, 34.15152489114913], [-118.34105135495584, 34.14660057187681], [-118.33524247946754, 34.14514720953682]]]}, "properties": {"light_n": 4, "light_t": 0, "light_top": 81, "crime_n": 3, "crime_t": 0, "crime_top": 80, "bv": "0-0", "crime_night_n": 0, "crime_night_t": 0, "crime_night_top": null, "bv_night": "0-0", "nta": "Hollywood Hills West", "boro": "Los Angeles"}}, {"type": "Feature", "geometry": {"type": "Polygon", "coordinates": [[[-118.25301849829616, 34.013773405593945], [-118.24846150696347, 34.01724319977538], [-118.24970784442345, 34.02217354180528], [-118.25551154746225, 34.02363392687502], [-118.26006842936876, 34.02016398705913], [-118.25882171770292, 34.01523380782026], [-118.25301849829616, 34.013773405593945]]]}, "properties": {"light_n": 36, "light_t": 2, "light_top": 21, "crime_n": 67, "crime_t": 2, "crime_top": 8, "bv": "2-2", "crime_night_n": 23, "crime_night_t": 2, "crime_night_top": 12, "bv_night": "2-2", "nta": "Newton", "boro": "Los Angeles"}}, {"type": "Feature", "geometry": {"type": "Polygon", "coordinates": [[[-118.30987475808188, 34.08805440793812], [-118.30531772339113, 34.09152517073707], [-118.30656706775176, 34.09645198161957], [-118.31237382079993, 34.09790786658199], [-118.31693074464097, 34.09443695860081], [-118.31568102632392, 34.089510310851715], [-118.30987475808188, 34.08805440793812]]]}, "properties": {"light_n": 79, "light_t": 2, "light_top": 7, "crime_n": 120, "crime_t": 2, "crime_top": 2, "bv": "2-2", "crime_night_n": 54, "crime_night_t": 2, "crime_night_top": 2, "bv_night": "2-2", "nta": "Hollywood", "boro": "Los Angeles"}}, {"type": "Feature", "geometry": {"type": "Polygon", "coordinates": [[[-118.33059922498839, 34.084023262855325], [-118.3260434467448, 34.087494656645255], [-118.32729353886833, 34.09242114114184], [-118.33309978293227, 34.09387606848917], [-118.33765544986873, 34.09040452953929], [-118.33640498408879, 34.085478208414294], [-118.33059922498839, 34.084023262855325]]]}, "properties": {"light_n": 63, "light_t": 2, "light_top": 11, "crime_n": 45, "crime_t": 2, "crime_top": 14, "bv": "2-2", "crime_night_n": 19, "crime_night_t": 2, "crime_night_top": 16, "bv_night": "2-2", "nta": "Central Hollywood", "boro": "Los Angeles"}}, {"type": "Feature", "geometry": {"type": "Polygon", "coordinates": [[[-118.26294716313555, 33.98857085967128], [-118.25839172117585, 33.99204116207694], [-118.2596381575375, 33.996972064102884], [-118.26544040980582, 33.99843250074483], [-118.26999574216588, 33.994962052607555], [-118.26874893189749, 33.99003131357221], [-118.26294716313555, 33.98857085967128]]]}, "properties": {"light_n": 69, "light_t": 2, "light_top": 9, "crime_n": 54, "crime_t": 2, "crime_top": 12, "bv": "2-2", "crime_night_n": 17, "crime_night_t": 2, "crime_night_top": 18, "bv_night": "2-2", "nta": "Zapata-King", "boro": "Los Angeles"}}, {"type": "Feature", "geometry": {"type": "Polygon", "coordinates": [[[-118.54057744458136, 34.18250706157408], [-118.53602876301478, 34.18598357556425], [-118.53728798030536, 34.19090238287324], [-118.54309625073779, 34.1923445109467], [-118.54764481608633, 34.188867852675244], [-118.54638522726125, 34.18394921062371], [-118.54057744458136, 34.18250706157408]]]}, "properties": {"light_n": 9, "light_t": 1, "light_top": 62, "crime_n": 23, "crime_t": 2, "crime_top": 27, "bv": "2-1", "crime_night_n": 12, "crime_night_t": 2, "crime_night_top": 26, "bv_night": "2-1", "nta": "West Valley", "boro": "Los Angeles"}}, {"type": "Feature", "geometry": {"type": "Polygon", "coordinates": [[[-118.45817039386908, 34.22190936122845], [-118.45361572301347, 34.22538316376653], [-118.45487224192692, 34.230302551915194], [-118.46068380462987, 34.23174797330678], [-118.46523836103431, 34.22827402649665], [-118.46398146922766, 34.22335480257918], [-118.45817039386908, 34.22190936122845]]]}, "properties": {"light_n": 13, "light_t": 1, "light_top": 50, "crime_n": 52, "crime_t": 2, "crime_top": 12, "bv": "2-1", "crime_night_n": 17, "crime_night_t": 2, "crime_night_top": 18, "bv_night": "2-1", "nta": "Mission", "boro": "Los Angeles"}}, {"type": "Feature", "geometry": {"type": "Polygon", "coordinates": [[[-118.514246366132, 34.24965954386224], [-118.5096935375849, 34.253134697707615], [-118.51095251068594, 34.25805197778735], [-118.5167646847087, 34.259493939307546], [-118.52131739748825, 34.25601864143264], [-118.5200580520534, 34.25110152607924], [-118.514246366132, 34.24965954386224]]]}, "properties": {"light_n": 7, "light_t": 1, "light_top": 69, "crime_n": 6, "crime_t": 1, "crime_top": 65, "bv": "1-1", "crime_night_n": 4, "crime_night_t": 1, "crime_night_top": 60, "bv_night": "1-1", "nta": "Northridge East", "boro": "Los Angeles"}}, {"type": "Feature", "geometry": {"type": "Polygon", "coordinates": [[[-118.46711423164118, 34.15041207286516], [-118.46256295883384, 34.15388677886215], [-118.46381901252985, 34.15880820905499], [-118.46962671136984, 34.16025476867071], [-118.47417786967233, 34.15677991809314], [-118.4729214436803, 34.15185865249257], [-118.46711423164118, 34.15041207286516]]]}, "properties": {"light_n": 27, "light_t": 2, "light_top": 28, "crime_n": 12, "crime_t": 1, "crime_top": 44, "bv": "1-2", "crime_night_n": 6, "crime_night_t": 1, "crime_night_top": 46, "bv_night": "1-2", "nta": "Sherman Oaks", "boro": "Los Angeles"}}, {"type": "Feature", "geometry": {"type": "Polygon", "coordinates": [[[-118.29357717837107, 33.95934309188439], [-118.28902453708099, 33.96281452849221], [-118.29027181908313, 33.96774566225916], [-118.2960721157249, 33.96920519600147], [-118.30062464678589, 33.965733613586146], [-118.29937699147443, 33.96080264324825], [-118.29357717837107, 33.95934309188439]]]}, "properties": {"light_n": 62, "light_t": 2, "light_top": 11, "crime_n": 77, "crime_t": 2, "crime_top": 7, "bv": "2-2", "crime_night_n": 29, "crime_night_t": 2, "crime_night_top": 8, "bv_night": "2-2", "nta": "77th Street", "boro": "Los Angeles"}}, {"type": "Feature", "geometry": {"type": "Polygon", "coordinates": [[[-118.29314025572636, 33.93614512017264], [-118.28858853623443, 33.93961674637308], [-118.28983554272597, 33.94454859973436], [-118.29563464190979, 33.946008663398196], [-118.30018625122817, 33.942536891281875], [-118.29893887157648, 33.93760520142982], [-118.29314025572636, 33.93614512017264]]]}, "properties": {"light_n": 22, "light_t": 2, "light_top": 33, "crime_n": 20, "crime_t": 2, "crime_top": 31, "bv": "2-2", "crime_night_n": 9, "crime_night_t": 2, "crime_night_top": 34, "bv_night": "2-2", "nta": "Empowerment Congress Southeast", "boro": "Los Angeles"}}, {"type": "Feature", "geometry": {"type": "Polygon", "coordinates": [[[-118.35927867001858, 34.132714432548404], [-118.354722414872, 34.13618621071595], [-118.35597415010831, 34.141110556163405], [-118.36178251413617, 34.14256295995444], [-118.36633865723405, 34.13909103690715], [-118.36508654839325, 34.13416685496082], [-118.35927867001858, 34.132714432548404]]]}, "properties": {"light_n": 9, "light_t": 1, "light_top": 62, "crime_n": 37, "crime_t": 2, "crime_top": 17, "bv": "2-1", "crime_night_n": 12, "crime_night_t": 2, "crime_night_top": 26, "bv_night": "2-1", "nta": "N Hollywood", "boro": "Los Angeles"}}, {"type": "Feature", "geometry": {"type": "Polygon", "coordinates": [[[-118.46381901252985, 34.15880820905499], [-118.45926722189816, 34.16228274543243], [-118.460523244514, 34.16720398596229], [-118.46633143019801, 34.16865052560103], [-118.47088310638154, 34.165175844674735], [-118.46962671136984, 34.16025476867071], [-118.46381901252985, 34.15880820905499]]]}, "properties": {"light_n": 20, "light_t": 1, "light_top": 36, "crime_n": 8, "crime_t": 1, "crime_top": 57, "bv": "1-1", "crime_night_n": 4, "crime_night_t": 1, "crime_night_top": 60, "bv_night": "1-1", "nta": "Sherman Oaks", "boro": "Los Angeles"}}, {"type": "Feature", "geometry": {"type": "Polygon", "coordinates": [[[-118.49022004834103, 34.262116265533805], [-118.48566543268308, 34.265590617558104], [-118.48692362977606, 34.270508034830506], [-118.49273681530467, 34.271950935666965], [-118.49729131570867, 34.26847643961988], [-118.49603274587876, 34.26355918677131], [-118.49022004834103, 34.262116265533805]]]}, "properties": {"light_n": 27, "light_t": 2, "light_top": 28, "crime_n": 4, "crime_t": 0, "crime_top": 74, "bv": "0-2", "crime_night_n": 2, "crime_night_t": 0, "crime_night_top": 82, "bv_night": "0-2", "nta": "Granada Hills South", "boro": "Los Angeles"}}, {"type": "Feature", "geometry": {"type": "Polygon", "coordinates": [[[-118.42846722753198, 34.29743499009803], [-118.42390788738078, 34.30090724289092], [-118.42516412414066, 34.305824902638456], [-118.43098007488699, 34.30727014597172], [-118.43553930109961, 34.30379774918924], [-118.43428269054522, 34.29888025307536], [-118.42846722753198, 34.29743499009803]]]}, "properties": {"light_n": 14, "light_t": 1, "light_top": 48, "crime_n": 10, "crime_t": 1, "crime_top": 49, "bv": "1-1", "crime_night_n": 2, "crime_night_t": 0, "crime_night_top": 82, "bv_night": "0-1", "nta": "Sylmar", "boro": "Los Angeles"}}, {"type": "Feature", "geometry": {"type": "Polygon", "coordinates": [[[-118.43553930109961, 34.30379774918924], [-118.43098007488699, 34.30727014597172], [-118.4322366540099, 34.31218744914238], [-118.43805283312957, 34.313632191857245], [-118.44261194523145, 34.310159651128465], [-118.44135499236512, 34.305242511643385], [-118.43553930109961, 34.30379774918924]]]}, "properties": {"light_n": 11, "light_t": 1, "light_top": 55, "crime_n": 19, "crime_t": 2, "crime_top": 33, "bv": "2-1", "crime_night_n": 7, "crime_night_t": 1, "crime_night_top": 42, "bv_night": "1-1", "nta": "Mission", "boro": "Los Angeles"}}, {"type": "Feature", "geometry": {"type": "Polygon", "coordinates": [[[-118.5038815896506, 34.251692235807816], [-118.4993281268337, 34.25516707456638], [-118.50058672744943, 34.26008451925443], [-118.50639916340816, 34.26152696058778], [-118.51095251068594, 34.25805197778735], [-118.5096935375849, 34.253134697707615], [-118.5038815896506, 34.251692235807816]]]}, "properties": {"light_n": 53, "light_t": 2, "light_top": 14, "crime_n": 10, "crime_t": 1, "crime_top": 49, "bv": "1-2", "crime_night_n": 3, "crime_night_t": 1, "crime_night_top": 69, "bv_night": "1-2", "nta": "Northridge East", "boro": "Los Angeles"}}, {"type": "Feature", "geometry": {"type": "Polygon", "coordinates": [[[-118.38148384820083, 34.02757310380196], [-118.37693305763872, 34.031046455495634], [-118.37818446178082, 34.035973575025636], [-118.38398702913351, 34.03742717874672], [-118.38853770736027, 34.033953681734076], [-118.38728593061012, 34.029026726331516], [-118.38148384820083, 34.02757310380196]]]}, "properties": {"light_n": 44, "light_t": 2, "light_top": 18, "crime_n": 10, "crime_t": 1, "crime_top": 49, "bv": "1-2", "crime_night_n": 3, "crime_night_t": 1, "crime_night_top": 69, "bv_night": "1-2", "nta": "South Robertson", "boro": "Los Angeles"}}, {"type": "Feature", "geometry": {"type": "Polygon", "coordinates": [[[-118.37249125404898, 34.09912634325628], [-118.36793706888827, 34.10259880248813], [-118.3691889321527, 34.107523903958594], [-118.37499535382335, 34.10897638244247], [-118.37954942670628, 34.1055037782032], [-118.37829719023681, 34.100578840499686], [-118.37249125404898, 34.09912634325628]]]}, "properties": {"light_n": 4, "light_t": 0, "light_top": 81, "crime_n": 2, "crime_t": 0, "crime_top": 87, "bv": "0-0", "crime_night_n": 0, "crime_night_t": 0, "crime_night_top": null, "bv_night": "0-0", "nta": "Bel Air-Beverly Crest", "boro": "Los Angeles"}}, {"type": "Feature", "geometry": {"type": "Polygon", "coordinates": [[[-118.29070827569386, 33.99093965233094], [-118.28615419591536, 33.99441072966709], [-118.28740172091737, 33.99934095609205], [-118.29320369929633, 34.000799941910735], [-118.29775766884774, 33.997328718907646], [-118.29650977028753, 33.99239865576506], [-118.29070827569386, 33.99093965233094]]]}, "properties": {"light_n": 70, "light_t": 2, "light_top": 9, "crime_n": 66, "crime_t": 2, "crime_top": 9, "bv": "2-2", "crime_night_n": 33, "crime_night_t": 2, "crime_night_top": 7, "bv_night": "2-2", "nta": "Voices", "boro": "Los Angeles"}}, {"type": "Feature", "geometry": {"type": "Polygon", "coordinates": [[[-118.28809223760248, 33.85172976518747], [-118.28354368654587, 33.855201973203236], [-118.284789559629, 33.86013650699505], [-118.29058435647238, 33.86159866902016], [-118.29513279763458, 33.85812631468606], [-118.29388655188791, 33.85319194465739], [-118.28809223760248, 33.85172976518747]]]}, "properties": {"light_n": 2, "light_t": 0, "light_top": 92, "crime_n": 1, "crime_t": 0, "crime_top": 100, "bv": "0-0", "crime_night_n": 0, "crime_night_t": 0, "crime_night_top": null, "bv_night": "0-0", "nta": "Harbor Gateway South", "boro": "Los Angeles"}}, {"type": "Feature", "geometry": {"type": "Polygon", "coordinates": [[[-118.56984000285681, 34.25423301554404], [-118.56528994697263, 34.257709715560985], [-118.56655109159463, 34.26262562257091], [-118.57236266376538, 34.26406466427506], [-118.57691260262523, 34.26058782036619], [-118.5756510863795, 34.2556720786572], [-118.56984000285681, 34.25423301554404]]]}, "properties": {"light_n": 12, "light_t": 1, "light_top": 52, "crime_n": 1, "crime_t": 0, "crime_top": 100, "bv": "0-1", "crime_night_n": 0, "crime_night_t": 0, "crime_night_top": null, "bv_night": "0-1", "nta": "Chatsworth", "boro": "Los Angeles"}}, {"type": "Feature", "geometry": {"type": "Polygon", "coordinates": [[[-118.41009611863089, 34.246800916409036], [-118.40553788090722, 34.25027311106917], [-118.40679284348865, 34.25519277169069], [-118.41260641753229, 34.25664007403947], [-118.41716454183415, 34.25316773512247], [-118.41590920555484, 34.248248238125804], [-118.41009611863089, 34.246800916409036]]]}, "properties": {"light_n": 12, "light_t": 1, "light_top": 52, "crime_n": 27, "crime_t": 2, "crime_top": 23, "bv": "2-1", "crime_night_n": 12, "crime_night_t": 2, "crime_night_top": 26, "bv_night": "2-1", "nta": "Foothill", "boro": "Los Angeles"}}, {"type": "Feature", "geometry": {"type": "Polygon", "coordinates": [[[-118.55240667367123, 34.24991386604549], [-118.54785586561678, 34.25339010788888], [-118.54911629685773, 34.2583065368479], [-118.55492790802126, 34.25974655884395], [-118.55947859945141, 34.256270173052144], [-118.55821779638316, 34.25135390922481], [-118.55240667367123, 34.24991386604549]]]}, "properties": {"light_n": 8, "light_t": 1, "light_top": 65, "crime_n": 1, "crime_t": 0, "crime_top": 100, "bv": "0-1", "crime_night_n": 0, "crime_night_t": 0, "crime_night_top": null, "bv_night": "0-1", "nta": "Northridge West", "boro": "Los Angeles"}}, {"type": "Feature", "geometry": {"type": "Polygon", "coordinates": [[[-118.35221925389087, 34.126336977766336], [-118.34766288686694, 34.12980861101088], [-118.3489142805098, 34.13473330920392], [-118.354722414872, 34.13618621071595], [-118.35927867001858, 34.132714432548404], [-118.35802690272081, 34.127789897804064], [-118.35221925389087, 34.126336977766336]]]}, "properties": {"light_n": 28, "light_t": 2, "light_top": 27, "crime_n": 3, "crime_t": 0, "crime_top": 80, "bv": "0-2", "crime_night_n": 3, "crime_night_t": 1, "crime_night_top": 69, "bv_night": "1-2", "nta": "Hollywood Hills West", "boro": "Los Angeles"}}, {"type": "Feature", "geometry": {"type": "Polygon", "coordinates": [[[-118.46192928490942, 34.06614335526874], [-118.45738117676481, 34.06961866255191], [-118.45863608365974, 34.07454282634504], [-118.46443947054205, 34.07599151801782], [-118.46898746447096, 34.07251606575601], [-118.46773218577378, 34.06759206681219], [-118.46192928490942, 34.06614335526874]]]}, "properties": {"light_n": 20, "light_t": 1, "light_top": 36, "crime_n": 0, "crime_t": 0, "crime_top": null, "bv": "0-1", "crime_night_n": 0, "crime_night_t": 0, "crime_night_top": null, "bv_night": "0-1", "nta": "Westwood", "boro": "Los Angeles"}}, {"type": "Feature", "geometry": {"type": "Polygon", "coordinates": [[[-118.41716454183415, 34.25316773512247], [-118.41260641753229, 34.25664007403947], [-118.41386172223335, 34.2615593791785], [-118.41967552492386, 34.26300618173586], [-118.42423353563196, 34.2595336986053], [-118.42297785728397, 34.25461455714319], [-118.41716454183415, 34.25316773512247]]]}, "properties": {"light_n": 13, "light_t": 1, "light_top": 50, "crime_n": 12, "crime_t": 1, "crime_top": 44, "bv": "1-1", "crime_night_n": 6, "crime_night_t": 1, "crime_night_top": 46, "bv_night": "1-1", "nta": "Pacoima", "boro": "Los Angeles"}}, {"type": "Feature", "geometry": {"type": "Polygon", "coordinates": [[[-118.42660424209603, 34.20483618802328], [-118.4220485968881, 34.208309241883015], [-118.42330371731738, 34.21322985922539], [-118.42911485619267, 34.21467725876332], [-118.43367038769345, 34.21120406048912], [-118.43241489406674, 34.20628360710366], [-118.42660424209603, 34.20483618802328]]]}, "properties": {"light_n": 56, "light_t": 2, "light_top": 13, "crime_n": 15, "crime_t": 1, "crime_top": 38, "bv": "1-2", "crime_night_n": 7, "crime_night_t": 1, "crime_night_top": 42, "bv_night": "1-2", "nta": "Panorama City", "boro": "Los Angeles"}}, {"type": "Feature", "geometry": {"type": "Polygon", "coordinates": [[[-118.21241252071142, 34.06818405042416], [-118.20785117686141, 34.071652188382956], [-118.20909656547536, 34.0765817295858], [-118.21490367308323, 34.07804297068931], [-118.21946490831341, 34.074574687268445], [-118.2182191445958, 34.069645308218476], [-118.21241252071142, 34.06818405042416]]]}, "properties": {"light_n": 87, "light_t": 2, "light_top": 6, "crime_n": 39, "crime_t": 2, "crime_top": 16, "bv": "2-2", "crime_night_n": 14, "crime_night_t": 2, "crime_night_top": 22, "bv_night": "2-2", "nta": "Lincoln Heights", "boro": "Los Angeles"}}, {"type": "Feature", "geometry": {"type": "Polygon", "coordinates": [[[-118.55849316568433, 34.20998155641083], [-118.55394431502427, 34.21345833379918], [-118.5552045258554, 34.21837588371033], [-118.56101395886674, 34.21981649089955], [-118.56556269284981, 34.21633956939327], [-118.56430211053927, 34.21142218482783], [-118.55849316568433, 34.20998155641083]]]}, "properties": {"light_n": 6, "light_t": 0, "light_top": 72, "crime_n": 2, "crime_t": 0, "crime_top": 87, "bv": "0-0", "crime_night_n": 1, "crime_night_t": 0, "crime_night_top": 100, "bv_night": "0-0", "nta": "Winnetka", "boro": "Los Angeles"}}, {"type": "Feature", "geometry": {"type": "Polygon", "coordinates": [[[-118.44969252967552, 34.14607037950695], [-118.44514051066196, 34.14954462665574], [-118.44639585055697, 34.154466575279955], [-118.45220358200412, 34.155914112345656], [-118.4567554869125, 34.15243972056071], [-118.45549977451951, 34.14751793635839], [-118.44969252967552, 34.14607037950695]]]}, "properties": {"light_n": 75, "light_t": 2, "light_top": 8, "crime_n": 25, "crime_t": 2, "crime_top": 25, "bv": "2-2", "crime_night_n": 9, "crime_night_t": 2, "crime_night_top": 34, "bv_night": "2-2", "nta": "Sherman Oaks", "boro": "Los Angeles"}}, {"type": "Feature", "geometry": {"type": "Polygon", "coordinates": [[[-118.22193448017177, 34.01979776533346], [-118.21737561202978, 34.023266612358974], [-118.21862082597605, 34.02819744204476], [-118.22442528275838, 34.02965926228499], [-118.22898404216068, 34.02619026959318], [-118.22773845356052, 34.021259602339754], [-118.22193448017177, 34.01979776533346]]]}, "properties": {"light_n": 22, "light_t": 2, "light_top": 33, "crime_n": 33, "crime_t": 2, "crime_top": 19, "bv": "2-2", "crime_night_n": 13, "crime_night_t": 2, "crime_night_top": 24, "bv_night": "2-2", "nta": "Hollenbeck", "boro": "Los Angeles"}}, {"type": "Feature", "geometry": {"type": "Polygon", "coordinates": [[[-118.28514201746587, 34.24788404219534], [-118.28057713740264, 34.25135262616985], [-118.28182732690827, 34.25627498031958], [-118.28764277187491, 34.257728588226655], [-118.29220754132714, 34.25425985975065], [-118.29095697646424, 34.24933766788141], [-118.28514201746587, 34.24788404219534]]]}, "properties": {"light_n": 9, "light_t": 1, "light_top": 62, "crime_n": 15, "crime_t": 1, "crime_top": 38, "bv": "1-1", "crime_night_n": 4, "crime_night_t": 1, "crime_night_top": 60, "bv_night": "1-1", "nta": "Foothill", "boro": "Los Angeles"}}, {"type": "Feature", "geometry": {"type": "Polygon", "coordinates": [[[-118.61304938773253, 34.168247699872474], [-118.6085051504705, 34.17172640259503], [-118.6097669653218, 34.17664405062585], [-118.61557338794981, 34.17808282986376], [-118.62011750740125, 34.17460398294759], [-118.61885532207607, 34.169686500999155], [-118.61304938773253, 34.168247699872474]]]}, "properties": {"light_n": 15, "light_t": 1, "light_top": 46, "crime_n": 18, "crime_t": 2, "crime_top": 34, "bv": "2-1", "crime_night_n": 5, "crime_night_t": 1, "crime_night_top": 51, "bv_night": "1-1", "nta": "Topanga", "boro": "Los Angeles"}}, {"type": "Feature", "geometry": {"type": "Polygon", "coordinates": [[[-118.36122790885193, 34.05479225303712], [-118.35667493903179, 34.0582647850948], [-118.35792587453008, 34.063191506556485], [-118.36373015294596, 34.064645532163645], [-118.36828301083017, 34.0611728548722], [-118.36703170227483, 34.05624629721956], [-118.36122790885193, 34.05479225303712]]]}, "properties": {"light_n": 35, "light_t": 2, "light_top": 22, "crime_n": 26, "crime_t": 2, "crime_top": 24, "bv": "2-2", "crime_night_n": 9, "crime_night_t": 2, "crime_night_top": 34, "bv_night": "2-2", "nta": "Mid-City West", "boro": "Los Angeles"}}, {"type": "Feature", "geometry": {"type": "Polygon", "coordinates": [[[-118.4133988434693, 34.238408697100155], [-118.4088411244073, 34.2418810640567], [-118.41009611863089, 34.246800916409036], [-118.41590920555484, 34.248248238125804], [-118.4204668111379, 34.244775726880924], [-118.4192114433166, 34.23985603821984], [-118.4133988434693, 34.238408697100155]]]}, "properties": {"light_n": 16, "light_t": 1, "light_top": 43, "crime_n": 14, "crime_t": 1, "crime_top": 40, "bv": "1-1", "crime_night_n": 6, "crime_night_t": 1, "crime_night_top": 46, "bv_night": "1-1", "nta": "Foothill", "boro": "Los Angeles"}}, {"type": "Feature", "geometry": {"type": "Polygon", "coordinates": [[[-118.54155526557125, 34.2288052235978], [-118.5370047433089, 34.23228134760799], [-118.5382645217895, 34.2371986808184], [-118.54407519440396, 34.238639724935716], [-118.54862560032959, 34.235163456858025], [-118.54736545001825, 34.23024628874265], [-118.54155526557125, 34.2288052235978]]]}, "properties": {"light_n": 1, "light_t": 0, "light_top": 100, "crime_n": 9, "crime_t": 1, "crime_top": 53, "bv": "1-0", "crime_night_n": 2, "crime_night_t": 0, "crime_night_top": 82, "bv_night": "0-0", "nta": "Devonshire", "boro": "Los Angeles"}}, {"type": "Feature", "geometry": {"type": "Polygon", "coordinates": [[[-118.56178125704469, 34.20158686918956], [-118.5572329246472, 34.20506381589169], [-118.55849316568433, 34.20998155641083], [-118.56430211053927, 34.21142218482783], [-118.56885032620373, 34.20794509397629], [-118.56758971378707, 34.203027518869256], [-118.56178125704469, 34.20158686918956]]]}, "properties": {"light_n": 23, "light_t": 2, "light_top": 32, "crime_n": 2, "crime_t": 0, "crime_top": 87, "bv": "0-2", "crime_night_n": 1, "crime_night_t": 0, "crime_night_top": 100, "bv_night": "0-2", "nta": "Winnetka", "boro": "Los Angeles"}}, {"type": "Feature", "geometry": {"type": "Polygon", "coordinates": [[[-118.23977258442022, 34.04737180721559], [-118.23521352616076, 34.05084092055802], [-118.2364597312414, 34.05577051319852], [-118.2422653692267, 34.05723082998393], [-118.24682431829173, 34.053761571136256], [-118.24557773860613, 34.04883214102074], [-118.23977258442022, 34.04737180721559]]]}, "properties": {"light_n": 113, "light_t": 2, "light_top": 3, "crime_n": 142, "crime_t": 2, "crime_top": 2, "bv": "2-2", "crime_night_n": 55, "crime_night_t": 2, "crime_night_top": 2, "bv_night": "2-2", "nta": "Central", "boro": "Los Angeles"}}, {"type": "Feature", "geometry": {"type": "Polygon", "coordinates": [[[-118.26049887907232, 34.043352821471075], [-118.25594107322449, 34.04682256678763], [-118.25718802736559, 34.05175183425868], [-118.26299316170082, 34.05321119366156], [-118.26755085789647, 34.0497413028612], [-118.26630352944936, 34.04481219815405], [-118.26049887907232, 34.043352821471075]]]}, "properties": {"light_n": 215, "light_t": 2, "light_top": 0, "crime_n": 281, "crime_t": 2, "crime_top": 0, "bv": "2-2", "crime_night_n": 116, "crime_night_t": 2, "crime_night_top": 1, "bv_night": "2-2", "nta": "Central", "boro": "Los Angeles"}}, {"type": "Feature", "geometry": {"type": "Polygon", "coordinates": [[[-118.41577454599856, 34.1837034289913], [-118.41121919204274, 34.18717636498368], [-118.41247366049821, 34.19209788199416], [-118.41828385614932, 34.19354629910528], [-118.4228390966843, 34.190073218579975], [-118.42158425502961, 34.185151865488685], [-118.41577454599856, 34.1837034289913]]]}, "properties": {"light_n": 18, "light_t": 1, "light_top": 39, "crime_n": 8, "crime_t": 1, "crime_top": 57, "bv": "1-1", "crime_night_n": 4, "crime_night_t": 1, "crime_night_top": 60, "bv_night": "1-1", "nta": "Greater Valley Glen", "boro": "Los Angeles"}}, {"type": "Feature", "geometry": {"type": "Polygon", "coordinates": [[[-118.50902232956446, 34.16545151581129], [-118.50447266697266, 34.16892728314469], [-118.50573048878746, 34.17384732061938], [-118.51153834507495, 34.17529142578846], [-118.51608789219136, 34.17181551402987], [-118.51482969853636, 34.166895641539526], [-118.50902232956446, 34.16545151581129]]]}, "properties": {"light_n": 14, "light_t": 1, "light_top": 48, "crime_n": 15, "crime_t": 1, "crime_top": 38, "bv": "1-1", "crime_night_n": 10, "crime_night_t": 2, "crime_night_top": 31, "bv_night": "2-1", "nta": "West Valley", "boro": "Los Angeles"}}, {"type": "Feature", "geometry": {"type": "Polygon", "coordinates": [[[-118.54386636048099, 34.17411138125056], [-118.53931819692896, 34.17758806423161], [-118.54057744458136, 34.18250706157408], [-118.54638522726125, 34.18394921062371], [-118.5509332745391, 34.1804723833298], [-118.54967365545197, 34.1755535513112], [-118.54386636048099, 34.17411138125056]]]}, "properties": {"light_n": 22, "light_t": 2, "light_top": 33, "crime_n": 2, "crime_t": 0, "crime_top": 87, "bv": "0-2", "crime_night_n": 1, "crime_night_t": 0, "crime_night_top": 100, "bv_night": "0-2", "nta": "Tarzana", "boro": "Los Angeles"}}, {"type": "Feature", "geometry": {"type": "Polygon", "coordinates": [[[-118.27878144298032, 34.09409516674866], [-118.27422252517762, 34.09756498150298], [-118.2754707467694, 34.10249228107053], [-118.28127826061036, 34.10394960312029], [-118.28583706825002, 34.1004796431507], [-118.28458847225208, 34.095552506358935], [-118.27878144298032, 34.09409516674866]]]}, "properties": {"light_n": 28, "light_t": 2, "light_top": 27, "crime_n": 14, "crime_t": 1, "crime_top": 40, "bv": "1-2", "crime_night_n": 9, "crime_night_t": 2, "crime_night_top": 34, "bv_night": "2-2", "nta": "Los Feliz", "boro": "Los Angeles"}}, {"type": "Feature", "geometry": {"type": "Polygon", "coordinates": [[[-118.41959212691836, 34.02788925708586], [-118.41504333707117, 34.031363693578335], [-118.41629619931722, 34.03628996905347], [-118.42209822355797, 34.03774164351202], [-118.42664690021547, 34.034267061778486], [-118.42539366586232, 34.02934095083961], [-118.41959212691836, 34.02788925708586]]]}, "properties": {"light_n": 16, "light_t": 1, "light_top": 43, "crime_n": 6, "crime_t": 1, "crime_top": 65, "bv": "1-1", "crime_night_n": 3, "crime_night_t": 1, "crime_night_top": 69, "bv_night": "1-1", "nta": "Westside", "boro": "Los Angeles"}}, {"type": "Feature", "geometry": {"type": "Polygon", "coordinates": [[[-118.46474935334717, 34.03456863067642], [-118.46020268164578, 34.038044295143514], [-118.46145734095634, 34.04296937316733], [-118.46725904356326, 34.04441862173957], [-118.47180560105048, 34.040942812153794], [-118.47055057018544, 34.03601789912657], [-118.46474935334717, 34.03456863067642]]]}, "properties": {"light_n": 17, "light_t": 1, "light_top": 41, "crime_n": 22, "crime_t": 2, "crime_top": 28, "bv": "2-1", "crime_night_n": 8, "crime_night_t": 1, "crime_night_top": 37, "bv_night": "1-1", "nta": "West LA", "boro": "Los Angeles"}}, {"type": "Feature", "geometry": {"type": "Polygon", "coordinates": [[[-118.4647650491199, 34.20512189388181], [-118.4602114150123, 34.20859603829763], [-118.46146799622824, 34.213515808410094], [-118.4672785842857, 34.21496126975488], [-118.47183210382862, 34.21148698100394], [-118.47057514991945, 34.2065673752555], [-118.4647650491199, 34.20512189388181]]]}, "properties": {"light_n": 15, "light_t": 1, "light_top": 46, "crime_n": 23, "crime_t": 2, "crime_top": 27, "bv": "2-1", "crime_night_n": 8, "crime_night_t": 1, "crime_night_top": 37, "bv_night": "1-1", "nta": "Van Nuys", "boro": "Los Angeles"}}, {"type": "Feature", "geometry": {"type": "Polygon", "coordinates": [[[-118.21614940344172, 34.08297216144939], [-118.21158765102895, 34.08644027320465], [-118.21283334799169, 34.091369275480304], [-118.21864117256155, 34.09283000387362], [-118.22320281624161, 34.08936174673125], [-118.22195674412478, 34.084432906595005], [-118.21614940344172, 34.08297216144939]]]}, "properties": {"light_n": 28, "light_t": 2, "light_top": 27, "crime_n": 22, "crime_t": 2, "crime_top": 28, "bv": "2-2", "crime_night_n": 9, "crime_night_t": 2, "crime_night_top": 34, "bv_night": "2-2", "nta": "Greater Cypress Park", "boro": "Los Angeles"}}, {"type": "Feature", "geometry": {"type": "Polygon", "coordinates": [[[-118.26006842936876, 34.02016398705913], [-118.25551154746225, 34.02363392687502], [-118.25675822618774, 34.028563919125226], [-118.26256216101616, 34.03002380872787], [-118.2671189333257, 34.026553723320575], [-118.26587188044405, 34.021623893914345], [-118.26006842936876, 34.02016398705913]]]}, "properties": {"light_n": 64, "light_t": 2, "light_top": 10, "crime_n": 101, "crime_t": 2, "crime_top": 4, "bv": "2-2", "crime_night_n": 39, "crime_night_t": 2, "crime_night_top": 5, "bv_night": "2-2", "nta": "Newton", "boro": "Los Angeles"}}, {"type": "Feature", "geometry": {"type": "Polygon", "coordinates": [[[-118.24639664089642, 34.03057332109523], [-118.24183861625698, 34.03404277531517], [-118.24308488760028, 34.03897274303994], [-118.24888955802865, 34.04043309389905], [-118.25344747335774, 34.03696349410931], [-118.25220082760907, 34.032033689042564], [-118.24639664089642, 34.03057332109523]]]}, "properties": {"light_n": 24, "light_t": 2, "light_top": 31, "crime_n": 123, "crime_t": 2, "crime_top": 2, "bv": "2-2", "crime_night_n": 35, "crime_night_t": 2, "crime_night_top": 6, "bv_night": "2-2", "nta": "Newton", "boro": "Los Angeles"}}, {"type": "Feature", "geometry": {"type": "Polygon", "coordinates": [[[-118.60269895101362, 34.17028712346816], [-118.59815407823997, 34.173765514142545], [-118.59941552246573, 34.17868332813805], [-118.6052222101315, 34.18012258550653], [-118.6097669653218, 34.17664405062585], [-118.6085051504705, 34.17172640259503], [-118.60269895101362, 34.17028712346816]]]}, "properties": {"light_n": 26, "light_t": 2, "light_top": 29, "crime_n": 11, "crime_t": 1, "crime_top": 46, "bv": "1-2", "crime_night_n": 5, "crime_night_t": 1, "crime_night_top": 51, "bv_night": "1-2", "nta": "Woodland Hills-Warner Center", "boro": "Los Angeles"}}, {"type": "Feature", "geometry": {"type": "Polygon", "coordinates": [[[-118.34140746555289, 34.10518241235969], [-118.33685139273088, 34.10865392614174], [-118.33810213547868, 34.11357951819964], [-118.34390932474469, 34.11503343307754], [-118.34846528597457, 34.11156177425405], [-118.34721416957102, 34.10663634560635], [-118.34140746555289, 34.10518241235969]]]}, "properties": {"light_n": 38, "light_t": 2, "light_top": 20, "crime_n": 8, "crime_t": 1, "crime_top": 57, "bv": "1-2", "crime_night_n": 2, "crime_night_t": 0, "crime_night_top": 82, "bv_night": "0-2", "nta": "Hollywood Hills West", "boro": "Los Angeles"}}, {"type": "Feature", "geometry": {"type": "Polygon", "coordinates": [[[-118.52131739748825, 34.25601864143264], [-118.5167646847087, 34.259493939307546], [-118.51802399955781, 34.26441086295423], [-118.52383639950948, 34.26585232396022], [-118.5283889963495, 34.262376882099495], [-118.52712930921818, 34.257460123230764], [-118.52131739748825, 34.25601864143264]]]}, "properties": {"light_n": 12, "light_t": 1, "light_top": 52, "crime_n": 7, "crime_t": 1, "crime_top": 60, "bv": "1-1", "crime_night_n": 1, "crime_night_t": 0, "crime_night_top": 100, "bv_night": "0-1", "nta": "Granada Hills South", "boro": "Los Angeles"}}, {"type": "Feature", "geometry": {"type": "Polygon", "coordinates": [[[-118.48171859822237, 34.18630370296848], [-118.4771666333763, 34.189778502918486], [-118.47842364924351, 34.19469848972415], [-118.48423300233969, 34.196143511976885], [-118.48878485227945, 34.1926685676407], [-118.48752746407003, 34.18774874545013], [-118.48171859822237, 34.18630370296848]]]}, "properties": {"light_n": 5, "light_t": 0, "light_top": 76, "crime_n": 16, "crime_t": 1, "crime_top": 36, "bv": "1-0", "crime_night_n": 10, "crime_night_t": 2, "crime_night_top": 31, "bv_night": "2-0", "nta": "West Valley", "boro": "Los Angeles"}}, {"type": "Feature", "geometry": {"type": "Polygon", "coordinates": [[[-118.49914516120546, 34.19063785211438], [-118.49459394453032, 34.194113110799265], [-118.49585167416961, 34.19903257795743], [-118.50166099266453, 34.200476621657735], [-118.50621209403353, 34.19700121864251], [-118.50495399225446, 34.192081916269466], [-118.49914516120546, 34.19063785211438]]]}, "properties": {"light_n": 15, "light_t": 1, "light_top": 46, "crime_n": 17, "crime_t": 1, "crime_top": 35, "bv": "1-1", "crime_night_n": 4, "crime_night_t": 1, "crime_night_top": 60, "bv_night": "1-1", "nta": "West Valley", "boro": "Los Angeles"}}, {"type": "Feature", "geometry": {"type": "Polygon", "coordinates": [[[-118.26913149007332, 33.948569644646454], [-118.26457800318876, 33.95204047557169], [-118.26582423010028, 33.95697247022696], [-118.27162431749468, 33.958433470765485], [-118.2761776947194, 33.95496249393553], [-118.27493109424977, 33.95003066248401], [-118.26913149007332, 33.948569644646454]]]}, "properties": {"light_n": 97, "light_t": 2, "light_top": 4, "crime_n": 63, "crime_t": 2, "crime_top": 9, "bv": "2-2", "crime_night_n": 22, "crime_night_t": 2, "crime_night_top": 13, "bv_night": "2-2", "nta": "Empowerment Congress Southeast", "boro": "Los Angeles"}}, {"type": "Feature", "geometry": {"type": "Polygon", "coordinates": [[[-118.31648848970114, 34.07125818463479], [-118.31193248935676, 34.07472928797516], [-118.31318189869333, 34.079656475468795], [-118.31898768217145, 34.08111239636797], [-118.323543571551, 34.07764114778122], [-118.32229378845763, 34.07271412355394], [-118.31648848970114, 34.07125818463479]]]}, "properties": {"light_n": 41, "light_t": 2, "light_top": 19, "crime_n": 14, "crime_t": 1, "crime_top": 40, "bv": "1-2", "crime_night_n": 5, "crime_night_t": 1, "crime_night_top": 51, "bv_night": "1-2", "nta": "Greater Wilshire", "boro": "Los Angeles"}}, {"type": "Feature", "geometry": {"type": "Polygon", "coordinates": [[[-118.5782134908614, 34.15960804901564], [-118.57366774858212, 34.16308583886233], [-118.57492814011114, 34.168004529520104], [-118.58073464484093, 34.1694452645992], [-118.58528027010732, 34.165967330445355], [-118.58401950769756, 34.161048805531614], [-118.5782134908614, 34.15960804901564]]]}, "properties": {"light_n": 4, "light_t": 0, "light_top": 81, "crime_n": 4, "crime_t": 0, "crime_top": 74, "bv": "0-0", "crime_night_n": 1, "crime_night_t": 0, "crime_night_top": 100, "bv_night": "0-0", "nta": "Woodland Hills-Warner Center", "boro": "Los Angeles"}}, {"type": "Feature", "geometry": {"type": "Polygon", "coordinates": [[[-118.26941441024255, 33.777690501236435], [-118.26486788521949, 33.78116280209251], [-118.26611222183877, 33.786099978933215], [-118.27190345593658, 33.7875646910996], [-118.27644987162783, 33.78409224354307], [-118.27520516259311, 33.77915523053278], [-118.26941441024255, 33.777690501236435]]]}, "properties": {"light_n": 19, "light_t": 1, "light_top": 38, "crime_n": 36, "crime_t": 2, "crime_top": 18, "bv": "2-1", "crime_night_n": 16, "crime_night_t": 2, "crime_night_top": 19, "bv_night": "2-1", "nta": "Harbor", "boro": "Los Angeles"}}, {"type": "Feature", "geometry": {"type": "Polygon", "coordinates": [[[-118.40633144635649, 34.23204081262549], [-118.40177361398736, 34.235513035250385], [-118.40302826616815, 34.24043324277947], [-118.4088411244073, 34.2418810640567], [-118.4133988434693, 34.238408697100155], [-118.41214381763992, 34.233488653210266], [-118.40633144635649, 34.23204081262549]]]}, "properties": {"light_n": 24, "light_t": 2, "light_top": 31, "crime_n": 0, "crime_t": 0, "crime_top": null, "bv": "0-2", "crime_night_n": 0, "crime_night_t": 0, "crime_night_top": null, "bv_night": "0-2", "nta": "Sun Valley Area", "boro": "Los Angeles"}}, {"type": "Feature", "geometry": {"type": "Polygon", "coordinates": [[[-118.29863407257078, 34.04370494450551], [-118.29407825724078, 34.047175781678554], [-118.29532667512086, 34.052104209942634], [-118.30113128217842, 34.05356163787117], [-118.30568698699913, 34.050090655290006], [-118.30443819531189, 34.045162390200666], [-118.29863407257078, 34.04370494450551]]]}, "properties": {"light_n": 30, "light_t": 2, "light_top": 26, "crime_n": 68, "crime_t": 2, "crime_top": 8, "bv": "2-2", "crime_night_n": 24, "crime_night_t": 2, "crime_night_top": 11, "bv_night": "2-2", "nta": "Olympic", "boro": "Los Angeles"}}, {"type": "Feature", "geometry": {"type": "Polygon", "coordinates": [[[-118.28696591106946, 33.97614787878374], [-118.28241223749448, 33.97961897896619], [-118.28365945421541, 33.98454974103379], [-118.28946071806001, 33.98600923963515], [-118.29401428152102, 33.982537993710125], [-118.29276669129165, 33.97760739493853], [-118.28696591106946, 33.97614787878374]]]}, "properties": {"light_n": 80, "light_t": 2, "light_top": 7, "crime_n": 102, "crime_t": 2, "crime_top": 4, "bv": "2-2", "crime_night_n": 42, "crime_night_t": 2, "crime_night_top": 4, "bv_night": "2-2", "nta": "77th Street", "boro": "Los Angeles"}}, {"type": "Feature", "geometry": {"type": "Polygon", "coordinates": [[[-118.6451154945867, 34.20841584515727], [-118.64057132988763, 34.21189510040579], [-118.6418348198492, 34.216810777365176], [-118.64764284486375, 34.21824703281589], [-118.6521868909495, 34.21476763362665], [-118.65092303067486, 34.20985212293944], [-118.6451154945867, 34.20841584515727]]]}, "properties": {"light_n": 27, "light_t": 2, "light_top": 28, "crime_n": 3, "crime_t": 0, "crime_top": 80, "bv": "0-2", "crime_night_n": 0, "crime_night_t": 0, "crime_night_top": null, "bv_night": "0-2", "nta": "West Hills", "boro": "Los Angeles"}}, {"type": "Feature", "geometry": {"type": "Polygon", "coordinates": [[[-118.17466677400033, 34.09099492941566], [-118.17010251978833, 34.094461770759054], [-118.17134671464017, 34.099391420396266], [-118.17715553949601, 34.100854067041574], [-118.18171968589338, 34.09738708026893], [-118.18047511528977, 34.09245759229261], [-118.17466677400033, 34.09099492941566]]]}, "properties": {"light_n": 4, "light_t": 0, "light_top": 81, "crime_n": 1, "crime_t": 0, "crime_top": 100, "bv": "0-0", "crime_night_n": 1, "crime_night_t": 0, "crime_night_top": 100, "bv_night": "0-0", "nta": "LA-32", "boro": "Los Angeles"}}, {"type": "Feature", "geometry": {"type": "Polygon", "coordinates": [[[-118.2305995383814, 33.92499659591755], [-118.22604499003508, 33.92846652860503], [-118.22728947993991, 33.933400079107884], [-118.2330888921366, 33.93486353406374], [-118.23764333173327, 33.93139345528843], [-118.23639846792301, 33.92646006765737], [-118.2305995383814, 33.92499659591755]]]}, "properties": {"light_n": 25, "light_t": 2, "light_top": 30, "crime_n": 58, "crime_t": 2, "crime_top": 10, "bv": "2-2", "crime_night_n": 25, "crime_night_t": 2, "crime_night_top": 11, "bv_night": "2-2", "nta": "Southeast", "boro": "Los Angeles"}}, {"type": "Feature", "geometry": {"type": "Polygon", "coordinates": [[[-118.39797255624379, 33.98556543218576], [-118.39342434806312, 33.98903962173086], [-118.39467591079338, 33.99396767382945], [-118.40047605385504, 33.995421371935265], [-118.40502414941567, 33.99194703690989], [-118.40377221457504, 33.987019149271134], [-118.39797255624379, 33.98556543218576]]]}, "properties": {"light_n": 1, "light_t": 0, "light_top": 100, "crime_n": 1, "crime_t": 0, "crime_top": 100, "bv": "0-0", "crime_night_n": 1, "crime_night_t": 0, "crime_night_top": 100, "bv_night": "0-0", "nta": "Del Rey", "boro": "Los Angeles"}}, {"type": "Feature", "geometry": {"type": "Polygon", "coordinates": [[[-118.28583706825002, 34.1004796431507], [-118.28127826061036, 34.10394960312029], [-118.28252682386591, 34.10887655118198], [-118.28833456915771, 34.11033337645782], [-118.29289326646314, 34.10686327131597], [-118.29164432885138, 34.101936486082835], [-118.28583706825002, 34.1004796431507]]]}, "properties": {"light_n": 10, "light_t": 1, "light_top": 58, "crime_n": 9, "crime_t": 1, "crime_top": 53, "bv": "1-1", "crime_night_n": 4, "crime_night_t": 1, "crime_night_top": 60, "bv_night": "1-1", "nta": "Los Feliz", "boro": "Los Angeles"}}, {"type": "Feature", "geometry": {"type": "Polygon", "coordinates": [[[-118.21904277989283, 34.05138761382546], [-118.21448247005668, 34.054856094364325], [-118.21572792547897, 34.05978601169619], [-118.22153406568151, 34.061247286215604], [-118.22609426678142, 34.057778660150205], [-118.22484843645526, 34.05284890510425], [-118.21904277989283, 34.05138761382546]]]}, "properties": {"light_n": 27, "light_t": 2, "light_top": 28, "crime_n": 12, "crime_t": 1, "crime_top": 44, "bv": "1-2", "crime_night_n": 8, "crime_night_t": 1, "crime_night_top": 37, "bv_night": "1-2", "nta": "Boyle Heights", "boro": "Los Angeles"}}, {"type": "Feature", "geometry": {"type": "Polygon", "coordinates": [[[-118.44405216810779, 34.03861967880687], [-118.4395042351375, 34.04209471845824], [-118.44075815088779, 34.047020126119484], [-118.44656037150415, 34.04847032938209], [-118.45110819071526, 34.04499514458867], [-118.44985390310966, 34.04006990168684], [-118.44405216810779, 34.03861967880687]]]}, "properties": {"light_n": 21, "light_t": 1, "light_top": 35, "crime_n": 36, "crime_t": 2, "crime_top": 18, "bv": "2-1", "crime_night_n": 12, "crime_night_t": 2, "crime_night_top": 26, "bv_night": "2-1", "nta": "West LA", "boro": "Los Angeles"}}, {"type": "Feature", "geometry": {"type": "Polygon", "coordinates": [[[-118.25761800627299, 34.074936651305315], [-118.25305875900828, 34.07840603015583], [-118.25430595569007, 34.08333438315678], [-118.26011277423258, 34.08479319470222], [-118.26467191184774, 34.08132367050746], [-118.26342434061023, 34.07639548012381], [-118.25761800627299, 34.074936651305315]]]}, "properties": {"light_n": 20, "light_t": 1, "light_top": 36, "crime_n": 37, "crime_t": 2, "crime_top": 17, "bv": "2-1", "crime_night_n": 13, "crime_night_t": 2, "crime_night_top": 24, "bv_night": "2-1", "nta": "Northeast", "boro": "Los Angeles"}}, {"type": "Feature", "geometry": {"type": "Polygon", "coordinates": [[[-118.47230689710094, 34.23463783661101], [-118.46775245531946, 34.23811192764964], [-118.4690096578211, 34.24303060474612], [-118.47482167493575, 34.24447502648121], [-118.47937600192236, 34.24100079125762], [-118.47811842662993, 34.23608227849606], [-118.47230689710094, 34.23463783661101]]]}, "properties": {"light_n": 32, "light_t": 2, "light_top": 24, "crime_n": 14, "crime_t": 1, "crime_top": 40, "bv": "1-2", "crime_night_n": 4, "crime_night_t": 1, "crime_night_top": 60, "bv_night": "1-2", "nta": "North Hills West", "boro": "Los Angeles"}}, {"type": "Feature", "geometry": {"type": "Polygon", "coordinates": [[[-118.40785920595665, 33.96035659207643], [-118.40331254626068, 33.96383128158377], [-118.40456420371068, 33.96875989088518], [-118.4103628927091, 33.970213646032086], [-118.4149094396147, 33.966738810947376], [-118.41365741035261, 33.96181036630527], [-118.40785920595665, 33.96035659207643]]]}, "properties": {"light_n": 15, "light_t": 1, "light_top": 46, "crime_n": 1, "crime_t": 0, "crime_top": 100, "bv": "0-1", "crime_night_n": 0, "crime_night_t": 0, "crime_night_top": null, "bv_night": "0-1", "nta": "Westchester/Playa", "boro": "Los Angeles"}}, {"type": "Feature", "geometry": {"type": "Polygon", "coordinates": [[[-118.52353352972182, 34.03079817365331], [-118.51899013012559, 34.03427554157027], [-118.52024698606418, 34.039199441152924], [-118.52604761239016, 34.04064580719003], [-118.53059089646528, 34.037168294257796], [-118.52933366977614, 34.032244560315796], [-118.52353352972182, 34.03079817365331]]]}, "properties": {"light_n": 7, "light_t": 1, "light_top": 69, "crime_n": 1, "crime_t": 0, "crime_top": 100, "bv": "0-1", "crime_night_n": 1, "crime_night_t": 0, "crime_night_top": 100, "bv_night": "0-1", "nta": "West LA", "boro": "Los Angeles"}}, {"type": "Feature", "geometry": {"type": "Polygon", "coordinates": [[[-118.28148633393162, 33.86854289958434], [-118.27693675257248, 33.87201477562993], [-118.278182560396, 33.876948942530014], [-118.28397832248086, 33.878411069766706], [-118.28852779406041, 33.87493904746844], [-118.28728161337482, 33.87000504419837], [-118.28148633393162, 33.86854289958434]]]}, "properties": {"light_n": 12, "light_t": 1, "light_top": 52, "crime_n": 0, "crime_t": 0, "crime_top": null, "bv": "0-1", "crime_night_n": 0, "crime_night_t": 0, "crime_night_top": null, "bv_night": "0-1", "nta": "Harbor Gateway North", "boro": "Los Angeles"}}, {"type": "Feature", "geometry": {"type": "Polygon", "coordinates": [[[-118.18835725190155, 34.080593424862464], [-118.18379414006716, 34.08406075637521], [-118.18503874436654, 34.088990433035484], [-118.19084683604294, 34.09045261634829], [-118.19540983977464, 34.08698513938457], [-118.19416485997283, 34.082055624571396], [-118.18835725190155, 34.080593424862464]]]}, "properties": {"light_n": 31, "light_t": 2, "light_top": 25, "crime_n": 10, "crime_t": 1, "crime_top": 49, "bv": "1-2", "crime_night_n": 7, "crime_night_t": 1, "crime_night_top": 42, "bv_night": "1-2", "nta": "LA-32", "boro": "Los Angeles"}}, {"type": "Feature", "geometry": {"type": "Polygon", "coordinates": [[[-118.39082419848637, 34.14982009364197], [-118.386268910407, 34.153292621805086], [-118.38752204395543, 34.1582157442781], [-118.39333083892616, 34.15966617482333], [-118.39788601421385, 34.15619350192196], [-118.39663250736308, 34.15127054322582], [-118.39082419848637, 34.14982009364197]]]}, "properties": {"light_n": 34, "light_t": 2, "light_top": 22, "crime_n": 4, "crime_t": 0, "crime_top": 74, "bv": "0-2", "crime_night_n": 1, "crime_night_t": 0, "crime_night_top": 100, "bv_night": "0-2", "nta": "Valley Village", "boro": "Los Angeles"}}, {"type": "Feature", "geometry": {"type": "Polygon", "coordinates": [[[-118.33256790239447, 34.006074902172266], [-118.3280154085907, 34.00954704468277], [-118.32926470326886, 34.01447589451836], [-118.33506686490007, 34.01593243817654], [-118.33961924750798, 34.012460150150886], [-118.33836957972085, 34.00753146399443], [-118.33256790239447, 34.006074902172266]]]}, "properties": {"light_n": 19, "light_t": 1, "light_top": 38, "crime_n": 64, "crime_t": 2, "crime_top": 9, "bv": "2-1", "crime_night_n": 19, "crime_night_t": 2, "crime_night_top": 16, "bv_night": "2-1", "nta": "Southwest", "boro": "Los Angeles"}}, {"type": "Feature", "geometry": {"type": "Polygon", "coordinates": [[[-118.3992646199453, 34.22567207377165], [-118.39470667444097, 34.22914415202159], [-118.39596098459197, 34.23406471454838], [-118.40177361398736, 34.235513035250385], [-118.40633144635649, 34.23204081262549], [-118.40507676250601, 34.22712041368578], [-118.3992646199453, 34.22567207377165]]]}, "properties": {"light_n": 12, "light_t": 1, "light_top": 52, "crime_n": 13, "crime_t": 1, "crime_top": 42, "bv": "1-1", "crime_night_n": 4, "crime_night_t": 1, "crime_night_top": 60, "bv_night": "1-1", "nta": "Foothill", "boro": "Los Angeles"}}, {"type": "Feature", "geometry": {"type": "Polygon", "coordinates": [[[-118.51647672812715, 34.02442720343484], [-118.51193321318068, 34.027904426292416], [-118.51318972875876, 34.03282867814849], [-118.51899013012559, 34.03427554157027], [-118.52353352972182, 34.03079817365331], [-118.52227664334197, 34.02587408738602], [-118.51647672812715, 34.02442720343484]]]}, "properties": {"light_n": 11, "light_t": 1, "light_top": 55, "crime_n": 4, "crime_t": 0, "crime_top": 74, "bv": "0-1", "crime_night_n": 0, "crime_night_t": 0, "crime_night_top": null, "bv_night": "0-1", "nta": "West LA", "boro": "Los Angeles"}}, {"type": "Feature", "geometry": {"type": "Polygon", "coordinates": [[[-118.55554174964527, 34.07104050229622], [-118.55099841239176, 34.07451842846658], [-118.55225694015918, 34.079440376466664], [-118.55805917581377, 34.08088423247541], [-118.56260239674701, 34.07740616154245], [-118.56134349838655, 34.07248437937539], [-118.55554174964527, 34.07104050229622]]]}, "properties": {"light_n": 1, "light_t": 0, "light_top": 100, "crime_n": 0, "crime_t": 0, "crime_top": null, "bv": "0-0", "crime_night_n": 0, "crime_night_t": 0, "crime_night_top": null, "bv_night": "0-0", "nta": null, "boro": "Los Angeles"}}, {"type": "Feature", "geometry": {"type": "Polygon", "coordinates": [[[-118.53022071770863, 34.184540947874716], [-118.52567140205775, 34.18801714835209], [-118.52693024766246, 34.1929361208005], [-118.53273878064468, 34.19437872764423], [-118.53728798030536, 34.19090238287324], [-118.53602876301478, 34.18598357556425], [-118.53022071770863, 34.184540947874716]]]}, "properties": {"light_n": 14, "light_t": 1, "light_top": 48, "crime_n": 29, "crime_t": 2, "crime_top": 21, "bv": "2-1", "crime_night_n": 16, "crime_night_t": 2, "crime_night_top": 19, "bv_night": "2-1", "nta": "West Valley", "boro": "Los Angeles"}}, {"type": "Feature", "geometry": {"type": "Polygon", "coordinates": [[[-118.4303703184224, 34.219597521257775], [-118.42581426851999, 34.22307054811702], [-118.42706969931648, 34.22799061952705], [-118.43288155330252, 34.22943750014749], [-118.43743748938297, 34.22596432894877], [-118.43618168533999, 34.22104442148129], [-118.4303703184224, 34.219597521257775]]]}, "properties": {"light_n": 19, "light_t": 1, "light_top": 38, "crime_n": 14, "crime_t": 1, "crime_top": 40, "bv": "1-1", "crime_night_n": 7, "crime_night_t": 1, "crime_night_top": 42, "bv_night": "1-1", "nta": "Mission", "boro": "Los Angeles"}}, {"type": "Feature", "geometry": {"type": "Polygon", "coordinates": [[[-118.35732668635525, 34.21060259303124], [-118.35276714115108, 34.214073604378406], [-118.35401967713537, 34.21899555732828], [-118.3598321325175, 34.22044633575016], [-118.36439156556003, 34.21697517987512], [-118.36313865542263, 34.21205339011833], [-118.35732668635525, 34.21060259303124]]]}, "properties": {"light_n": 22, "light_t": 2, "light_top": 33, "crime_n": 5, "crime_t": 1, "crime_top": 69, "bv": "1-2", "crime_night_n": 2, "crime_night_t": 0, "crime_night_top": 82, "bv_night": "0-2", "nta": "Sun Valley Area", "boro": "Los Angeles"}}, {"type": "Feature", "geometry": {"type": "Polygon", "coordinates": [[[-118.51521393855626, 34.29594273719589], [-118.51065926586378, 34.29941749325796], [-118.51191880002564, 34.30433329103032], [-118.51773337955187, 34.305774168188705], [-118.52228793635865, 34.30229926830959], [-118.52102802956573, 34.29738363510128], [-118.51521393855626, 34.29594273719589]]]}, "properties": {"light_n": 9, "light_t": 1, "light_top": 62, "crime_n": 0, "crime_t": 0, "crime_top": null, "bv": "0-1", "crime_night_n": 0, "crime_night_t": 0, "crime_night_top": null, "bv_night": "0-1", "nta": "Granada Hills North", "boro": "Los Angeles"}}, {"type": "Feature", "geometry": {"type": "Polygon", "coordinates": [[[-118.44167413601717, 34.26387168491574], [-118.4371168719025, 34.267344628765535], [-118.43837323442646, 34.27226305862232], [-118.44418723449942, 34.27370838074234], [-118.44874438444734, 34.270235292777684], [-118.44748764852976, 34.26531702682011], [-118.44167413601717, 34.26387168491574]]]}, "properties": {"light_n": 15, "light_t": 1, "light_top": 46, "crime_n": 8, "crime_t": 1, "crime_top": 57, "bv": "1-1", "crime_night_n": 0, "crime_night_t": 0, "crime_night_top": null, "bv_night": "0-1", "nta": "Mission Hills", "boro": "Los Angeles"}}, {"type": "Feature", "geometry": {"type": "Polygon", "coordinates": [[[-118.62339892362331, 34.16620748643786], [-118.61885532207607, 34.169686500999155], [-118.62011750740125, 34.17460398294759], [-118.6259236646367, 34.17604228414669], [-118.63046714814615, 34.17256312540449], [-118.62920459249877, 34.16764580965612], [-118.62339892362331, 34.16620748643786]]]}, "properties": {"light_n": 10, "light_t": 1, "light_top": 58, "crime_n": 1, "crime_t": 0, "crime_top": 100, "bv": "0-1", "crime_night_n": 0, "crime_night_t": 0, "crime_night_top": null, "bv_night": "0-1", "nta": "Woodland Hills-Warner Center", "boro": "Los Angeles"}}, {"type": "Feature", "geometry": {"type": "Polygon", "coordinates": [[[-118.5900609266321, 34.22701463070032], [-118.58551306219739, 34.23049215373599], [-118.58677466840109, 34.23540846937035], [-118.59258451025248, 34.23684709636337], [-118.59713225726696, 34.233369429354404], [-118.59587027989109, 34.22845327933779], [-118.5900609266321, 34.22701463070032]]]}, "properties": {"light_n": 8, "light_t": 1, "light_top": 65, "crime_n": 13, "crime_t": 1, "crime_top": 42, "bv": "1-1", "crime_night_n": 9, "crime_night_t": 2, "crime_night_top": 34, "bv_night": "2-1", "nta": "Devonshire", "boro": "Los Angeles"}}, {"type": "Feature", "geometry": {"type": "Polygon", "coordinates": [[[-118.51046966589676, 34.23490658135603], [-118.50591724034864, 34.238381761913566], [-118.50717590242785, 34.24329958970125], [-118.51298736238121, 34.24474207220249], [-118.51753967227722, 34.241266747540294], [-118.51628063791274, 34.23634908449368], [-118.51046966589676, 34.23490658135603]]]}, "properties": {"light_n": 8, "light_t": 1, "light_top": 65, "crime_n": 4, "crime_t": 0, "crime_top": 74, "bv": "0-1", "crime_night_n": 0, "crime_night_t": 0, "crime_night_top": null, "bv_night": "0-1", "nta": "Northridge East", "boro": "Los Angeles"}}, {"type": "Feature", "geometry": {"type": "Polygon", "coordinates": [[[-118.57213741121257, 34.19955025890068], [-118.56758971378707, 34.203027518869256], [-118.56885032620373, 34.20794509397629], [-118.57465900731464, 34.209385243596905], [-118.57920658777935, 34.205907839491466], [-118.57794560413473, 34.20099042991438], [-118.57213741121257, 34.19955025890068]]]}, "properties": {"light_n": 10, "light_t": 1, "light_top": 58, "crime_n": 21, "crime_t": 2, "crime_top": 29, "bv": "2-1", "crime_night_n": 4, "crime_night_t": 1, "crime_night_top": 60, "bv_night": "1-1", "nta": "Topanga", "boro": "Los Angeles"}}, {"type": "Feature", "geometry": {"type": "Polygon", "coordinates": [[[-118.61456094654505, 34.23768289387697], [-118.61001395346088, 34.24116101800582], [-118.61127661338884, 34.24607645440819], [-118.61708663735817, 34.24751360085576], [-118.62163351245074, 34.24403533285455], [-118.62037048160643, 34.23912006229018], [-118.61456094654505, 34.23768289387697]]]}, "properties": {"light_n": 4, "light_t": 0, "light_top": 81, "crime_n": 3, "crime_t": 0, "crime_top": 80, "bv": "0-0", "crime_night_n": 0, "crime_night_t": 0, "crime_night_top": null, "bv_night": "0-0", "nta": "Chatsworth", "boro": "Los Angeles"}}, {"type": "Feature", "geometry": {"type": "Polygon", "coordinates": [[[-118.3063403119169, 34.26700893448075], [-118.30177576420238, 34.27047795183125], [-118.30302698150425, 34.27539924217737], [-118.30884312176771, 34.27685135274725], [-118.31340755835541, 34.273382191023714], [-118.312155965847, 34.268461063115666], [-118.3063403119169, 34.26700893448075]]]}, "properties": {"light_n": 2, "light_t": 0, "light_top": 92, "crime_n": 2, "crime_t": 0, "crime_top": 87, "bv": "0-0", "crime_night_n": 0, "crime_night_t": 0, "crime_night_top": null, "bv_night": "0-0", "nta": "Sunland-Tujunga", "boro": "Los Angeles"}}, {"type": "Feature", "geometry": {"type": "Polygon", "coordinates": [[[-118.2082567338451, 34.0302038198082], [-118.20369672382253, 34.03367218004759], [-118.20494152952635, 34.03860298472487], [-118.2107467201959, 34.04006526692889], [-118.21530662176593, 34.03659676104502], [-118.21406144115915, 34.03166611861396], [-118.2082567338451, 34.0302038198082]]]}, "properties": {"light_n": 71, "light_t": 2, "light_top": 8, "crime_n": 39, "crime_t": 2, "crime_top": 16, "bv": "2-2", "crime_night_n": 10, "crime_night_t": 2, "crime_night_top": 31, "bv_night": "2-2", "nta": "Boyle Heights", "boro": "Los Angeles"}}, {"type": "Feature", "geometry": {"type": "Polygon", "coordinates": [[[-118.24768020377192, 34.10012876787477], [-118.24311940473227, 34.10359763271578], [-118.24436650220674, 34.10852541989483], [-118.25017477361675, 34.10998417982738], [-118.25473546318081, 34.10651516973845], [-118.25348799085081, 34.101587544977214], [-118.24768020377192, 34.10012876787477]]]}, "properties": {"light_n": 4, "light_t": 0, "light_top": 81, "crime_n": 3, "crime_t": 0, "crime_top": 80, "bv": "0-0", "crime_night_n": 3, "crime_night_t": 1, "crime_night_top": 69, "bv_night": "1-0", "nta": "Elysian Valley Riverside", "boro": "Los Angeles"}}, {"type": "Feature", "geometry": {"type": "Polygon", "coordinates": [[[-118.35972997493897, 34.1558825075576], [-118.35517279626022, 34.15935408863731], [-118.35642480899843, 34.164277701728494], [-118.36223437420986, 34.16572957033162], [-118.36679144078317, 34.16225784447911], [-118.36553905429103, 34.15733439480852], [-118.35972997493897, 34.1558825075576]]]}, "properties": {"light_n": 23, "light_t": 2, "light_top": 32, "crime_n": 8, "crime_t": 1, "crime_top": 57, "bv": "1-2", "crime_night_n": 3, "crime_night_t": 1, "crime_night_top": 69, "bv_night": "1-2", "nta": "NoHo", "boro": "Los Angeles"}}, {"type": "Feature", "geometry": {"type": "Polygon", "coordinates": [[[-118.3546232912037, 34.071590403187244], [-118.35006928736452, 34.0750625967349], [-118.35132015875779, 34.079988942506134], [-118.35712540728714, 34.08144293106584], [-118.36167929930484, 34.07797059234862], [-118.36042805465506, 34.07304441025349], [-118.3546232912037, 34.071590403187244]]]}, "properties": {"light_n": 23, "light_t": 2, "light_top": 32, "crime_n": 49, "crime_t": 2, "crime_top": 13, "bv": "2-2", "crime_night_n": 13, "crime_night_t": 2, "crime_night_top": 24, "bv_night": "2-2", "nta": "Wilshire", "boro": "Los Angeles"}}, {"type": "Feature", "geometry": {"type": "Polygon", "coordinates": [[[-118.3852387741572, 34.0423539471179], [-118.38068757916095, 34.045827275841134], [-118.38193929242205, 34.050753856986326], [-118.38774257337701, 34.052206945307105], [-118.39229365592398, 34.04873347134061], [-118.39104157000568, 34.043807054308786], [-118.3852387741572, 34.0423539471179]]]}, "properties": {"light_n": 35, "light_t": 2, "light_top": 22, "crime_n": 9, "crime_t": 1, "crime_top": 53, "bv": "1-2", "crime_night_n": 4, "crime_night_t": 1, "crime_night_top": 60, "bv_night": "1-2", "nta": "South Robertson", "boro": "Los Angeles"}}, {"type": "Feature", "geometry": {"type": "Polygon", "coordinates": [[[-118.38193929242205, 34.050753856986326], [-118.3773875805776, 34.05422701719127], [-118.3786392620399, 34.05915341091592], [-118.38444302814396, 34.060606480400914], [-118.38899462759616, 34.057133174984855], [-118.38774257337701, 34.052206945307105], [-118.38193929242205, 34.050753856986326]]]}, "properties": {"light_n": 7, "light_t": 1, "light_top": 69, "crime_n": 24, "crime_t": 2, "crime_top": 26, "bv": "2-1", "crime_night_n": 6, "crime_night_t": 1, "crime_night_top": 46, "bv_night": "1-1", "nta": "West LA", "boro": "Los Angeles"}}, {"type": "Feature", "geometry": {"type": "Polygon", "coordinates": [[[-118.35642480899843, 34.164277701728494], [-118.35186711241084, 34.1677491114816], [-118.35311909304222, 34.172672534566615], [-118.35892914415562, 34.174124384556606], [-118.36348672869514, 34.17065283006247], [-118.36223437420986, 34.16572957033162], [-118.35642480899843, 34.164277701728494]]]}, "properties": {"light_n": 13, "light_t": 1, "light_top": 50, "crime_n": 8, "crime_t": 1, "crime_top": 57, "bv": "1-1", "crime_night_n": 1, "crime_night_t": 0, "crime_night_top": 100, "bv_night": "0-1", "nta": "NoHo", "boro": "Los Angeles"}}, {"type": "Feature", "geometry": {"type": "Polygon", "coordinates": [[[-118.28609483126753, 33.92975250610672], [-118.2815430017725, 33.93322398634798], [-118.28278966763091, 33.9381561882032], [-118.28858853623443, 33.93961674637308], [-118.29314025572636, 33.93614512017264], [-118.29189321665807, 33.93121308177373], [-118.28609483126753, 33.92975250610672]]]}, "properties": {"light_n": 70, "light_t": 2, "light_top": 9, "crime_n": 67, "crime_t": 2, "crime_top": 8, "bv": "2-2", "crime_night_n": 35, "crime_night_t": 2, "crime_night_top": 6, "bv_night": "2-2", "nta": "Southeast", "boro": "Los Angeles"}}, {"type": "Feature", "geometry": {"type": "Polygon", "coordinates": [[[-118.63148184549028, 34.21885313048204], [-118.62693652580856, 34.222331905125046], [-118.6281996157901, 34.227247557582345], [-118.63400839605903, 34.22868426932037], [-118.63855359741031, 34.225205350755125], [-118.637290136864, 34.22028986438613], [-118.63148184549028, 34.21885313048204]]]}, "properties": {"light_n": 6, "light_t": 0, "light_top": 72, "crime_n": 0, "crime_t": 0, "crime_top": null, "bv": "0-0", "crime_night_n": 0, "crime_night_t": 0, "crime_night_top": null, "bv_night": "0-0", "nta": "West Hills", "boro": "Los Angeles"}}, {"type": "Feature", "geometry": {"type": "Polygon", "coordinates": [[[-118.30987653872549, 33.72320808238155], [-118.30533434613226, 33.7266819853073], [-118.30657962195956, 33.73161991976469], [-118.31236746194462, 33.73308378683919], [-118.31690954440911, 33.72960973703476], [-118.31566389705728, 33.72467196704665], [-118.30987653872549, 33.72320808238155]]]}, "properties": {"light_n": 11, "light_t": 1, "light_top": 55, "crime_n": 2, "crime_t": 0, "crime_top": 87, "bv": "0-1", "crime_night_n": 0, "crime_night_t": 0, "crime_night_top": null, "bv_night": "0-1", "nta": "Northwest San Pedro", "boro": "Los Angeles"}}, {"type": "Feature", "geometry": {"type": "Polygon", "coordinates": [[[-118.16720294265622, 34.06141320615069], [-118.1626395075403, 34.064880101054705], [-118.16388308620333, 34.06981082802113], [-118.16969047567277, 34.07127449840847], [-118.17425380319922, 34.06780745792558], [-118.17300984888584, 34.06287689264659], [-118.16720294265622, 34.06141320615069]]]}, "properties": {"light_n": 19, "light_t": 1, "light_top": 38, "crime_n": 1, "crime_t": 0, "crime_top": 100, "bv": "0-1", "crime_night_n": 1, "crime_night_t": 0, "crime_night_top": 100, "bv_night": "0-1", "nta": "LA-32", "boro": "Los Angeles"}}, {"type": "Feature", "geometry": {"type": "Polygon", "coordinates": [[[-118.19747423529883, 34.009015473476964], [-118.19291452546231, 34.01248371288716], [-118.19415868171951, 34.017415403476036], [-118.19996292275535, 34.018878692460646], [-118.20452252442283, 34.01541030728796], [-118.20327799326367, 34.01047877890547], [-118.19747423529883, 34.009015473476964]]]}, "properties": {"light_n": 9, "light_t": 1, "light_top": 62, "crime_n": 9, "crime_t": 1, "crime_top": 53, "bv": "1-1", "crime_night_n": 6, "crime_night_t": 1, "crime_night_top": 46, "bv_night": "1-1", "nta": "Boyle Heights", "boro": "Los Angeles"}}, {"type": "Feature", "geometry": {"type": "Polygon", "coordinates": [[[-118.28522447058158, 33.88334488936379], [-118.28067448367621, 33.88681674529989], [-118.28192059915585, 33.89175038102832], [-118.28771707449272, 33.89321199721635], [-118.29226695150572, 33.889739995103696], [-118.29102046311436, 33.88480652299178], [-118.28522447058158, 33.88334488936379]]]}, "properties": {"light_n": 13, "light_t": 1, "light_top": 50, "crime_n": 15, "crime_t": 1, "crime_top": 38, "bv": "1-1", "crime_night_n": 5, "crime_night_t": 1, "crime_night_top": 51, "bv_night": "1-1", "nta": "Southeast", "boro": "Los Angeles"}}, {"type": "Feature", "geometry": {"type": "Polygon", "coordinates": [[[-118.40218745021356, 34.023532228047934], [-118.39763791790962, 34.02700620629241], [-118.39889006711775, 34.03193299744866], [-118.40469212097814, 34.033385646007446], [-118.40924154049104, 34.02991152246677], [-118.40798901897502, 34.024984895675686], [-118.40218745021356, 34.023532228047934]]]}, "properties": {"light_n": 24, "light_t": 2, "light_top": 31, "crime_n": 20, "crime_t": 2, "crime_top": 31, "bv": "2-2", "crime_night_n": 6, "crime_night_t": 1, "crime_night_top": 46, "bv_night": "1-2", "nta": "Pacific", "boro": "Los Angeles"}}, {"type": "Feature", "geometry": {"type": "Polygon", "coordinates": [[[-118.30173561079289, 33.84131218608364], [-118.29718819973567, 33.844784871535424], [-118.29843447795855, 33.84971942464967], [-118.30422853969412, 33.85118112837508], [-118.30877584057214, 33.84770829658271], [-118.30752918993392, 33.8427739074177], [-118.30173561079289, 33.84131218608364]]]}, "properties": {"light_n": 6, "light_t": 0, "light_top": 72, "crime_n": 15, "crime_t": 1, "crime_top": 38, "bv": "1-0", "crime_night_n": 2, "crime_night_t": 0, "crime_night_top": 82, "bv_night": "0-0", "nta": "Harbor", "boro": "Los Angeles"}}, {"type": "Feature", "geometry": {"type": "Polygon", "coordinates": [[[-118.47557131300253, 34.055716472954764], [-118.47102435303725, 34.059192260377856], [-118.47227966268136, 34.064116446855344], [-118.47808230388331, 34.06556468088763], [-118.4826291493489, 34.062088748465676], [-118.48137346815273, 34.057164727022425], [-118.47557131300253, 34.055716472954764]]]}, "properties": {"light_n": 11, "light_t": 1, "light_top": 55, "crime_n": 2, "crime_t": 0, "crime_top": 87, "bv": "0-1", "crime_night_n": 0, "crime_night_t": 0, "crime_night_top": null, "bv_night": "0-1", "nta": "West LA", "boro": "Los Angeles"}}, {"type": "Feature", "geometry": {"type": "Polygon", "coordinates": [[[-118.2865302812233, 33.95295172645603], [-118.28197752987471, 33.95642301721307], [-118.28322447110388, 33.961354499913114], [-118.28902453708099, 33.96281452849221], [-118.29357717837107, 33.95934309188439], [-118.2923298637828, 33.9544117725605], [-118.2865302812233, 33.95295172645603]]]}, "properties": {"light_n": 53, "light_t": 2, "light_top": 14, "crime_n": 104, "crime_t": 2, "crime_top": 4, "bv": "2-2", "crime_night_n": 40, "crime_night_t": 2, "crime_night_top": 5, "bv_night": "2-2", "nta": "Southeast", "boro": "Los Angeles"}}, {"type": "Feature", "geometry": {"type": "Polygon", "coordinates": [[[-118.48267223503265, 34.232607872125016], [-118.47811842662993, 34.23608227849606], [-118.47937600192236, 34.24100079125762], [-118.48518775829778, 34.24244473320715], [-118.4897414516771, 34.2389701826633], [-118.4884835037452, 34.23405183435487], [-118.48267223503265, 34.232607872125016]]]}, "properties": {"light_n": 10, "light_t": 1, "light_top": 58, "crime_n": 9, "crime_t": 1, "crime_top": 53, "bv": "1-1", "crime_night_n": 2, "crime_night_t": 0, "crime_night_top": 82, "bv_night": "0-1", "nta": "North Hills West", "boro": "Los Angeles"}}, {"type": "Feature", "geometry": {"type": "Polygon", "coordinates": [[[-118.4690096578211, 34.24303060474612], [-118.46445469743301, 34.24650452444055], [-118.46571186885696, 34.25142301001139], [-118.47152437360056, 34.25286741163146], [-118.47607921925055, 34.24939334778351], [-118.47482167493575, 34.24447502648121], [-118.4690096578211, 34.24303060474612]]]}, "properties": {"light_n": 7, "light_t": 1, "light_top": 69, "crime_n": 8, "crime_t": 1, "crime_top": 57, "bv": "1-1", "crime_night_n": 3, "crime_night_t": 1, "crime_night_top": 69, "bv_night": "1-1", "nta": "Mission", "boro": "Los Angeles"}}, {"type": "Feature", "geometry": {"type": "Polygon", "coordinates": [[[-118.3343502164692, 34.098802201216486], [-118.32979403222636, 34.102273569913855], [-118.33104443348395, 34.107199514049206], [-118.33685139273088, 34.10865392614174], [-118.34140746555289, 34.10518241235969], [-118.34015669058925, 34.10025663158203], [-118.3343502164692, 34.098802201216486]]]}, "properties": {"light_n": 78, "light_t": 2, "light_top": 7, "crime_n": 316, "crime_t": 2, "crime_top": 0, "bv": "2-2", "crime_night_n": 162, "crime_night_t": 2, "crime_night_top": 0, "bv_night": "2-2", "nta": "Hollywood", "boro": "Los Angeles"}}, {"type": "Feature", "geometry": {"type": "Polygon", "coordinates": [[[-118.46571186885696, 34.25142301001139], [-118.4611563897828, 34.254896758133434], [-118.46241353009283, 34.25981505198547], [-118.46822652250869, 34.26125943352551], [-118.47278188690153, 34.25778554128136], [-118.47152437360056, 34.25286741163146], [-118.46571186885696, 34.25142301001139]]]}, "properties": {"light_n": 9, "light_t": 1, "light_top": 62, "crime_n": 11, "crime_t": 1, "crime_top": 46, "bv": "1-1", "crime_night_n": 2, "crime_night_t": 0, "crime_night_top": 82, "bv_night": "0-1", "nta": "Mission", "boro": "Los Angeles"}}, {"type": "Feature", "geometry": {"type": "Polygon", "coordinates": [[[-118.53728798030536, 34.19090238287324], [-118.53273878064468, 34.19437872764423], [-118.53399796753752, 34.199297344726254], [-118.5398067257661, 34.20073945185836], [-118.54435580926494, 34.19726296283767], [-118.54309625073779, 34.1923445109467], [-118.53728798030536, 34.19090238287324]]]}, "properties": {"light_n": 19, "light_t": 1, "light_top": 38, "crime_n": 25, "crime_t": 2, "crime_top": 25, "bv": "2-1", "crime_night_n": 9, "crime_night_t": 2, "crime_night_top": 34, "bv_night": "2-1", "nta": "West Valley", "boro": "Los Angeles"}}, {"type": "Feature", "geometry": {"type": "Polygon", "coordinates": [[[-118.3574753154062, 34.04001098743847], [-118.35292275065535, 34.04348354309855], [-118.35417337710598, 34.04841080329571], [-118.35997694135551, 34.049865344021946], [-118.36452939428422, 34.04639264305252], [-118.3632783948259, 34.04146554667839], [-118.3574753154062, 34.04001098743847]]]}, "properties": {"light_n": 27, "light_t": 2, "light_top": 28, "crime_n": 20, "crime_t": 2, "crime_top": 31, "bv": "2-2", "crime_night_n": 5, "crime_night_t": 1, "crime_night_top": 51, "bv_night": "1-2", "nta": "P.I.C.O.", "boro": "Los Angeles"}}, {"type": "Feature", "geometry": {"type": "Polygon", "coordinates": [[[-118.22235708406787, 34.04298885723554], [-118.21779729112124, 34.04645750872107], [-118.21904277989283, 34.05138761382546], [-118.22484843645526, 34.05284890510425], [-118.22940812060747, 34.04938010805995], [-118.22816225703191, 34.04445016530797], [-118.22235708406787, 34.04298885723554]]]}, "properties": {"light_n": 63, "light_t": 2, "light_top": 11, "crime_n": 62, "crime_t": 2, "crime_top": 10, "bv": "2-2", "crime_night_n": 27, "crime_night_t": 2, "crime_night_top": 9, "bv_night": "2-2", "nta": "Boyle Heights", "boro": "Los Angeles"}}, {"type": "Feature", "geometry": {"type": "Polygon", "coordinates": [[[-118.35417337710598, 34.04841080329571], [-118.34962029552092, 34.051883190076225], [-118.35087088990994, 34.05681026284793], [-118.35667493903179, 34.0582647850948], [-118.36122790885193, 34.05479225303712], [-118.35997694135551, 34.049865344021946], [-118.35417337710598, 34.04841080329571]]]}, "properties": {"light_n": 22, "light_t": 2, "light_top": 33, "crime_n": 9, "crime_t": 1, "crime_top": 53, "bv": "1-2", "crime_night_n": 2, "crime_night_t": 0, "crime_night_top": 82, "bv_night": "0-2", "nta": "P.I.C.O.", "boro": "Los Angeles"}}, {"type": "Feature", "geometry": {"type": "Polygon", "coordinates": [[[-118.51231362181935, 34.157055352192174], [-118.5077644770965, 34.160531288618294], [-118.50902232956446, 34.16545151581129], [-118.51482969853636, 34.166895641539526], [-118.51937872772747, 34.16341956065656], [-118.51812050351909, 34.15849949851432], [-118.51231362181935, 34.157055352192174]]]}, "properties": {"light_n": 4, "light_t": 0, "light_top": 81, "crime_n": 5, "crime_t": 1, "crime_top": 69, "bv": "1-0", "crime_night_n": 2, "crime_night_t": 0, "crime_night_top": 82, "bv_night": "0-0", "nta": "West Valley", "boro": "Los Angeles"}}, {"type": "Feature", "geometry": {"type": "Polygon", "coordinates": [[[-118.2966855936596, 33.75685337105189], [-118.29214134489122, 33.76032662146042], [-118.29338649117913, 33.76526383310546], [-118.29917625819574, 33.766727630151166], [-118.3037203970638, 33.763254232996765], [-118.3024748788556, 33.75831718555471], [-118.2966855936596, 33.75685337105189]]]}, "properties": {"light_n": 9, "light_t": 1, "light_top": 62, "crime_n": 17, "crime_t": 1, "crime_top": 35, "bv": "1-1", "crime_night_n": 8, "crime_night_t": 1, "crime_night_top": 37, "bv_night": "1-1", "nta": "Harbor", "boro": "Los Angeles"}}, {"type": "Feature", "geometry": {"type": "Polygon", "coordinates": [[[-118.29927363952581, 34.26063482395112], [-118.29470898085646, 34.26410369688578], [-118.29595985554604, 34.26902534201247], [-118.30177576420238, 34.27047795183125], [-118.3063403119169, 34.26700893448075], [-118.30508906197048, 34.262087451739625], [-118.29927363952581, 34.26063482395112]]]}, "properties": {"light_n": 6, "light_t": 0, "light_top": 72, "crime_n": 0, "crime_t": 0, "crime_top": null, "bv": "0-0", "crime_night_n": 0, "crime_night_t": 0, "crime_night_top": null, "bv_night": "0-0", "nta": "Sunland-Tujunga", "boro": "Los Angeles"}}, {"type": "Feature", "geometry": {"type": "Polygon", "coordinates": [[[-118.44497448744696, 34.25547994697043], [-118.4404177421429, 34.25895306301422], [-118.44167413601717, 34.26387168491574], [-118.44748764852976, 34.26531702682011], [-118.45204427961012, 34.26184376663006], [-118.45078751244232, 34.256925308694136], [-118.44497448744696, 34.25547994697043]]]}, "properties": {"light_n": 25, "light_t": 2, "light_top": 30, "crime_n": 3, "crime_t": 0, "crime_top": 80, "bv": "0-2", "crime_night_n": 2, "crime_night_t": 0, "crime_night_top": 82, "bv_night": "0-2", "nta": "Arleta", "boro": "Los Angeles"}}, {"type": "Feature", "geometry": {"type": "Polygon", "coordinates": [[[-118.48596791869697, 34.22421459080714], [-118.48141462879866, 34.22768916809747], [-118.48267223503265, 34.232607872125016], [-118.4884835037452, 34.23405183435487], [-118.49303667856348, 34.23057711286029], [-118.49177869979, 34.22565857335226], [-118.48596791869697, 34.22421459080714]]]}, "properties": {"light_n": 51, "light_t": 2, "light_top": 14, "crime_n": 7, "crime_t": 1, "crime_top": 60, "bv": "1-2", "crime_night_n": 5, "crime_night_t": 1, "crime_night_top": 51, "bv_night": "1-2", "nta": "North Hills West", "boro": "Los Angeles"}}, {"type": "Feature", "geometry": {"type": "Polygon", "coordinates": [[[-118.2580481630201, 34.09811836329089], [-118.25348799085081, 34.101587544977214], [-118.25473546318081, 34.10651516973845], [-118.26054348242623, 34.10797345028849], [-118.26510354489075, 34.10450412336508], [-118.26385569785496, 34.09957666114103], [-118.2580481630201, 34.09811836329089]]]}, "properties": {"light_n": 16, "light_t": 1, "light_top": 43, "crime_n": 10, "crime_t": 1, "crime_top": 49, "bv": "1-1", "crime_night_n": 3, "crime_night_t": 1, "crime_night_top": 69, "bv_night": "1-1", "nta": "Silver Lake", "boro": "Los Angeles"}}, {"type": "Feature", "geometry": {"type": "Polygon", "coordinates": [[[-118.29995003747541, 34.11324605092643], [-118.29539145067542, 34.116716301197485], [-118.29664069729907, 34.121642545705804], [-118.3024489050192, 34.12309837702139], [-118.30700738114243, 34.11962798166419], [-118.30575776026265, 34.11470190008983], [-118.29995003747541, 34.11324605092643]]]}, "properties": {"light_n": 9, "light_t": 1, "light_top": 62, "crime_n": 3, "crime_t": 0, "crime_top": 80, "bv": "0-1", "crime_night_n": 0, "crime_night_t": 0, "crime_night_top": null, "bv_night": "0-1", "nta": "Los Feliz", "boro": "Los Angeles"}}, {"type": "Feature", "geometry": {"type": "Polygon", "coordinates": [[[-118.28322447110388, 33.961354499913114], [-118.27867120370955, 33.964825622604586], [-118.27991811225303, 33.969756919681174], [-118.28571866168976, 33.9712169307689], [-118.29027181908313, 33.96774566225916], [-118.28902453708099, 33.96281452849221], [-118.28322447110388, 33.961354499913114]]]}, "properties": {"light_n": 48, "light_t": 2, "light_top": 15, "crime_n": 166, "crime_t": 2, "crime_top": 1, "bv": "2-2", "crime_night_n": 50, "crime_night_t": 2, "crime_night_top": 3, "bv_night": "2-2", "nta": "77th Street", "boro": "Los Angeles"}}, {"type": "Feature", "geometry": {"type": "Polygon", "coordinates": [[[-118.61127661338884, 34.24607645440819], [-118.60672910173034, 34.24955440923155], [-118.60799173193615, 34.25446965433148], [-118.61380224485754, 34.25590677884847], [-118.61834963858018, 34.252428680184046], [-118.61708663735817, 34.24751360085576], [-118.61127661338884, 34.24607645440819]]]}, "properties": {"light_n": 11, "light_t": 1, "light_top": 55, "crime_n": 1, "crime_t": 0, "crime_top": 100, "bv": "0-1", "crime_night_n": 1, "crime_night_t": 0, "crime_night_top": 100, "bv_night": "0-1", "nta": "Chatsworth", "boro": "Los Angeles"}}, {"type": "Feature", "geometry": {"type": "Polygon", "coordinates": [[[-118.46194066533107, 34.23666700601872], [-118.45738559037677, 34.24014078151611], [-118.45864241993635, 34.24505962282926], [-118.46445469743301, 34.24650452444055], [-118.4690096578211, 34.24303060474612], [-118.46775245531946, 34.23811192764964], [-118.46194066533107, 34.23666700601872]]]}, "properties": {"light_n": 18, "light_t": 1, "light_top": 39, "crime_n": 10, "crime_t": 1, "crime_top": 49, "bv": "1-1", "crime_night_n": 4, "crime_night_t": 1, "crime_night_top": 60, "bv_night": "1-1", "nta": "North Hills East", "boro": "Los Angeles"}}, {"type": "Feature", "geometry": {"type": "Polygon", "coordinates": [[[-118.27904997799527, 33.92335904940436], [-118.27449803866757, 33.92683038364316], [-118.27574436390628, 33.93176293381051], [-118.2815430017725, 33.93322398634798], [-118.28609483126753, 33.92975250610672], [-118.28484813276918, 33.9248201193427], [-118.27904997799527, 33.92335904940436]]]}, "properties": {"light_n": 19, "light_t": 1, "light_top": 38, "crime_n": 74, "crime_t": 2, "crime_top": 7, "bv": "2-1", "crime_night_n": 28, "crime_night_t": 2, "crime_night_top": 9, "bv_night": "2-1", "nta": "Southeast", "boro": "Los Angeles"}}, {"type": "Feature", "geometry": {"type": "Polygon", "coordinates": [[[-118.54253389599843, 34.27509079147162], [-118.53798153155341, 34.2785665211727], [-118.53924187172115, 34.283482374450855], [-118.54505494850206, 34.284922333107474], [-118.5496071964915, 34.281446459551866], [-118.54834648419646, 34.27653077120629], [-118.54253389599843, 34.27509079147162]]]}, "properties": {"light_n": 3, "light_t": 0, "light_top": 86, "crime_n": 0, "crime_t": 0, "crime_top": null, "bv": "0-0", "crime_night_n": 0, "crime_night_t": 0, "crime_night_top": null, "bv_night": "0-0", "nta": "Porter Ranch", "boro": "Los Angeles"}}, {"type": "Feature", "geometry": {"type": "Polygon", "coordinates": [[[-118.4304072220348, 34.04904431746163], [-118.4258581419206, 34.052518876629065], [-118.42711165432843, 34.05744426164837], [-118.43291461899621, 34.05889492293811], [-118.43746358563554, 34.055420218649104], [-118.43620970112245, 34.0504949982041], [-118.4304072220348, 34.04904431746163]]]}, "properties": {"light_n": 24, "light_t": 2, "light_top": 31, "crime_n": 6, "crime_t": 1, "crime_top": 65, "bv": "1-2", "crime_night_n": 1, "crime_night_t": 0, "crime_night_top": 100, "bv_night": "0-2", "nta": "Westside", "boro": "Los Angeles"}}, {"type": "Feature", "geometry": {"type": "Polygon", "coordinates": [[[-118.43416847223604, 34.06381995597241], [-118.42961898864375, 34.06729449223698], [-118.43087281057431, 34.07221933766616], [-118.43667648829172, 34.07366948228288], [-118.44122585829486, 34.070194800972494], [-118.43997166421022, 34.065270120103364], [-118.43416847223604, 34.06381995597241]]]}, "properties": {"light_n": 24, "light_t": 2, "light_top": 31, "crime_n": 2, "crime_t": 0, "crime_top": 87, "bv": "0-2", "crime_night_n": 1, "crime_night_t": 0, "crime_night_top": 100, "bv_night": "0-2", "nta": "Westwood", "boro": "Los Angeles"}}, {"type": "Feature", "geometry": {"type": "Polygon", "coordinates": [[[-118.46851404348975, 34.04934334774992], [-118.4639669691958, 34.05281899013029], [-118.46522193814772, 34.057743528929315], [-118.47102435303725, 34.059192260377856], [-118.47557131300253, 34.055716472954764], [-118.47431597244751, 34.05079209913795], [-118.46851404348975, 34.04934334774992]]]}, "properties": {"light_n": 5, "light_t": 0, "light_top": 76, "crime_n": 14, "crime_t": 1, "crime_top": 40, "bv": "1-0", "crime_night_n": 7, "crime_night_t": 1, "crime_night_top": 42, "bv_night": "1-0", "nta": "West LA", "boro": "Los Angeles"}}, {"type": "Feature", "geometry": {"type": "Polygon", "coordinates": [[[-118.34078613330088, 34.25256377268862], [-118.33622399521306, 34.2560339190923], [-118.33747637002608, 34.260954913963424], [-118.34329125762154, 34.26240559958222], [-118.34785328383552, 34.258935308808404], [-118.34660053436843, 34.25401447679823], [-118.34078613330088, 34.25256377268862]]]}, "properties": {"light_n": 13, "light_t": 1, "light_top": 50, "crime_n": 0, "crime_t": 0, "crime_top": null, "bv": "0-1", "crime_night_n": 0, "crime_night_t": 0, "crime_night_top": null, "bv_night": "0-1", "nta": "Foothills Trails District", "boro": "Los Angeles"}}, {"type": "Feature", "geometry": {"type": "Polygon", "coordinates": [[[-118.24468769772429, 33.9377894727256], [-118.24013336704776, 33.94125969754564], [-118.241378538575, 33.946192552030666], [-118.24717841462537, 33.947655018729854], [-118.25173263621132, 33.944184647908195], [-118.25048709087763, 33.939251956401236], [-118.24468769772429, 33.9377894727256]]]}, "properties": {"light_n": 36, "light_t": 2, "light_top": 21, "crime_n": 58, "crime_t": 2, "crime_top": 10, "bv": "2-2", "crime_night_n": 20, "crime_night_t": 2, "crime_night_top": 14, "bv_night": "2-2", "nta": "Southeast", "boro": "Los Angeles"}}, {"type": "Feature", "geometry": {"type": "Polygon", "coordinates": [[[-118.20867656284348, 34.05339432421713], [-118.20411562753252, 34.05686248804333], [-118.20536070790155, 34.061792567541495], [-118.21116709867502, 34.063254321059496], [-118.21572792547897, 34.05978601169619], [-118.21448247005668, 34.054856094364325], [-118.20867656284348, 34.05339432421713]]]}, "properties": {"light_n": 27, "light_t": 2, "light_top": 28, "crime_n": 38, "crime_t": 2, "crime_top": 17, "bv": "2-2", "crime_night_n": 12, "crime_night_t": 2, "crime_night_top": 26, "bv_night": "2-2", "nta": "Hollenbeck", "boro": "Los Angeles"}}, {"type": "Feature", "geometry": {"type": "Polygon", "coordinates": [[[-118.20536070790155, 34.061792567541495], [-118.20079925560276, 34.065260559995444], [-118.20204430248602, 34.07019045145989], [-118.20785117686141, 34.071652188382956], [-118.21241252071142, 34.06818405042416], [-118.21116709867502, 34.063254321059496], [-118.20536070790155, 34.061792567541495]]]}, "properties": {"light_n": 44, "light_t": 2, "light_top": 18, "crime_n": 17, "crime_t": 1, "crime_top": 35, "bv": "1-2", "crime_night_n": 10, "crime_night_t": 2, "crime_night_top": 31, "bv_night": "2-2", "nta": "Lincoln Heights", "boro": "Los Angeles"}}, {"type": "Feature", "geometry": {"type": "Polygon", "coordinates": [[[-118.45958705842058, 34.29135067656757], [-118.4550296182614, 34.29482388011561], [-118.45628697595066, 34.299741048607366], [-118.46210214718018, 34.30118484957489], [-118.46665947271333, 34.29771150207353], [-118.46540174168379, 34.29279449757018], [-118.45958705842058, 34.29135067656757]]]}, "properties": {"light_n": 10, "light_t": 1, "light_top": 58, "crime_n": 11, "crime_t": 1, "crime_top": 46, "bv": "1-1", "crime_night_n": 4, "crime_night_t": 1, "crime_night_top": 60, "bv_night": "1-1", "nta": "Mission", "boro": "Los Angeles"}}, {"type": "Feature", "geometry": {"type": "Polygon", "coordinates": [[[-118.34846528597457, 34.11156177425405], [-118.34390932474469, 34.11503343307754], [-118.34516040899594, 34.11995867287775], [-118.35096782812296, 34.12141209040401], [-118.35552367758949, 34.11794028658232], [-118.3542722197328, 34.11301521024481], [-118.34846528597457, 34.11156177425405]]]}, "properties": {"light_n": 10, "light_t": 1, "light_top": 58, "crime_n": 2, "crime_t": 0, "crime_top": 87, "bv": "0-1", "crime_night_n": 1, "crime_night_t": 0, "crime_night_top": 100, "bv_night": "0-1", "nta": "Hollywood Hills West", "boro": "Los Angeles"}}, {"type": "Feature", "geometry": {"type": "Polygon", "coordinates": [[[-118.38285074576322, 34.09710606653405], [-118.37829719023681, 34.100578840499686], [-118.37954942670628, 34.1055037782032], [-118.38535559179738, 34.106955778067515], [-118.38990903481765, 34.103482859105895], [-118.38865642529343, 34.09855808528816], [-118.38285074576322, 34.09710606653405]]]}, "properties": {"light_n": 4, "light_t": 0, "light_top": 81, "crime_n": 2, "crime_t": 0, "crime_top": 87, "bv": "0-0", "crime_night_n": 0, "crime_night_t": 0, "crime_night_top": null, "bv_night": "0-0", "nta": "Bel Air-Beverly Crest", "boro": "Los Angeles"}}, {"type": "Feature", "geometry": {"type": "Polygon", "coordinates": [[[-118.28252682386591, 34.10887655118198], [-118.27796749881479, 34.11234633991552], [-118.2792160292915, 34.11727309905282], [-118.28502425931585, 34.11872990670683], [-118.28958347409055, 34.11525997283307], [-118.28833456915771, 34.11033337645782], [-118.28252682386591, 34.10887655118198]]]}, "properties": {"light_n": 12, "light_t": 1, "light_top": 52, "crime_n": 6, "crime_t": 1, "crime_top": 65, "bv": "1-1", "crime_night_n": 1, "crime_night_t": 0, "crime_night_top": 100, "bv_night": "0-1", "nta": "Los Feliz", "boro": "Los Angeles"}}, {"type": "Feature", "geometry": {"type": "Polygon", "coordinates": [[[-118.50573048878746, 34.17384732061938], [-118.50118030824729, 34.177322918631646], [-118.50243809937292, 34.1822427661944], [-118.50824644301946, 34.18368685083908], [-118.51279650814062, 34.180211108433284], [-118.51153834507495, 34.17529142578846], [-118.50573048878746, 34.17384732061938]]]}, "properties": {"light_n": 23, "light_t": 2, "light_top": 32, "crime_n": 6, "crime_t": 1, "crime_top": 65, "bv": "1-2", "crime_night_n": 1, "crime_night_t": 0, "crime_night_top": 100, "bv_night": "0-2", "nta": "Encino", "boro": "Los Angeles"}}, {"type": "Feature", "geometry": {"type": "Polygon", "coordinates": [[[-118.2774787617445, 34.02454273397667], [-118.27292261591222, 34.02801313466648], [-118.27417001002323, 34.032942614058825], [-118.27997392396367, 34.034401529757304], [-118.28452995979941, 34.03093098352994], [-118.28328219173154, 34.02600166715393], [-118.2774787617445, 34.02454273397667]]]}, "properties": {"light_n": 45, "light_t": 2, "light_top": 17, "crime_n": 83, "crime_t": 2, "crime_top": 6, "bv": "2-2", "crime_night_n": 36, "crime_night_t": 2, "crime_night_top": 6, "bv_night": "2-2", "nta": "Southwest", "boro": "Los Angeles"}}, {"type": "Feature", "geometry": {"type": "Polygon", "coordinates": [[[-118.25907688166585, 33.779697597828005], [-118.25452973310291, 33.78316958741621], [-118.25577369715822, 33.78810692796755], [-118.26156518238041, 33.78957211523224], [-118.26611222183877, 33.786099978933215], [-118.26486788521949, 33.78116280209251], [-118.25907688166585, 33.779697597828005]]]}, "properties": {"light_n": 31, "light_t": 2, "light_top": 25, "crime_n": 42, "crime_t": 2, "crime_top": 15, "bv": "2-2", "crime_night_n": 19, "crime_night_t": 2, "crime_night_top": 16, "bv_night": "2-2", "nta": "Harbor", "boro": "Los Angeles"}}, {"type": "Feature", "geometry": {"type": "Polygon", "coordinates": [[[-118.27215950036256, 34.110889035391835], [-118.2675995477741, 34.11435850750938], [-118.26884770364477, 34.11928542928951], [-118.27465618675032, 34.12074271632159], [-118.2792160292915, 34.11727309905282], [-118.27796749881479, 34.11234633991552], [-118.27215950036256, 34.110889035391835]]]}, "properties": {"light_n": 15, "light_t": 1, "light_top": 46, "crime_n": 42, "crime_t": 2, "crime_top": 15, "bv": "2-1", "crime_night_n": 14, "crime_night_t": 2, "crime_night_top": 22, "bv_night": "2-1", "nta": "Northeast", "boro": "Los Angeles"}}, {"type": "Feature", "geometry": {"type": "Polygon", "coordinates": [[[-118.55422118473868, 34.17207655522318], [-118.54967365545197, 34.1755535513112], [-118.5509332745391, 34.1804723833298], [-118.55674079423699, 34.18191405383065], [-118.5612882070218, 34.178436913442184], [-118.56002821665136, 34.17351824686539], [-118.55422118473868, 34.17207655522318]]]}, "properties": {"light_n": 15, "light_t": 1, "light_top": 46, "crime_n": 6, "crime_t": 1, "crime_top": 65, "bv": "1-1", "crime_night_n": 1, "crime_night_t": 0, "crime_night_top": 100, "bv_night": "0-1", "nta": "Tarzana", "boro": "Los Angeles"}}, {"type": "Feature", "geometry": {"type": "Polygon", "coordinates": [[[-118.34471224604742, 34.096784947515445], [-118.34015669058925, 34.10025663158203], [-118.34140746555289, 34.10518241235969], [-118.34721416957102, 34.10663634560635], [-118.3517696133797, 34.10316451646633], [-118.35051846486016, 34.098238899165345], [-118.34471224604742, 34.096784947515445]]]}, "properties": {"light_n": 53, "light_t": 2, "light_top": 14, "crime_n": 112, "crime_t": 2, "crime_top": 3, "bv": "2-2", "crime_night_n": 48, "crime_night_t": 2, "crime_night_top": 3, "bv_night": "2-2", "nta": "Hollywood", "boro": "Los Angeles"}}, {"type": "Feature", "geometry": {"type": "Polygon", "coordinates": [[[-118.31427995478569, 33.95531790335021], [-118.30972856632594, 33.95878996716828], [-118.3109765947973, 33.963720773957746], [-118.3167763847791, 33.96517935327362], [-118.32132766255374, 33.96170714366972], [-118.32007926107188, 33.95677650054801], [-118.31427995478569, 33.95531790335021]]]}, "properties": {"light_n": 24, "light_t": 2, "light_top": 31, "crime_n": 41, "crime_t": 2, "crime_top": 15, "bv": "2-2", "crime_night_n": 19, "crime_night_t": 2, "crime_night_top": 16, "bv_night": "2-2", "nta": "77th Street", "boro": "Los Angeles"}}, {"type": "Feature", "geometry": {"type": "Polygon", "coordinates": [[[-118.40356706913289, 34.093063134342444], [-118.39901477349473, 34.09653653715108], [-118.4002677559233, 34.101461146964255], [-118.40607340678456, 34.10291218985764], [-118.41062558946008, 34.099438642076], [-118.40937223427747, 34.09451419638615], [-118.40356706913289, 34.093063134342444]]]}, "properties": {"light_n": 14, "light_t": 1, "light_top": 48, "crime_n": 0, "crime_t": 0, "crime_top": null, "bv": "0-1", "crime_night_n": 0, "crime_night_t": 0, "crime_night_top": null, "bv_night": "0-1", "nta": "Bel Air-Beverly Crest", "boro": "Los Angeles"}}, {"type": "Feature", "geometry": {"type": "Polygon", "coordinates": [[[-118.47417786967233, 34.15677991809314], [-118.46962671136984, 34.16025476867071], [-118.47088310638154, 34.165175844674735], [-118.47669103198128, 34.16662190546914], [-118.48124207560747, 34.16314691035468], [-118.47998530835086, 34.15822599899486], [-118.47417786967233, 34.15677991809314]]]}, "properties": {"light_n": 7, "light_t": 1, "light_top": 69, "crime_n": 3, "crime_t": 0, "crime_top": 80, "bv": "0-1", "crime_night_n": 0, "crime_night_t": 0, "crime_night_top": null, "bv_night": "0-1", "nta": "Encino", "boro": "Los Angeles"}}, {"type": "Feature", "geometry": {"type": "Polygon", "coordinates": [[[-118.18503874436654, 34.088990433035484], [-118.18047511528977, 34.09245759229261], [-118.18171968589338, 34.09738708026893], [-118.18752826121651, 34.09884924721994], [-118.19209178224902, 34.09538194254402], [-118.19084683604294, 34.09045261634829], [-118.18503874436654, 34.088990433035484]]]}, "properties": {"light_n": 29, "light_t": 2, "light_top": 26, "crime_n": 3, "crime_t": 0, "crime_top": 80, "bv": "0-2", "crime_night_n": 1, "crime_night_t": 0, "crime_night_top": 100, "bv_night": "0-2", "nta": "LA-32", "boro": "Los Angeles"}}, {"type": "Feature", "geometry": {"type": "Polygon", "coordinates": [[[-118.45487167269455, 34.05976979495603], [-118.45032345050534, 34.063244957216774], [-118.45157801659363, 34.06816947340726], [-118.45738117676481, 34.06961866255191], [-118.46192928490942, 34.06614335526874], [-118.46067434696796, 34.06121900387548], [-118.45487167269455, 34.05976979495603]]]}, "properties": {"light_n": 6, "light_t": 0, "light_top": 72, "crime_n": 6, "crime_t": 1, "crime_top": 65, "bv": "1-0", "crime_night_n": 4, "crime_night_t": 1, "crime_night_top": 60, "bv_night": "1-0", "nta": "West LA", "boro": "Los Angeles"}}, {"type": "Feature", "geometry": {"type": "Polygon", "coordinates": [[[-118.5246102461254, 34.24762605735614], [-118.5200580520534, 34.25110152607924], [-118.52131739748825, 34.25601864143264], [-118.52712930921818, 34.257460123230764], [-118.5316813872943, 34.253984510490504], [-118.53042166967721, 34.24906755998142], [-118.5246102461254, 34.24762605735614]]]}, "properties": {"light_n": 1, "light_t": 0, "light_top": 100, "crime_n": 4, "crime_t": 0, "crime_top": 74, "bv": "0-0", "crime_night_n": 4, "crime_night_t": 1, "crime_night_top": 60, "bv_night": "1-0", "nta": "Devonshire", "boro": "Los Angeles"}}, {"type": "Feature", "geometry": {"type": "Polygon", "coordinates": [[[-118.4002677559233, 34.101461146964255], [-118.39571494297223, 34.104934380440014], [-118.39696789374763, 34.109858801738], [-118.40277403036833, 34.11130982551556], [-118.4073267304137, 34.10783644709878], [-118.40607340678456, 34.10291218985764], [-118.4002677559233, 34.101461146964255]]]}, "properties": {"light_n": 4, "light_t": 0, "light_top": 81, "crime_n": 0, "crime_t": 0, "crime_top": null, "bv": "0-0", "crime_night_n": 0, "crime_night_t": 0, "crime_night_top": null, "bv_night": "0-0", "nta": "Bel Air-Beverly Crest", "boro": "Los Angeles"}}, {"type": "Feature", "geometry": {"type": "Polygon", "coordinates": [[[-118.47135750696276, 34.18833298138243], [-118.46680490928571, 34.1918074667628], [-118.46806155265959, 34.19672761806531], [-118.4738711662445, 34.198173119502776], [-118.47842364924351, 34.19469848972415], [-118.4771666333763, 34.189778502918486], [-118.47135750696276, 34.18833298138243]]]}, "properties": {"light_n": 10, "light_t": 1, "light_top": 58, "crime_n": 23, "crime_t": 2, "crime_top": 27, "bv": "2-1", "crime_night_n": 5, "crime_night_t": 1, "crime_night_top": 51, "bv_night": "1-1", "nta": "Van Nuys", "boro": "Los Angeles"}}, {"type": "Feature", "geometry": {"type": "Polygon", "coordinates": [[[-118.60219763182886, 34.14713543758224], [-118.59765367719737, 34.15061401933523], [-118.59891484012793, 34.15553256770145], [-118.6047203282088, 34.15697236828063], [-118.60926416531703, 34.153493642213945], [-118.60800263190839, 34.148575259893796], [-118.60219763182886, 34.14713543758224]]]}, "properties": {"light_n": 1, "light_t": 0, "light_top": 100, "crime_n": 2, "crime_t": 0, "crime_top": 87, "bv": "0-0", "crime_night_n": 1, "crime_night_t": 0, "crime_night_top": 100, "bv_night": "0-0", "nta": "Topanga", "boro": "Los Angeles"}}, {"type": "Feature", "geometry": {"type": "Polygon", "coordinates": [[[-118.48920989639655, 34.04528815188266], [-118.4846640846911, 34.04876441861485], [-118.48591979669867, 34.053688627330956], [-118.4917216917542, 34.05513640410785], [-118.49626738867617, 34.0516599923566], [-118.49501130536663, 34.04673594885963], [-118.48920989639655, 34.04528815188266]]]}, "properties": {"light_n": 2, "light_t": 0, "light_top": 92, "crime_n": 2, "crime_t": 0, "crime_top": 87, "bv": "0-0", "crime_night_n": 0, "crime_night_t": 0, "crime_night_top": null, "bv_night": "0-0", "nta": "West LA", "boro": "Los Angeles"}}, {"type": "Feature", "geometry": {"type": "Polygon", "coordinates": [[[-118.41055835221982, 34.269950658627664], [-118.40599919024245, 34.27342265220443], [-118.40725443167801, 34.278341573048706], [-118.413069208979, 34.27978833678437], [-118.41762825747696, 34.27631619905687], [-118.41637264219406, 34.271397441756676], [-118.41055835221982, 34.269950658627664]]]}, "properties": {"light_n": 23, "light_t": 2, "light_top": 32, "crime_n": 17, "crime_t": 1, "crime_top": 35, "bv": "1-2", "crime_night_n": 10, "crime_night_t": 2, "crime_night_top": 31, "bv_night": "2-2", "nta": "Pacoima", "boro": "Los Angeles"}}, {"type": "Feature", "geometry": {"type": "Polygon", "coordinates": [[[-118.29226695150572, 33.889739995103696], [-118.28771707449272, 33.89321199721635], [-118.28896353032606, 33.898145285330465], [-118.2947602360746, 33.899606407674675], [-118.29931000302503, 33.89613425942887], [-118.29806317432966, 33.89120113498422], [-118.29226695150572, 33.889739995103696]]]}, "properties": {"light_n": 1, "light_t": 0, "light_top": 100, "crime_n": 12, "crime_t": 1, "crime_top": 44, "bv": "1-0", "crime_night_n": 4, "crime_night_t": 1, "crime_night_top": 60, "bv_night": "1-0", "nta": "Southeast", "boro": "Los Angeles"}}, {"type": "Feature", "geometry": {"type": "Polygon", "coordinates": [[[-118.39229365592398, 34.04873347134061], [-118.38774257337701, 34.052206945307105], [-118.38899462759616, 34.057133174984855], [-118.39479813700945, 34.05858576654256], [-118.39934910693614, 34.055112147376356], [-118.39809668011026, 34.050186081864354], [-118.39229365592398, 34.04873347134061]]]}, "properties": {"light_n": 19, "light_t": 1, "light_top": 38, "crime_n": 8, "crime_t": 1, "crime_top": 57, "bv": "1-1", "crime_night_n": 3, "crime_night_t": 1, "crime_night_top": 69, "bv_night": "1-1", "nta": "South Robertson", "boro": "Los Angeles"}}, {"type": "Feature", "geometry": {"type": "Polygon", "coordinates": [[[-118.28678664596346, 33.7820837220915], [-118.28224085424594, 33.78555648069847], [-118.28348590300024, 33.79049314817162], [-118.2892771157295, 33.7919568930467], [-118.29382279771842, 33.78848398779318], [-118.29257737674673, 33.783547484323314], [-118.28678664596346, 33.7820837220915]]]}, "properties": {"light_n": 5, "light_t": 0, "light_top": 76, "crime_n": 5, "crime_t": 1, "crime_top": 69, "bv": "1-0", "crime_night_n": 1, "crime_night_t": 0, "crime_night_top": 100, "bv_night": "0-0", "nta": "Harbor", "boro": "Los Angeles"}}, {"type": "Feature", "geometry": {"type": "Polygon", "coordinates": [[[-118.48076575002301, 34.13998698829416], [-118.47621562724476, 34.143462177488864], [-118.47747208418107, 34.148383632492184], [-118.48327903598161, 34.149829733535924], [-118.48782904397048, 34.14635439974088], [-118.48657221498884, 34.14143310951458], [-118.48076575002301, 34.13998698829416]]]}, "properties": {"light_n": 9, "light_t": 1, "light_top": 62, "crime_n": 1, "crime_t": 0, "crime_top": 100, "bv": "0-1", "crime_night_n": 0, "crime_night_t": 0, "crime_night_top": null, "bv_night": "0-1", "nta": "Encino", "boro": "Los Angeles"}}, {"type": "Feature", "geometry": {"type": "Polygon", "coordinates": [[[-118.4977715935799, 34.291618081096395], [-118.4932161705832, 34.29509237743635], [-118.4944749898943, 34.30000869672067], [-118.50028960507713, 34.30145055528278], [-118.50484491258898, 34.29797611506979], [-118.50358572044364, 34.29305996017991], [-118.4977715935799, 34.291618081096395]]]}, "properties": {"light_n": 7, "light_t": 1, "light_top": 69, "crime_n": 0, "crime_t": 0, "crime_top": null, "bv": "0-1", "crime_night_n": 0, "crime_night_t": 0, "crime_night_top": null, "bv_night": "0-1", "nta": "Granada Hills North", "boro": "Los Angeles"}}, {"type": "Feature", "geometry": {"type": "Polygon", "coordinates": [[[-118.42943830868428, 34.173283648640385], [-118.42488410432854, 34.17675707072739], [-118.42613897743537, 34.18167861406833], [-118.43194842788705, 34.18312657123033], [-118.43650251853641, 34.1796530045905], [-118.43524727248112, 34.1747316253537], [-118.42943830868428, 34.173283648640385]]]}, "properties": {"light_n": 14, "light_t": 1, "light_top": 48, "crime_n": 9, "crime_t": 1, "crime_top": 53, "bv": "1-1", "crime_night_n": 4, "crime_night_t": 1, "crime_night_top": 60, "bv_night": "1-1", "nta": "Greater Valley Glen", "boro": "Los Angeles"}}, {"type": "Feature", "geometry": {"type": "Polygon", "coordinates": [[[-118.23892035537828, 34.000989708331], [-118.23436314570569, 34.004459211114465], [-118.23560880067562, 34.00939025215961], [-118.24141203966346, 34.01085162774857], [-118.24596914025149, 34.00738197924462], [-118.24472311097645, 34.0024511008845], [-118.23892035537828, 34.000989708331]]]}, "properties": {"light_n": 30, "light_t": 2, "light_top": 26, "crime_n": 44, "crime_t": 2, "crime_top": 14, "bv": "2-2", "crime_night_n": 13, "crime_night_t": 2, "crime_night_top": 24, "bv_night": "2-2", "nta": "Newton", "boro": "Los Angeles"}}, {"type": "Feature", "geometry": {"type": "Polygon", "coordinates": [[[-118.6418348198492, 34.216810777365176], [-118.637290136864, 34.22028986438613], [-118.63855359741031, 34.225205350755125], [-118.64436211139554, 34.22664158390938], [-118.64890667582289, 34.223162352979074], [-118.64764284486375, 34.21824703281589], [-118.6418348198492, 34.216810777365176]]]}, "properties": {"light_n": 8, "light_t": 1, "light_top": 65, "crime_n": 0, "crime_t": 0, "crime_top": null, "bv": "0-1", "crime_night_n": 0, "crime_night_t": 0, "crime_night_top": null, "bv_night": "0-1", "nta": "West Hills", "boro": "Los Angeles"}}, {"type": "Feature", "geometry": {"type": "Polygon", "coordinates": [[[-118.57542394799182, 34.19115506458806], [-118.5708767687256, 34.19463249344539], [-118.57213741121257, 34.19955025890068], [-118.57794560413473, 34.20099042991438], [-118.5824926663842, 34.197512856888665], [-118.58123165276906, 34.19259525702971], [-118.57542394799182, 34.19115506458806]]]}, "properties": {"light_n": 14, "light_t": 1, "light_top": 48, "crime_n": 10, "crime_t": 1, "crime_top": 49, "bv": "1-1", "crime_night_n": 5, "crime_night_t": 1, "crime_night_top": 51, "bv_night": "1-1", "nta": "Winnetka", "boro": "Los Angeles"}}, {"type": "Feature", "geometry": {"type": "Polygon", "coordinates": [[[-118.32507348372832, 33.97649800326714], [-118.32052180063312, 33.97997019084391], [-118.32177047819418, 33.98490011313509], [-118.32757121190072, 33.98635768415497], [-118.33212278402692, 33.98288535091159], [-118.33087373345585, 33.97795559232716], [-118.32507348372832, 33.97649800326714]]]}, "properties": {"light_n": 48, "light_t": 2, "light_top": 15, "crime_n": 66, "crime_t": 2, "crime_top": 9, "bv": "2-2", "crime_night_n": 19, "crime_night_t": 2, "crime_night_top": 16, "bv_night": "2-2", "nta": "77th Street", "boro": "Los Angeles"}}, {"type": "Feature", "geometry": {"type": "Polygon", "coordinates": [[[-118.23357140731974, 34.08735342156413], [-118.22901038984253, 34.090821995780715], [-118.2302568037315, 34.09575048511212], [-118.23606461009294, 34.097210237927314], [-118.24062551843696, 34.09374151837707], [-118.23937872959304, 34.08881319135762], [-118.23357140731974, 34.08735342156413]]]}, "properties": {"light_n": 27, "light_t": 2, "light_top": 28, "crime_n": 13, "crime_t": 1, "crime_top": 42, "bv": "1-2", "crime_night_n": 1, "crime_night_t": 0, "crime_night_top": 100, "bv_night": "0-2", "nta": "Elysian Valley Riverside", "boro": "Los Angeles"}}, {"type": "Feature", "geometry": {"type": "Polygon", "coordinates": [[[-118.35071211733545, 34.227388157864276], [-118.34615153521496, 34.230858823918894], [-118.34740400684005, 34.23578039421746], [-118.35321743497963, 34.23723113541346], [-118.35777790505345, 34.233760324894135], [-118.35652505907495, 34.2288389176558], [-118.35071211733545, 34.227388157864276]]]}, "properties": {"light_n": 11, "light_t": 1, "light_top": 55, "crime_n": 0, "crime_t": 0, "crime_top": null, "bv": "0-1", "crime_night_n": 0, "crime_night_t": 0, "crime_night_top": null, "bv_night": "0-1", "nta": "Foothills Trails District", "boro": "Los Angeles"}}, {"type": "Feature", "geometry": {"type": "Polygon", "coordinates": [[[-118.42571796779556, 33.98790339529126], [-118.42117113072953, 33.991378354877384], [-118.42242377799398, 33.99630572731518], [-118.42822363412462, 33.9977579754291], [-118.43277035794495, 33.99428287042924], [-118.4315173389207, 33.989355662741325], [-118.42571796779556, 33.98790339529126]]]}, "properties": {"light_n": 4, "light_t": 0, "light_top": 81, "crime_n": 7, "crime_t": 1, "crime_top": 60, "bv": "1-0", "crime_night_n": 4, "crime_night_t": 1, "crime_night_top": 60, "bv_night": "1-0", "nta": "Pacific", "boro": "Los Angeles"}}, {"type": "Feature", "geometry": {"type": "Polygon", "coordinates": [[[-118.52741629606422, 34.216086188406884], [-118.52286554164392, 34.219562024150505], [-118.52412463712773, 34.22448006939121], [-118.52993485900652, 34.22592211390857], [-118.53448549743375, 34.22244613400975], [-118.533226030016, 34.21752825376092], [-118.52741629606422, 34.216086188406884]]]}, "properties": {"light_n": 15, "light_t": 1, "light_top": 46, "crime_n": 27, "crime_t": 2, "crime_top": 23, "bv": "2-1", "crime_night_n": 9, "crime_night_t": 2, "crime_night_top": 34, "bv_night": "2-1", "nta": "Devonshire", "boro": "Los Angeles"}}, {"type": "Feature", "geometry": {"type": "Polygon", "coordinates": [[[-118.40448776603023, 34.139401537789816], [-118.39993362630733, 34.14287455154208], [-118.40118716482887, 34.14779769978474], [-118.40699521616573, 34.14924767032536], [-118.41154924281133, 34.14577451181465], [-118.41029533123793, 34.14085152753398], [-118.40448776603023, 34.139401537789816]]]}, "properties": {"light_n": 11, "light_t": 1, "light_top": 55, "crime_n": 5, "crime_t": 1, "crime_top": 69, "bv": "1-1", "crime_night_n": 1, "crime_night_t": 0, "crime_night_top": 100, "bv_night": "0-1", "nta": "Studio City", "boro": "Los Angeles"}}, {"type": "Feature", "geometry": {"type": "Polygon", "coordinates": [[[-118.3851326798114, 34.21293203418607], [-118.38057450855202, 34.21640382355629], [-118.38182813468246, 34.22132509554109], [-118.38764030591393, 34.22277441468521], [-118.3921983643817, 34.219302480853486], [-118.39094436445025, 34.21438137235141], [-118.3851326798114, 34.21293203418607]]]}, "properties": {"light_n": 16, "light_t": 1, "light_top": 43, "crime_n": 25, "crime_t": 2, "crime_top": 25, "bv": "2-1", "crime_night_n": 14, "crime_night_t": 2, "crime_night_top": 22, "bv_night": "2-1", "nta": "Foothill", "boro": "Los Angeles"}}, {"type": "Feature", "geometry": {"type": "Polygon", "coordinates": [[[-118.63425543773306, 34.18731398151393], [-118.62971155441763, 34.19079311668452], [-118.63097439192711, 34.195709696845526], [-118.63678148311055, 34.19714697561177], [-118.64132524810051, 34.19366769638039], [-118.64006204027335, 34.18875128245556], [-118.63425543773306, 34.18731398151393]]]}, "properties": {"light_n": 21, "light_t": 1, "light_top": 35, "crime_n": 1, "crime_t": 0, "crime_top": 100, "bv": "0-1", "crime_night_n": 0, "crime_night_t": 0, "crime_night_top": null, "bv_night": "0-1", "nta": "West Hills", "boro": "Los Angeles"}}, {"type": "Feature", "geometry": {"type": "Polygon", "coordinates": [[[-118.4421429435442, 34.28701725146138], [-118.43758475562288, 34.290489994291015], [-118.43884139757245, 34.29540768315529], [-118.44465660102702, 34.29685246538381], [-118.44921467472356, 34.293379578545355], [-118.44795765923108, 34.2884620534994], [-118.4421429435442, 34.28701725146138]]]}, "properties": {"light_n": 7, "light_t": 1, "light_top": 69, "crime_n": 3, "crime_t": 0, "crime_top": 80, "bv": "0-1", "crime_night_n": 1, "crime_night_t": 0, "crime_night_top": 100, "bv_night": "0-1", "nta": "Sylmar", "boro": "Los Angeles"}}, {"type": "Feature", "geometry": {"type": "Polygon", "coordinates": [[[-118.45863608365974, 34.07454282634504], [-118.45408745847128, 34.07801796573644], [-118.45534233428371, 34.08294194173513], [-118.46114620722699, 34.08439061357169], [-118.46569471825633, 34.08091532923364], [-118.46443947054205, 34.07599151801782], [-118.45863608365974, 34.07454282634504]]]}, "properties": {"light_n": 4, "light_t": 0, "light_top": 81, "crime_n": 1, "crime_t": 0, "crime_top": 100, "bv": "0-0", "crime_night_n": 1, "crime_night_t": 0, "crime_night_top": 100, "bv_night": "0-0", "nta": "Bel Air-Beverly Crest", "boro": "Los Angeles"}}, {"type": "Feature", "geometry": {"type": "Polygon", "coordinates": [[[-118.65167520142008, 34.191624905973356], [-118.64713207305356, 34.195104496992386], [-118.64839562173849, 34.20002055455285], [-118.65420266894446, 34.2014568547014], [-118.65874567858671, 34.197977119678775], [-118.65748175978811, 34.193061228523206], [-118.65167520142008, 34.191624905973356]]]}, "properties": {"light_n": 15, "light_t": 1, "light_top": 46, "crime_n": 1, "crime_t": 0, "crime_top": 100, "bv": "0-1", "crime_night_n": 1, "crime_night_t": 0, "crime_night_top": 100, "bv_night": "0-1", "nta": "West Hills", "boro": "Los Angeles"}}, {"type": "Feature", "geometry": {"type": "Polygon", "coordinates": [[[-118.24543429814837, 33.79011309035184], [-118.2408860117765, 33.793584603514766], [-118.24212957017559, 33.79852192580364], [-118.24792178779815, 33.79998757141758], [-118.25246996535029, 33.79651591156666], [-118.2512260341396, 33.79157875280202], [-118.24543429814837, 33.79011309035184]]]}, "properties": {"light_n": 14, "light_t": 1, "light_top": 48, "crime_n": 7, "crime_t": 1, "crime_top": 60, "bv": "1-1", "crime_night_n": 3, "crime_night_t": 1, "crime_night_top": 69, "bv_night": "1-1", "nta": "Wilmington", "boro": "Los Angeles"}}, {"type": "Feature", "geometry": {"type": "Polygon", "coordinates": [[[-118.42516412414066, 34.305824902638456], [-118.42060426478174, 34.309296982097024], [-118.42186047000986, 34.314214448834946], [-118.42767690853245, 34.31565967255928], [-118.4322366540099, 34.31218744914238], [-118.43098007488699, 34.30727014597172], [-118.42516412414066, 34.305824902638456]]]}, "properties": {"light_n": 10, "light_t": 1, "light_top": 58, "crime_n": 13, "crime_t": 1, "crime_top": 42, "bv": "1-1", "crime_night_n": 9, "crime_night_t": 2, "crime_night_top": 34, "bv_night": "2-1", "nta": "Mission", "boro": "Los Angeles"}}, {"type": "Feature", "geometry": {"type": "Polygon", "coordinates": [[[-118.55800075444516, 34.18683253050678], [-118.55345282361313, 34.190309502069546], [-118.55471275362315, 34.19522778865149], [-118.56052098583746, 34.19666893825579], [-118.56506880005209, 34.193191822468116], [-118.56380849871059, 34.18827370131313], [-118.55800075444516, 34.18683253050678]]]}, "properties": {"light_n": 11, "light_t": 1, "light_top": 55, "crime_n": 16, "crime_t": 1, "crime_top": 36, "bv": "1-1", "crime_night_n": 5, "crime_night_t": 1, "crime_night_top": 51, "bv_night": "1-1", "nta": "West Valley", "boro": "Los Angeles"}}, {"type": "Feature", "geometry": {"type": "Polygon", "coordinates": [[[-118.36633865723405, 34.13909103690715], [-118.36178251413617, 34.14256295995444], [-118.3630345909791, 34.14748695247634], [-118.3688431845144, 34.14893885840969], [-118.37339921539217, 34.14546679052596], [-118.37214676499524, 34.14054296155757], [-118.36633865723405, 34.13909103690715]]]}, "properties": {"light_n": 67, "light_t": 2, "light_top": 10, "crime_n": 31, "crime_t": 2, "crime_top": 20, "bv": "2-2", "crime_night_n": 10, "crime_night_t": 2, "crime_night_top": 31, "bv_night": "2-2", "nta": "Studio City", "boro": "Los Angeles"}}, {"type": "Feature", "geometry": {"type": "Polygon", "coordinates": [[[-118.29624882314961, 33.73362931868868], [-118.29170549277946, 33.73710274895977], [-118.2929503645041, 33.74204066729189], [-118.29873893841079, 33.74350499108207], [-118.30328215893587, 33.740031413955116], [-118.30203691543932, 33.735093659906006], [-118.29624882314961, 33.73362931868868]]]}, "properties": {"light_n": 11, "light_t": 1, "light_top": 55, "crime_n": 13, "crime_t": 1, "crime_top": 42, "bv": "1-1", "crime_night_n": 8, "crime_night_t": 1, "crime_night_top": 37, "bv_night": "1-1", "nta": "Harbor", "boro": "Los Angeles"}}, {"type": "Feature", "geometry": {"type": "Polygon", "coordinates": [[[-118.47414779486346, 33.98618355793019], [-118.46960359140347, 33.98965990950669], [-118.47085806507944, 33.994586271220726], [-118.47665711336407, 33.99603611609358], [-118.48120120249877, 33.992559619193564], [-118.47994635771457, 33.98763342275631], [-118.47414779486346, 33.98618355793019]]]}, "properties": {"light_n": 22, "light_t": 2, "light_top": 33, "crime_n": 162, "crime_t": 2, "crime_top": 1, "bv": "2-2", "crime_night_n": 65, "crime_night_t": 2, "crime_night_top": 1, "bv_night": "2-2", "nta": "Pacific", "boro": "Los Angeles"}}, {"type": "Feature", "geometry": {"type": "Polygon", "coordinates": [[[-118.6380446615299, 34.20206319945962], [-118.63350037838921, 34.2055423107231], [-118.63476352736502, 34.21045834430067], [-118.64057132988763, 34.21189510040579], [-118.6451154945867, 34.20841584515727], [-118.64385197524562, 34.203499977800725], [-118.6380446615299, 34.20206319945962]]]}, "properties": {"light_n": 12, "light_t": 1, "light_top": 52, "crime_n": 1, "crime_t": 0, "crime_top": 100, "bv": "0-1", "crime_night_n": 1, "crime_night_t": 0, "crime_night_top": 100, "bv_night": "0-1", "nta": "West Hills", "boro": "Los Angeles"}}, {"type": "Feature", "geometry": {"type": "Polygon", "coordinates": [[[-118.44827428883144, 34.24708784520766], [-118.44371806225857, 34.250561133217296], [-118.44497448744696, 34.25547994697043], [-118.45078751244232, 34.256925308694136], [-118.45534362473457, 34.25345187650684], [-118.45408682635279, 34.24853322678569], [-118.44827428883144, 34.24708784520766]]]}, "properties": {"light_n": 15, "light_t": 1, "light_top": 46, "crime_n": 1, "crime_t": 0, "crime_top": 100, "bv": "0-1", "crime_night_n": 0, "crime_night_t": 0, "crime_night_top": null, "bv_night": "0-1", "nta": "Arleta", "boro": "Los Angeles"}}, {"type": "Feature", "geometry": {"type": "Polygon", "coordinates": [[[-118.45298865987544, 34.13767382476968], [-118.44843715857287, 34.141148241474525], [-118.44969252967552, 34.14607037950695], [-118.45549977451951, 34.14751793635839], [-118.46005116166018, 34.144043374985635], [-118.45879541815935, 34.13912140144152], [-118.45298865987544, 34.13767382476968]]]}, "properties": {"light_n": 19, "light_t": 1, "light_top": 38, "crime_n": 1, "crime_t": 0, "crime_top": 100, "bv": "0-1", "crime_night_n": 1, "crime_night_t": 0, "crime_night_top": 100, "bv_night": "0-1", "nta": "Sherman Oaks", "boro": "Los Angeles"}}, {"type": "Feature", "geometry": {"type": "Polygon", "coordinates": [[[-118.48926305303088, 34.21582094772551], [-118.48471028155751, 34.21929569570688], [-118.48596791869697, 34.22421459080714], [-118.49177869979, 34.22565857335226], [-118.49633135612676, 34.22218368113516], [-118.49507334654781, 34.217264950620816], [-118.48926305303088, 34.21582094772551]]]}, "properties": {"light_n": 17, "light_t": 1, "light_top": 41, "crime_n": 4, "crime_t": 0, "crime_top": 74, "bv": "0-1", "crime_night_n": 1, "crime_night_t": 0, "crime_night_top": 100, "bv_night": "0-1", "nta": "North Hills West", "boro": "Los Angeles"}}, {"type": "Feature", "geometry": {"type": "Polygon", "coordinates": [[[-118.21572792547897, 34.05978601169619], [-118.21116709867502, 34.063254321059496], [-118.21241252071142, 34.06818405042416], [-118.2182191445958, 34.069645308218476], [-118.2227798627217, 34.06617685336089], [-118.22153406568151, 34.061247286215604], [-118.21572792547897, 34.05978601169619]]]}, "properties": {"light_n": 46, "light_t": 2, "light_top": 17, "crime_n": 16, "crime_t": 1, "crime_top": 36, "bv": "1-2", "crime_night_n": 5, "crime_night_t": 1, "crime_night_top": 51, "bv_night": "1-2", "nta": "Lincoln Heights", "boro": "Los Angeles"}}, {"type": "Feature", "geometry": {"type": "Polygon", "coordinates": [[[-118.36393905351675, 34.193815574841516], [-118.35938054491274, 34.19728693056786], [-118.3606331451106, 34.20220926539501], [-118.36644462790589, 34.2036600811821], [-118.3710030242334, 34.20018858086458], [-118.36975005008264, 34.195266409363406], [-118.36393905351675, 34.193815574841516]]]}, "properties": {"light_n": 4, "light_t": 0, "light_top": 81, "crime_n": 6, "crime_t": 1, "crime_top": 65, "bv": "1-0", "crime_night_n": 1, "crime_night_t": 0, "crime_night_top": 100, "bv_night": "0-0", "nta": "N Hollywood", "boro": "Los Angeles"}}, {"type": "Feature", "geometry": {"type": "Polygon", "coordinates": [[[-118.56276796911972, 34.24787735314373], [-118.55821779638316, 34.25135390922481], [-118.55947859945141, 34.256270173052144], [-118.56528994697263, 34.257709715560985], [-118.56984000285681, 34.25423301554404], [-118.56857882811299, 34.24931691696623], [-118.56276796911972, 34.24787735314373]]]}, "properties": {"light_n": 8, "light_t": 1, "light_top": 65, "crime_n": 2, "crime_t": 0, "crime_top": 87, "bv": "0-1", "crime_night_n": 1, "crime_night_t": 0, "crime_night_top": 100, "bv_night": "0-1", "nta": "Chatsworth", "boro": "Los Angeles"}}, {"type": "Feature", "geometry": {"type": "Polygon", "coordinates": [[[-118.37294514084934, 34.12229812599527], [-118.36839003301671, 34.12577039009582], [-118.36964217381907, 34.1306947612726], [-118.37544979584878, 34.132146704674646], [-118.38000479134676, 34.12867429567391], [-118.37875227719019, 34.12375008818355], [-118.37294514084934, 34.12229812599527]]]}, "properties": {"light_n": 6, "light_t": 0, "light_top": 72, "crime_n": 0, "crime_t": 0, "crime_top": null, "bv": "0-0", "crime_night_n": 0, "crime_night_t": 0, "crime_night_top": null, "bv_night": "0-0", "nta": "Hollywood Hills West", "boro": "Los Angeles"}}, {"type": "Feature", "geometry": {"type": "Polygon", "coordinates": [[[-118.37203755487477, 34.075951449265204], [-118.367484292013, 34.0794241025422], [-118.36873587786177, 34.084349932838386], [-118.37454109966872, 34.08580294602232], [-118.37909425030955, 34.08233014763047], [-118.37784229140479, 34.07740448118176], [-118.37203755487477, 34.075951449265204]]]}, "properties": {"light_n": 12, "light_t": 1, "light_top": 52, "crime_n": 26, "crime_t": 2, "crime_top": 24, "bv": "2-1", "crime_night_n": 14, "crime_night_t": 2, "crime_night_top": 22, "bv_night": "2-1", "nta": "Wilshire", "boro": "Los Angeles"}}, {"type": "Feature", "geometry": {"type": "Polygon", "coordinates": [[[-118.3424742080868, 33.980869797935796], [-118.33792326339122, 33.98434244463683], [-118.33917265468868, 33.989271853456984], [-118.3449733635323, 33.990728451709664], [-118.34952419686022, 33.987255659396446], [-118.34827443275249, 33.98232641445493], [-118.3424742080868, 33.980869797935796]]]}, "properties": {"light_n": 14, "light_t": 1, "light_top": 48, "crime_n": 9, "crime_t": 1, "crime_top": 53, "bv": "1-1", "crime_night_n": 1, "crime_night_t": 0, "crime_night_top": 100, "bv_night": "0-1", "nta": "Park Mesa Heights", "boro": "Los Angeles"}}, {"type": "Feature", "geometry": {"type": "Polygon", "coordinates": [[[-118.64081588699894, 34.17052147829789], [-118.63627303963436, 34.174000948656605], [-118.63753593605182, 34.17891790852414], [-118.64334204999308, 34.18035523167607], [-118.64788477892122, 34.17687561719356], [-118.64662151238537, 34.17195882369495], [-118.64081588699894, 34.17052147829789]]]}, "properties": {"light_n": 10, "light_t": 1, "light_top": 58, "crime_n": 2, "crime_t": 0, "crime_top": 87, "bv": "0-1", "crime_night_n": 0, "crime_night_t": 0, "crime_night_top": null, "bv_night": "0-1", "nta": "Woodland Hills-Warner Center", "boro": "Los Angeles"}}, {"type": "Feature", "geometry": {"type": "Polygon", "coordinates": [[[-118.32970935999481, 34.03766144611878], [-118.3251554273999, 34.04113322779574], [-118.32640496625218, 34.046061166177914], [-118.33220881109749, 34.047517159363075], [-118.33676263249771, 34.04404523231109], [-118.33551272028768, 34.03911745746122], [-118.32970935999481, 34.03766144611878]]]}, "properties": {"light_n": 9, "light_t": 1, "light_top": 62, "crime_n": 39, "crime_t": 2, "crime_top": 16, "bv": "2-1", "crime_night_n": 12, "crime_night_t": 2, "crime_night_top": 26, "bv_night": "2-1", "nta": "Wilshire", "boro": "Los Angeles"}}, {"type": "Feature", "geometry": {"type": "Polygon", "coordinates": [[[-118.62390468592625, 34.18935533762703], [-118.61936016641748, 34.192834160787584], [-118.6206226334574, 34.197750907067196], [-118.62642999051651, 34.19918866407967], [-118.63097439192711, 34.195709696845526], [-118.62971155441763, 34.19079311668452], [-118.62390468592625, 34.18935533762703]]]}, "properties": {"light_n": 4, "light_t": 0, "light_top": 81, "crime_n": 7, "crime_t": 1, "crime_top": 60, "bv": "1-0", "crime_night_n": 1, "crime_night_t": 0, "crime_night_top": 100, "bv_night": "0-0", "nta": "Topanga", "boro": "Los Angeles"}}, {"type": "Feature", "geometry": {"type": "Polygon", "coordinates": [[[-118.50709533858615, 34.07280097591162], [-118.50254935473482, 34.076277510432305], [-118.50380605792952, 34.0812004736757], [-118.5096091162641, 34.082646737102024], [-118.51415498487503, 34.07917005772613], [-118.51289791043234, 34.07424725979121], [-118.50709533858615, 34.07280097591162]]]}, "properties": {"light_n": 4, "light_t": 0, "light_top": 81, "crime_n": 0, "crime_t": 0, "crime_top": null, "bv": "0-0", "crime_night_n": 0, "crime_night_t": 0, "crime_night_top": null, "bv_night": "0-0", "nta": null, "boro": "Los Angeles"}}, {"type": "Feature", "geometry": {"type": "Polygon", "coordinates": [[[-118.56506880005209, 34.193191822468116], [-118.56052098583746, 34.19666893825579], [-118.56178125704469, 34.20158686918956], [-118.56758971378707, 34.203027518869256], [-118.57213741121257, 34.19955025890068], [-118.5708767687256, 34.19463249344539], [-118.56506880005209, 34.193191822468116]]]}, "properties": {"light_n": 7, "light_t": 1, "light_top": 69, "crime_n": 12, "crime_t": 1, "crime_top": 44, "bv": "1-1", "crime_night_n": 2, "crime_night_t": 0, "crime_night_top": 82, "bv_night": "0-1", "nta": "Topanga", "boro": "Los Angeles"}}, {"type": "Feature", "geometry": {"type": "Polygon", "coordinates": [[[-118.37579302672958, 34.09072842433924], [-118.3712393588682, 34.09420105326546], [-118.37249125404898, 34.09912634325628], [-118.37829719023681, 34.100578840499686], [-118.38285074576322, 34.09710606653405], [-118.38159847747721, 34.09218094037665], [-118.37579302672958, 34.09072842433924]]]}, "properties": {"light_n": 28, "light_t": 2, "light_top": 27, "crime_n": 1, "crime_t": 0, "crime_top": 100, "bv": "0-2", "crime_night_n": 1, "crime_night_t": 0, "crime_night_top": 100, "bv_night": "0-2", "nta": "Bel Air-Beverly Crest", "boro": "Los Angeles"}}, {"type": "Feature", "geometry": {"type": "Polygon", "coordinates": [[[-118.29289326646314, 34.10686327131597], [-118.28833456915771, 34.11033337645782], [-118.28958347409055, 34.11525997283307], [-118.29539145067542, 34.116716301197485], [-118.29995003747541, 34.11324605092643], [-118.29870075823636, 34.10831961743245], [-118.29289326646314, 34.10686327131597]]]}, "properties": {"light_n": 17, "light_t": 1, "light_top": 41, "crime_n": 9, "crime_t": 1, "crime_top": 53, "bv": "1-1", "crime_night_n": 4, "crime_night_t": 1, "crime_night_top": 60, "bv_night": "1-1", "nta": "Los Feliz", "boro": "Los Angeles"}}, {"type": "Feature", "geometry": {"type": "Polygon", "coordinates": [[[-118.48362666143278, 34.27889944036178], [-118.47907100798271, 34.282373448824956], [-118.48032914319543, 34.28729048170657], [-118.48614330483606, 34.288733341846125], [-118.4906988431455, 34.28525918942278], [-118.48944033499566, 34.280342320832254], [-118.48362666143278, 34.27889944036178]]]}, "properties": {"light_n": 11, "light_t": 1, "light_top": 55, "crime_n": 0, "crime_t": 0, "crime_top": null, "bv": "0-1", "crime_night_n": 0, "crime_night_t": 0, "crime_night_top": null, "bv_night": "0-1", "nta": "Granada Hills North", "boro": "Los Angeles"}}, {"type": "Feature", "geometry": {"type": "Polygon", "coordinates": [[[-118.39421808209963, 33.970780182147664], [-118.38967027765304, 33.974254393019635], [-118.39092153150447, 33.97918298125564], [-118.39672096190421, 33.98063719415793], [-118.40126865384462, 33.97716283772965], [-118.40001702793181, 33.972234413967534], [-118.39421808209963, 33.970780182147664]]]}, "properties": {"light_n": 3, "light_t": 0, "light_top": 86, "crime_n": 5, "crime_t": 1, "crime_top": 69, "bv": "1-0", "crime_night_n": 2, "crime_night_t": 0, "crime_night_top": 82, "bv_night": "0-0", "nta": "Pacific", "boro": "Los Angeles"}}, {"type": "Feature", "geometry": {"type": "Polygon", "coordinates": [[[-118.38752204395543, 34.1582157442781], [-118.38296623803227, 34.1616881017048], [-118.38421933977375, 34.16661103437099], [-118.39002862088124, 34.16806144591225], [-118.3945843140699, 34.16458894377909], [-118.39333083892616, 34.15966617482333], [-118.38752204395543, 34.1582157442781]]]}, "properties": {"light_n": 5, "light_t": 0, "light_top": 76, "crime_n": 10, "crime_t": 1, "crime_top": 49, "bv": "1-0", "crime_night_n": 1, "crime_night_t": 0, "crime_night_top": 100, "bv_night": "0-0", "nta": "N Hollywood", "boro": "Los Angeles"}}, {"type": "Feature", "geometry": {"type": "Polygon", "coordinates": [[[-118.32487531708294, 34.14716434305958], [-118.32031665626026, 34.15063500198893], [-118.3215672373835, 34.155559647535995], [-118.32737685352525, 34.1570134710881], [-118.33193540304333, 34.15354266727689], [-118.33068444776472, 34.14861818480771], [-118.32487531708294, 34.14716434305958]]]}, "properties": {"light_n": 1, "light_t": 0, "light_top": 100, "crime_n": 1, "crime_t": 0, "crime_top": 100, "bv": "0-0", "crime_night_n": 0, "crime_night_t": 0, "crime_night_top": null, "bv_night": "0-0", "nta": "Hollywood Hills West", "boro": "Los Angeles"}}, {"type": "Feature", "geometry": {"type": "Polygon", "coordinates": [[[-118.40679284348865, 34.25519277169069], [-118.40223408702404, 34.25866479382621], [-118.40348901792704, 34.26358426252371], [-118.40930307913338, 34.26503154553944], [-118.41386172223335, 34.2615593791785], [-118.41260641753229, 34.25664007403947], [-118.40679284348865, 34.25519277169069]]]}, "properties": {"light_n": 16, "light_t": 1, "light_top": 43, "crime_n": 5, "crime_t": 1, "crime_top": 69, "bv": "1-1", "crime_night_n": 1, "crime_night_t": 0, "crime_night_top": 100, "bv_night": "0-1", "nta": "Pacoima", "boro": "Los Angeles"}}, {"type": "Feature", "geometry": {"type": "Polygon", "coordinates": [[[-118.41583375513152, 34.013109332327325], [-118.41128536883375, 34.0165837909731], [-118.41253792184096, 34.02151060446797], [-118.4183392332446, 34.02296279477876], [-118.4228875064668, 34.01948819081601], [-118.42163458140139, 34.01456154187159], [-118.41583375513152, 34.013109332327325]]]}, "properties": {"light_n": 4, "light_t": 0, "light_top": 81, "crime_n": 12, "crime_t": 1, "crime_top": 44, "bv": "1-0", "crime_night_n": 7, "crime_night_t": 1, "crime_night_top": 42, "bv_night": "1-0", "nta": "Pacific", "boro": "Los Angeles"}}, {"type": "Feature", "geometry": {"type": "Polygon", "coordinates": [[[-118.60091881233907, 34.24811678375533], [-118.59637066431829, 34.25159442519129], [-118.59763292335595, 34.25650983594525], [-118.60344370162348, 34.25794743962128], [-118.60799173193615, 34.25446965433148], [-118.60672910173034, 34.24955440923155], [-118.60091881233907, 34.24811678375533]]]}, "properties": {"light_n": 9, "light_t": 1, "light_top": 62, "crime_n": 34, "crime_t": 2, "crime_top": 19, "bv": "2-1", "crime_night_n": 15, "crime_night_t": 2, "crime_night_top": 20, "bv_night": "2-1", "nta": "Devonshire", "boro": "Los Angeles"}}, {"type": "Feature", "geometry": {"type": "Polygon", "coordinates": [[[-118.65546655849887, 34.20637255571942], [-118.65092303067486, 34.20985212293944], [-118.6521868909495, 34.21476763362665], [-118.65799464925011, 34.21620341071617], [-118.6625380582336, 34.21272369956833], [-118.66127382779787, 34.207808355270785], [-118.65546655849887, 34.20637255571942]]]}, "properties": {"light_n": 9, "light_t": 1, "light_top": 62, "crime_n": 0, "crime_t": 0, "crime_top": null, "bv": "0-1", "crime_night_n": 0, "crime_night_t": 0, "crime_night_top": null, "bv_night": "0-1", "nta": "West Hills", "boro": "Los Angeles"}}, {"type": "Feature", "geometry": {"type": "Polygon", "coordinates": [[[-118.50284503485103, 34.03485839454505], [-118.49830037148539, 34.03833513975543], [-118.49955648547089, 34.04325937026441], [-118.50535763391444, 34.0447066901711], [-118.50990218221314, 34.0412297999215], [-118.50864569717575, 34.0363057348165], [-118.50284503485103, 34.03485839454505]]]}, "properties": {"light_n": 1, "light_t": 0, "light_top": 100, "crime_n": 0, "crime_t": 0, "crime_top": null, "bv": "0-0", "crime_night_n": 0, "crime_night_t": 0, "crime_night_top": null, "bv_night": "0-0", "nta": null, "boro": "Los Angeles"}}, {"type": "Feature", "geometry": {"type": "Polygon", "coordinates": [[[-118.45204427961012, 34.26184376663006], [-118.44748764852976, 34.26531702682011], [-118.44874438444734, 34.270235292777684], [-118.4545581247284, 34.27168013453993], [-118.4591146414131, 34.268206730247066], [-118.45785753225314, 34.26328862830698], [-118.45204427961012, 34.26184376663006]]]}, "properties": {"light_n": 5, "light_t": 0, "light_top": 76, "crime_n": 4, "crime_t": 0, "crime_top": 74, "bv": "0-0", "crime_night_n": 1, "crime_night_t": 0, "crime_night_top": 100, "bv_night": "0-0", "nta": "Mission Hills", "boro": "Los Angeles"}}, {"type": "Feature", "geometry": {"type": "Polygon", "coordinates": [[[-118.25099335489469, 34.0917317554877], [-118.24643307319178, 34.09520079189403], [-118.24768020377192, 34.10012876787477], [-118.25348799085081, 34.101587544977214], [-118.2580481630201, 34.09811836329089], [-118.25680065768442, 34.093190549794436], [-118.25099335489469, 34.0917317554877]]]}, "properties": {"light_n": 15, "light_t": 1, "light_top": 46, "crime_n": 3, "crime_t": 0, "crime_top": 80, "bv": "0-1", "crime_night_n": 0, "crime_night_t": 0, "crime_night_top": null, "bv_night": "0-1", "nta": "Echo Park", "boro": "Los Angeles"}}, {"type": "Feature", "geometry": {"type": "Polygon", "coordinates": [[[-118.62441065739152, 34.21250005284783], [-118.6198652195511, 34.21597868352439], [-118.62112796843074, 34.220894692675515], [-118.62693652580856, 34.222331905125046], [-118.63148184549028, 34.21885313048204], [-118.63021872599377, 34.213937287368], [-118.62441065739152, 34.21250005284783]]]}, "properties": {"light_n": 21, "light_t": 1, "light_top": 35, "crime_n": 1, "crime_t": 0, "crime_top": 100, "bv": "0-1", "crime_night_n": 0, "crime_night_t": 0, "crime_night_top": null, "bv_night": "0-1", "nta": "West Hills", "boro": "Los Angeles"}}, {"type": "Feature", "geometry": {"type": "Polygon", "coordinates": [[[-118.18462364619336, 34.06580329095081], [-118.18006094353314, 34.069270648964505], [-118.18130523966202, 34.074200864269514], [-118.18711261394319, 34.07566355971275], [-118.19167520861338, 34.07219605617323], [-118.19043053703268, 34.067266002728665], [-118.18462364619336, 34.06580329095081]]]}, "properties": {"light_n": 16, "light_t": 1, "light_top": 43, "crime_n": 8, "crime_t": 1, "crime_top": 57, "bv": "1-1", "crime_night_n": 1, "crime_night_t": 0, "crime_night_top": 100, "bv_night": "0-1", "nta": "LA-32", "boro": "Los Angeles"}}, {"type": "Feature", "geometry": {"type": "Polygon", "coordinates": [[[-118.42753534921619, 34.25114190165331], [-118.42297785728397, 34.25461455714319], [-118.42423353563196, 34.2595336986053], [-118.4300470794486, 34.26098002079448], [-118.43460445755802, 34.25750722110297], [-118.43334840571424, 34.25258824343614], [-118.42753534921619, 34.25114190165331]]]}, "properties": {"light_n": 13, "light_t": 1, "light_top": 50, "crime_n": 24, "crime_t": 2, "crime_top": 26, "bv": "2-1", "crime_night_n": 15, "crime_night_t": 2, "crime_night_top": 20, "bv_night": "2-1", "nta": "Foothill", "boro": "Los Angeles"}}, {"type": "Feature", "geometry": {"type": "Polygon", "coordinates": [[[-118.4011054259366, 34.31826605205937], [-118.39654378157509, 34.32173732228824], [-118.39779920679085, 34.32665492247039], [-118.40361665070667, 34.328101089171795], [-118.40817818170294, 34.32462967499187], [-118.40692238218938, 34.31971223807386], [-118.4011054259366, 34.31826605205937]]]}, "properties": {"light_n": 9, "light_t": 1, "light_top": 62, "crime_n": 1, "crime_t": 0, "crime_top": 100, "bv": "0-1", "crime_night_n": 0, "crime_night_t": 0, "crime_night_top": null, "bv_night": "0-1", "nta": "Sylmar", "boro": "Los Angeles"}}, {"type": "Feature", "geometry": {"type": "Polygon", "coordinates": [[[-118.44687684055432, 34.00703927930346], [-118.44233034373765, 34.01051467499947], [-118.44358401246897, 34.015440994486724], [-118.44938454966506, 34.01689175338345], [-118.45393093272372, 34.01341621240509], [-118.45267689238477, 34.008490057824474], [-118.44687684055432, 34.00703927930346]]]}, "properties": {"light_n": 4, "light_t": 0, "light_top": 81, "crime_n": 1, "crime_t": 0, "crime_top": 100, "bv": "0-0", "crime_night_n": 0, "crime_night_t": 0, "crime_night_top": null, "bv_night": "0-0", "nta": "Mar Vista", "boro": "Los Angeles"}}, {"type": "Feature", "geometry": {"type": "Polygon", "coordinates": [[[-118.29954673541774, 33.725217626629494], [-118.2950039189953, 33.7286912198817], [-118.29624882314961, 33.73362931868868], [-118.30203691543932, 33.735093659906006], [-118.30657962195956, 33.73161991976469], [-118.30533434613226, 33.7266819853073], [-118.29954673541774, 33.725217626629494]]]}, "properties": {"light_n": 7, "light_t": 1, "light_top": 69, "crime_n": 4, "crime_t": 0, "crime_top": 74, "bv": "0-1", "crime_night_n": 2, "crime_night_t": 0, "crime_night_top": 82, "bv_night": "0-1", "nta": "Northwest San Pedro", "boro": "Los Angeles"}}, {"type": "Feature", "geometry": {"type": "Polygon", "coordinates": [[[-118.45299096956064, 33.96705029101276], [-118.44844642414893, 33.970526206354975], [-118.44969987704322, 33.9754536205628], [-118.45549824665044, 33.97690495432018], [-118.46004267824894, 33.97342889352259], [-118.45878885409384, 33.968501644435094], [-118.45299096956064, 33.96705029101276]]]}, "properties": {"light_n": 19, "light_t": 1, "light_top": 38, "crime_n": 2, "crime_t": 0, "crime_top": 87, "bv": "0-1", "crime_night_n": 1, "crime_night_t": 0, "crime_night_top": 100, "bv_night": "0-1", "nta": "Venice", "boro": "Los Angeles"}}, {"type": "Feature", "geometry": {"type": "Polygon", "coordinates": [[[-118.4209825348651, 34.097415344738984], [-118.41643098267132, 34.10088920661821], [-118.41768467900376, 34.10581329968377], [-118.42349030012332, 34.10726336658806], [-118.42804173895506, 34.10378935979099], [-118.4267876700698, 34.09886543101966], [-118.4209825348651, 34.097415344738984]]]}, "properties": {"light_n": 2, "light_t": 0, "light_top": 92, "crime_n": 0, "crime_t": 0, "crime_top": null, "bv": "0-0", "crime_night_n": 0, "crime_night_t": 0, "crime_night_top": null, "bv_night": "0-0", "nta": "Bel Air-Beverly Crest", "boro": "Los Angeles"}}, {"type": "Feature", "geometry": {"type": "Polygon", "coordinates": [[[-118.50154876645627, 34.30636651750122], [-118.49699293975897, 34.30984078549783], [-118.49825207033582, 34.31475655485204], [-118.50406740053367, 34.316197891842116], [-118.50862311163058, 34.312723480047254], [-118.50736360817082, 34.307807875072754], [-118.50154876645627, 34.30636651750122]]]}, "properties": {"light_n": 16, "light_t": 1, "light_top": 43, "crime_n": 1, "crime_t": 0, "crime_top": 100, "bv": "0-1", "crime_night_n": 0, "crime_night_t": 0, "crime_night_top": null, "bv_night": "0-1", "nta": "Granada Hills North", "boro": "Los Angeles"}}, {"type": "Feature", "geometry": {"type": "Polygon", "coordinates": [[[-118.30811273675408, 33.99531568975601], [-118.30355939403317, 33.99878722703643], [-118.3048076335331, 34.00371694044455], [-118.31060958915296, 34.005174953129966], [-118.31516282124774, 34.00170327023676], [-118.31391420838908, 33.996773720283144], [-118.30811273675408, 33.99531568975601]]]}, "properties": {"light_n": 74, "light_t": 2, "light_top": 8, "crime_n": 76, "crime_t": 2, "crime_top": 7, "bv": "2-2", "crime_night_n": 29, "crime_night_t": 2, "crime_night_top": 8, "bv_night": "2-2", "nta": "Empowerment Congress Central", "boro": "Los Angeles"}}, {"type": "Feature", "geometry": {"type": "Polygon", "coordinates": [[[-118.39559213572619, 34.040333412020736], [-118.39104157000568, 34.043807054308786], [-118.39229365592398, 34.04873347134061], [-118.39809668011026, 34.050186081864354], [-118.40264713315356, 34.04671229434444], [-118.4013946747282, 34.04178604154483], [-118.39559213572619, 34.040333412020736]]]}, "properties": {"light_n": 11, "light_t": 1, "light_top": 55, "crime_n": 3, "crime_t": 0, "crime_top": 80, "bv": "0-1", "crime_night_n": 1, "crime_night_t": 0, "crime_night_top": 100, "bv_night": "0-1", "nta": "South Robertson", "boro": "Los Angeles"}}, {"type": "Feature", "geometry": {"type": "Polygon", "coordinates": [[[-118.31737318249729, 34.117612622201534], [-118.31281533478588, 34.121083333737154], [-118.31406529731977, 34.12600906321152], [-118.31987348166145, 34.12746391805685], [-118.32443121829587, 34.123993061489294], [-118.32318088170604, 34.11906749512061], [-118.31737318249729, 34.117612622201534]]]}, "properties": {"light_n": 24, "light_t": 2, "light_top": 31, "crime_n": 0, "crime_t": 0, "crime_top": null, "bv": "0-2", "crime_night_n": 0, "crime_night_t": 0, "crime_night_top": null, "bv_night": "0-2", "nta": "Hollywood United", "boro": "Los Angeles"}}, {"type": "Feature", "geometry": {"type": "Polygon", "coordinates": [[[-118.46004267824894, 33.97342889352259], [-118.45549824665044, 33.97690495432018], [-118.45675203979265, 33.98183201787734], [-118.46255063578376, 33.98328285547651], [-118.46709495339833, 33.9798066492675], [-118.46584078904615, 33.974879750882835], [-118.46004267824894, 33.97342889352259]]]}, "properties": {"light_n": 11, "light_t": 1, "light_top": 55, "crime_n": 31, "crime_t": 2, "crime_top": 20, "bv": "2-1", "crime_night_n": 24, "crime_night_t": 2, "crime_night_top": 11, "bv_night": "2-1", "nta": "Pacific", "boro": "Los Angeles"}}, {"type": "Feature", "geometry": {"type": "Polygon", "coordinates": [[[-118.47085806507944, 33.994586271220726], [-118.46631334532039, 33.99806245680079], [-118.46756778807446, 34.00298863253286], [-118.47336732183568, 34.004438457486664], [-118.47791192732579, 34.00096212661533], [-118.47665711336407, 33.99603611609358], [-118.47085806507944, 33.994586271220726]]]}, "properties": {"light_n": 12, "light_t": 1, "light_top": 52, "crime_n": 48, "crime_t": 2, "crime_top": 13, "bv": "2-1", "crime_night_n": 11, "crime_night_t": 2, "crime_night_top": 28, "bv_night": "2-1", "nta": "Pacific", "boro": "Los Angeles"}}, {"type": "Feature", "geometry": {"type": "Polygon", "coordinates": [[[-118.62769279851844, 34.20410505409735], [-118.62314787893285, 34.20758385316681], [-118.62441065739152, 34.21250005284783], [-118.63021872599377, 34.213937287368], [-118.63476352736502, 34.21045834430067], [-118.63350037838921, 34.2055423107231], [-118.62769279851844, 34.20410505409735]]]}, "properties": {"light_n": 22, "light_t": 2, "light_top": 33, "crime_n": 0, "crime_t": 0, "crime_top": null, "bv": "0-2", "crime_night_n": 0, "crime_night_t": 0, "crime_night_top": null, "bv_night": "0-2", "nta": "West Hills", "boro": "Los Angeles"}}, {"type": "Feature", "geometry": {"type": "Polygon", "coordinates": [[[-118.46664086488185, 34.127249608154656], [-118.46209051303897, 34.13072450801746], [-118.46334628761154, 34.13564667070947], [-118.46915278621515, 34.13709376887769], [-118.47370302361142, 34.13361872432708], [-118.4724468768913, 34.128696726308206], [-118.46664086488185, 34.127249608154656]]]}, "properties": {"light_n": 5, "light_t": 0, "light_top": 76, "crime_n": 4, "crime_t": 0, "crime_top": 74, "bv": "0-0", "crime_night_n": 1, "crime_night_t": 0, "crime_night_top": 100, "bv_night": "0-0", "nta": "Sherman Oaks", "boro": "Los Angeles"}}, {"type": "Feature", "geometry": {"type": "Polygon", "coordinates": [[[-118.5420444795424, 34.251949585261286], [-118.53749303637473, 34.25542551265773], [-118.5387530956367, 34.26034210663055], [-118.54456497008616, 34.261782608205266], [-118.54911629685773, 34.2583065368479], [-118.54785586561678, 34.25339010788888], [-118.5420444795424, 34.251949585261286]]]}, "properties": {"light_n": 6, "light_t": 0, "light_top": 72, "crime_n": 0, "crime_t": 0, "crime_top": null, "bv": "0-0", "crime_night_n": 0, "crime_night_t": 0, "crime_night_top": null, "bv_night": "0-0", "nta": "Northridge West", "boro": "Los Angeles"}}, {"type": "Feature", "geometry": {"type": "Polygon", "coordinates": [[[-118.3138387949678, 33.93212061369018], [-118.3092883277668, 33.93559286633563], [-118.31053608042929, 33.940524392559055], [-118.31633467319442, 33.94198350240127], [-118.32088502976607, 33.93851110386154], [-118.3196369042421, 33.9335797413861], [-118.3138387949678, 33.93212061369018]]]}, "properties": {"light_n": 2, "light_t": 0, "light_top": 92, "crime_n": 1, "crime_t": 0, "crime_top": 100, "bv": "0-0", "crime_night_n": 0, "crime_night_t": 0, "crime_night_top": null, "bv_night": "0-0", "nta": "Empowerment Congress Southwest", "boro": "Los Angeles"}}, {"type": "Feature", "geometry": {"type": "Polygon", "coordinates": [[[-118.26394889335418, 34.22875147256284], [-118.2593836824894, 34.23221962277629], [-118.26063284432087, 34.23714303911412], [-118.26644759256521, 34.23859814312822], [-118.27101269333467, 34.23512984828499], [-118.2697631559956, 34.23020659406977], [-118.26394889335418, 34.22875147256284]]]}, "properties": {"light_n": 11, "light_t": 1, "light_top": 55, "crime_n": 1, "crime_t": 0, "crime_top": 100, "bv": "0-1", "crime_night_n": 0, "crime_night_t": 0, "crime_night_top": null, "bv_night": "0-1", "nta": "Sunland-Tujunga", "boro": "Los Angeles"}}, {"type": "Feature", "geometry": {"type": "Polygon", "coordinates": [[[-118.53546116256865, 34.268734265550016], [-118.53090868184012, 34.272209851352805], [-118.53216868022258, 34.277126061598615], [-118.53798153155341, 34.2785665211727], [-118.54253389599843, 34.27509079147162], [-118.54127352543698, 34.27017474610688], [-118.53546116256865, 34.268734265550016]]]}, "properties": {"light_n": 5, "light_t": 0, "light_top": 76, "crime_n": 4, "crime_t": 0, "crime_top": 74, "bv": "0-0", "crime_night_n": 4, "crime_night_t": 1, "crime_night_top": 60, "bv_night": "1-0", "nta": "Porter Ranch", "boro": "Los Angeles"}}, {"type": "Feature", "geometry": {"type": "Polygon", "coordinates": [[[-118.42237466824164, 34.166913439869354], [-118.41782035035112, 34.17038671736005], [-118.41907488187458, 34.175308614809005], [-118.42488410432854, 34.17675707072739], [-118.42943830868428, 34.173283648640385], [-118.42818340416146, 34.16836191524348], [-118.42237466824164, 34.166913439869354]]]}, "properties": {"light_n": 35, "light_t": 2, "light_top": 22, "crime_n": 7, "crime_t": 1, "crime_top": 60, "bv": "1-2", "crime_night_n": 0, "crime_night_t": 0, "crime_night_top": null, "bv_night": "0-2", "nta": "Sherman Oaks", "boro": "Los Angeles"}}, {"type": "Feature", "geometry": {"type": "Polygon", "coordinates": [[[-118.16056267879799, 34.078208089432806], [-118.15599820947027, 34.081674639789966], [-118.15724172032537, 34.08660498996217], [-118.16305007639876, 34.08806862823521], [-118.16761443825416, 34.08460193236365], [-118.1663705515487, 34.07967174374584], [-118.16056267879799, 34.078208089432806]]]}, "properties": {"light_n": 28, "light_t": 2, "light_top": 27, "crime_n": 7, "crime_t": 1, "crime_top": 60, "bv": "1-2", "crime_night_n": 4, "crime_night_t": 1, "crime_night_top": 60, "bv_night": "1-2", "nta": "LA-32", "boro": "Los Angeles"}}, {"type": "Feature", "geometry": {"type": "Polygon", "coordinates": [[[-118.34801647707738, 34.08838712408992], [-118.34346143890427, 34.09185897821228], [-118.34471224604742, 34.096784947515445], [-118.35051846486016, 34.098238899165345], [-118.35507339132641, 34.09476689993751], [-118.35382221072719, 34.089841094177494], [-118.34801647707738, 34.08838712408992]]]}, "properties": {"light_n": 3, "light_t": 0, "light_top": 86, "crime_n": 21, "crime_t": 2, "crime_top": 29, "bv": "2-0", "crime_night_n": 7, "crime_night_t": 1, "crime_night_top": 42, "bv_night": "1-0", "nta": "Hollywood", "boro": "Los Angeles"}}, {"type": "Feature", "geometry": {"type": "Polygon", "coordinates": [[[-118.49351591724336, 34.253724132892806], [-118.48896182036212, 34.257198656355534], [-118.49022004834103, 34.262116265533805], [-118.49603274587876, 34.26355918677131], [-118.50058672744943, 34.26008451925443], [-118.4993281268337, 34.25516707456638], [-118.49351591724336, 34.253724132892806]]]}, "properties": {"light_n": 17, "light_t": 1, "light_top": 41, "crime_n": 6, "crime_t": 1, "crime_top": 65, "bv": "1-1", "crime_night_n": 3, "crime_night_t": 1, "crime_night_top": 69, "bv_night": "1-1", "nta": "Granada Hills South", "boro": "Los Angeles"}}, {"type": "Feature", "geometry": {"type": "Polygon", "coordinates": [[[-118.49112170527802, 34.137957606721955], [-118.48657221498884, 34.14143310951458], [-118.48782904397048, 34.14635439974088], [-118.49363573517627, 34.14780002229136], [-118.4981851104481, 34.14432437491041], [-118.49692790957215, 34.13940324957945], [-118.49112170527802, 34.137957606721955]]]}, "properties": {"light_n": 3, "light_t": 0, "light_top": 86, "crime_n": 1, "crime_t": 0, "crime_top": 100, "bv": "0-0", "crime_night_n": 0, "crime_night_t": 0, "crime_night_top": null, "bv_night": "0-0", "nta": "Encino", "boro": "Los Angeles"}}, {"type": "Feature", "geometry": {"type": "Polygon", "coordinates": [[[-118.51318972875876, 34.03282867814849], [-118.50864569717575, 34.0363057348165], [-118.50990218221314, 34.0412297999215], [-118.5157030697753, 34.04267664284821], [-118.52024698606418, 34.039199441152924], [-118.51899013012559, 34.03427554157027], [-118.51318972875876, 34.03282867814849]]]}, "properties": {"light_n": 4, "light_t": 0, "light_top": 81, "crime_n": 0, "crime_t": 0, "crime_top": null, "bv": "0-0", "crime_night_n": 0, "crime_night_t": 0, "crime_night_top": null, "bv_night": "0-0", "nta": null, "boro": "Los Angeles"}}, {"type": "Feature", "geometry": {"type": "Polygon", "coordinates": [[[-118.48591979669867, 34.053688627330956], [-118.48137346815273, 34.057164727022425], [-118.4826291493489, 34.062088748465676], [-118.48843153053299, 34.06353650507689], [-118.49297774435183, 34.060060260398416], [-118.4917216917542, 34.05513640410785], [-118.48591979669867, 34.053688627330956]]]}, "properties": {"light_n": 2, "light_t": 0, "light_top": 92, "crime_n": 0, "crime_t": 0, "crime_top": null, "bv": "0-0", "crime_night_n": 0, "crime_night_t": 0, "crime_night_top": null, "bv_night": "0-0", "nta": null, "boro": "Los Angeles"}}, {"type": "Feature", "geometry": {"type": "Polygon", "coordinates": [[[-118.24062551843696, 34.09374151837707], [-118.23606461009294, 34.097210237927314], [-118.23731136576778, 34.102138376272954], [-118.24311940473227, 34.10359763271578], [-118.24768020377192, 34.10012876787477], [-118.24643307319178, 34.09520079189403], [-118.24062551843696, 34.09374151837707]]]}, "properties": {"light_n": 23, "light_t": 2, "light_top": 32, "crime_n": 9, "crime_t": 1, "crime_top": 53, "bv": "1-2", "crime_night_n": 3, "crime_night_t": 1, "crime_night_top": 69, "bv_night": "1-2", "nta": "Elysian Valley Riverside", "boro": "Los Angeles"}}, {"type": "Feature", "geometry": {"type": "Polygon", "coordinates": [[[-118.66530227684001, 34.181185174883225], [-118.66076030332145, 34.1846652448264], [-118.66202425132856, 34.18958132592619], [-118.66783054275714, 34.19101717050607], [-118.67237239726903, 34.187536956540775], [-118.67110807939983, 34.18262104202972], [-118.66530227684001, 34.181185174883225]]]}, "properties": {"light_n": 4, "light_t": 0, "light_top": 81, "crime_n": 0, "crime_t": 0, "crime_top": null, "bv": "0-0", "crime_night_n": 0, "crime_night_t": 0, "crime_night_top": null, "bv_night": "0-0", "nta": "Woodland Hills-Warner Center", "boro": "Los Angeles"}}, {"type": "Feature", "geometry": {"type": "Polygon", "coordinates": [[[-118.2929503645041, 33.74204066729189], [-118.2884065201084, 33.7455139343519], [-118.28965135936727, 33.75045167201261], [-118.29544041493273, 33.751915978409016], [-118.29998414954053, 33.74844256452633], [-118.29873893841079, 33.74350499108207], [-118.2929503645041, 33.74204066729189]]]}, "properties": {"light_n": 24, "light_t": 2, "light_top": 31, "crime_n": 23, "crime_t": 2, "crime_top": 27, "bv": "2-2", "crime_night_n": 13, "crime_night_t": 2, "crime_night_top": 24, "bv_night": "2-2", "nta": "Central San Pedro", "boro": "Los Angeles"}}, {"type": "Feature", "geometry": {"type": "Polygon", "coordinates": [[[-118.19415868171951, 34.017415403476036], [-118.1895984553045, 34.02088347229801], [-118.19084257799597, 34.02581497582236], [-118.19664730214434, 34.02727824839722], [-118.20120742044855, 34.02381003384514], [-118.19996292275535, 34.018878692460646], [-118.19415868171951, 34.017415403476036]]]}, "properties": {"light_n": 83, "light_t": 2, "light_top": 6, "crime_n": 9, "crime_t": 1, "crime_top": 53, "bv": "1-2", "crime_night_n": 4, "crime_night_t": 1, "crime_night_top": 60, "bv_night": "1-2", "nta": "Boyle Heights", "boro": "Los Angeles"}}, {"type": "Feature", "geometry": {"type": "Polygon", "coordinates": [[[-118.20204430248602, 34.07019045145989], [-118.19748233312114, 34.07365827231265], [-118.198727346482, 34.078587975548736], [-118.204534704501, 34.080049695911164], [-118.20909656547536, 34.0765817295858], [-118.20785117686141, 34.071652188382956], [-118.20204430248602, 34.07019045145989]]]}, "properties": {"light_n": 47, "light_t": 2, "light_top": 16, "crime_n": 15, "crime_t": 1, "crime_top": 38, "bv": "1-2", "crime_night_n": 8, "crime_night_t": 1, "crime_night_top": 37, "bv_night": "1-2", "nta": "Lincoln Heights", "boro": "Los Angeles"}}, {"type": "Feature", "geometry": {"type": "Polygon", "coordinates": [[[-118.45157801659363, 34.06816947340726], [-118.4470292774171, 34.07164446780826], [-118.4482838123593, 34.076568796332175], [-118.45408745847128, 34.07801796573644], [-118.45863608365974, 34.07454282634504], [-118.45738117676481, 34.06961866255191], [-118.45157801659363, 34.06816947340726]]]}, "properties": {"light_n": 6, "light_t": 0, "light_top": 72, "crime_n": 2, "crime_t": 0, "crime_top": 87, "bv": "0-0", "crime_night_n": 1, "crime_night_t": 0, "crime_night_top": 100, "bv_night": "0-0", "nta": "Westwood", "boro": "Los Angeles"}}, {"type": "Feature", "geometry": {"type": "Polygon", "coordinates": [[[-118.38981004115477, 34.27399932049204], [-118.38524961497085, 34.277470679510415], [-118.38650410825844, 34.282389927087486], [-118.39231940192016, 34.283837652351295], [-118.39687971508329, 34.28036614915849], [-118.39562484764616, 34.27544706488855], [-118.38981004115477, 34.27399932049204]]]}, "properties": {"light_n": 68, "light_t": 2, "light_top": 9, "crime_n": 5, "crime_t": 1, "crime_top": 69, "bv": "1-2", "crime_night_n": 4, "crime_night_t": 1, "crime_night_top": 60, "bv_night": "1-2", "nta": "Foothills Trails District", "boro": "Los Angeles"}}, {"type": "Feature", "geometry": {"type": "Polygon", "coordinates": [[[-118.5552045258554, 34.21837588371033], [-118.55065515685318, 34.22185249155666], [-118.55191533744234, 34.226769850666564], [-118.55772525865382, 34.228210436662906], [-118.56227451103518, 34.22473368473011], [-118.56101395886674, 34.21981649089955], [-118.5552045258554, 34.21837588371033]]]}, "properties": {"light_n": 12, "light_t": 1, "light_top": 52, "crime_n": 5, "crime_t": 1, "crime_top": 69, "bv": "1-1", "crime_night_n": 3, "crime_night_t": 1, "crime_night_top": 69, "bv_night": "1-1", "nta": "Northridge South", "boro": "Los Angeles"}}, {"type": "Feature", "geometry": {"type": "Polygon", "coordinates": [[[-118.57691260262523, 34.26058782036619], [-118.57236266376538, 34.26406466427506], [-118.57362414995336, 34.26898021428952], [-118.57943594661387, 34.27041875505491], [-118.58398576827737, 34.266941767298064], [-118.58272391051754, 34.262026382635916], [-118.57691260262523, 34.26058782036619]]]}, "properties": {"light_n": 18, "light_t": 1, "light_top": 39, "crime_n": 4, "crime_t": 0, "crime_top": 74, "bv": "0-1", "crime_night_n": 1, "crime_night_t": 0, "crime_night_top": 100, "bv_night": "0-1", "nta": "Chatsworth", "boro": "Los Angeles"}}, {"type": "Feature", "geometry": {"type": "Polygon", "coordinates": [[[-118.26798296106605, 34.07292578501805], [-118.26342434061023, 34.07639548012381], [-118.26467191184774, 34.08132367050746], [-118.27047847798742, 34.082782003061006], [-118.27503698856468, 34.079312162621854], [-118.27378904292112, 34.07438413497486], [-118.26798296106605, 34.07292578501805]]]}, "properties": {"light_n": 97, "light_t": 2, "light_top": 4, "crime_n": 33, "crime_t": 2, "crime_top": 19, "bv": "2-2", "crime_night_n": 20, "crime_night_t": 2, "crime_night_top": 14, "bv_night": "2-2", "nta": "Echo Park", "boro": "Los Angeles"}}, {"type": "Feature", "geometry": {"type": "Polygon", "coordinates": [[[-118.45910758135396, 34.09771278822787], [-118.45455803588649, 34.10118773603226], [-118.45581319043599, 34.10611098289866], [-118.4616182625437, 34.10755911727081], [-118.46616769379398, 34.104084024627454], [-118.4649121671943, 34.09916094246305], [-118.45910758135396, 34.09771278822787]]]}, "properties": {"light_n": 4, "light_t": 0, "light_top": 81, "crime_n": 0, "crime_t": 0, "crime_top": null, "bv": "0-0", "crime_night_n": 0, "crime_night_t": 0, "crime_night_top": null, "bv_night": "0-0", "nta": "Bel Air-Beverly Crest", "boro": "Los Angeles"}}, {"type": "Feature", "geometry": {"type": "Polygon", "coordinates": [[[-118.53764882821125, 34.04353756493265], [-118.53310565982818, 34.047015222836066], [-118.53436319652498, 34.051938417332266], [-118.54016427229334, 34.05338378819283], [-118.54470732481333, 34.04990598536238], [-118.54344941746862, 34.044982956610454], [-118.53764882821125, 34.04353756493265]]]}, "properties": {"light_n": 4, "light_t": 0, "light_top": 81, "crime_n": 1, "crime_t": 0, "crime_top": 100, "bv": "0-0", "crime_night_n": 1, "crime_night_t": 0, "crime_night_top": 100, "bv_night": "0-0", "nta": "West LA", "boro": "Los Angeles"}}, {"type": "Feature", "geometry": {"type": "Polygon", "coordinates": [[[-118.43933300657143, 34.1480965910802], [-118.43478035589074, 34.15157052379648], [-118.43603532313696, 34.156492636724096], [-118.44184331375324, 34.15794065264421], [-118.44639585055697, 34.154466575279955], [-118.44514051066196, 34.14954462665574], [-118.43933300657143, 34.1480965910802]]]}, "properties": {"light_n": 19, "light_t": 1, "light_top": 38, "crime_n": 13, "crime_t": 1, "crime_top": 42, "bv": "1-1", "crime_night_n": 6, "crime_night_t": 1, "crime_night_top": 46, "bv_night": "1-1", "nta": "Sherman Oaks", "boro": "Los Angeles"}}, {"type": "Feature", "geometry": {"type": "Polygon", "coordinates": [[[-118.27271605157951, 33.7692806776886], [-118.26817004091396, 33.77275314287194], [-118.26941441024255, 33.777690501236435], [-118.27520516259311, 33.77915523053278], [-118.27975106386951, 33.77568261861588], [-118.27850632222453, 33.77074542414838], [-118.27271605157951, 33.7692806776886]]]}, "properties": {"light_n": 12, "light_t": 1, "light_top": 52, "crime_n": 30, "crime_t": 2, "crime_top": 20, "bv": "2-1", "crime_night_n": 11, "crime_night_t": 2, "crime_night_top": 28, "bv_night": "2-1", "nta": "Harbor", "boro": "Los Angeles"}}, {"type": "Feature", "geometry": {"type": "Polygon", "coordinates": [[[-118.27975106386951, 33.77568261861588], [-118.27520516259311, 33.77915523053278], [-118.27644987162783, 33.78409224354307], [-118.28224085424594, 33.78555648069847], [-118.28678664596346, 33.7820837220915], [-118.28554156466184, 33.77714687303138], [-118.27975106386951, 33.77568261861588]]]}, "properties": {"light_n": 5, "light_t": 0, "light_top": 76, "crime_n": 10, "crime_t": 1, "crime_top": 49, "bv": "1-0", "crime_night_n": 7, "crime_night_t": 1, "crime_night_top": 42, "bv_night": "1-0", "nta": "Harbor", "boro": "Los Angeles"}}, {"type": "Feature", "geometry": {"type": "Polygon", "coordinates": [[[-118.43320364259014, 34.18804776028391], [-118.42864903383379, 34.191521156225406], [-118.42990421714849, 34.196442154902144], [-118.4357143822576, 34.19788959355983], [-118.44026887719289, 34.194416053140664], [-118.43901332088072, 34.18949521855368], [-118.43320364259014, 34.18804776028391]]]}, "properties": {"light_n": 20, "light_t": 1, "light_top": 36, "crime_n": 10, "crime_t": 1, "crime_top": 49, "bv": "1-1", "crime_night_n": 4, "crime_night_t": 1, "crime_night_top": 60, "bv_night": "1-1", "nta": "Greater Valley Glen", "boro": "Los Angeles"}}, {"type": "Feature", "geometry": {"type": "Polygon", "coordinates": [[[-118.19830947002708, 34.05540023894013], [-118.19374790945054, 34.05886808584647], [-118.19499261461698, 34.063798327391275], [-118.20079925560276, 34.065260559995444], [-118.20536070790155, 34.061792567541495], [-118.20411562753252, 34.05686248804333], [-118.19830947002708, 34.05540023894013]]]}, "properties": {"light_n": 48, "light_t": 2, "light_top": 15, "crime_n": 22, "crime_t": 2, "crime_top": 28, "bv": "2-2", "crime_night_n": 10, "crime_night_t": 2, "crime_night_top": 31, "bv_night": "2-2", "nta": "Hollenbeck", "boro": "Los Angeles"}}, {"type": "Feature", "geometry": {"type": "Polygon", "coordinates": [[[-118.41484884016268, 34.13737819890885], [-118.41029533123793, 34.14085152753398], [-118.41154924281133, 34.14577451181465], [-118.41735703625125, 34.147224003401746], [-118.42191043187024, 34.14375053002981], [-118.42065614739565, 34.138827709829776], [-118.41484884016268, 34.13737819890885]]]}, "properties": {"light_n": 7, "light_t": 1, "light_top": 69, "crime_n": 13, "crime_t": 1, "crime_top": 42, "bv": "1-1", "crime_night_n": 5, "crime_night_t": 1, "crime_night_top": 51, "bv_night": "1-1", "nta": "N Hollywood", "boro": "Los Angeles"}}, {"type": "Feature", "geometry": {"type": "Polygon", "coordinates": [[[-118.4440361668282, 34.209177466487155], [-118.43948126758566, 34.21265098035058], [-118.44073710296183, 34.21757107883608], [-118.44654821061664, 34.21901749934303], [-118.45110299575161, 34.215543841120514], [-118.44984678738001, 34.21062390676235], [-118.4440361668282, 34.209177466487155]]]}, "properties": {"light_n": 8, "light_t": 1, "light_top": 65, "crime_n": 25, "crime_t": 2, "crime_top": 25, "bv": "2-1", "crime_night_n": 5, "crime_night_t": 1, "crime_night_top": 51, "bv_night": "1-1", "nta": "Mission", "boro": "Los Angeles"}}, {"type": "Feature", "geometry": {"type": "Polygon", "coordinates": [[[-118.49866503656835, 34.16748267880399], [-118.49411474078077, 34.17095813237893], [-118.49537219060419, 34.175878334719776], [-118.50118030824729, 34.177322918631646], [-118.50573048878746, 34.17384732061938], [-118.50447266697266, 34.16892728314469], [-118.49866503656835, 34.16748267880399]]]}, "properties": {"light_n": 4, "light_t": 0, "light_top": 81, "crime_n": 7, "crime_t": 1, "crime_top": 60, "bv": "1-0", "crime_night_n": 4, "crime_night_t": 1, "crime_night_top": 60, "bv_night": "1-0", "nta": "West Valley", "boro": "Los Angeles"}}, {"type": "Feature", "geometry": {"type": "Polygon", "coordinates": [[[-118.45346085410135, 33.99023479057498], [-118.44891539005147, 33.99371051927981], [-118.45016912106017, 33.99863721119162], [-118.4559686875679, 34.000088009371154], [-118.46051403774673, 33.99661213531948], [-118.45925993532929, 33.991685608447234], [-118.45346085410135, 33.99023479057498]]]}, "properties": {"light_n": 24, "light_t": 2, "light_top": 31, "crime_n": 24, "crime_t": 2, "crime_top": 26, "bv": "2-2", "crime_night_n": 5, "crime_night_t": 1, "crime_night_top": 51, "bv_night": "1-2", "nta": "Venice", "boro": "Los Angeles"}}, {"type": "Feature", "geometry": {"type": "Polygon", "coordinates": [[[-118.59991641186124, 34.20183095557427], [-118.5953701024077, 34.20530898555949], [-118.59663179824656, 34.21022587338084], [-118.60244017445261, 34.21166456541216], [-118.6069863663185, 34.20818639135936], [-118.60572429960682, 34.203269669354896], [-118.59991641186124, 34.20183095557427]]]}, "properties": {"light_n": 18, "light_t": 1, "light_top": 39, "crime_n": 17, "crime_t": 1, "crime_top": 35, "bv": "1-1", "crime_night_n": 7, "crime_night_t": 1, "crime_night_top": 42, "bv_night": "1-1", "nta": "Canoga Park", "boro": "Los Angeles"}}, {"type": "Feature", "geometry": {"type": "Polygon", "coordinates": [[[-118.63476352736502, 34.21045834430067], [-118.63021872599377, 34.213937287368], [-118.63148184549028, 34.21885313048204], [-118.637290136864, 34.22028986438613], [-118.6418348198492, 34.216810777365176], [-118.64057132988763, 34.21189510040579], [-118.63476352736502, 34.21045834430067]]]}, "properties": {"light_n": 15, "light_t": 1, "light_top": 46, "crime_n": 0, "crime_t": 0, "crime_top": null, "bv": "0-1", "crime_night_n": 0, "crime_night_t": 0, "crime_night_top": null, "bv_night": "0-1", "nta": "West Hills", "boro": "Los Angeles"}}, {"type": "Feature", "geometry": {"type": "Polygon", "coordinates": [[[-118.26208585730915, 33.942175952366135], [-118.25753226093526, 33.94564663734347], [-118.25877814705109, 33.95057898051548], [-118.26457800318876, 33.95204047557169], [-118.26913149007332, 33.948569644646454], [-118.26788523034972, 33.94363746462516], [-118.26208585730915, 33.942175952366135]]]}, "properties": {"light_n": 63, "light_t": 2, "light_top": 11, "crime_n": 85, "crime_t": 2, "crime_top": 5, "bv": "2-2", "crime_night_n": 25, "crime_night_t": 2, "crime_night_top": 11, "bv_night": "2-2", "nta": "Southeast", "boro": "Los Angeles"}}, {"type": "Feature", "geometry": {"type": "Polygon", "coordinates": [[[-118.33416605559371, 34.269345689369075], [-118.32960287979903, 34.27281548819771], [-118.33085518988824, 34.277736098484155], [-118.33667105066739, 34.27918674722618], [-118.34123411470358, 34.27571680409034], [-118.33998142975975, 34.27079635653199], [-118.33416605559371, 34.269345689369075]]]}, "properties": {"light_n": 5, "light_t": 0, "light_top": 76, "crime_n": 1, "crime_t": 0, "crime_top": 100, "bv": "0-0", "crime_night_n": 0, "crime_night_t": 0, "crime_night_top": null, "bv_night": "0-0", "nta": "Foothills Trails District", "boro": "Los Angeles"}}, {"type": "Feature", "geometry": {"type": "Polygon", "coordinates": [[[-118.1879415020115, 34.05740535769975], [-118.18337931637882, 34.060872887479064], [-118.18462364619336, 34.06580329095081], [-118.19043053703268, 34.067266002728665], [-118.19499261461698, 34.063798327391275], [-118.19374790945054, 34.05886808584647], [-118.1879415020115, 34.05740535769975]]]}, "properties": {"light_n": 35, "light_t": 2, "light_top": 22, "crime_n": 5, "crime_t": 1, "crime_top": 69, "bv": "1-2", "crime_night_n": 2, "crime_night_t": 0, "crime_night_top": 82, "bv_night": "0-2", "nta": "LA-32", "boro": "Los Angeles"}}, {"type": "Feature", "geometry": {"type": "Polygon", "coordinates": [[[-118.50950457545983, 34.18860634344479], [-118.50495399225446, 34.192081916269466], [-118.50621209403353, 34.19700121864251], [-118.51202115104712, 34.198444783299756], [-118.51657161871822, 34.19496906615693], [-118.51531314495067, 34.19004992868714], [-118.50950457545983, 34.18860634344479]]]}, "properties": {"light_n": 32, "light_t": 2, "light_top": 24, "crime_n": 11, "crime_t": 1, "crime_top": 46, "bv": "1-2", "crime_night_n": 3, "crime_night_t": 1, "crime_night_top": 69, "bv_night": "1-2", "nta": "Lake Balboa", "boro": "Los Angeles"}}, {"type": "Feature", "geometry": {"type": "Polygon", "coordinates": [[[-118.31671988349919, 34.26499172709711], [-118.312155965847, 34.268461063115666], [-118.31340755835541, 34.273382191023714], [-118.31922344361239, 34.274833820368634], [-118.3237872499079, 34.27136433998847], [-118.32253528234364, 34.26644337463733], [-118.31671988349919, 34.26499172709711]]]}, "properties": {"light_n": 3, "light_t": 0, "light_top": 86, "crime_n": 3, "crime_t": 0, "crime_top": 80, "bv": "0-0", "crime_night_n": 0, "crime_night_t": 0, "crime_night_top": null, "bv_night": "0-0", "nta": "Sunland-Tujunga", "boro": "Los Angeles"}}, {"type": "Feature", "geometry": {"type": "Polygon", "coordinates": [[[-118.51608789219136, 34.17181551402987], [-118.51153834507495, 34.17529142578846], [-118.51279650814062, 34.180211108433284], [-118.51860459015221, 34.181654714295576], [-118.52315402162168, 34.178178658155666], [-118.52189548676716, 34.17325914054691], [-118.51608789219136, 34.17181551402987]]]}, "properties": {"light_n": 11, "light_t": 1, "light_top": 55, "crime_n": 3, "crime_t": 0, "crime_top": 80, "bv": "0-1", "crime_night_n": 1, "crime_night_t": 0, "crime_night_top": 100, "bv_night": "0-1", "nta": "Encino", "boro": "Los Angeles"}}, {"type": "Feature", "geometry": {"type": "Polygon", "coordinates": [[[-118.53216868022258, 34.277126061598615], [-118.52761568059407, 34.28060147626248], [-118.52887564848274, 34.28551749435533], [-118.5346889883198, 34.286957932981764], [-118.53924187172115, 34.283482374450855], [-118.53798153155341, 34.2785665211727], [-118.53216868022258, 34.277126061598615]]]}, "properties": {"light_n": 15, "light_t": 1, "light_top": 46, "crime_n": 1, "crime_t": 0, "crime_top": 100, "bv": "0-1", "crime_night_n": 0, "crime_night_t": 0, "crime_night_top": null, "bv_night": "0-1", "nta": "Porter Ranch", "boro": "Los Angeles"}}, {"type": "Feature", "geometry": {"type": "Polygon", "coordinates": [[[-118.46288659063492, 34.28295993939403], [-118.4583296695366, 34.2864333154582], [-118.45958705842058, 34.29135067656757], [-118.46540174168379, 34.29279449757018], [-118.46995854809923, 34.28932097752141], [-118.46870078597512, 34.284403780466846], [-118.46288659063492, 34.28295993939403]]]}, "properties": {"light_n": 5, "light_t": 0, "light_top": 76, "crime_n": 0, "crime_t": 0, "crime_top": null, "bv": "0-0", "crime_night_n": 0, "crime_night_t": 0, "crime_night_top": null, "bv_night": "0-0", "nta": "Sylmar", "boro": "Los Angeles"}}, {"type": "Feature", "geometry": {"type": "Polygon", "coordinates": [[[-118.46665947271333, 34.29771150207353], [-118.46210214718018, 34.30118484957489], [-118.46335984707892, 34.30610166133415], [-118.46917524584065, 34.30754496156406], [-118.47373245657566, 34.30407147015283], [-118.47247438338788, 34.299154822433756], [-118.46665947271333, 34.29771150207353]]]}, "properties": {"light_n": 26, "light_t": 2, "light_top": 29, "crime_n": 10, "crime_t": 1, "crime_top": 49, "bv": "1-2", "crime_night_n": 1, "crime_night_t": 0, "crime_night_top": 100, "bv_night": "0-2", "nta": "Sylmar", "boro": "Los Angeles"}}, {"type": "Feature", "geometry": {"type": "Polygon", "coordinates": [[[-118.45816478077712, 34.05136976140165], [-118.45361707549618, 34.054845091293345], [-118.45487167269455, 34.05976979495603], [-118.46067434696796, 34.06121900387548], [-118.46522193814772, 34.057743528929315], [-118.4639669691958, 34.05281899013029], [-118.45816478077712, 34.05136976140165]]]}, "properties": {"light_n": 4, "light_t": 0, "light_top": 81, "crime_n": 4, "crime_t": 0, "crime_top": 74, "bv": "0-0", "crime_night_n": 1, "crime_night_t": 0, "crime_night_top": 100, "bv_night": "0-0", "nta": "West LA", "boro": "Los Angeles"}}, {"type": "Feature", "geometry": {"type": "Polygon", "coordinates": [[[-118.42897259291027, 34.150122009406765], [-118.42441931076841, 34.15359562748199], [-118.4256739052151, 34.158517904594525], [-118.43148215464376, 34.15996639945911], [-118.43603532313696, 34.156492636724096], [-118.43478035589074, 34.15157052379648], [-118.42897259291027, 34.150122009406765]]]}, "properties": {"light_n": 15, "light_t": 1, "light_top": 46, "crime_n": 7, "crime_t": 1, "crime_top": 60, "bv": "1-1", "crime_night_n": 4, "crime_night_t": 1, "crime_night_top": 60, "bv_night": "1-1", "nta": "Sherman Oaks", "boro": "Los Angeles"}}, {"type": "Feature", "geometry": {"type": "Polygon", "coordinates": [[[-118.4214968953958, 33.94993156776044], [-118.4169513805334, 33.95340673507246], [-118.41820344119726, 33.95833536499232], [-118.42400138832667, 33.9597886627676], [-118.42854679011475, 33.95631334985713], [-118.42729435788807, 33.951384884781945], [-118.4214968953958, 33.94993156776044]]]}, "properties": {"light_n": 8, "light_t": 1, "light_top": 65, "crime_n": 1, "crime_t": 0, "crime_top": 100, "bv": "0-1", "crime_night_n": 0, "crime_night_t": 0, "crime_night_top": null, "bv_night": "0-1", "nta": "Westchester/Playa", "boro": "Los Angeles"}}, {"type": "Feature", "geometry": {"type": "Polygon", "coordinates": [[[-118.4322366540099, 34.31218744914238], [-118.42767690853245, 34.31565967255928], [-118.42893345618754, 34.32057678259387], [-118.43475012320458, 34.32202150560462], [-118.43930975462835, 34.31854913827266], [-118.43805283312957, 34.313632191857245], [-118.4322366540099, 34.31218744914238]]]}, "properties": {"light_n": 21, "light_t": 1, "light_top": 35, "crime_n": 6, "crime_t": 1, "crime_top": 65, "bv": "1-1", "crime_night_n": 1, "crime_night_t": 0, "crime_night_top": 100, "bv_night": "0-1", "nta": "Sylmar", "boro": "Los Angeles"}}, {"type": "Feature", "geometry": {"type": "Polygon", "coordinates": [[[-118.24500791283059, 33.766890324161565], [-118.2404605465677, 33.77036202019797], [-118.24170383102664, 33.77530005106175], [-118.24749485445112, 33.776766222297226], [-118.2520421119489, 33.773294379463216], [-118.25079845482728, 33.76835651220354], [-118.24500791283059, 33.766890324161565]]]}, "properties": {"light_n": 2, "light_t": 0, "light_top": 92, "crime_n": 7, "crime_t": 1, "crime_top": 60, "bv": "1-0", "crime_night_n": 1, "crime_night_t": 0, "crime_night_top": 100, "bv_night": "0-0", "nta": "Harbor", "boro": "Los Angeles"}}, {"type": "Feature", "geometry": {"type": "Polygon", "coordinates": [[[-118.35401967713537, 34.21899555732828], [-118.34945961351255, 34.222466396143325], [-118.35071211733545, 34.227388157864276], [-118.35652505907495, 34.2288389176558], [-118.36108501059364, 34.22536793434446], [-118.3598321325175, 34.22044633575016], [-118.35401967713537, 34.21899555732828]]]}, "properties": {"light_n": 12, "light_t": 1, "light_top": 52, "crime_n": 1, "crime_t": 0, "crime_top": 100, "bv": "0-1", "crime_night_n": 0, "crime_night_t": 0, "crime_night_top": null, "bv_night": "0-1", "nta": "Sun Valley Area", "boro": "Los Angeles"}}, {"type": "Feature", "geometry": {"type": "Polygon", "coordinates": [[[-118.25430595569007, 34.08333438315678], [-118.24974619124546, 34.08680359089963], [-118.25099335489469, 34.0917317554877], [-118.25680065768442, 34.093190549794436], [-118.26136031253743, 34.08972119673949], [-118.26011277423258, 34.08479319470222], [-118.25430595569007, 34.08333438315678]]]}, "properties": {"light_n": 10, "light_t": 1, "light_top": 58, "crime_n": 6, "crime_t": 1, "crime_top": 65, "bv": "1-1", "crime_night_n": 1, "crime_night_t": 0, "crime_night_top": 100, "bv_night": "0-1", "nta": "Echo Park", "boro": "Los Angeles"}}, {"type": "Feature", "geometry": {"type": "Polygon", "coordinates": [[[-118.46145734095634, 34.04296937316733], [-118.45691015250468, 34.046444870461166], [-118.45816478077712, 34.05136976140165], [-118.4639669691958, 34.05281899013029], [-118.46851404348975, 34.04934334774992], [-118.46725904356326, 34.04441862173957], [-118.46145734095634, 34.04296937316733]]]}, "properties": {"light_n": 7, "light_t": 1, "light_top": 69, "crime_n": 16, "crime_t": 1, "crime_top": 36, "bv": "1-1", "crime_night_n": 11, "crime_night_t": 2, "crime_night_top": 28, "bv_night": "2-1", "nta": "West LA", "boro": "Los Angeles"}}, {"type": "Feature", "geometry": {"type": "Polygon", "coordinates": [[[-118.2351835991054, 33.98619548985764], [-118.23062679688117, 33.98966501641755], [-118.23187214381997, 33.99459659317304], [-118.2376746672782, 33.99605848068241], [-118.24223136053065, 33.99258880832657], [-118.24098563933686, 33.987657394269576], [-118.2351835991054, 33.98619548985764]]]}, "properties": {"light_n": 11, "light_t": 1, "light_top": 55, "crime_n": 8, "crime_t": 1, "crime_top": 57, "bv": "1-1", "crime_night_n": 4, "crime_night_t": 1, "crime_night_top": 60, "bv_night": "1-1", "nta": "Central Alameda", "boro": "Los Angeles"}}, {"type": "Feature", "geometry": {"type": "Polygon", "coordinates": [[[-118.29799698632205, 33.82650744870956], [-118.29344998013377, 33.82998015295881], [-118.29469595083475, 33.834915235619206], [-118.30048930012994, 33.836377450079745], [-118.30503619625179, 33.8329045994135], [-118.30378985318492, 33.827969680715896], [-118.29799698632205, 33.82650744870956]]]}, "properties": {"light_n": 7, "light_t": 1, "light_top": 69, "crime_n": 7, "crime_t": 1, "crime_top": 60, "bv": "1-1", "crime_night_n": 3, "crime_night_t": 1, "crime_night_top": 69, "bv_night": "1-1", "nta": "Harbor Gateway South", "boro": "Los Angeles"}}, {"type": "Feature", "geometry": {"type": "Polygon", "coordinates": [[[-118.32334287970014, 34.24820970047908], [-118.3187799996819, 34.25167938440311], [-118.32003165724225, 34.25660089677507], [-118.32584656971666, 34.25805256254555], [-118.33040933826258, 34.254582734196944], [-118.32915730584699, 34.24966138451475], [-118.32334287970014, 34.24820970047908]]]}, "properties": {"light_n": 7, "light_t": 1, "light_top": 69, "crime_n": 0, "crime_t": 0, "crime_top": null, "bv": "0-1", "crime_night_n": 0, "crime_night_t": 0, "crime_night_top": null, "bv_night": "0-1", "nta": "Sunland-Tujunga", "boro": "Los Angeles"}}, {"type": "Feature", "geometry": {"type": "Polygon", "coordinates": [[[-118.54435580926494, 34.19726296283767], [-118.5398067257661, 34.20073945185836], [-118.54106625395937, 34.20565771339534], [-118.54687523727499, 34.2070993206811], [-118.55142420444032, 34.20362268745462], [-118.5501643046643, 34.198704591160265], [-118.54435580926494, 34.19726296283767]]]}, "properties": {"light_n": 8, "light_t": 1, "light_top": 65, "crime_n": 17, "crime_t": 1, "crime_top": 35, "bv": "1-1", "crime_night_n": 4, "crime_night_t": 1, "crime_night_top": 60, "bv_night": "1-1", "nta": "West Valley", "boro": "Los Angeles"}}, {"type": "Feature", "geometry": {"type": "Polygon", "coordinates": [[[-118.60142032367851, 34.27125497067002], [-118.59687125581766, 34.27473241620857], [-118.59813379664203, 34.27964708624333], [-118.60394577668407, 34.28108414517903], [-118.6084947267766, 34.277606555893215], [-118.60723181463625, 34.27269205143104], [-118.60142032367851, 34.27125497067002]]]}, "properties": {"light_n": 1, "light_t": 0, "light_top": 100, "crime_n": 0, "crime_t": 0, "crime_top": null, "bv": "0-0", "crime_night_n": 0, "crime_night_t": 0, "crime_night_top": null, "bv_night": "0-0", "nta": "Chatsworth", "boro": "Los Angeles"}}, {"type": "Feature", "geometry": {"type": "Polygon", "coordinates": [[[-118.50998702086267, 34.211758034268435], [-118.50543551667195, 34.21523341150093], [-118.50669389853913, 34.220151977311204], [-118.51250415677457, 34.221595001078946], [-118.51705554537212, 34.21811947963513], [-118.5157967913681, 34.21320107864704], [-118.50998702086267, 34.211758034268435]]]}, "properties": {"light_n": 2, "light_t": 0, "light_top": 92, "crime_n": 3, "crime_t": 0, "crime_top": 80, "bv": "0-0", "crime_night_n": 3, "crime_night_t": 1, "crime_night_top": 69, "bv_night": "1-0", "nta": "West Valley", "boro": "Los Angeles"}}, {"type": "Feature", "geometry": {"type": "Polygon", "coordinates": [[[-118.51753967227722, 34.241266747540294], [-118.51298736238121, 34.24474207220249], [-118.514246366132, 34.24965954386224], [-118.5200580520534, 34.25110152607924], [-118.5246102461254, 34.24762605735614], [-118.52335087014083, 34.242708750489115], [-118.51753967227722, 34.241266747540294]]]}, "properties": {"light_n": 9, "light_t": 1, "light_top": 62, "crime_n": 8, "crime_t": 1, "crime_top": 57, "bv": "1-1", "crime_night_n": 4, "crime_night_t": 1, "crime_night_top": 60, "bv_night": "1-1", "nta": "Northridge East", "boro": "Los Angeles"}}, {"type": "Feature", "geometry": {"type": "Polygon", "coordinates": [[[-118.54911629685773, 34.2583065368479], [-118.54456497008616, 34.261782608205266], [-118.54582537100538, 34.26669884546363], [-118.55163747066428, 34.268138846311466], [-118.55618868086775, 34.26466263103701], [-118.55492790802126, 34.25974655884395], [-118.54911629685773, 34.2583065368479]]]}, "properties": {"light_n": 5, "light_t": 0, "light_top": 76, "crime_n": 5, "crime_t": 1, "crime_top": 69, "bv": "1-0", "crime_night_n": 0, "crime_night_t": 0, "crime_night_top": null, "bv_night": "0-0", "nta": "Northridge West", "boro": "Los Angeles"}}, {"type": "Feature", "geometry": {"type": "Polygon", "coordinates": [[[-118.18752592401349, 34.03421419009194], [-118.1829646642072, 34.03768191705024], [-118.18420871965736, 34.04261304586086], [-118.19001441015543, 34.0440762857187], [-118.19457556196755, 34.040608413095], [-118.19333113131596, 34.0356774462912], [-118.18752592401349, 34.03421419009194]]]}, "properties": {"light_n": 7, "light_t": 1, "light_top": 69, "crime_n": 2, "crime_t": 0, "crime_top": 87, "bv": "0-1", "crime_night_n": 1, "crime_night_t": 0, "crime_night_top": 100, "bv_night": "0-1", "nta": "Boyle Heights", "boro": "Los Angeles"}}, {"type": "Feature", "geometry": {"type": "Polygon", "coordinates": [[[-118.30965309080737, 34.25861826012557], [-118.30508906197048, 34.262087451739625], [-118.3063403119169, 34.26700893448075], [-118.312155965847, 34.268461063115666], [-118.31671988349919, 34.26499172709711], [-118.31546825844654, 34.26007040686048], [-118.30965309080737, 34.25861826012557]]]}, "properties": {"light_n": 7, "light_t": 1, "light_top": 69, "crime_n": 13, "crime_t": 1, "crime_top": 42, "bv": "1-1", "crime_night_n": 0, "crime_night_t": 0, "crime_night_top": null, "bv_night": "0-1", "nta": "Foothill", "boro": "Los Angeles"}}, {"type": "Feature", "geometry": {"type": "Polygon", "coordinates": [[[-118.23466975427634, 33.768895357186665], [-118.23012176513501, 33.772366741727765], [-118.23136467678293, 33.777304936075765], [-118.23715595042314, 33.77877158241067], [-118.24170383102664, 33.77530005106175], [-118.2404605465677, 33.77036202019797], [-118.23466975427634, 33.768895357186665]]]}, "properties": {"light_n": 4, "light_t": 0, "light_top": 81, "crime_n": 0, "crime_t": 0, "crime_top": null, "bv": "0-0", "crime_night_n": 0, "crime_night_t": 0, "crime_night_top": null, "bv_night": "0-0", "nta": "Wilmington", "boro": "Los Angeles"}}, {"type": "Feature", "geometry": {"type": "Polygon", "coordinates": [[[-118.54813510678105, 34.21201722649443], [-118.54358562132971, 34.21549369021036], [-118.54484546052991, 34.22041140534933], [-118.55065515685318, 34.22185249155666], [-118.5552045258554, 34.21837588371033], [-118.55394431502427, 34.21345833379918], [-118.54813510678105, 34.21201722649443]]]}, "properties": {"light_n": 6, "light_t": 0, "light_top": 72, "crime_n": 21, "crime_t": 2, "crime_top": 29, "bv": "2-0", "crime_night_n": 13, "crime_night_t": 2, "crime_night_top": 24, "bv_night": "2-0", "nta": "West Valley", "boro": "Los Angeles"}}, {"type": "Feature", "geometry": {"type": "Polygon", "coordinates": [[[-118.40817818170294, 34.32462967499187], [-118.40361665070667, 34.328101089171795], [-118.40487241851541, 34.333018332628164], [-118.410690091608, 34.334463998600725], [-118.41525150906675, 34.330992440512894], [-118.41399536701118, 34.32607536037268], [-118.40817818170294, 34.32462967499187]]]}, "properties": {"light_n": 22, "light_t": 2, "light_top": 33, "crime_n": 0, "crime_t": 0, "crime_top": null, "bv": "0-2", "crime_night_n": 0, "crime_night_t": 0, "crime_night_top": null, "bv_night": "0-2", "nta": "Sylmar", "boro": "Los Angeles"}}, {"type": "Feature", "geometry": {"type": "Polygon", "coordinates": [[[-118.37818446178082, 34.035973575025636], [-118.37363315450627, 34.039446758462105], [-118.37488452682231, 34.04437369089423], [-118.38068757916095, 34.045827275841134], [-118.3852387741572, 34.0423539471179], [-118.38398702913351, 34.03742717874672], [-118.37818446178082, 34.035973575025636]]]}, "properties": {"light_n": 70, "light_t": 2, "light_top": 9, "crime_n": 38, "crime_t": 2, "crime_top": 17, "bv": "2-2", "crime_night_n": 13, "crime_night_t": 2, "crime_night_top": 24, "bv_night": "2-2", "nta": "South Robertson", "boro": "Los Angeles"}}, {"type": "Feature", "geometry": {"type": "Polygon", "coordinates": [[[-118.49399535431257, 34.27686799648302], [-118.48944033499566, 34.280342320832254], [-118.4906988431455, 34.28525918942278], [-118.49651274343859, 34.28670156926709], [-118.50106764738611, 34.283227100969974], [-118.49980876645071, 34.2783103967886], [-118.49399535431257, 34.27686799648302]]]}, "properties": {"light_n": 26, "light_t": 2, "light_top": 29, "crime_n": 1, "crime_t": 0, "crime_top": 100, "bv": "0-2", "crime_night_n": 0, "crime_night_t": 0, "crime_night_top": null, "bv_night": "0-2", "nta": "Granada Hills North", "boro": "Los Angeles"}}, {"type": "Feature", "geometry": {"type": "Polygon", "coordinates": [[[-118.28540118527441, 34.077299859795794], [-118.28084330194336, 34.080770016271735], [-118.2820915891103, 34.08569769284935], [-118.28789813385502, 34.08715505005455], [-118.29245590690749, 34.08368474829914], [-118.29120724553418, 34.07875723463028], [-118.28540118527441, 34.077299859795794]]]}, "properties": {"light_n": 30, "light_t": 2, "light_top": 26, "crime_n": 53, "crime_t": 2, "crime_top": 12, "bv": "2-2", "crime_night_n": 21, "crime_night_t": 2, "crime_night_top": 13, "bv_night": "2-2", "nta": "Rampart", "boro": "Los Angeles"}}, {"type": "Feature", "geometry": {"type": "Polygon", "coordinates": [[[-118.29688198904788, 33.950940168083804], [-118.2923298637828, 33.9544117725605], [-118.29357717837107, 33.95934309188439], [-118.29937699147443, 33.96080264324825], [-118.30392900645292, 33.95733089293155], [-118.30268131865488, 33.95239973710322], [-118.29688198904788, 33.950940168083804]]]}, "properties": {"light_n": 21, "light_t": 1, "light_top": 35, "crime_n": 14, "crime_t": 1, "crime_top": 40, "bv": "1-1", "crime_night_n": 4, "crime_night_t": 1, "crime_night_top": 60, "bv_night": "1-1", "nta": "Empowerment Congress Southwest", "boro": "Los Angeles"}}, {"type": "Feature", "geometry": {"type": "Polygon", "coordinates": [[[-118.29445156528796, 34.00572981865404], [-118.28989707928311, 34.00920087280676], [-118.29114491266985, 34.014130562955835], [-118.29694760570968, 34.015589035695754], [-118.30150198137424, 34.012117835951706], [-118.30025377437957, 34.00718830907131], [-118.29445156528796, 34.00572981865404]]]}, "properties": {"light_n": 46, "light_t": 2, "light_top": 17, "crime_n": 117, "crime_t": 2, "crime_top": 3, "bv": "2-2", "crime_night_n": 40, "crime_night_t": 2, "crime_night_top": 5, "bv_night": "2-2", "nta": "Southwest", "boro": "Los Angeles"}}, {"type": "Feature", "geometry": {"type": "Polygon", "coordinates": [[[-118.22397887250013, 33.941803208889546], [-118.21942329248023, 33.945272804755646], [-118.22066771594749, 33.950205984837794], [-118.22646809357924, 33.95166940632742], [-118.23102356496526, 33.948199664438754], [-118.22977876739354, 33.94326664709531], [-118.22397887250013, 33.941803208889546]]]}, "properties": {"light_n": 1, "light_t": 0, "light_top": 100, "crime_n": 6, "crime_t": 1, "crime_top": 65, "bv": "1-0", "crime_night_n": 1, "crime_night_t": 0, "crime_night_top": 100, "bv_night": "0-0", "nta": "Southeast", "boro": "Los Angeles"}}, {"type": "Feature", "geometry": {"type": "Polygon", "coordinates": [[[-118.45110299575161, 34.215543841120514], [-118.44654821061664, 34.21901749934303], [-118.44780438775508, 34.22393724274958], [-118.45361572301347, 34.22538316376653], [-118.45817039386908, 34.22190936122845], [-118.45691384378631, 34.21698978200119], [-118.45110299575161, 34.215543841120514]]]}, "properties": {"light_n": 35, "light_t": 2, "light_top": 22, "crime_n": 68, "crime_t": 2, "crime_top": 8, "bv": "2-2", "crime_night_n": 28, "crime_night_t": 2, "crime_night_top": 9, "bv_night": "2-2", "nta": "Mission", "boro": "Los Angeles"}}, {"type": "Feature", "geometry": {"type": "Polygon", "coordinates": [[[-118.5338764371817, 34.028766881358635], [-118.52933366977614, 34.032244560315796], [-118.53059089646528, 34.037168294257796], [-118.53639126120046, 34.03861418349578], [-118.54093391285798, 34.035136359535386], [-118.53967631556895, 34.03021279135231], [-118.5338764371817, 34.028766881358635]]]}, "properties": {"light_n": 3, "light_t": 0, "light_top": 86, "crime_n": 2, "crime_t": 0, "crime_top": 87, "bv": "0-0", "crime_night_n": 1, "crime_night_t": 0, "crime_night_top": 100, "bv_night": "0-0", "nta": "West LA", "boro": "Los Angeles"}}, {"type": "Feature", "geometry": {"type": "Polygon", "coordinates": [[[-118.59284702200021, 34.195474663454284], [-118.58830059513063, 34.198952549327814], [-118.58956194985161, 34.203869793257155], [-118.5953701024077, 34.20530898555949], [-118.59991641186124, 34.20183095557427], [-118.59865468621558, 34.196913877410466], [-118.59284702200021, 34.195474663454284]]]}, "properties": {"light_n": 13, "light_t": 1, "light_top": 50, "crime_n": 64, "crime_t": 2, "crime_top": 9, "bv": "2-1", "crime_night_n": 26, "crime_night_t": 2, "crime_night_top": 10, "bv_night": "2-1", "nta": "Topanga", "boro": "Los Angeles"}}, {"type": "Feature", "geometry": {"type": "Polygon", "coordinates": [[[-118.41253792184096, 34.02151060446797], [-118.40798901897502, 34.024984895675686], [-118.40924154049104, 34.02991152246677], [-118.41504333707117, 34.031363693578335], [-118.41959212691836, 34.02788925708586], [-118.4183392332446, 34.02296279477876], [-118.41253792184096, 34.02151060446797]]]}, "properties": {"light_n": 12, "light_t": 1, "light_top": 52, "crime_n": 14, "crime_t": 1, "crime_top": 40, "bv": "1-1", "crime_night_n": 5, "crime_night_t": 1, "crime_night_top": 51, "bv_night": "1-1", "nta": "Pacific", "boro": "Los Angeles"}}, {"type": "Feature", "geometry": {"type": "Polygon", "coordinates": [[[-118.33676263249771, 34.04404523231109], [-118.33220881109749, 34.047517159363075], [-118.33345869108281, 34.05244474684915], [-118.33926276581634, 34.05390024371054], [-118.34381647585094, 34.05042817132684], [-118.342566222558, 34.045500747425706], [-118.33676263249771, 34.04404523231109]]]}, "properties": {"light_n": 31, "light_t": 2, "light_top": 25, "crime_n": 40, "crime_t": 2, "crime_top": 16, "bv": "2-2", "crime_night_n": 11, "crime_night_t": 2, "crime_night_top": 28, "bv_night": "2-2", "nta": "Wilshire", "boro": "Los Angeles"}}, {"type": "Feature", "geometry": {"type": "Polygon", "coordinates": [[[-118.63374755812822, 34.16416648346557], [-118.62920459249877, 34.16764580965612], [-118.63046714814615, 34.17256312540449], [-118.63627303963436, 34.174000948656605], [-118.64081588699894, 34.17052147829789], [-118.63955296118104, 34.165604328867246], [-118.63374755812822, 34.16416648346557]]]}, "properties": {"light_n": 10, "light_t": 1, "light_top": 58, "crime_n": 0, "crime_t": 0, "crime_top": null, "bv": "0-1", "crime_night_n": 0, "crime_night_t": 0, "crime_night_top": null, "bv_night": "0-1", "nta": "Woodland Hills-Warner Center", "boro": "Los Angeles"}}, {"type": "Feature", "geometry": {"type": "Polygon", "coordinates": [[[-118.34560875733112, 34.14312928047239], [-118.34105135495584, 34.14660057187681], [-118.34230268423958, 34.15152489114913], [-118.34811178979385, 34.152977755713536], [-118.3526690804066, 34.14950631944986], [-118.35141737726808, 34.144582163493304], [-118.34560875733112, 34.14312928047239]]]}, "properties": {"light_n": 18, "light_t": 1, "light_top": 39, "crime_n": 0, "crime_t": 0, "crime_top": null, "bv": "0-1", "crime_night_n": 0, "crime_night_t": 0, "crime_night_top": null, "bv_night": "0-1", "nta": "Greater Toluca Lake", "boro": "Los Angeles"}}, {"type": "Feature", "geometry": {"type": "Polygon", "coordinates": [[[-118.5033254471303, 34.058030982952396], [-118.49877986516282, 34.061507539678736], [-118.50003625836302, 34.06643104336386], [-118.50583860477091, 34.067877825011735], [-118.51038407161286, 34.06440112335425], [-118.50912730721299, 34.05947778499212], [-118.5033254471303, 34.058030982952396]]]}, "properties": {"light_n": 1, "light_t": 0, "light_top": 100, "crime_n": 0, "crime_t": 0, "crime_top": null, "bv": "0-0", "crime_night_n": 0, "crime_night_t": 0, "crime_night_top": null, "bv_night": "0-0", "nta": null, "boro": "Los Angeles"}}, {"type": "Feature", "geometry": {"type": "Polygon", "coordinates": [[[-118.42854679011475, 33.95631334985713], [-118.42400138832667, 33.9597886627676], [-118.42525378925095, 33.964716942631526], [-118.43105196351588, 33.966169744700096], [-118.43559725205904, 33.962694286235035], [-118.43434447962254, 33.957766171268126], [-118.42854679011475, 33.95631334985713]]]}, "properties": {"light_n": 4, "light_t": 0, "light_top": 81, "crime_n": 16, "crime_t": 1, "crime_top": 36, "bv": "1-0", "crime_night_n": 8, "crime_night_t": 1, "crime_night_top": 37, "bv_night": "1-0", "nta": "Pacific", "boro": "Los Angeles"}}, {"type": "Feature", "geometry": {"type": "Polygon", "coordinates": [[[-118.35327410652465, 34.002042321975104], [-118.34872286832977, 34.00551509195792], [-118.34997290907612, 34.01044361431608], [-118.35577456086708, 34.01189920278625], [-118.36032568741001, 34.008426287310506], [-118.35907527385423, 34.00349792886973], [-118.35327410652465, 34.002042321975104]]]}, "properties": {"light_n": 15, "light_t": 1, "light_top": 46, "crime_n": 4, "crime_t": 0, "crime_top": 74, "bv": "0-1", "crime_night_n": 1, "crime_night_t": 0, "crime_night_top": 100, "bv_night": "0-1", "nta": "Empowerment Congress West", "boro": "Los Angeles"}}, {"type": "Feature", "geometry": {"type": "Polygon", "coordinates": [[[-118.35882755172075, 34.10954323607464], [-118.3542722197328, 34.11301521024481], [-118.35552367758949, 34.11794028658232], [-118.36133084092968, 34.11939322518029], [-118.36588606092562, 34.11592110602327], [-118.3646342296138, 34.11099619326737], [-118.35882755172075, 34.10954323607464]]]}, "properties": {"light_n": 3, "light_t": 0, "light_top": 86, "crime_n": 3, "crime_t": 0, "crime_top": 80, "bv": "0-0", "crime_night_n": 2, "crime_night_t": 0, "crime_night_top": 82, "bv_night": "0-0", "nta": "Hollywood Hills West", "boro": "Los Angeles"}}, {"type": "Feature", "geometry": {"type": "Polygon", "coordinates": [[[-118.24799630800022, 33.92938604011359], [-118.24344249315912, 33.9328564330656], [-118.24468769772429, 33.9377894727256], [-118.25048709087763, 33.939251956401236], [-118.25504079657033, 33.93578141741498], [-118.25379521829825, 33.930848540799595], [-118.24799630800022, 33.92938604011359]]]}, "properties": {"light_n": 27, "light_t": 2, "light_top": 28, "crime_n": 84, "crime_t": 2, "crime_top": 6, "bv": "2-2", "crime_night_n": 27, "crime_night_t": 2, "crime_night_top": 9, "bv_night": "2-2", "nta": "Southeast", "boro": "Los Angeles"}}, {"type": "Feature", "geometry": {"type": "Polygon", "coordinates": [[[-118.46616769379398, 34.104084024627454], [-118.4616182625437, 34.10755911727081], [-118.46287375811607, 34.11248201099686], [-118.46867905697847, 34.11392964733763], [-118.47322837384034, 34.11045440989901], [-118.47197250626881, 34.10553168092701], [-118.46616769379398, 34.104084024627454]]]}, "properties": {"light_n": 2, "light_t": 0, "light_top": 92, "crime_n": 0, "crime_t": 0, "crime_top": null, "bv": "0-0", "crime_night_n": 0, "crime_night_t": 0, "crime_night_top": null, "bv_night": "0-0", "nta": "Bel Air-Beverly Crest", "boro": "Los Angeles"}}, {"type": "Feature", "geometry": {"type": "Polygon", "coordinates": [[[-118.48788013242178, 34.31678883277957], [-118.4833231517997, 34.320262611880175], [-118.48458187840323, 34.32517835237276], [-118.49039795880446, 34.32662014958161], [-118.49495482411174, 34.32314622670156], [-118.49369572437338, 34.31823065040432], [-118.48788013242178, 34.31678883277957]]]}, "properties": {"light_n": 6, "light_t": 0, "light_top": 72, "crime_n": 3, "crime_t": 0, "crime_top": 80, "bv": "0-0", "crime_night_n": 1, "crime_night_t": 0, "crime_night_top": 100, "bv_night": "0-0", "nta": "Sylmar", "boro": "Los Angeles"}}, {"type": "Feature", "geometry": {"type": "Polygon", "coordinates": [[[-118.3103157188798, 34.11123133362924], [-118.30575776026265, 34.11470190008983], [-118.30700738114243, 34.11962798166419], [-118.31281533478588, 34.121083333737154], [-118.31737318249729, 34.117612622201534], [-118.31612318751141, 34.11268670368025], [-118.3103157188798, 34.11123133362924]]]}, "properties": {"light_n": 2, "light_t": 0, "light_top": 92, "crime_n": 2, "crime_t": 0, "crime_top": 87, "bv": "0-0", "crime_night_n": 1, "crime_night_t": 0, "crime_night_top": 100, "bv_night": "0-0", "nta": "Hollywood United", "boro": "Los Angeles"}}, {"type": "Feature", "geometry": {"type": "Polygon", "coordinates": [[[-118.53448549743375, 34.22244613400975], [-118.52993485900652, 34.22592211390857], [-118.53119429598254, 34.23083980322336], [-118.5370047433089, 34.23228134760799], [-118.54155526557125, 34.2288052235978], [-118.54029545671287, 34.22388769932649], [-118.53448549743375, 34.22244613400975]]]}, "properties": {"light_n": 22, "light_t": 2, "light_top": 33, "crime_n": 21, "crime_t": 2, "crime_top": 29, "bv": "2-2", "crime_night_n": 14, "crime_night_t": 2, "crime_night_top": 22, "bv_night": "2-2", "nta": "Northridge South", "boro": "Los Angeles"}}, {"type": "Feature", "geometry": {"type": "Polygon", "coordinates": [[[-118.3129653182912, 34.2502272195333], [-118.30840180825292, 34.25369658518269], [-118.30965309080737, 34.25861826012557], [-118.31546825844654, 34.26007040686048], [-118.32003165724225, 34.25660089677507], [-118.3187799996819, 34.25167938440311], [-118.3129653182912, 34.2502272195333]]]}, "properties": {"light_n": 3, "light_t": 0, "light_top": 86, "crime_n": 0, "crime_t": 0, "crime_top": null, "bv": "0-0", "crime_night_n": 0, "crime_night_t": 0, "crime_night_top": null, "bv_night": "0-0", "nta": "Sunland-Tujunga", "boro": "Los Angeles"}}, {"type": "Feature", "geometry": {"type": "Polygon", "coordinates": [[[-118.36452939428422, 34.04639264305252], [-118.35997694135551, 34.049865344021946], [-118.36122790885193, 34.05479225303712], [-118.36703170227483, 34.05624629721956], [-118.3715840432104, 34.05277345098422], [-118.37033270275661, 34.04784670584457], [-118.36452939428422, 34.04639264305252]]]}, "properties": {"light_n": 31, "light_t": 2, "light_top": 25, "crime_n": 27, "crime_t": 2, "crime_top": 23, "bv": "2-2", "crime_night_n": 7, "crime_night_t": 1, "crime_night_top": 42, "bv_night": "1-2", "nta": "P.I.C.O.", "boro": "Los Angeles"}}, {"type": "Feature", "geometry": {"type": "Polygon", "coordinates": [[[-118.3288202302383, 33.991287256734594], [-118.32426814179999, 33.99475942194684], [-118.3255171278678, 33.99968880832669], [-118.33131857547363, 34.00114586581357], [-118.33587055282949, 33.99767355501048], [-118.33462119370222, 33.992744332323575], [-118.3288202302383, 33.991287256734594]]]}, "properties": {"light_n": 8, "light_t": 1, "light_top": 65, "crime_n": 24, "crime_t": 2, "crime_top": 26, "bv": "2-1", "crime_night_n": 5, "crime_night_t": 1, "crime_night_top": 51, "bv_night": "1-1", "nta": "Southwest", "boro": "Los Angeles"}}, {"type": "Feature", "geometry": {"type": "Polygon", "coordinates": [[[-118.20783707837255, 34.007010223341226], [-118.20327799326367, 34.01047877890547], [-118.20452252442283, 34.01541030728796], [-118.21032651548384, 34.01687311779241], [-118.21488549219465, 34.0134044164761], [-118.21364058628271, 34.00847305041973], [-118.20783707837255, 34.007010223341226]]]}, "properties": {"light_n": 10, "light_t": 1, "light_top": 58, "crime_n": 6, "crime_t": 1, "crime_top": 65, "bv": "1-1", "crime_night_n": 4, "crime_night_t": 1, "crime_night_top": 60, "bv_night": "1-1", "nta": "Boyle Heights", "boro": "Los Angeles"}}, {"type": "Feature", "geometry": {"type": "Polygon", "coordinates": [[[-118.40548428512852, 34.01513110424214], [-118.40093526941469, 34.018605250121425], [-118.40218745021356, 34.023532228047934], [-118.40798901897502, 34.024984895675686], [-118.41253792184096, 34.02151060446797], [-118.41128536883375, 34.0165837909731], [-118.40548428512852, 34.01513110424214]]]}, "properties": {"light_n": 13, "light_t": 1, "light_top": 50, "crime_n": 19, "crime_t": 2, "crime_top": 33, "bv": "2-1", "crime_night_n": 11, "crime_night_t": 2, "crime_night_top": 28, "bv_night": "2-1", "nta": "Pacific", "boro": "Los Angeles"}}, {"type": "Feature", "geometry": {"type": "Polygon", "coordinates": [[[-118.49303667856348, 34.23057711286029], [-118.4884835037452, 34.23405183435487], [-118.4897414516771, 34.2389701826633], [-118.49555294695627, 34.240413644918014], [-118.5001060065227, 34.23693877926283], [-118.49884768610265, 34.23202059552568], [-118.49303667856348, 34.23057711286029]]]}, "properties": {"light_n": 41, "light_t": 2, "light_top": 19, "crime_n": 1, "crime_t": 0, "crime_top": 100, "bv": "0-2", "crime_night_n": 0, "crime_night_t": 0, "crime_night_top": null, "bv_night": "0-2", "nta": "North Hills West", "boro": "Los Angeles"}}, {"type": "Feature", "geometry": {"type": "Polygon", "coordinates": [[[-118.51937872772747, 34.16341956065656], [-118.51482969853636, 34.166895641539526], [-118.51608789219136, 34.17181551402987], [-118.52189548676716, 34.17325914054691], [-118.52644440025503, 34.169782915250984], [-118.525185834911, 34.164863207863114], [-118.51937872772747, 34.16341956065656]]]}, "properties": {"light_n": 7, "light_t": 1, "light_top": 69, "crime_n": 20, "crime_t": 2, "crime_top": 31, "bv": "2-1", "crime_night_n": 9, "crime_night_t": 2, "crime_night_top": 34, "bv_night": "2-1", "nta": "West Valley", "boro": "Los Angeles"}}, {"type": "Feature", "geometry": {"type": "Polygon", "coordinates": [[[-118.3601814665977, 34.179047454153924], [-118.355623364013, 34.1825188370612], [-118.35687565437551, 34.187441716331215], [-118.36268642126669, 34.18889304936614], [-118.36724441168913, 34.1854215217928], [-118.3659917474232, 34.18049880586285], [-118.3601814665977, 34.179047454153924]]]}, "properties": {"light_n": 6, "light_t": 0, "light_top": 72, "crime_n": 4, "crime_t": 0, "crime_top": 74, "bv": "0-0", "crime_night_n": 1, "crime_night_t": 0, "crime_night_top": 100, "bv_night": "0-0", "nta": "NoHo", "boro": "Los Angeles"}}, {"type": "Feature", "geometry": {"type": "Polygon", "coordinates": [[[-118.45957927398048, 34.12087964009211], [-118.45502880786236, 34.124354395223385], [-118.45628424127202, 34.12927691149057], [-118.46209051303897, 34.13072450801746], [-118.46664086488185, 34.127249608154656], [-118.46538505927359, 34.12232725650865], [-118.45957927398048, 34.12087964009211]]]}, "properties": {"light_n": 1, "light_t": 0, "light_top": 100, "crime_n": 0, "crime_t": 0, "crime_top": null, "bv": "0-0", "crime_night_n": 0, "crime_night_t": 0, "crime_night_top": null, "bv_night": "0-0", "nta": "Bel Air-Beverly Crest", "boro": "Los Angeles"}}, {"type": "Feature", "geometry": {"type": "Polygon", "coordinates": [[[-118.44686516873836, 34.177626600856435], [-118.44231171005154, 34.18110048250715], [-118.44356729765215, 34.18602150740456], [-118.44937671672676, 34.18746848638882], [-118.45393006130713, 34.183994460240676], [-118.45267410095997, 34.17907359961789], [-118.44686516873836, 34.177626600856435]]]}, "properties": {"light_n": 15, "light_t": 1, "light_top": 46, "crime_n": 86, "crime_t": 2, "crime_top": 5, "bv": "2-1", "crime_night_n": 26, "crime_night_t": 2, "crime_night_top": 10, "bv_night": "2-1", "nta": "Van Nuys", "boro": "Los Angeles"}}, {"type": "Feature", "geometry": {"type": "Polygon", "coordinates": [[[-118.15724172032537, 34.08660498996217], [-118.15267673377453, 34.090071367702556], [-118.15392021067056, 34.09500152918577], [-118.15972905010804, 34.09646515145313], [-118.16429392924519, 34.092998628230546], [-118.16305007639876, 34.08806862823521], [-118.15724172032537, 34.08660498996217]]]}, "properties": {"light_n": 2, "light_t": 0, "light_top": 92, "crime_n": 4, "crime_t": 0, "crime_top": 74, "bv": "0-0", "crime_night_n": 2, "crime_night_t": 0, "crime_night_top": 82, "bv_night": "0-0", "nta": "Hollenbeck", "boro": "Los Angeles"}}, {"type": "Feature", "geometry": {"type": "Polygon", "coordinates": [[[-118.54484546052991, 34.22041140534933], [-118.54029545671287, 34.22388769932649], [-118.54155526557125, 34.2288052235978], [-118.54736545001825, 34.23024628874265], [-118.55191533744234, 34.226769850666564], [-118.55065515685318, 34.22185249155666], [-118.54484546052991, 34.22041140534933]]]}, "properties": {"light_n": 9, "light_t": 1, "light_top": 62, "crime_n": 33, "crime_t": 2, "crime_top": 19, "bv": "2-1", "crime_night_n": 17, "crime_night_t": 2, "crime_night_top": 18, "bv_night": "2-1", "nta": "Devonshire", "boro": "Los Angeles"}}, {"type": "Feature", "geometry": {"type": "Polygon", "coordinates": [[[-118.2628094862542, 33.79450911035281], [-118.25826193228265, 33.79798108186499], [-118.25950620337474, 33.80291789506917], [-118.26529840109202, 33.80438257307612], [-118.26984584584663, 33.80091045492964], [-118.2686012021409, 33.795973805422726], [-118.2628094862542, 33.79450911035281]]]}, "properties": {"light_n": 22, "light_t": 2, "light_top": 33, "crime_n": 14, "crime_t": 1, "crime_top": 40, "bv": "1-2", "crime_night_n": 9, "crime_night_t": 2, "crime_night_top": 34, "bv_night": "2-2", "nta": "Wilmington", "boro": "Los Angeles"}}, {"type": "Feature", "geometry": {"type": "Polygon", "coordinates": [[[-118.323543571551, 34.07764114778122], [-118.31898768217145, 34.08111239636797], [-118.32023743289486, 34.08603923245335], [-118.3260434467448, 34.087494656645255], [-118.33059922498839, 34.084023262855325], [-118.32934910055835, 34.07909659008894], [-118.323543571551, 34.07764114778122]]]}, "properties": {"light_n": 59, "light_t": 2, "light_top": 12, "crime_n": 24, "crime_t": 2, "crime_top": 26, "bv": "2-2", "crime_night_n": 2, "crime_night_t": 0, "crime_night_top": 82, "bv_night": "0-2", "nta": "Greater Wilshire", "boro": "Los Angeles"}}, {"type": "Feature", "geometry": {"type": "Polygon", "coordinates": [[[-118.3160464175645, 34.04807630726968], [-118.31149134034321, 34.05154760488222], [-118.3127404732637, 34.05647551918077], [-118.31854505705316, 34.05793197253238], [-118.32310002336561, 34.05446052956596], [-118.32185051683777, 34.04953277861407], [-118.3160464175645, 34.04807630726968]]]}, "properties": {"light_n": 58, "light_t": 2, "light_top": 12, "crime_n": 38, "crime_t": 2, "crime_top": 17, "bv": "2-2", "crime_night_n": 23, "crime_night_t": 2, "crime_night_top": 12, "bv_night": "2-2", "nta": "Olympic Park", "boro": "Los Angeles"}}, {"type": "Feature", "geometry": {"type": "Polygon", "coordinates": [[[-118.43650251853641, 34.1796530045905], [-118.43194842788705, 34.18312657123033], [-118.43320364259014, 34.18804776028391], [-118.43901332088072, 34.18949521855368], [-118.44356729765215, 34.18602150740456], [-118.44231171005154, 34.18110048250715], [-118.43650251853641, 34.1796530045905]]]}, "properties": {"light_n": 6, "light_t": 0, "light_top": 72, "crime_n": 13, "crime_t": 1, "crime_top": 42, "bv": "1-0", "crime_night_n": 5, "crime_night_t": 1, "crime_night_top": 51, "bv_night": "1-0", "nta": "Van Nuys", "boro": "Los Angeles"}}, {"type": "Feature", "geometry": {"type": "Polygon", "coordinates": [[[-118.49729131570867, 34.26847643961988], [-118.49273681530467, 34.271950935666965], [-118.49399535431257, 34.27686799648302], [-118.49980876645071, 34.2783103967886], [-118.5043631514287, 34.27483575676233], [-118.50310423973535, 34.26991886042181], [-118.49729131570867, 34.26847643961988]]]}, "properties": {"light_n": 15, "light_t": 1, "light_top": 46, "crime_n": 10, "crime_t": 1, "crime_top": 49, "bv": "1-1", "crime_night_n": 3, "crime_night_t": 1, "crime_night_top": 69, "bv_night": "1-1", "nta": "Granada Hills South", "boro": "Los Angeles"}}, {"type": "Feature", "geometry": {"type": "Polygon", "coordinates": [[[-118.50669389853913, 34.220151977311204], [-118.50214187596934, 34.223627184246155], [-118.50340022713098, 34.228545559116505], [-118.50921097313993, 34.22998856230827], [-118.51376288017299, 34.226513211193506], [-118.51250415677457, 34.221595001078946], [-118.50669389853913, 34.220151977311204]]]}, "properties": {"light_n": 12, "light_t": 1, "light_top": 52, "crime_n": 10, "crime_t": 1, "crime_top": 49, "bv": "1-1", "crime_night_n": 5, "crime_night_t": 1, "crime_night_top": 51, "bv_night": "1-1", "nta": "Northridge South", "boro": "Los Angeles"}}, {"type": "Feature", "geometry": {"type": "Polygon", "coordinates": [[[-118.43888925214895, 33.954290546968295], [-118.43434447962254, 33.957766171268126], [-118.43559725205904, 33.962694286235035], [-118.44139516842455, 33.96414661189843], [-118.44593982747891, 33.96067084205545], [-118.44468668368019, 33.95574289210433], [-118.43888925214895, 33.954290546968295]]]}, "properties": {"light_n": 12, "light_t": 1, "light_top": 52, "crime_n": 3, "crime_t": 0, "crime_top": 80, "bv": "0-1", "crime_night_n": 0, "crime_night_t": 0, "crime_night_top": null, "bv_night": "0-1", "nta": "Westchester/Playa", "boro": "Los Angeles"}}, {"type": "Feature", "geometry": {"type": "Polygon", "coordinates": [[[-118.28339783365358, 34.155224915796204], [-118.27883665843189, 34.15869430728039], [-118.28008574143142, 34.16361960394848], [-118.28589637444925, 34.165075346543105], [-118.29045743928317, 34.16160581013236], [-118.28920798152745, 34.15668067606587], [-118.28339783365358, 34.155224915796204]]]}, "properties": {"light_n": 2, "light_t": 0, "light_top": 92, "crime_n": 0, "crime_t": 0, "crime_top": null, "bv": "0-0", "crime_night_n": 0, "crime_night_t": 0, "crime_night_top": null, "bv_night": "0-0", "nta": "Atwater Village", "boro": "Los Angeles"}}, {"type": "Feature", "geometry": {"type": "Polygon", "coordinates": [[[-118.47889972706982, 34.21785121341708], [-118.47434632226329, 34.221325646459505], [-118.47560358681196, 34.22624470602749], [-118.48141462879866, 34.22768916809747], [-118.48596791869697, 34.22421459080714], [-118.48471028155751, 34.21929569570688], [-118.47889972706982, 34.21785121341708]]]}, "properties": {"light_n": 34, "light_t": 2, "light_top": 22, "crime_n": 12, "crime_t": 1, "crime_top": 44, "bv": "1-2", "crime_night_n": 4, "crime_night_t": 1, "crime_night_top": 60, "bv_night": "1-2", "nta": "North Hills West", "boro": "Los Angeles"}}, {"type": "Feature", "geometry": {"type": "Polygon", "coordinates": [[[-118.47750729845205, 34.318820313529706], [-118.47294968337644, 34.32229377596955], [-118.47420803669343, 34.327209680539426], [-118.48002437841339, 34.32865195860437], [-118.48458187840323, 34.32517835237276], [-118.4833231517997, 34.320262611880175], [-118.47750729845205, 34.318820313529706]]]}, "properties": {"light_n": 27, "light_t": 2, "light_top": 28, "crime_n": 0, "crime_t": 0, "crime_top": null, "bv": "0-2", "crime_night_n": 0, "crime_night_t": 0, "crime_night_top": null, "bv_night": "0-2", "nta": "Sylmar", "boro": "Los Angeles"}}, {"type": "Feature", "geometry": {"type": "Polygon", "coordinates": [[[-118.47886241554961, 34.047316144477385], [-118.47431597244751, 34.05079209913795], [-118.47557131300253, 34.055716472954764], [-118.48137346815273, 34.057164727022425], [-118.48591979669867, 34.053688627330956], [-118.4846640846911, 34.04876441861485], [-118.47886241554961, 34.047316144477385]]]}, "properties": {"light_n": 4, "light_t": 0, "light_top": 81, "crime_n": 1, "crime_t": 0, "crime_top": 100, "bv": "0-0", "crime_night_n": 0, "crime_night_t": 0, "crime_night_top": null, "bv_night": "0-0", "nta": "West LA", "boro": "Los Angeles"}}, {"type": "Feature", "geometry": {"type": "Polygon", "coordinates": [[[-118.25142221290454, 34.114911615659054], [-118.24686100586719, 34.11838045392186], [-118.24810841207622, 34.12330770062971], [-118.25391740026872, 34.1247659466829], [-118.25847849771728, 34.12129696324712], [-118.25723071660252, 34.11636987894345], [-118.25142221290454, 34.114911615659054]]]}, "properties": {"light_n": 4, "light_t": 0, "light_top": 81, "crime_n": 2, "crime_t": 0, "crime_top": 87, "bv": "0-0", "crime_night_n": 0, "crime_night_t": 0, "crime_night_top": null, "bv_night": "0-0", "nta": "Atwater Village", "boro": "Los Angeles"}}, {"type": "Feature", "geometry": {"type": "Polygon", "coordinates": [[[-118.30657962195956, 33.73161991976469], [-118.30203691543932, 33.735093659906006], [-118.30328215893587, 33.740031413955116], [-118.30907048061607, 33.74149526347236], [-118.31361307706459, 33.738021376485605], [-118.31236746194462, 33.73308378683919], [-118.30657962195956, 33.73161991976469]]]}, "properties": {"light_n": 16, "light_t": 1, "light_top": 43, "crime_n": 1, "crime_t": 0, "crime_top": 100, "bv": "0-1", "crime_night_n": 1, "crime_night_t": 0, "crime_night_top": 100, "bv_night": "0-1", "nta": "Northwest San Pedro", "boro": "Los Angeles"}}, {"type": "Feature", "geometry": {"type": "Polygon", "coordinates": [[[-118.42474433761852, 34.11218710684938], [-118.42019238138208, 34.11566094444639], [-118.42144638745106, 34.12058449600361], [-118.42725272239879, 34.12203404569603], [-118.43180456515876, 34.11856006325667], [-118.430550186488, 34.113636675979414], [-118.42474433761852, 34.11218710684938]]]}, "properties": {"light_n": 5, "light_t": 0, "light_top": 76, "crime_n": 9, "crime_t": 1, "crime_top": 53, "bv": "1-0", "crime_night_n": 9, "crime_night_t": 2, "crime_night_top": 34, "bv_night": "2-0", "nta": "West LA", "boro": "Los Angeles"}}, {"type": "Feature", "geometry": {"type": "Polygon", "coordinates": [[[-118.44029063668926, 34.02384235631772], [-118.43574310679026, 34.027317418089034], [-118.43699671310024, 34.03224336437289], [-118.44279822115634, 34.03369408412387], [-118.44734563741048, 34.0302188771346], [-118.44609165929387, 34.02529309562444], [-118.44029063668926, 34.02384235631772]]]}, "properties": {"light_n": 45, "light_t": 2, "light_top": 17, "crime_n": 5, "crime_t": 1, "crime_top": 69, "bv": "1-2", "crime_night_n": 0, "crime_night_t": 0, "crime_night_top": null, "bv_night": "0-2", "nta": "Mar Vista", "boro": "Los Angeles"}}, {"type": "Feature", "geometry": {"type": "Polygon", "coordinates": [[[-118.50717590242785, 34.24329958970125], [-118.50262295828512, 34.24677459947338], [-118.5038815896506, 34.251692235807816], [-118.5096935375849, 34.253134697707615], [-118.514246366132, 34.24965954386224], [-118.51298736238121, 34.24474207220249], [-118.50717590242785, 34.24329958970125]]]}, "properties": {"light_n": 4, "light_t": 0, "light_top": 81, "crime_n": 1, "crime_t": 0, "crime_top": 100, "bv": "0-0", "crime_night_n": 1, "crime_night_t": 0, "crime_night_top": 100, "bv_night": "0-0", "nta": "Northridge East", "boro": "Los Angeles"}}, {"type": "Feature", "geometry": {"type": "Polygon", "coordinates": [[[-118.59713225726696, 34.233369429354404], [-118.59258451025248, 34.23684709636337], [-118.59384645777814, 34.24176305533097], [-118.59965652347937, 34.243201181632564], [-118.60420415290179, 34.23972337069436], [-118.60294183425589, 34.234807577395856], [-118.59713225726696, 34.233369429354404]]]}, "properties": {"light_n": 13, "light_t": 1, "light_top": 50, "crime_n": 12, "crime_t": 1, "crime_top": 44, "bv": "1-1", "crime_night_n": 3, "crime_night_t": 1, "crime_night_top": 69, "bv_night": "1-1", "nta": "Chatsworth", "boro": "Los Angeles"}}, {"type": "Feature", "geometry": {"type": "Polygon", "coordinates": [[[-118.5660567899884, 34.239484171732926], [-118.56150713586567, 34.24296089787518], [-118.56276796911972, 34.24787735314373], [-118.56857882811299, 34.24931691696623], [-118.57312836532725, 34.24584004685676], [-118.57186716049753, 34.2409237569041], [-118.5660567899884, 34.239484171732926]]]}, "properties": {"light_n": 11, "light_t": 1, "light_top": 55, "crime_n": 0, "crime_t": 0, "crime_top": null, "bv": "0-1", "crime_night_n": 0, "crime_night_t": 0, "crime_night_top": null, "bv_night": "0-1", "nta": "Chatsworth", "boro": "Los Angeles"}}, {"type": "Feature", "geometry": {"type": "Polygon", "coordinates": [[[-118.52887564848274, 34.28551749435533], [-118.52432212987453, 34.28899273765227], [-118.52558206723336, 34.293908563399285], [-118.53139589562036, 34.29534898111315], [-118.53594929805779, 34.291873593980434], [-118.5346889883198, 34.286957932981764], [-118.52887564848274, 34.28551749435533]]]}, "properties": {"light_n": 5, "light_t": 0, "light_top": 76, "crime_n": 0, "crime_t": 0, "crime_top": null, "bv": "0-0", "crime_night_n": 0, "crime_night_t": 0, "crime_night_top": null, "bv_night": "0-0", "nta": "Granada Hills North", "boro": "Los Angeles"}}, {"type": "Feature", "geometry": {"type": "Polygon", "coordinates": [[[-118.27101269333467, 34.23512984828499], [-118.26644759256521, 34.23859814312822], [-118.26769709694115, 34.24352120558298], [-118.27351207758453, 34.24497581103157], [-118.2780770680868, 34.24150737160133], [-118.27682718825334, 34.236584471321834], [-118.27101269333467, 34.23512984828499]]]}, "properties": {"light_n": 23, "light_t": 2, "light_top": 32, "crime_n": 1, "crime_t": 0, "crime_top": 100, "bv": "0-2", "crime_night_n": 0, "crime_night_t": 0, "crime_night_top": null, "bv_night": "0-2", "nta": "Sunland-Tujunga", "boro": "Los Angeles"}}, {"type": "Feature", "geometry": {"type": "Polygon", "coordinates": [[[-118.48358209766488, 34.108426017460125], [-118.47903341279098, 34.111901568127074], [-118.48028962134698, 34.11682394372707], [-118.48609488661477, 34.118270603747824], [-118.49064345670119, 34.114794908341324], [-118.4893868763479, 34.10987269766573], [-118.48358209766488, 34.108426017460125]]]}, "properties": {"light_n": 2, "light_t": 0, "light_top": 92, "crime_n": 0, "crime_t": 0, "crime_top": null, "bv": "0-0", "crime_night_n": 0, "crime_night_t": 0, "crime_night_top": null, "bv_night": "0-0", "nta": "Bel Air-Beverly Crest", "boro": "Los Angeles"}}, {"type": "Feature", "geometry": {"type": "Polygon", "coordinates": [[[-118.40725443167801, 34.278341573048706], [-118.40269475074386, 34.281813393613184], [-118.40394996049223, 34.28673212202045], [-118.40976522516297, 34.28817886639781], [-118.4143247926749, 34.28470690171395], [-118.413069208979, 34.27978833678437], [-118.40725443167801, 34.278341573048706]]]}, "properties": {"light_n": 46, "light_t": 2, "light_top": 17, "crime_n": 20, "crime_t": 2, "crime_top": 31, "bv": "2-2", "crime_night_n": 4, "crime_night_t": 1, "crime_night_top": 60, "bv_night": "1-2", "nta": "Pacoima", "boro": "Los Angeles"}}, {"type": "Feature", "geometry": {"type": "Polygon", "coordinates": [[[-118.6037022114215, 34.216581096947245], [-118.59915550125258, 34.220059102213604], [-118.60041750844286, 34.22497544308605], [-118.60622659676349, 34.22641361290236], [-118.61077318922874, 34.222935463644006], [-118.60951081111786, 34.2180192885734], [-118.6037022114215, 34.216581096947245]]]}, "properties": {"light_n": 23, "light_t": 2, "light_top": 32, "crime_n": 39, "crime_t": 2, "crime_top": 16, "bv": "2-2", "crime_night_n": 20, "crime_night_t": 2, "crime_night_top": 14, "bv_night": "2-2", "nta": "Topanga", "boro": "Los Angeles"}}, {"type": "Feature", "geometry": {"type": "Polygon", "coordinates": [[[-118.36815091603663, 34.23173945788992], [-118.36359107679392, 34.23521058565442], [-118.36484426494123, 34.24013163823085], [-118.37065766652393, 34.24158139982381], [-118.37521739331885, 34.23811012764929], [-118.37396383101948, 34.23318923830411], [-118.36815091603663, 34.23173945788992]]]}, "properties": {"light_n": 19, "light_t": 1, "light_top": 38, "crime_n": 8, "crime_t": 1, "crime_top": 57, "bv": "1-1", "crime_night_n": 1, "crime_night_t": 0, "crime_night_top": 100, "bv_night": "0-1", "nta": "Foothills Trails District", "boro": "Los Angeles"}}, {"type": "Feature", "geometry": {"type": "Polygon", "coordinates": [[[-118.27888450178979, 33.72923436350996], [-118.27434043832703, 33.73270733679383], [-118.27558459869, 33.737645763940804], [-118.28137319452556, 33.73911105370593], [-118.28591714853957, 33.73563793351219], [-118.28467261620672, 33.73069967047534], [-118.27888450178979, 33.72923436350996]]]}, "properties": {"light_n": 9, "light_t": 1, "light_top": 62, "crime_n": 29, "crime_t": 2, "crime_top": 21, "bv": "2-1", "crime_night_n": 10, "crime_night_t": 2, "crime_night_top": 31, "bv_night": "2-1", "nta": "Harbor", "boro": "Los Angeles"}}, {"type": "Feature", "geometry": {"type": "Polygon", "coordinates": [[[-118.49489290530748, 34.152720958352404], [-118.49034301227948, 34.15619643670401], [-118.49160015163, 34.16111718330134], [-118.49740755599198, 34.16256228667843], [-118.50195733388765, 34.15908666381402], [-118.50069982259429, 34.154166082097454], [-118.49489290530748, 34.152720958352404]]]}, "properties": {"light_n": 2, "light_t": 0, "light_top": 92, "crime_n": 4, "crime_t": 0, "crime_top": 74, "bv": "0-0", "crime_night_n": 0, "crime_night_t": 0, "crime_night_top": null, "bv_night": "0-0", "nta": "West Valley", "boro": "Los Angeles"}}, {"type": "Feature", "geometry": {"type": "Polygon", "coordinates": [[[-118.43273709054637, 34.164888322718255], [-118.42818340416146, 34.16836191524348], [-118.42943830868428, 34.173283648640385], [-118.43524727248112, 34.1747316253537], [-118.43980084510275, 34.17125788824396], [-118.43854556773141, 34.16633631901761], [-118.43273709054637, 34.164888322718255]]]}, "properties": {"light_n": 9, "light_t": 1, "light_top": 62, "crime_n": 9, "crime_t": 1, "crime_top": 53, "bv": "1-1", "crime_night_n": 7, "crime_night_t": 1, "crime_night_top": 42, "bv_night": "1-1", "nta": "Sherman Oaks", "boro": "Los Angeles"}}, {"type": "Feature", "geometry": {"type": "Polygon", "coordinates": [[[-118.38650410825844, 34.282389927087486], [-118.38194316307374, 34.28586111270012], [-118.38319762447358, 34.290780167707375], [-118.38901340534859, 34.29222787387352], [-118.39357423756982, 34.2887565441178], [-118.39231940192016, 34.283837652351295], [-118.38650410825844, 34.282389927087486]]]}, "properties": {"light_n": 9, "light_t": 1, "light_top": 62, "crime_n": 3, "crime_t": 0, "crime_top": 80, "bv": "0-1", "crime_night_n": 0, "crime_night_t": 0, "crime_night_top": null, "bv_night": "0-1", "nta": "Foothills Trails District", "boro": "Los Angeles"}}, {"type": "Feature", "geometry": {"type": "Polygon", "coordinates": [[[-118.36317440863631, 33.97683632091266], [-118.35862471942167, 33.98030959390568], [-118.35987485618998, 33.985238674849406], [-118.36567505472405, 33.98669431869543], [-118.37022463211538, 33.98322090011242], [-118.36897412283624, 33.97829198328557], [-118.36317440863631, 33.97683632091266]]]}, "properties": {"light_n": 7, "light_t": 1, "light_top": 69, "crime_n": 0, "crime_t": 0, "crime_top": null, "bv": "0-1", "crime_night_n": 0, "crime_night_t": 0, "crime_night_top": null, "bv_night": "0-1", "nta": "Westchester/Playa", "boro": "Los Angeles"}}, {"type": "Feature", "geometry": {"type": "Polygon", "coordinates": [[[-118.20951674184839, 34.0997660289379], [-118.20495395483549, 34.10323379667546], [-118.20619958489686, 34.10816242139889], [-118.2120083773655, 34.109623116390715], [-118.21657105576224, 34.106155203330296], [-118.21532505034679, 34.10122674061327], [-118.20951674184839, 34.0997660289379]]]}, "properties": {"light_n": 3, "light_t": 0, "light_top": 86, "crime_n": 2, "crime_t": 0, "crime_top": 87, "bv": "0-0", "crime_night_n": 1, "crime_night_t": 0, "crime_night_top": 100, "bv_night": "0-0", "nta": "Arroyo Seco", "boro": "Los Angeles"}}, {"type": "Feature", "geometry": {"type": "Polygon", "coordinates": [[[-118.46380476918655, 33.98820956820238], [-118.45925993532929, 33.991685608447234], [-118.46051403774673, 33.99661213531948], [-118.46631334532039, 33.99806245680079], [-118.47085806507944, 33.994586271220726], [-118.46960359140347, 33.98965990950669], [-118.46380476918655, 33.98820956820238]]]}, "properties": {"light_n": 7, "light_t": 1, "light_top": 69, "crime_n": 21, "crime_t": 2, "crime_top": 29, "bv": "2-1", "crime_night_n": 11, "crime_night_t": 2, "crime_night_top": 28, "bv_night": "2-1", "nta": "Pacific", "boro": "Los Angeles"}}, {"type": "Feature", "geometry": {"type": "Polygon", "coordinates": [[[-118.23731136576778, 34.102138376272954], [-118.23274994006665, 34.10560692406119], [-118.23399666253593, 34.11053487353862], [-118.23980518575186, 34.111994112941765], [-118.24436650220674, 34.10852541989483], [-118.24311940473227, 34.10359763271578], [-118.23731136576778, 34.102138376272954]]]}, "properties": {"light_n": 6, "light_t": 0, "light_top": 72, "crime_n": 13, "crime_t": 1, "crime_top": 42, "bv": "1-0", "crime_night_n": 4, "crime_night_t": 1, "crime_night_top": 60, "bv_night": "1-0", "nta": "Northeast", "boro": "Los Angeles"}}, {"type": "Feature", "geometry": {"type": "Polygon", "coordinates": [[[-118.54582537100538, 34.26669884546363], [-118.54127352543698, 34.27017474610688], [-118.54253389599843, 34.27509079147162], [-118.54834648419646, 34.27653077120629], [-118.55289821325303, 34.27305472667726], [-118.55163747066428, 34.268138846311466], [-118.54582537100538, 34.26669884546363]]]}, "properties": {"light_n": 8, "light_t": 1, "light_top": 65, "crime_n": 0, "crime_t": 0, "crime_top": null, "bv": "0-1", "crime_night_n": 0, "crime_night_t": 0, "crime_night_top": null, "bv_night": "0-1", "nta": "Porter Ranch", "boro": "Los Angeles"}}, {"type": "Feature", "geometry": {"type": "Polygon", "coordinates": [[[-118.2280590518593, 33.78571416848693], [-118.22351003391881, 33.78918522302984], [-118.22475287939147, 33.79412305399399], [-118.23054511585389, 33.79558966707643], [-118.23509402537184, 33.79211846579198], [-118.23385080688989, 33.78718079817887], [-118.2280590518593, 33.78571416848693]]]}, "properties": {"light_n": 1, "light_t": 0, "light_top": 100, "crime_n": 0, "crime_t": 0, "crime_top": null, "bv": "0-0", "crime_night_n": 0, "crime_night_t": 0, "crime_night_top": null, "bv_night": "0-0", "nta": "Wilmington", "boro": "Los Angeles"}}, {"type": "Feature", "geometry": {"type": "Polygon", "coordinates": [[[-118.32177047819418, 33.98490011313509], [-118.31721827884422, 33.988372132713096], [-118.31846692407221, 33.99330186893299], [-118.32426814179999, 33.99475942194684], [-118.3288202302383, 33.991287256734594], [-118.32757121190072, 33.98635768415497], [-118.32177047819418, 33.98490011313509]]]}, "properties": {"light_n": 19, "light_t": 1, "light_top": 38, "crime_n": 57, "crime_t": 2, "crime_top": 11, "bv": "2-1", "crime_night_n": 24, "crime_night_t": 2, "crime_night_top": 11, "bv_night": "2-1", "nta": "77th Street", "boro": "Los Angeles"}}, {"type": "Feature", "geometry": {"type": "Polygon", "coordinates": [[[-118.5589857806443, 34.23312743956533], [-118.55443600978495, 34.23660402169647], [-118.55569650156153, 34.24152083347755], [-118.56150713586567, 34.24296089787518], [-118.5660567899884, 34.239484171732926], [-118.56479592658441, 34.23456752521626], [-118.5589857806443, 34.23312743956533]]]}, "properties": {"light_n": 10, "light_t": 1, "light_top": 58, "crime_n": 23, "crime_t": 2, "crime_top": 27, "bv": "2-1", "crime_night_n": 8, "crime_night_t": 1, "crime_night_top": 37, "bv_night": "1-1", "nta": "Devonshire", "boro": "Los Angeles"}}, {"type": "Feature", "geometry": {"type": "Polygon", "coordinates": [[[-118.45345926325318, 34.16083570701236], [-118.44890684049787, 34.164309928981005], [-118.45016249056691, 34.16923133391833], [-118.45597093597866, 34.17067835249173], [-118.460523244514, 34.16720398596229], [-118.45926722189816, 34.16228274543243], [-118.45345926325318, 34.16083570701236]]]}, "properties": {"light_n": 15, "light_t": 1, "light_top": 46, "crime_n": 10, "crime_t": 1, "crime_top": 49, "bv": "1-1", "crime_night_n": 3, "crime_night_t": 1, "crime_night_top": 69, "bv_night": "1-1", "nta": "Sherman Oaks", "boro": "Los Angeles"}}, {"type": "Feature", "geometry": {"type": "Polygon", "coordinates": [[[-118.47747208418107, 34.148383632492184], [-118.4729214436803, 34.15185865249257], [-118.47417786967233, 34.15677991809314], [-118.47998530835086, 34.15822599899486], [-118.48453583411873, 34.154750834425876], [-118.48327903598161, 34.149829733535924], [-118.47747208418107, 34.148383632492184]]]}, "properties": {"light_n": 2, "light_t": 0, "light_top": 92, "crime_n": 5, "crime_t": 1, "crime_top": 69, "bv": "1-0", "crime_night_n": 1, "crime_night_t": 0, "crime_night_top": 100, "bv_night": "0-0", "nta": "West Valley", "boro": "Los Angeles"}}, {"type": "Feature", "geometry": {"type": "Polygon", "coordinates": [[[-118.42613897743537, 34.18167861406833], [-118.42158425502961, 34.185151865488685], [-118.4228390966843, 34.190073218579975], [-118.42864903383379, 34.191521156225406], [-118.43320364259014, 34.18804776028391], [-118.43194842788705, 34.18312657123033], [-118.42613897743537, 34.18167861406833]]]}, "properties": {"light_n": 11, "light_t": 1, "light_top": 55, "crime_n": 8, "crime_t": 1, "crime_top": 57, "bv": "1-1", "crime_night_n": 1, "crime_night_t": 0, "crime_night_top": 100, "bv_night": "0-1", "nta": "Greater Valley Glen", "boro": "Los Angeles"}}, {"type": "Feature", "geometry": {"type": "Polygon", "coordinates": [[[-118.63097439192711, 34.195709696845526], [-118.62642999051651, 34.19918866407967], [-118.62769279851844, 34.20410505409735], [-118.63350037838921, 34.2055423107231], [-118.6380446615299, 34.20206319945962], [-118.63678148311055, 34.19714697561177], [-118.63097439192711, 34.195709696845526]]]}, "properties": {"light_n": 12, "light_t": 1, "light_top": 52, "crime_n": 3, "crime_t": 0, "crime_top": 80, "bv": "0-1", "crime_night_n": 2, "crime_night_t": 0, "crime_night_top": 82, "bv_night": "0-1", "nta": "West Hills", "boro": "Los Angeles"}}, {"type": "Feature", "geometry": {"type": "Polygon", "coordinates": [[[-118.35837661992976, 34.0863689250906], [-118.35382221072719, 34.089841094177494], [-118.35507339132641, 34.09476689993751], [-118.36087935447456, 34.09622037296078], [-118.36543365174181, 34.09274805877972], [-118.36418209783668, 34.087822416681796], [-118.35837661992976, 34.0863689250906]]]}, "properties": {"light_n": 6, "light_t": 0, "light_top": 72, "crime_n": 1, "crime_t": 0, "crime_top": 100, "bv": "0-0", "crime_night_n": 0, "crime_night_t": 0, "crime_night_top": null, "bv_night": "0-0", "nta": "Hollywood Hills West", "boro": "Los Angeles"}}, {"type": "Feature", "geometry": {"type": "Polygon", "coordinates": [[[-118.43463489559602, 34.08699279365289], [-118.4300844913366, 34.090467138164044], [-118.43133859157585, 34.0953912552512], [-118.43714346841763, 34.09684086336007], [-118.44169375903017, 34.09336637391079], [-118.44043928648833, 34.08844242130293], [-118.43463489559602, 34.08699279365289]]]}, "properties": {"light_n": 11, "light_t": 1, "light_top": 55, "crime_n": 0, "crime_t": 0, "crime_top": null, "bv": "0-1", "crime_night_n": 0, "crime_night_t": 0, "crime_night_top": null, "bv_night": "0-1", "nta": "Bel Air-Beverly Crest", "boro": "Los Angeles"}}, {"type": "Feature", "geometry": {"type": "Polygon", "coordinates": [[[-118.45016249056691, 34.16923133391833], [-118.44560954988549, 34.17270538584223], [-118.44686516873836, 34.177626600856435], [-118.45267410095997, 34.17907359961789], [-118.4572269274782, 34.1755994031649], [-118.45597093597866, 34.17067835249173], [-118.45016249056691, 34.16923133391833]]]}, "properties": {"light_n": 10, "light_t": 1, "light_top": 58, "crime_n": 14, "crime_t": 1, "crime_top": 40, "bv": "1-1", "crime_night_n": 4, "crime_night_t": 1, "crime_night_top": 60, "bv_night": "1-1", "nta": "Van Nuys", "boro": "Los Angeles"}}, {"type": "Feature", "geometry": {"type": "Polygon", "coordinates": [[[-118.23068140862631, 34.118931009750966], [-118.22611894797566, 34.12239921332889], [-118.22736560392394, 34.12732678448698], [-118.23317509576847, 34.12878598991407], [-118.23773744728918, 34.125317641141535], [-118.23649041613562, 34.12039023214886], [-118.23068140862631, 34.118931009750966]]]}, "properties": {"light_n": 18, "light_t": 1, "light_top": 39, "crime_n": 4, "crime_t": 0, "crime_top": 74, "bv": "0-1", "crime_night_n": 1, "crime_night_t": 0, "crime_night_top": 100, "bv_night": "0-1", "nta": "Glassell Park", "boro": "Los Angeles"}}, {"type": "Feature", "geometry": {"type": "Polygon", "coordinates": [[[-118.45204803666618, 34.091340701015994], [-118.44749837715278, 34.09481550393765], [-118.44875319069209, 34.099739103764705], [-118.45455803588649, 34.10118773603226], [-118.45910758135396, 34.09771278822787], [-118.45785239571352, 34.092789353050804], [-118.45204803666618, 34.091340701015994]]]}, "properties": {"light_n": 14, "light_t": 1, "light_top": 48, "crime_n": 0, "crime_t": 0, "crime_top": null, "bv": "0-1", "crime_night_n": 0, "crime_night_t": 0, "crime_night_top": null, "bv_night": "0-1", "nta": "Bel Air-Beverly Crest", "boro": "Los Angeles"}}, {"type": "Feature", "geometry": {"type": "Polygon", "coordinates": [[[-118.49441381815666, 34.12956045579145], [-118.4898648454879, 34.13303612735315], [-118.49112170527802, 34.137957606721955], [-118.49692790957215, 34.13940324957945], [-118.50147676716713, 34.13592743339767], [-118.50021953558242, 34.13100611899061], [-118.49441381815666, 34.12956045579145]]]}, "properties": {"light_n": 11, "light_t": 1, "light_top": 55, "crime_n": 0, "crime_t": 0, "crime_top": null, "bv": "0-1", "crime_night_n": 0, "crime_night_t": 0, "crime_night_top": null, "bv_night": "0-1", "nta": "Encino", "boro": "Los Angeles"}}, {"type": "Feature", "geometry": {"type": "Polygon", "coordinates": [[[-118.62996011401748, 34.14941342308289], [-118.62541754803934, 34.152892772249395], [-118.62667979245693, 34.15781063300898], [-118.6324849730164, 34.159248978281234], [-118.63702742084568, 34.155769484870646], [-118.63576480630513, 34.1508517904439], [-118.62996011401748, 34.14941342308289]]]}, "properties": {"light_n": 2, "light_t": 0, "light_top": 92, "crime_n": 5, "crime_t": 1, "crime_top": 69, "bv": "1-0", "crime_night_n": 2, "crime_night_t": 0, "crime_night_top": 82, "bv_night": "0-0", "nta": "Topanga", "boro": "Los Angeles"}}, {"type": "Feature", "geometry": {"type": "Polygon", "coordinates": [[[-118.38889427404814, 34.22769533203059], [-118.38433569709036, 34.23116709366046], [-118.38558963339098, 34.236087819655744], [-118.39140252054035, 34.23753662056491], [-118.39596098459197, 34.23406471454838], [-118.39470667444097, 34.22914415202159], [-118.38889427404814, 34.22769533203059]]]}, "properties": {"light_n": 4, "light_t": 0, "light_top": 81, "crime_n": 13, "crime_t": 1, "crime_top": 42, "bv": "1-0", "crime_night_n": 3, "crime_night_t": 1, "crime_night_top": 69, "bv_night": "1-0", "nta": "Foothill", "boro": "Los Angeles"}}, {"type": "Feature", "geometry": {"type": "Polygon", "coordinates": [[[-118.42664690021547, 34.034267061778486], [-118.42209822355797, 34.03774164351202], [-118.42335142654689, 34.04266756749078], [-118.42915367829018, 34.04411874515961], [-118.43370224158708, 34.04064401822866], [-118.43244866654177, 34.03571825883846], [-118.42664690021547, 34.034267061778486]]]}, "properties": {"light_n": 26, "light_t": 2, "light_top": 29, "crime_n": 11, "crime_t": 1, "crime_top": 46, "bv": "1-2", "crime_night_n": 3, "crime_night_t": 1, "crime_night_top": 69, "bv_night": "1-2", "nta": "Westside", "boro": "Los Angeles"}}, {"type": "Feature", "geometry": {"type": "Polygon", "coordinates": [[[-118.48644567535209, 34.247362890122744], [-118.48189146333219, 34.25083726948769], [-118.48314934947275, 34.255755234817244], [-118.48896182036212, 34.257198656355534], [-118.49351591724336, 34.253724132892806], [-118.49225765841464, 34.24880633200174], [-118.48644567535209, 34.247362890122744]]]}, "properties": {"light_n": 7, "light_t": 1, "light_top": 69, "crime_n": 2, "crime_t": 0, "crime_top": 87, "bv": "0-1", "crime_night_n": 0, "crime_night_t": 0, "crime_night_top": null, "bv_night": "0-1", "nta": "Granada Hills South", "boro": "Los Angeles"}}, {"type": "Feature", "geometry": {"type": "Polygon", "coordinates": [[[-118.31560452811776, 34.02489133347765], [-118.31105037364627, 34.02836282427467], [-118.31229923027226, 34.03329146390661], [-118.31810261486805, 34.03474844932678], [-118.32265665848671, 34.03127681306815], [-118.32140742840271, 34.02634833686319], [-118.31560452811776, 34.02489133347765]]]}, "properties": {"light_n": 37, "light_t": 2, "light_top": 20, "crime_n": 22, "crime_t": 2, "crime_top": 28, "bv": "2-2", "crime_night_n": 7, "crime_night_t": 1, "crime_night_top": 42, "bv_night": "1-2", "nta": "United Neighborhoods", "boro": "Los Angeles"}}, {"type": "Feature", "geometry": {"type": "Polygon", "coordinates": [[[-118.57114727643413, 34.15324791294795], [-118.56660141731345, 34.15672555844339], [-118.56786146790083, 34.16164460424082], [-118.57366774858212, 34.16308583886233], [-118.5782134908614, 34.15960804901564], [-118.57695306934153, 34.154689168910735], [-118.57114727643413, 34.15324791294795]]]}, "properties": {"light_n": 3, "light_t": 0, "light_top": 86, "crime_n": 0, "crime_t": 0, "crime_top": null, "bv": "0-0", "crime_night_n": 0, "crime_night_t": 0, "crime_night_top": null, "bv_night": "0-0", "nta": "Woodland Hills-Warner Center", "boro": "Los Angeles"}}, {"type": "Feature", "geometry": {"type": "Polygon", "coordinates": [[[-118.62667979245693, 34.15781063300898], [-118.62213670873409, 34.161289814987065], [-118.62339892362331, 34.16620748643786], [-118.62920459249877, 34.16764580965612], [-118.63374755812822, 34.16416648346557], [-118.6324849730164, 34.159248978281234], [-118.62667979245693, 34.15781063300898]]]}, "properties": {"light_n": 14, "light_t": 1, "light_top": 48, "crime_n": 6, "crime_t": 1, "crime_top": 65, "bv": "1-1", "crime_night_n": 4, "crime_night_t": 1, "crime_night_top": 60, "bv_night": "1-1", "nta": "Woodland Hills-Warner Center", "boro": "Los Angeles"}}, {"type": "Feature", "geometry": {"type": "Polygon", "coordinates": [[[-118.52083242923727, 34.23287358924283], [-118.51628063791274, 34.23634908449368], [-118.51753967227722, 34.241266747540294], [-118.52335087014083, 34.242708750489115], [-118.52790254558498, 34.23923311114595], [-118.52664313908666, 34.23431561295843], [-118.52083242923727, 34.23287358924283]]]}, "properties": {"light_n": 4, "light_t": 0, "light_top": 81, "crime_n": 2, "crime_t": 0, "crime_top": 87, "bv": "0-0", "crime_night_n": 0, "crime_night_t": 0, "crime_night_top": null, "bv_night": "0-0", "nta": "Northridge East", "boro": "Los Angeles"}}, {"type": "Feature", "geometry": {"type": "Polygon", "coordinates": [[[-118.19209178224902, 34.09538194254402], [-118.18752826121651, 34.09884924721994], [-118.18877317379025, 34.10377838460377], [-118.19458198298983, 34.105240055490334], [-118.19914539580694, 34.101772605438306], [-118.19790010768014, 34.0968436298882], [-118.19209178224902, 34.09538194254402]]]}, "properties": {"light_n": 3, "light_t": 0, "light_top": 86, "crime_n": 5, "crime_t": 1, "crime_top": 69, "bv": "1-0", "crime_night_n": 4, "crime_night_t": 1, "crime_night_top": 60, "bv_night": "1-0", "nta": "Hollenbeck", "boro": "Los Angeles"}}, {"type": "Feature", "geometry": {"type": "Polygon", "coordinates": [[[-118.40502414941567, 33.99194703690989], [-118.40047605385504, 33.995421371935265], [-118.40172795714976, 34.00034907351639], [-118.40752832810537, 34.00180227557205], [-118.41207631087528, 33.99832779511007], [-118.4108240355207, 33.993400258041184], [-118.40502414941567, 33.99194703690989]]]}, "properties": {"light_n": 8, "light_t": 1, "light_top": 65, "crime_n": 25, "crime_t": 2, "crime_top": 25, "bv": "2-1", "crime_night_n": 14, "crime_night_t": 2, "crime_night_top": 22, "bv_night": "2-1", "nta": "Pacific", "boro": "Los Angeles"}}, {"type": "Feature", "geometry": {"type": "Polygon", "coordinates": [[[-118.15392021067056, 34.09500152918577], [-118.14935470681846, 34.0984677340805], [-118.15059814971866, 34.10339770668022], [-118.15640747256164, 34.10486131297625], [-118.16097286905868, 34.10139496263148], [-118.15972905010804, 34.09646515145313], [-118.15392021067056, 34.09500152918577]]]}, "properties": {"light_n": 1, "light_t": 0, "light_top": 100, "crime_n": 0, "crime_t": 0, "crime_top": null, "bv": "0-0", "crime_night_n": 0, "crime_night_t": 0, "crime_night_top": null, "bv_night": "0-0", "nta": "LA-32", "boro": "Los Angeles"}}, {"type": "Feature", "geometry": {"type": "Polygon", "coordinates": [[[-118.28548266859566, 33.71241053240704], [-118.28093963287735, 33.71588383175007], [-118.28218385838706, 33.720822619523155], [-118.28797149142703, 33.7222879437221], [-118.29251441758214, 33.71881449740267], [-118.2912698203004, 33.71387587387284], [-118.28548266859566, 33.71241053240704]]]}, "properties": {"light_n": 4, "light_t": 0, "light_top": 81, "crime_n": 7, "crime_t": 1, "crime_top": 60, "bv": "1-0", "crime_night_n": 2, "crime_night_t": 0, "crime_night_top": 82, "bv_night": "0-0", "nta": "Harbor", "boro": "Los Angeles"}}, {"type": "Feature", "geometry": {"type": "Polygon", "coordinates": [[[-118.28635180762524, 33.7588623324244], [-118.2818069349449, 33.762335272372574], [-118.28305170916397, 33.767272648100914], [-118.28884172817224, 33.76873691980995], [-118.29338649117913, 33.76526383310546], [-118.29214134489122, 33.76032662146042], [-118.28635180762524, 33.7588623324244]]]}, "properties": {"light_n": 5, "light_t": 0, "light_top": 76, "crime_n": 5, "crime_t": 1, "crime_top": 69, "bv": "1-0", "crime_night_n": 3, "crime_night_t": 1, "crime_night_top": 69, "bv_night": "1-0", "nta": "Northwest San Pedro", "boro": "Los Angeles"}}, {"type": "Feature", "geometry": {"type": "Polygon", "coordinates": [[[-118.5824926663842, 34.197512856888665], [-118.57794560413473, 34.20099042991438], [-118.57920658777935, 34.205907839491466], [-118.58501500479059, 34.20734751040716], [-118.58956194985161, 34.203869793257155], [-118.58830059513063, 34.198952549327814], [-118.5824926663842, 34.197512856888665]]]}, "properties": {"light_n": 16, "light_t": 1, "light_top": 43, "crime_n": 13, "crime_t": 1, "crime_top": 42, "bv": "1-1", "crime_night_n": 7, "crime_night_t": 1, "crime_night_top": 42, "bv_night": "1-1", "nta": "Topanga", "boro": "Los Angeles"}}, {"type": "Feature", "geometry": {"type": "Polygon", "coordinates": [[[-118.46948400475969, 34.266177371329846], [-118.46492812154452, 34.26965109174209], [-118.46618557270939, 34.27456883750778], [-118.47199928016995, 34.276012698685875], [-118.47655504858857, 34.27253883422641], [-118.47529722438392, 34.267621252648276], [-118.46948400475969, 34.266177371329846]]]}, "properties": {"light_n": 8, "light_t": 1, "light_top": 65, "crime_n": 11, "crime_t": 1, "crime_top": 46, "bv": "1-1", "crime_night_n": 7, "crime_night_t": 1, "crime_night_top": 42, "bv_night": "1-1", "nta": "Mission", "boro": "Los Angeles"}}, {"type": "Feature", "geometry": {"type": "Polygon", "coordinates": [[[-118.30129747454238, 33.818099314283735], [-118.29675098315415, 33.82157218348491], [-118.29799698632205, 33.82650744870956], [-118.30378985318492, 33.827969680715896], [-118.30833623444948, 33.824496665064814], [-118.30708985901488, 33.81956156386949], [-118.30129747454238, 33.818099314283735]]]}, "properties": {"light_n": 12, "light_t": 1, "light_top": 52, "crime_n": 19, "crime_t": 2, "crime_top": 33, "bv": "2-1", "crime_night_n": 8, "crime_night_t": 1, "crime_night_top": 37, "bv_night": "1-1", "nta": "Harbor", "boro": "Los Angeles"}}, {"type": "Feature", "geometry": {"type": "Polygon", "coordinates": [[[-118.23688546045496, 34.07895599796916], [-118.23232496019834, 34.08242474368684], [-118.23357140731974, 34.08735342156413], [-118.23937872959304, 34.08881319135762], [-118.24393912065837, 34.08534430027417], [-118.24269229868197, 34.08041578477534], [-118.23688546045496, 34.07895599796916]]]}, "properties": {"light_n": 2, "light_t": 0, "light_top": 92, "crime_n": 7, "crime_t": 1, "crime_top": 60, "bv": "1-0", "crime_night_n": 2, "crime_night_t": 0, "crime_night_top": 82, "bv_night": "0-0", "nta": "Northeast", "boro": "Los Angeles"}}, {"type": "Feature", "geometry": {"type": "Polygon", "coordinates": [[[-118.48215297043751, 34.03891546184649], [-118.47760704411958, 34.042391583515695], [-118.47886241554961, 34.047316144477385], [-118.4846640846911, 34.04876441861485], [-118.48920989639655, 34.04528815188266], [-118.4879541536135, 34.0403637560881], [-118.48215297043751, 34.03891546184649]]]}, "properties": {"light_n": 2, "light_t": 0, "light_top": 92, "crime_n": 0, "crime_t": 0, "crime_top": null, "bv": "0-0", "crime_night_n": 0, "crime_night_t": 0, "crime_night_top": null, "bv_night": "0-0", "nta": null, "boro": "Los Angeles"}}, {"type": "Feature", "geometry": {"type": "Polygon", "coordinates": [[[-118.20909656547536, 34.0765817295858], [-118.204534704501, 34.080049695911164], [-118.20578005965586, 34.0849790487576], [-118.21158765102895, 34.08644027320465], [-118.21614940344172, 34.08297216144939], [-118.21490367308323, 34.07804297068931], [-118.20909656547536, 34.0765817295858]]]}, "properties": {"light_n": 7, "light_t": 1, "light_top": 69, "crime_n": 12, "crime_t": 1, "crime_top": 44, "bv": "1-1", "crime_night_n": 4, "crime_night_t": 1, "crime_night_top": 60, "bv_night": "1-1", "nta": "Hollenbeck", "boro": "Los Angeles"}}, {"type": "Feature", "geometry": {"type": "Polygon", "coordinates": [[[-118.43743748938297, 34.22596432894877], [-118.43288155330252, 34.22943750014749], [-118.43413732597612, 34.23435721640357], [-118.43994940796632, 34.235803597478636], [-118.444505230053, 34.23233028198389], [-118.44324908418392, 34.22741072972232], [-118.43743748938297, 34.22596432894877]]]}, "properties": {"light_n": 17, "light_t": 1, "light_top": 41, "crime_n": 16, "crime_t": 1, "crime_top": 36, "bv": "1-1", "crime_night_n": 4, "crime_night_t": 1, "crime_night_top": 60, "bv_night": "1-1", "nta": "Mission", "boro": "Los Angeles"}}, {"type": "Feature", "geometry": {"type": "Polygon", "coordinates": [[[-118.33212278402692, 33.98288535091159], [-118.32757121190072, 33.98635768415497], [-118.3288202302383, 33.991287256734594], [-118.33462119370222, 33.992744332323575], [-118.33917265468868, 33.989271853456984], [-118.33792326339122, 33.98434244463683], [-118.33212278402692, 33.98288535091159]]]}, "properties": {"light_n": 28, "light_t": 2, "light_top": 27, "crime_n": 42, "crime_t": 2, "crime_top": 15, "bv": "2-2", "crime_night_n": 11, "crime_night_t": 2, "crime_night_top": 28, "bv_night": "2-2", "nta": "77th Street", "boro": "Los Angeles"}}, {"type": "Feature", "geometry": {"type": "Polygon", "coordinates": [[[-118.50291906374625, 34.205395733604625], [-118.49836744413415, 34.20887096658209], [-118.4996254844825, 34.21378988790941], [-118.50543551667195, 34.21523341150093], [-118.50998702086267, 34.211758034268435], [-118.50872860832604, 34.20683927771158], [-118.50291906374625, 34.205395733604625]]]}, "properties": {"light_n": 6, "light_t": 0, "light_top": 72, "crime_n": 9, "crime_t": 1, "crime_top": 53, "bv": "1-0", "crime_night_n": 4, "crime_night_t": 1, "crime_night_top": 60, "bv_night": "1-0", "nta": "West Valley", "boro": "Los Angeles"}}, {"type": "Feature", "geometry": {"type": "Polygon", "coordinates": [[[-118.22728947993991, 33.933400079107884], [-118.22273441579584, 33.93686984349933], [-118.22397887250013, 33.941803208889546], [-118.22977876739354, 33.94326664709531], [-118.23433372284585, 33.93979673664868], [-118.2330888921366, 33.93486353406374], [-118.22728947993991, 33.933400079107884]]]}, "properties": {"light_n": 7, "light_t": 1, "light_top": 69, "crime_n": 15, "crime_t": 1, "crime_top": 38, "bv": "1-1", "crime_night_n": 2, "crime_night_t": 0, "crime_night_top": 82, "bv_night": "0-1", "nta": "Southeast", "boro": "Los Angeles"}}, {"type": "Feature", "geometry": {"type": "Polygon", "coordinates": [[[-118.30503619625179, 33.8329045994135], [-118.30048930012994, 33.836377450079745], [-118.30173561079289, 33.84131218608364], [-118.30752918993392, 33.8427739074177], [-118.31207597581933, 33.839300910377986], [-118.31082929284022, 33.83436633838988], [-118.30503619625179, 33.8329045994135]]]}, "properties": {"light_n": 5, "light_t": 0, "light_top": 76, "crime_n": 6, "crime_t": 1, "crime_top": 65, "bv": "1-0", "crime_night_n": 4, "crime_night_t": 1, "crime_night_top": 60, "bv_night": "1-0", "nta": "Harbor", "boro": "Los Angeles"}}, {"type": "Feature", "geometry": {"type": "Polygon", "coordinates": [[[-118.32709856972481, 34.262973720158854], [-118.32253528234364, 34.26644337463733], [-118.3237872499079, 34.27136433998847], [-118.32960287979903, 34.27281548819771], [-118.33416605559371, 34.269345689369075], [-118.33291371312437, 34.264424886693675], [-118.32709856972481, 34.262973720158854]]]}, "properties": {"light_n": 1, "light_t": 0, "light_top": 100, "crime_n": 0, "crime_t": 0, "crime_top": null, "bv": "0-0", "crime_night_n": 0, "crime_night_t": 0, "crime_night_top": null, "bv_night": "0-0", "nta": "Sunland-Tujunga", "boro": "Los Angeles"}}, {"type": "Feature", "geometry": {"type": "Polygon", "coordinates": [[[-118.31053608042929, 33.940524392559055], [-118.3059850973808, 33.94399647799086], [-118.3072328176292, 33.94892781911437], [-118.31303189392723, 33.95038691113684], [-118.31758276640373, 33.94691467984332], [-118.31633467319442, 33.94198350240127], [-118.31053608042929, 33.940524392559055]]]}, "properties": {"light_n": 24, "light_t": 2, "light_top": 31, "crime_n": 43, "crime_t": 2, "crime_top": 14, "bv": "2-2", "crime_night_n": 15, "crime_night_t": 2, "crime_night_top": 20, "bv_night": "2-2", "nta": "77th Street", "boro": "Los Angeles"}}, {"type": "Feature", "geometry": {"type": "Polygon", "coordinates": [[[-118.36108501059364, 34.22536793434446], [-118.35652505907495, 34.2288389176558], [-118.35777790505345, 34.233760324894135], [-118.36359107679392, 34.23521058565442], [-118.36815091603663, 34.23173945788992], [-118.36689769585543, 34.22681821383056], [-118.36108501059364, 34.22536793434446]]]}, "properties": {"light_n": 45, "light_t": 2, "light_top": 17, "crime_n": 8, "crime_t": 1, "crime_top": 57, "bv": "1-2", "crime_night_n": 3, "crime_night_t": 1, "crime_night_top": 69, "bv_night": "1-2", "nta": "Sun Valley Area", "boro": "Los Angeles"}}, {"type": "Feature", "geometry": {"type": "Polygon", "coordinates": [[[-118.41670101811951, 34.230016114185524], [-118.41214381763992, 34.233488653210266], [-118.4133988434693, 34.238408697100155], [-118.4192114433166, 34.23985603821984], [-118.42376853026015, 34.23638335487529], [-118.42251313093313, 34.231463474743066], [-118.41670101811951, 34.230016114185524]]]}, "properties": {"light_n": 39, "light_t": 2, "light_top": 20, "crime_n": 4, "crime_t": 0, "crime_top": 74, "bv": "0-2", "crime_night_n": 2, "crime_night_t": 0, "crime_night_top": 82, "bv_night": "0-2", "nta": "Arleta", "boro": "Los Angeles"}}, {"type": "Feature", "geometry": {"type": "Polygon", "coordinates": [[[-118.47655504858857, 34.27253883422641], [-118.47199928016995, 34.276012698685875], [-118.47325707335239, 34.28093008809872], [-118.47907100798271, 34.282373448824956], [-118.48362666143278, 34.27889944036178], [-118.48236849526184, 34.27398221518828], [-118.47655504858857, 34.27253883422641]]]}, "properties": {"light_n": 2, "light_t": 0, "light_top": 92, "crime_n": 0, "crime_t": 0, "crime_top": null, "bv": "0-0", "crime_night_n": 0, "crime_night_t": 0, "crime_night_top": null, "bv_night": "0-0", "nta": "Granada Hills North", "boro": "Los Angeles"}}, {"type": "Feature", "geometry": {"type": "Polygon", "coordinates": [[[-118.43606354643134, 33.98588039118708], [-118.4315173389207, 33.989355662741325], [-118.43277035794495, 33.99428287042924], [-118.43856995612985, 33.9957346417064], [-118.44311605016749, 33.99225922474991], [-118.44186265953358, 33.98733218193064], [-118.43606354643134, 33.98588039118708]]]}, "properties": {"light_n": 2, "light_t": 0, "light_top": 92, "crime_n": 7, "crime_t": 1, "crime_top": 60, "bv": "1-0", "crime_night_n": 2, "crime_night_t": 0, "crime_night_top": 82, "bv_night": "0-0", "nta": "Pacific", "boro": "Los Angeles"}}, {"type": "Feature", "geometry": {"type": "Polygon", "coordinates": [[[-118.29755967513442, 33.803292443105775], [-118.29301358845717, 33.80676533050275], [-118.29425928423319, 33.811701124310645], [-118.30005143894374, 33.813163866690864], [-118.30459741560995, 33.80969083276745], [-118.3033513476167, 33.80475520300243], [-118.29755967513442, 33.803292443105775]]]}, "properties": {"light_n": 10, "light_t": 1, "light_top": 58, "crime_n": 0, "crime_t": 0, "crime_top": null, "bv": "0-1", "crime_night_n": 0, "crime_night_t": 0, "crime_night_top": null, "bv_night": "0-1", "nta": "Harbor City", "boro": "Los Angeles"}}, {"type": "Feature", "geometry": {"type": "Polygon", "coordinates": [[[-118.38011864393583, 33.95801233431253], [-118.3755706149888, 33.96148625394093], [-118.37682118790283, 33.9664155420503], [-118.38262016196633, 33.9678707461745], [-118.38716807874846, 33.96439668090249], [-118.38591713367228, 33.959467557162036], [-118.38011864393583, 33.95801233431253]]]}, "properties": {"light_n": 6, "light_t": 0, "light_top": 72, "crime_n": 20, "crime_t": 2, "crime_top": 31, "bv": "2-0", "crime_night_n": 5, "crime_night_t": 1, "crime_night_top": 51, "bv_night": "1-0", "nta": "Pacific", "boro": "Los Angeles"}}, {"type": "Feature", "geometry": {"type": "Polygon", "coordinates": [[[-118.4826291493489, 34.062088748465676], [-118.47808230388331, 34.06556468088763], [-118.47933795423214, 34.07048851486365], [-118.48514082158806, 34.071936251343594], [-118.48968755238285, 34.068460173966656], [-118.48843153053299, 34.06353650507689], [-118.4826291493489, 34.062088748465676]]]}, "properties": {"light_n": 17, "light_t": 1, "light_top": 41, "crime_n": 1, "crime_t": 0, "crime_top": 100, "bv": "0-1", "crime_night_n": 0, "crime_night_t": 0, "crime_night_top": null, "bv_night": "0-1", "nta": "West LA", "boro": "Los Angeles"}}, {"type": "Feature", "geometry": {"type": "Polygon", "coordinates": [[[-118.29576450141087, 34.07528676232517], [-118.29120724553418, 34.07875723463028], [-118.29245590690749, 34.08368474829914], [-118.29826219825442, 34.08514162664714], [-118.30281934362374, 34.081671009073546], [-118.30157030819383, 34.0767436584327], [-118.29576450141087, 34.07528676232517]]]}, "properties": {"light_n": 76, "light_t": 2, "light_top": 7, "crime_n": 43, "crime_t": 2, "crime_top": 14, "bv": "2-2", "crime_night_n": 21, "crime_night_t": 2, "crime_night_top": 13, "bv_night": "2-2", "nta": "Wilshire Center-Koreatown", "boro": "Los Angeles"}}, {"type": "Feature", "geometry": {"type": "Polygon", "coordinates": [[[-118.53119429598254, 34.23083980322336], [-118.52664313908666, 34.23431561295843], [-118.52790254558498, 34.23923311114595], [-118.53371348100221, 34.24067463463341], [-118.5382645217895, 34.2371986808184], [-118.5370047433089, 34.23228134760799], [-118.53119429598254, 34.23083980322336]]]}, "properties": {"light_n": 15, "light_t": 1, "light_top": 46, "crime_n": 7, "crime_t": 1, "crime_top": 60, "bv": "1-1", "crime_night_n": 4, "crime_night_t": 1, "crime_night_top": 60, "bv_night": "1-1", "nta": "Northridge South", "boro": "Los Angeles"}}, {"type": "Feature", "geometry": {"type": "Polygon", "coordinates": [[[-118.22567083811889, 34.03458974235021], [-118.22111156198355, 34.03805856455337], [-118.22235708406787, 34.04298885723554], [-118.22816225703191, 34.04445016530797], [-118.23272142431475, 34.04098119751372], [-118.23147552752624, 34.03605106725047], [-118.22567083811889, 34.03458974235021]]]}, "properties": {"light_n": 21, "light_t": 1, "light_top": 35, "crime_n": 28, "crime_t": 2, "crime_top": 22, "bv": "2-1", "crime_night_n": 18, "crime_night_t": 2, "crime_night_top": 17, "bv_night": "2-1", "nta": "Hollenbeck", "boro": "Los Angeles"}}, {"type": "Feature", "geometry": {"type": "Polygon", "coordinates": [[[-118.48692362977606, 34.270508034830506], [-118.48236849526184, 34.27398221518828], [-118.48362666143278, 34.27889944036178], [-118.48944033499566, 34.280342320832254], [-118.49399535431257, 34.27686799648302], [-118.49273681530467, 34.271950935666965], [-118.48692362977606, 34.270508034830506]]]}, "properties": {"light_n": 9, "light_t": 1, "light_top": 62, "crime_n": 10, "crime_t": 1, "crime_top": 49, "bv": "1-1", "crime_night_n": 1, "crime_night_t": 0, "crime_night_top": 100, "bv_night": "0-1", "nta": "Devonshire", "boro": "Los Angeles"}}, {"type": "Feature", "geometry": {"type": "Polygon", "coordinates": [[[-118.278182560396, 33.876948942530014], [-118.27363246376852, 33.88042065224622], [-118.27487823890787, 33.88535463540679], [-118.28067448367621, 33.88681674529989], [-118.28522447058158, 33.88334488936379], [-118.28397832248086, 33.878411069766706], [-118.278182560396, 33.876948942530014]]]}, "properties": {"light_n": 4, "light_t": 0, "light_top": 81, "crime_n": 9, "crime_t": 1, "crime_top": 53, "bv": "1-0", "crime_night_n": 5, "crime_night_t": 1, "crime_night_top": 51, "bv_night": "1-0", "nta": "Southeast", "boro": "Los Angeles"}}, {"type": "Feature", "geometry": {"type": "Polygon", "coordinates": [[[-118.38569505062783, 34.0655325225301], [-118.38114293419156, 34.06900565916689], [-118.38239492490395, 34.07393151355305], [-118.38819940489911, 34.07538406728179], [-118.39275140882914, 34.07191078550949], [-118.39149904531071, 34.06698509515613], [-118.38569505062783, 34.0655325225301]]]}, "properties": {"light_n": 9, "light_t": 1, "light_top": 62, "crime_n": 3, "crime_t": 0, "crime_top": 80, "bv": "0-1", "crime_night_n": 1, "crime_night_t": 0, "crime_night_top": 100, "bv_night": "0-1", "nta": "Mid-City West", "boro": "Los Angeles"}}, {"type": "Feature", "geometry": {"type": "Polygon", "coordinates": [[[-118.44216185321358, 34.11653483797429], [-118.43761064161971, 34.120009134476234], [-118.43886536147888, 34.12493216858965], [-118.44467166537274, 34.126380741762645], [-118.44922276309073, 34.122906300473666], [-118.44796767083129, 34.1179834308109], [-118.44216185321358, 34.11653483797429]]]}, "properties": {"light_n": 9, "light_t": 1, "light_top": 62, "crime_n": 2, "crime_t": 0, "crime_top": 87, "bv": "0-1", "crime_night_n": 2, "crime_night_t": 0, "crime_night_top": 82, "bv_night": "0-1", "nta": "Bel Air-Beverly Crest", "boro": "Los Angeles"}}, {"type": "Feature", "geometry": {"type": "Polygon", "coordinates": [[[-118.39320935097898, 34.09508499679691], [-118.38865642529343, 34.09855808528816], [-118.38990903481765, 34.103482859105895], [-118.39571494297223, 34.104934380440014], [-118.4002677559233, 34.101461146964255], [-118.39901477349473, 34.09653653715108], [-118.39320935097898, 34.09508499679691]]]}, "properties": {"light_n": 2, "light_t": 0, "light_top": 92, "crime_n": 4, "crime_t": 0, "crime_top": 74, "bv": "0-0", "crime_night_n": 4, "crime_night_t": 1, "crime_night_top": 60, "bv_night": "1-0", "nta": "Hollywood", "boro": "Los Angeles"}}, {"type": "Feature", "geometry": {"type": "Polygon", "coordinates": [[[-118.38615151572598, 34.088707996913385], [-118.38159847747721, 34.09218094037665], [-118.38285074576322, 34.09710606653405], [-118.38865642529343, 34.09855808528816], [-118.39320935097898, 34.09508499679691], [-118.391956709738, 34.09016003459174], [-118.38615151572598, 34.088707996913385]]]}, "properties": {"light_n": 3, "light_t": 0, "light_top": 86, "crime_n": 2, "crime_t": 0, "crime_top": 87, "bv": "0-0", "crime_night_n": 0, "crime_night_t": 0, "crime_night_top": null, "bv_night": "0-0", "nta": "Bel Air-Beverly Crest", "boro": "Los Angeles"}}, {"type": "Feature", "geometry": {"type": "Polygon", "coordinates": [[[-118.52509605611905, 34.270768890995555], [-118.52054294043543, 34.274244161748655], [-118.52180256648718, 34.27916053675762], [-118.52761568059407, 34.28060147626248], [-118.53216868022258, 34.277126061598615], [-118.53090868184012, 34.272209851352805], [-118.52509605611905, 34.270768890995555]]]}, "properties": {"light_n": 6, "light_t": 0, "light_top": 72, "crime_n": 1, "crime_t": 0, "crime_top": 100, "bv": "0-0", "crime_night_n": 0, "crime_night_t": 0, "crime_night_top": null, "bv_night": "0-0", "nta": "Granada Hills South", "boro": "Los Angeles"}}, {"type": "Feature", "geometry": {"type": "Polygon", "coordinates": [[[-118.22609426678142, 34.057778660150205], [-118.22153406568151, 34.061247286215604], [-118.2227798627217, 34.06617685336089], [-118.22858623575635, 34.067637632114135], [-118.23314632794903, 34.06416886056507], [-118.23190015605451, 34.059239455758735], [-118.22609426678142, 34.057778660150205]]]}, "properties": {"light_n": 8, "light_t": 1, "light_top": 65, "crime_n": 10, "crime_t": 1, "crime_top": 49, "bv": "1-1", "crime_night_n": 3, "crime_night_t": 1, "crime_night_top": 69, "bv_night": "1-1", "nta": "Central", "boro": "Los Angeles"}}, {"type": "Feature", "geometry": {"type": "Polygon", "coordinates": [[[-118.47227966268136, 34.064116446855344], [-118.46773218577378, 34.06759206681219], [-118.46898746447096, 34.07251606575601], [-118.47479059176787, 34.073964279787326], [-118.47933795423214, 34.07048851486365], [-118.47808230388331, 34.06556468088763], [-118.47227966268136, 34.064116446855344]]]}, "properties": {"light_n": 2, "light_t": 0, "light_top": 92, "crime_n": 0, "crime_t": 0, "crime_top": null, "bv": "0-0", "crime_night_n": 0, "crime_night_t": 0, "crime_night_top": null, "bv_night": "0-0", "nta": null, "boro": "Los Angeles"}}, {"type": "Feature", "geometry": {"type": "Polygon", "coordinates": [[[-118.43180456515876, 34.11856006325667], [-118.42725272239879, 34.12203404569603], [-118.42850706970698, 34.12695724414156], [-118.43431363236665, 34.12840629582778], [-118.43886536147888, 34.12493216858965], [-118.43761064161971, 34.120009134476234], [-118.43180456515876, 34.11856006325667]]]}, "properties": {"light_n": 2, "light_t": 0, "light_top": 92, "crime_n": 0, "crime_t": 0, "crime_top": null, "bv": "0-0", "crime_night_n": 0, "crime_night_t": 0, "crime_night_top": null, "bv_night": "0-0", "nta": "Bel Air-Beverly Crest", "boro": "Los Angeles"}}, {"type": "Feature", "geometry": {"type": "Polygon", "coordinates": [[[-118.41062558946008, 34.099438642076], [-118.40607340678456, 34.10291218985764], [-118.4073267304137, 34.10783644709878], [-118.41313260946217, 34.10928699239488], [-118.41768467900376, 34.10581329968377], [-118.41643098267132, 34.10088920661821], [-118.41062558946008, 34.099438642076]]]}, "properties": {"light_n": 2, "light_t": 0, "light_top": 92, "crime_n": 0, "crime_t": 0, "crime_top": null, "bv": "0-0", "crime_night_n": 0, "crime_night_t": 0, "crime_night_top": null, "bv_night": "0-0", "nta": "Bel Air-Beverly Crest", "boro": "Los Angeles"}}, {"type": "Feature", "geometry": {"type": "Polygon", "coordinates": [[[-118.42381553835298, 34.0658438503656], [-118.41926542436742, 34.069318073319536], [-118.42051887399347, 34.0742430831901], [-118.42632280995008, 34.07569370567752], [-118.43087281057431, 34.07221933766616], [-118.42961898864375, 34.06729449223698], [-118.42381553835298, 34.0658438503656]]]}, "properties": {"light_n": 8, "light_t": 1, "light_top": 65, "crime_n": 5, "crime_t": 1, "crime_top": 69, "bv": "1-1", "crime_night_n": 4, "crime_night_t": 1, "crime_night_top": 60, "bv_night": "1-1", "nta": "Westwood", "boro": "Los Angeles"}}, {"type": "Feature", "geometry": {"type": "Polygon", "coordinates": [[[-118.44358401246897, 34.015440994486724], [-118.43903699915059, 34.01891622333485], [-118.44029063668926, 34.02384235631772], [-118.44609165929387, 34.02529309562444], [-118.45063855891082, 34.02181772152617], [-118.44938454966506, 34.01689175338345], [-118.44358401246897, 34.015440994486724]]]}, "properties": {"light_n": 8, "light_t": 1, "light_top": 65, "crime_n": 6, "crime_t": 1, "crime_top": 65, "bv": "1-1", "crime_night_n": 2, "crime_night_t": 0, "crime_night_top": 82, "bv_night": "0-1", "nta": "Mar Vista", "boro": "Los Angeles"}}, {"type": "Feature", "geometry": {"type": "Polygon", "coordinates": [[[-118.35552367758949, 34.11794028658232], [-118.35096782812296, 34.12141209040401], [-118.35221925389087, 34.126336977766336], [-118.35802690272081, 34.127789897804064], [-118.36258264025265, 34.12431794902746], [-118.36133084092968, 34.11939322518029], [-118.35552367758949, 34.11794028658232]]]}, "properties": {"light_n": 1, "light_t": 0, "light_top": 100, "crime_n": 0, "crime_t": 0, "crime_top": null, "bv": "0-0", "crime_night_n": 0, "crime_night_t": 0, "crime_night_top": null, "bv_night": "0-0", "nta": "Hollywood Hills West", "boro": "Los Angeles"}}, {"type": "Feature", "geometry": {"type": "Polygon", "coordinates": [[[-118.49160015163, 34.16111718330134], [-118.48704974076647, 34.16459249239519], [-118.48830684930022, 34.16951304933508], [-118.49411474078077, 34.17095813237893], [-118.49866503656835, 34.16748267880399], [-118.49740755599198, 34.16256228667843], [-118.49160015163, 34.16111718330134]]]}, "properties": {"light_n": 3, "light_t": 0, "light_top": 86, "crime_n": 12, "crime_t": 1, "crime_top": 44, "bv": "1-0", "crime_night_n": 3, "crime_night_t": 1, "crime_night_top": 69, "bv_night": "1-0", "nta": "West Valley", "boro": "Los Angeles"}}, {"type": "Feature", "geometry": {"type": "Polygon", "coordinates": [[[-118.5292479444018, 34.13822955093804], [-118.52470046851008, 34.14170613782357], [-118.52595875371732, 34.14662657868849], [-118.53176488624682, 34.14807026737826], [-118.53631224626662, 34.144593535984704], [-118.53505358966953, 34.13967326042149], [-118.5292479444018, 34.13822955093804]]]}, "properties": {"light_n": 3, "light_t": 0, "light_top": 86, "crime_n": 1, "crime_t": 0, "crime_top": 100, "bv": "0-0", "crime_night_n": 0, "crime_night_t": 0, "crime_night_top": null, "bv_night": "0-0", "nta": "Encino", "boro": "Los Angeles"}}, {"type": "Feature", "geometry": {"type": "Polygon", "coordinates": [[[-118.42242377799398, 33.99630572731518], [-118.41787642459617, 33.9997805201502], [-118.41912904047757, 34.00470770646847], [-118.42492938165643, 34.00615993528047], [-118.42947662186523, 34.00268499706398], [-118.42822363412462, 33.9977579754291], [-118.42242377799398, 33.99630572731518]]]}, "properties": {"light_n": 5, "light_t": 0, "light_top": 76, "crime_n": 10, "crime_t": 1, "crime_top": 49, "bv": "1-0", "crime_night_n": 4, "crime_night_t": 1, "crime_night_top": 60, "bv_night": "1-0", "nta": "Pacific", "boro": "Los Angeles"}}, {"type": "Feature", "geometry": {"type": "Polygon", "coordinates": [[[-118.59941552246573, 34.17868332813805], [-118.5948701317398, 34.182161550773806], [-118.59613154616642, 34.1870791749407], [-118.60193872208502, 34.18851841058558], [-118.60648399528333, 34.18504004377512], [-118.6052222101315, 34.18012258550653], [-118.59941552246573, 34.17868332813805]]]}, "properties": {"light_n": 15, "light_t": 1, "light_top": 46, "crime_n": 34, "crime_t": 2, "crime_top": 19, "bv": "2-1", "crime_night_n": 10, "crime_night_t": 2, "crime_night_top": 31, "bv_night": "2-1", "nta": "Topanga", "boro": "Los Angeles"}}, {"type": "Feature", "geometry": {"type": "Polygon", "coordinates": [[[-118.48405886731352, 34.131589985921366], [-118.47950926217844, 34.13506534408189], [-118.48076575002301, 34.13998698829416], [-118.48657221498884, 34.14143310951458], [-118.49112170527802, 34.137957606721955], [-118.4898648454879, 34.13303612735315], [-118.48405886731352, 34.131589985921366]]]}, "properties": {"light_n": 1, "light_t": 0, "light_top": 100, "crime_n": 0, "crime_t": 0, "crime_top": null, "bv": "0-0", "crime_night_n": 0, "crime_night_t": 0, "crime_night_top": null, "bv_night": "0-0", "nta": "Encino", "boro": "Los Angeles"}}, {"type": "Feature", "geometry": {"type": "Polygon", "coordinates": [[[-118.54862560032959, 34.235163456858025], [-118.54407519440396, 34.238639724935716], [-118.54533531440147, 34.243556701863376], [-118.55114621214447, 34.244997245578894], [-118.55569650156153, 34.24152083347755], [-118.55443600978495, 34.23660402169647], [-118.54862560032959, 34.235163456858025]]]}, "properties": {"light_n": 22, "light_t": 2, "light_top": 33, "crime_n": 6, "crime_t": 1, "crime_top": 65, "bv": "1-2", "crime_night_n": 2, "crime_night_t": 0, "crime_night_top": 82, "bv_night": "0-2", "nta": "Northridge West", "boro": "Los Angeles"}}, {"type": "Feature", "geometry": {"type": "Polygon", "coordinates": [[[-118.40924154049104, 34.02991152246677], [-118.40469212097814, 34.033385646007446], [-118.40594461096687, 34.0383120859001], [-118.41174689276625, 34.03976423784673], [-118.41629619931722, 34.03628996905347], [-118.41504333707117, 34.031363693578335], [-118.40924154049104, 34.02991152246677]]]}, "properties": {"light_n": 10, "light_t": 1, "light_top": 58, "crime_n": 7, "crime_t": 1, "crime_top": 60, "bv": "1-1", "crime_night_n": 3, "crime_night_t": 1, "crime_night_top": 69, "bv_night": "1-1", "nta": "Westside", "boro": "Los Angeles"}}, {"type": "Feature", "geometry": {"type": "Polygon", "coordinates": [[[-118.43556832092689, 34.13332914098189], [-118.43101607421725, 34.1368030987276], [-118.43227073144242, 34.14172575472842], [-118.43807800801768, 34.14317428867794], [-118.44263014096501, 34.13970018620888], [-118.44137511113996, 34.13477769452583], [-118.43556832092689, 34.13332914098189]]]}, "properties": {"light_n": 1, "light_t": 0, "light_top": 100, "crime_n": 1, "crime_t": 0, "crime_top": 100, "bv": "0-0", "crime_night_n": 1, "crime_night_t": 0, "crime_night_top": 100, "bv_night": "0-0", "nta": "Sherman Oaks", "boro": "Los Angeles"}}, {"type": "Feature", "geometry": {"type": "Polygon", "coordinates": [[[-118.29595985554604, 34.26902534201247], [-118.29139467797803, 34.272494040486905], [-118.29264551992267, 34.277415493152155], [-118.29846191483311, 34.27886808503617], [-118.30302698150425, 34.27539924217737], [-118.30177576420238, 34.27047795183125], [-118.29595985554604, 34.26902534201247]]]}, "properties": {"light_n": 3, "light_t": 0, "light_top": 86, "crime_n": 0, "crime_t": 0, "crime_top": null, "bv": "0-0", "crime_night_n": 0, "crime_night_t": 0, "crime_night_top": null, "bv_night": "0-0", "nta": "Sunland-Tujunga", "boro": "Los Angeles"}}, {"type": "Feature", "geometry": {"type": "Polygon", "coordinates": [[[-118.47183210382862, 34.21148698100394], [-118.4672785842857, 34.21496126975488], [-118.46853550716165, 34.21988068468452], [-118.47434632226329, 34.221325646459505], [-118.47889972706982, 34.21785121341708], [-118.4776424315518, 34.21293196290332], [-118.47183210382862, 34.21148698100394]]]}, "properties": {"light_n": 9, "light_t": 1, "light_top": 62, "crime_n": 15, "crime_t": 1, "crime_top": 38, "bv": "1-1", "crime_night_n": 7, "crime_night_t": 1, "crime_night_top": 42, "bv_night": "1-1", "nta": "Mission", "boro": "Los Angeles"}}, {"type": "Feature", "geometry": {"type": "Polygon", "coordinates": [[[-118.32003165724225, 34.25660089677507], [-118.31546825844654, 34.26007040686048], [-118.31671988349919, 34.26499172709711], [-118.32253528234364, 34.26644337463733], [-118.32709856972481, 34.262973720158854], [-118.32584656971666, 34.25805256254555], [-118.32003165724225, 34.25660089677507]]]}, "properties": {"light_n": 10, "light_t": 1, "light_top": 58, "crime_n": 9, "crime_t": 1, "crime_top": 53, "bv": "1-1", "crime_night_n": 3, "crime_night_t": 1, "crime_night_top": 69, "bv_night": "1-1", "nta": "Sunland-Tujunga", "boro": "Los Angeles"}}, {"type": "Feature", "geometry": {"type": "Polygon", "coordinates": [[[-118.20619958489686, 34.10816242139889], [-118.20163628046639, 34.11163001678439], [-118.20288187702212, 34.116558452440124], [-118.20869115350274, 34.118019130782805], [-118.21325434937538, 34.11455139010655], [-118.2120083773655, 34.109623116390715], [-118.20619958489686, 34.10816242139889]]]}, "properties": {"light_n": 4, "light_t": 0, "light_top": 81, "crime_n": 6, "crime_t": 1, "crime_top": 65, "bv": "1-0", "crime_night_n": 4, "crime_night_t": 1, "crime_night_top": 60, "bv_night": "1-0", "nta": "Northeast", "boro": "Los Angeles"}}, {"type": "Feature", "geometry": {"type": "Polygon", "coordinates": [[[-118.59563150089828, 34.16392934095598], [-118.59108651071283, 34.167407587379934], [-118.59234761402455, 34.17232575692384], [-118.59815407823997, 34.173765514142545], [-118.60269895101362, 34.17028712346816], [-118.60143747702449, 34.16536911983753], [-118.59563150089828, 34.16392934095598]]]}, "properties": {"light_n": 9, "light_t": 1, "light_top": 62, "crime_n": 12, "crime_t": 1, "crime_top": 44, "bv": "1-1", "crime_night_n": 2, "crime_night_t": 0, "crime_night_top": 82, "bv_night": "0-1", "nta": "Topanga", "boro": "Los Angeles"}}, {"type": "Feature", "geometry": {"type": "Polygon", "coordinates": [[[-118.3037203970638, 33.763254232996765], [-118.29917625819574, 33.766727630151166], [-118.30042174402787, 33.77166449646552], [-118.30621174063874, 33.77312780138158], [-118.31075576943681, 33.76965425752491], [-118.30950991173403, 33.764717555466625], [-118.3037203970638, 33.763254232996765]]]}, "properties": {"light_n": 4, "light_t": 0, "light_top": 81, "crime_n": 2, "crime_t": 0, "crime_top": 87, "bv": "0-0", "crime_night_n": 0, "crime_night_t": 0, "crime_night_top": null, "bv_night": "0-0", "nta": "Northwest San Pedro", "boro": "Los Angeles"}}, {"type": "Feature", "geometry": {"type": "Polygon", "coordinates": [[[-118.62112796843074, 34.220894692675515], [-118.61658201225559, 34.22437315473098], [-118.61784473152045, 34.229288973159], [-118.623653777718, 34.230726163572875], [-118.6281996157901, 34.227247557582345], [-118.62693652580856, 34.222331905125046], [-118.62112796843074, 34.220894692675515]]]}, "properties": {"light_n": 4, "light_t": 0, "light_top": 81, "crime_n": 0, "crime_t": 0, "crime_top": null, "bv": "0-0", "crime_night_n": 0, "crime_night_t": 0, "crime_night_top": null, "bv_night": "0-0", "nta": "West Hills", "boro": "Los Angeles"}}, {"type": "Feature", "geometry": {"type": "Polygon", "coordinates": [[[-118.53070740616228, 34.207691946711364], [-118.52615717007477, 34.211167952359034], [-118.52741629606422, 34.216086188406884], [-118.533226030016, 34.21752825376092], [-118.53777615005416, 34.21405210392657], [-118.53651665223067, 34.209134032936994], [-118.53070740616228, 34.207691946711364]]]}, "properties": {"light_n": 16, "light_t": 1, "light_top": 43, "crime_n": 11, "crime_t": 1, "crime_top": 46, "bv": "1-1", "crime_night_n": 2, "crime_night_t": 0, "crime_night_top": 82, "bv_night": "0-1", "nta": "Reseda", "boro": "Los Angeles"}}, {"type": "Feature", "geometry": {"type": "Polygon", "coordinates": [[[-118.38797926473401, 34.18137874496382], [-118.38342253550628, 34.18485090487518], [-118.38467591531145, 34.18977310344704], [-118.3904863979364, 34.19122297848996], [-118.39504301437242, 34.187750673978925], [-118.39378926101577, 34.18282863903687], [-118.38797926473401, 34.18137874496382]]]}, "properties": {"light_n": 16, "light_t": 1, "light_top": 43, "crime_n": 34, "crime_t": 2, "crime_top": 19, "bv": "2-1", "crime_night_n": 13, "crime_night_t": 2, "crime_night_top": 24, "bv_night": "2-1", "nta": "N Hollywood", "boro": "Los Angeles"}}, {"type": "Feature", "geometry": {"type": "Polygon", "coordinates": [[[-118.37261655879158, 33.92843282111064], [-118.36806933770197, 33.93190678207546], [-118.36931929347428, 33.93683713932109], [-118.37511684244046, 33.938293371217235], [-118.37966395159235, 33.93481926445656], [-118.37841362375603, 33.92988907160773], [-118.37261655879158, 33.92843282111064]]]}, "properties": {"light_n": 2, "light_t": 0, "light_top": 92, "crime_n": 8, "crime_t": 1, "crime_top": 57, "bv": "1-0", "crime_night_n": 3, "crime_night_t": 1, "crime_night_top": 69, "bv_night": "1-0", "nta": "Pacific", "boro": "Los Angeles"}}, {"type": "Feature", "geometry": {"type": "Polygon", "coordinates": [[[-118.39504301437242, 34.187750673978925], [-118.3904863979364, 34.19122297848996], [-118.391740119541, 34.19614482298308], [-118.397550831123, 34.19759419929537], [-118.4021073345957, 34.194121750227964], [-118.4008532394903, 34.18920006941688], [-118.39504301437242, 34.187750673978925]]]}, "properties": {"light_n": 32, "light_t": 2, "light_top": 24, "crime_n": 29, "crime_t": 2, "crime_top": 21, "bv": "2-2", "crime_night_n": 15, "crime_night_t": 2, "crime_night_top": 20, "bv_night": "2-2", "nta": "North Hollywood Northeast", "boro": "Los Angeles"}}, {"type": "Feature", "geometry": {"type": "Polygon", "coordinates": [[[-118.44309862240449, 34.16286241166638], [-118.43854556773141, 34.16633631901761], [-118.43980084510275, 34.17125788824396], [-118.44560954988549, 34.17270538584223], [-118.45016249056691, 34.16923133391833], [-118.44890684049787, 34.164309928981005], [-118.44309862240449, 34.16286241166638]]]}, "properties": {"light_n": 18, "light_t": 1, "light_top": 39, "crime_n": 3, "crime_t": 0, "crime_top": 80, "bv": "0-1", "crime_night_n": 0, "crime_night_t": 0, "crime_night_top": null, "bv_night": "0-1", "nta": "Sherman Oaks", "boro": "Los Angeles"}}, {"type": "Feature", "geometry": {"type": "Polygon", "coordinates": [[[-118.57920658777935, 34.205907839491466], [-118.57465900731464, 34.209385243596905], [-118.57591996095292, 34.2143024626988], [-118.58172886627285, 34.21574211212595], [-118.58627632960501, 34.212264563927675], [-118.58501500479059, 34.20734751040716], [-118.57920658777935, 34.205907839491466]]]}, "properties": {"light_n": 11, "light_t": 1, "light_top": 55, "crime_n": 8, "crime_t": 1, "crime_top": 57, "bv": "1-1", "crime_night_n": 4, "crime_night_t": 1, "crime_night_top": 60, "bv_night": "1-1", "nta": "Winnetka", "boro": "Los Angeles"}}, {"type": "Feature", "geometry": {"type": "Polygon", "coordinates": [[[-118.56786146790083, 34.16164460424082], [-118.56331509097171, 34.165122081595655], [-118.56457511146854, 34.170040937879556], [-118.57038187996746, 34.17148215119457], [-118.57492814011114, 34.168004529520104], [-118.57366774858212, 34.16308583886233], [-118.56786146790083, 34.16164460424082]]]}, "properties": {"light_n": 8, "light_t": 1, "light_top": 65, "crime_n": 4, "crime_t": 0, "crime_top": 74, "bv": "0-1", "crime_night_n": 2, "crime_night_t": 0, "crime_night_top": 82, "bv_night": "0-1", "nta": "Woodland Hills-Warner Center", "boro": "Los Angeles"}}, {"type": "Feature", "geometry": {"type": "Polygon", "coordinates": [[[-118.46713356899056, 34.32085099680238], [-118.46257531966766, 34.324324142372454], [-118.4638332995465, 34.32924021090155], [-118.4696499022272, 34.33068296991356], [-118.47420803669343, 34.327209680539426], [-118.47294968337644, 34.32229377596955], [-118.46713356899056, 34.32085099680238]]]}, "properties": {"light_n": 8, "light_t": 1, "light_top": 65, "crime_n": 0, "crime_t": 0, "crime_top": null, "bv": "0-1", "crime_night_n": 0, "crime_night_t": 0, "crime_night_top": null, "bv_night": "0-1", "nta": "Sylmar", "boro": "Los Angeles"}}, {"type": "Feature", "geometry": {"type": "Polygon", "coordinates": [[[-118.24170383102664, 33.77530005106175], [-118.23715595042314, 33.77877158241067], [-118.23839920191172, 33.78370943174729], [-118.24419070680554, 33.7851755862097], [-118.24873847870147, 33.78170390809632], [-118.24749485445112, 33.776766222297226], [-118.24170383102664, 33.77530005106175]]]}, "properties": {"light_n": 13, "light_t": 1, "light_top": 50, "crime_n": 8, "crime_t": 1, "crime_top": 57, "bv": "1-1", "crime_night_n": 3, "crime_night_t": 1, "crime_night_top": 69, "bv_night": "1-1", "nta": "Wilmington", "boro": "Los Angeles"}}, {"type": "Feature", "geometry": {"type": "Polygon", "coordinates": [[[-118.32640496625218, 34.046061166177914], [-118.32185051683777, 34.04953277861407], [-118.32310002336561, 34.05446052956596], [-118.32890435280568, 34.05591650462813], [-118.33345869108281, 34.05244474684915], [-118.33220881109749, 34.047517159363075], [-118.32640496625218, 34.046061166177914]]]}, "properties": {"light_n": 20, "light_t": 1, "light_top": 36, "crime_n": 18, "crime_t": 2, "crime_top": 34, "bv": "2-1", "crime_night_n": 6, "crime_night_t": 1, "crime_night_top": 46, "bv_night": "1-1", "nta": "Olympic Park", "boro": "Los Angeles"}}, {"type": "Feature", "geometry": {"type": "Polygon", "coordinates": [[[-118.45534362473457, 34.25345187650684], [-118.45078751244232, 34.256925308694136], [-118.45204427961012, 34.26184376663006], [-118.45785753225314, 34.26328862830698], [-118.46241353009283, 34.25981505198547], [-118.4611563897828, 34.254896758133434], [-118.45534362473457, 34.25345187650684]]]}, "properties": {"light_n": 47, "light_t": 2, "light_top": 16, "crime_n": 6, "crime_t": 1, "crime_top": 65, "bv": "1-2", "crime_night_n": 4, "crime_night_t": 1, "crime_night_top": 60, "bv_night": "1-2", "nta": "Mission Hills", "boro": "Los Angeles"}}, {"type": "Feature", "geometry": {"type": "Polygon", "coordinates": [[[-118.6102699732494, 34.199791326743885], [-118.60572429960682, 34.203269669354896], [-118.6069863663185, 34.20818639135936], [-118.61279447743458, 34.209624604830296], [-118.61734003326193, 34.20614611816441], [-118.61607759582925, 34.20122956209452], [-118.6102699732494, 34.199791326743885]]]}, "properties": {"light_n": 10, "light_t": 1, "light_top": 58, "crime_n": 9, "crime_t": 1, "crime_top": 53, "bv": "1-1", "crime_night_n": 4, "crime_night_t": 1, "crime_night_top": 60, "bv_night": "1-1", "nta": "Topanga", "boro": "Los Angeles"}}, {"type": "Feature", "geometry": {"type": "Polygon", "coordinates": [[[-118.48878485227945, 34.1926685676407], [-118.48423300233969, 34.196143511976885], [-118.48549035968806, 34.201063143801974], [-118.49129993930782, 34.20250766663611], [-118.49585167416961, 34.19903257795743], [-118.49459394453032, 34.194113110799265], [-118.48878485227945, 34.1926685676407]]]}, "properties": {"light_n": 11, "light_t": 1, "light_top": 55, "crime_n": 14, "crime_t": 1, "crime_top": 40, "bv": "1-1", "crime_night_n": 7, "crime_night_t": 1, "crime_night_top": 42, "bv_night": "1-1", "nta": "West Valley", "boro": "Los Angeles"}}, {"type": "Feature", "geometry": {"type": "Polygon", "coordinates": [[[-118.41392389966208, 34.09104047946834], [-118.40937223427747, 34.09451419638615], [-118.41062558946008, 34.099438642076], [-118.41643098267132, 34.10088920661821], [-118.4209825348651, 34.097415344738984], [-118.41972880707894, 34.092491063291156], [-118.41392389966208, 34.09104047946834]]]}, "properties": {"light_n": 10, "light_t": 1, "light_top": 58, "crime_n": 0, "crime_t": 0, "crime_top": null, "bv": "0-1", "crime_night_n": 0, "crime_night_t": 0, "crime_night_top": null, "bv_night": "0-1", "nta": "Bel Air-Beverly Crest", "boro": "Los Angeles"}}, {"type": "Feature", "geometry": {"type": "Polygon", "coordinates": [[[-118.60748894515977, 34.2313295971835], [-118.60294183425589, 34.234807577395856], [-118.60420415290179, 34.23972337069436], [-118.61001395346088, 34.24116101800582], [-118.61456094654505, 34.23768289387697], [-118.61329825693072, 34.232767266365215], [-118.60748894515977, 34.2313295971835]]]}, "properties": {"light_n": 5, "light_t": 0, "light_top": 76, "crime_n": 4, "crime_t": 0, "crime_top": 74, "bv": "0-0", "crime_night_n": 3, "crime_night_t": 1, "crime_night_top": 69, "bv_night": "1-0", "nta": "West Hills", "boro": "Los Angeles"}}, {"type": "Feature", "geometry": {"type": "Polygon", "coordinates": [[[-118.35492100709524, 34.26530599056822], [-118.35035909292706, 34.26877642566916], [-118.35161215257477, 34.27369671038064], [-118.3574275009842, 34.27514639703792], [-118.36198930293452, 34.271675817652934], [-118.36073586873388, 34.266755695907], [-118.35492100709524, 34.26530599056822]]]}, "properties": {"light_n": 2, "light_t": 0, "light_top": 92, "crime_n": 3, "crime_t": 0, "crime_top": 80, "bv": "0-0", "crime_night_n": 0, "crime_night_t": 0, "crime_night_top": null, "bv_night": "0-0", "nta": "Foothill", "boro": "Los Angeles"}}, {"type": "Feature", "geometry": {"type": "Polygon", "coordinates": [[[-118.30325882758794, 34.10484919609003], [-118.29870075823636, 34.10831961743245], [-118.29995003747541, 34.11324605092643], [-118.30575776026265, 34.11470190008983], [-118.3103157188798, 34.11123133362924], [-118.30906606548453, 34.106305063135714], [-118.30325882758794, 34.10484919609003]]]}, "properties": {"light_n": 4, "light_t": 0, "light_top": 81, "crime_n": 1, "crime_t": 0, "crime_top": 100, "bv": "0-0", "crime_night_n": 1, "crime_night_t": 0, "crime_night_top": 100, "bv_night": "0-0", "nta": "Los Feliz", "boro": "Los Angeles"}}, {"type": "Feature", "geometry": {"type": "Polygon", "coordinates": [[[-118.41537150193675, 33.98992561063136], [-118.4108240355207, 33.993400258041184], [-118.41207631087528, 33.99832779511007], [-118.41787642459617, 33.9997805201502], [-118.42242377799398, 33.99630572731518], [-118.42117113072953, 33.991378354877384], [-118.41537150193675, 33.98992561063136]]]}, "properties": {"light_n": 6, "light_t": 0, "light_top": 72, "crime_n": 30, "crime_t": 2, "crime_top": 20, "bv": "2-0", "crime_night_n": 13, "crime_night_t": 2, "crime_night_top": 24, "bv_night": "2-0", "nta": "Pacific", "boro": "Los Angeles"}}, {"type": "Feature", "geometry": {"type": "Polygon", "coordinates": [[[-118.28591714853957, 33.73563793351219], [-118.28137319452556, 33.73911105370593], [-118.2826176943298, 33.74404913620135], [-118.2884065201084, 33.7455139343519], [-118.2929503645041, 33.74204066729189], [-118.29170549277946, 33.73710274895977], [-118.28591714853957, 33.73563793351219]]]}, "properties": {"light_n": 7, "light_t": 1, "light_top": 69, "crime_n": 77, "crime_t": 2, "crime_top": 7, "bv": "2-1", "crime_night_n": 38, "crime_night_t": 2, "crime_night_top": 5, "bv_night": "2-1", "nta": "Harbor", "boro": "Los Angeles"}}, {"type": "Feature", "geometry": {"type": "Polygon", "coordinates": [[[-118.44452051720366, 34.06179527073649], [-118.43997166421022, 34.065270120103364], [-118.44122585829486, 34.070194800972494], [-118.4470292774171, 34.07164446780826], [-118.45157801659363, 34.06816947340726], [-118.45032345050534, 34.063244957216774], [-118.44452051720366, 34.06179527073649]]]}, "properties": {"light_n": 8, "light_t": 1, "light_top": 65, "crime_n": 21, "crime_t": 2, "crime_top": 29, "bv": "2-1", "crime_night_n": 11, "crime_night_t": 2, "crime_night_top": 28, "bv_night": "2-1", "nta": "West LA", "boro": "Los Angeles"}}, {"type": "Feature", "geometry": {"type": "Polygon", "coordinates": [[[-118.18545401428332, 34.11217446514054], [-118.18088945841437, 34.1156414245544], [-118.18213430361327, 34.12057018373118], [-118.18794408047464, 34.12203182180576], [-118.19250852824507, 34.118564717079984], [-118.19126330729299, 34.1136361196039], [-118.18545401428332, 34.11217446514054]]]}, "properties": {"light_n": 8, "light_t": 1, "light_top": 65, "crime_n": 21, "crime_t": 2, "crime_top": 29, "bv": "2-1", "crime_night_n": 4, "crime_night_t": 1, "crime_night_top": 60, "bv_night": "1-1", "nta": "Northeast", "boro": "Los Angeles"}}, {"type": "Feature", "geometry": {"type": "Polygon", "coordinates": [[[-118.37897870064387, 34.2528717025637], [-118.37441856774107, 34.25634294621849], [-118.37567240832281, 34.26126309700346], [-118.38148675599888, 34.262711840876655], [-118.3860467761675, 34.25924045292968], [-118.38479256143485, 34.25432046541396], [-118.37897870064387, 34.2528717025637]]]}, "properties": {"light_n": 6, "light_t": 0, "light_top": 72, "crime_n": 0, "crime_t": 0, "crime_top": null, "bv": "0-0", "crime_night_n": 0, "crime_night_t": 0, "crime_night_top": null, "bv_night": "0-0", "nta": "Foothills Trails District", "boro": "Los Angeles"}}, {"type": "Feature", "geometry": {"type": "Polygon", "coordinates": [[[-118.48028962134698, 34.11682394372707], [-118.47574041904483, 34.12029932591716], [-118.4769965967009, 34.12522151282358], [-118.4828023485967, 34.12666815269405], [-118.48735143616783, 34.12319262579627], [-118.48609488661477, 34.118270603747824], [-118.48028962134698, 34.11682394372707]]]}, "properties": {"light_n": 11, "light_t": 1, "light_top": 55, "crime_n": 0, "crime_t": 0, "crime_top": null, "bv": "0-1", "crime_night_n": 0, "crime_night_t": 0, "crime_night_top": null, "bv_night": "0-1", "nta": "Bel Air-Beverly Crest", "boro": "Los Angeles"}}, {"type": "Feature", "geometry": {"type": "Polygon", "coordinates": [[[-118.28845615648392, 34.23949273788773], [-118.28389179512446, 34.242961496031185], [-118.28514201746587, 34.24788404219534], [-118.29095697646424, 34.24933766788141], [-118.29552122715475, 34.24586876520492], [-118.29427062955635, 34.240946381387715], [-118.28845615648392, 34.23949273788773]]]}, "properties": {"light_n": 8, "light_t": 1, "light_top": 65, "crime_n": 4, "crime_t": 0, "crime_top": 74, "bv": "0-1", "crime_night_n": 2, "crime_night_t": 0, "crime_night_top": 82, "bv_night": "0-1", "nta": "Sunland-Tujunga", "boro": "Los Angeles"}}, {"type": "Feature", "geometry": {"type": "Polygon", "coordinates": [[[-118.43603532313696, 34.156492636724096], [-118.43148215464376, 34.15996639945911], [-118.43273709054637, 34.164888322718255], [-118.43854556773141, 34.16633631901761], [-118.44309862240449, 34.16286241166638], [-118.44184331375324, 34.15794065264421], [-118.43603532313696, 34.156492636724096]]]}, "properties": {"light_n": 13, "light_t": 1, "light_top": 50, "crime_n": 23, "crime_t": 2, "crime_top": 27, "bv": "2-1", "crime_night_n": 4, "crime_night_t": 1, "crime_night_top": 60, "bv_night": "1-1", "nta": "Van Nuys", "boro": "Los Angeles"}}, {"type": "Feature", "geometry": {"type": "Polygon", "coordinates": [[[-118.60320047750164, 34.19343567889849], [-118.59865468621558, 34.196913877410466], [-118.59991641186124, 34.20183095557427], [-118.60572429960682, 34.203269669354896], [-118.6102699732494, 34.199791326743885], [-118.6090078768307, 34.194874414463335], [-118.60320047750164, 34.19343567889849]]]}, "properties": {"light_n": 18, "light_t": 1, "light_top": 39, "crime_n": 45, "crime_t": 2, "crime_top": 14, "bv": "2-1", "crime_night_n": 25, "crime_night_t": 2, "crime_night_top": 11, "bv_night": "2-1", "nta": "Topanga", "boro": "Los Angeles"}}, {"type": "Feature", "geometry": {"type": "Polygon", "coordinates": [[[-118.55618868086775, 34.26466263103701], [-118.55163747066428, 34.268138846311466], [-118.55289821325303, 34.27305472667726], [-118.5587105379616, 34.27449422666393], [-118.56326163142501, 34.27101786751626], [-118.56200051696074, 34.26610215226724], [-118.55618868086775, 34.26466263103701]]]}, "properties": {"light_n": 8, "light_t": 1, "light_top": 65, "crime_n": 1, "crime_t": 0, "crime_top": 100, "bv": "0-1", "crime_night_n": 1, "crime_night_t": 0, "crime_night_top": 100, "bv_night": "0-1", "nta": "Northridge West", "boro": "Los Angeles"}}, {"type": "Feature", "geometry": {"type": "Polygon", "coordinates": [[[-118.37476256664061, 34.21495400539508], [-118.37020376438592, 34.21842547812188], [-118.37145701656459, 34.22334691347076], [-118.37726944499035, 34.22479671274104], [-118.38182813468246, 34.22132509554109], [-118.38057450855202, 34.21640382355629], [-118.37476256664061, 34.21495400539508]]]}, "properties": {"light_n": 17, "light_t": 1, "light_top": 41, "crime_n": 9, "crime_t": 1, "crime_top": 53, "bv": "1-1", "crime_night_n": 2, "crime_night_t": 0, "crime_night_top": 82, "bv_night": "0-1", "nta": "Sun Valley Area", "boro": "Los Angeles"}}, {"type": "Feature", "geometry": {"type": "Polygon", "coordinates": [[[-118.44311605016749, 33.99225922474991], [-118.43856995612985, 33.9957346417064], [-118.4398233155796, 34.0006614985391], [-118.44562314066633, 34.002112773506546], [-118.45016912106017, 33.99863721119162], [-118.44891539005147, 33.99371051927981], [-118.44311605016749, 33.99225922474991]]]}, "properties": {"light_n": 9, "light_t": 1, "light_top": 62, "crime_n": 13, "crime_t": 1, "crime_top": 42, "bv": "1-1", "crime_night_n": 0, "crime_night_t": 0, "crime_night_top": null, "bv_night": "0-1", "nta": "Pacific", "boro": "Los Angeles"}}, {"type": "Feature", "geometry": {"type": "Polygon", "coordinates": [[[-118.58627632960501, 34.212264563927675], [-118.58172886627285, 34.21574211212595], [-118.58299016114488, 34.22065897504432], [-118.58879929051419, 34.22209812414373], [-118.59334663654204, 34.21862043189669], [-118.59208497054573, 34.21370373461109], [-118.58627632960501, 34.212264563927675]]]}, "properties": {"light_n": 11, "light_t": 1, "light_top": 55, "crime_n": 17, "crime_t": 1, "crime_top": 35, "bv": "1-1", "crime_night_n": 11, "crime_night_t": 2, "crime_night_top": 28, "bv_night": "2-1", "nta": "Topanga", "boro": "Los Angeles"}}, {"type": "Feature", "geometry": {"type": "Polygon", "coordinates": [[[-118.43183924371594, 33.94790940606913], [-118.42729435788807, 33.951384884781945], [-118.42854679011475, 33.95631334985713], [-118.43434447962254, 33.957766171268126], [-118.43888925214895, 33.954290546968295], [-118.43763644850938, 33.949362246856595], [-118.43183924371594, 33.94790940606913]]]}, "properties": {"light_n": 4, "light_t": 0, "light_top": 81, "crime_n": 0, "crime_t": 0, "crime_top": null, "bv": "0-0", "crime_night_n": 0, "crime_night_t": 0, "crime_night_top": null, "bv_night": "0-0", "nta": "Westchester/Playa", "boro": "Los Angeles"}}, {"type": "Feature", "geometry": {"type": "Polygon", "coordinates": [[[-118.51705554537212, 34.21811947963513], [-118.51250415677457, 34.221595001078946], [-118.51376288017299, 34.226513211193506], [-118.51957336429511, 34.22795573500255], [-118.52412463712773, 34.22448006939121], [-118.52286554164392, 34.219562024150505], [-118.51705554537212, 34.21811947963513]]]}, "properties": {"light_n": 5, "light_t": 0, "light_top": 76, "crime_n": 16, "crime_t": 1, "crime_top": 36, "bv": "1-0", "crime_night_n": 5, "crime_night_t": 1, "crime_night_top": 51, "bv_night": "1-0", "nta": "Devonshire", "boro": "Los Angeles"}}, {"type": "Feature", "geometry": {"type": "Polygon", "coordinates": [[[-118.30284410142238, 33.71680559154088], [-118.29830179886986, 33.72027934754427], [-118.29954673541774, 33.725217626629494], [-118.30533434613226, 33.7266819853073], [-118.30987653872549, 33.72320808238155], [-118.3086312306035, 33.71826996771249], [-118.30284410142238, 33.71680559154088]]]}, "properties": {"light_n": 8, "light_t": 1, "light_top": 65, "crime_n": 9, "crime_t": 1, "crime_top": 53, "bv": "1-1", "crime_night_n": 6, "crime_night_t": 1, "crime_night_top": 46, "bv_night": "1-1", "nta": "Harbor", "boro": "Los Angeles"}}, {"type": "Feature", "geometry": {"type": "Polygon", "coordinates": [[[-118.27314813232489, 33.79250152245634], [-118.2686012021409, 33.795973805422726], [-118.26984584584663, 33.80091045492964], [-118.27563779224148, 33.80237465766535], [-118.28018461298134, 33.79890222807503], [-118.27893959681053, 33.79396574238514], [-118.27314813232489, 33.79250152245634]]]}, "properties": {"light_n": 9, "light_t": 1, "light_top": 62, "crime_n": 2, "crime_t": 0, "crime_top": 87, "bv": "0-1", "crime_night_n": 0, "crime_night_t": 0, "crime_night_top": null, "bv_night": "0-1", "nta": "Wilmington", "boro": "Los Angeles"}}, {"type": "Feature", "geometry": {"type": "Polygon", "coordinates": [[[-118.34695491580719, 34.21262232715698], [-118.342394740252, 34.21609302143263], [-118.34364690193252, 34.221015137456824], [-118.34945961351255, 34.222466396143325], [-118.35401967713537, 34.21899555732828], [-118.35276714115108, 34.214073604378406], [-118.34695491580719, 34.21262232715698]]]}, "properties": {"light_n": 5, "light_t": 0, "light_top": 76, "crime_n": 5, "crime_t": 1, "crime_top": 69, "bv": "1-0", "crime_night_n": 3, "crime_night_t": 1, "crime_night_top": 69, "bv_night": "1-0", "nta": "Sun Valley Area", "boro": "Los Angeles"}}, {"type": "Feature", "geometry": {"type": "Polygon", "coordinates": [[[-118.51095251068594, 34.25805197778735], [-118.50639916340816, 34.26152696058778], [-118.50765810582342, 34.26644404889443], [-118.5134707679911, 34.267885989752834], [-118.51802399955781, 34.26441086295423], [-118.5167646847087, 34.259493939307546], [-118.51095251068594, 34.25805197778735]]]}, "properties": {"light_n": 11, "light_t": 1, "light_top": 55, "crime_n": 8, "crime_t": 1, "crime_top": 57, "bv": "1-1", "crime_night_n": 4, "crime_night_t": 1, "crime_night_top": 60, "bv_night": "1-1", "nta": "Granada Hills South", "boro": "Los Angeles"}}, {"type": "Feature", "geometry": {"type": "Polygon", "coordinates": [[[-118.19624480804295, 34.13334942857099], [-118.1916799508897, 34.13681650552779], [-118.19292544670846, 34.14174437281465], [-118.19873617547516, 34.14320500141666], [-118.20330092424575, 34.13973777926518], [-118.20205505267262, 34.13481007371875], [-118.19624480804295, 34.13334942857099]]]}, "properties": {"light_n": 8, "light_t": 1, "light_top": 65, "crime_n": 1, "crime_t": 0, "crime_top": 100, "bv": "0-1", "crime_night_n": 1, "crime_night_t": 0, "crime_night_top": 100, "bv_night": "0-1", "nta": "Eagle Rock", "boro": "Los Angeles"}}, {"type": "Feature", "geometry": {"type": "Polygon", "coordinates": [[[-118.59334663654204, 34.21862043189669], [-118.58879929051419, 34.22209812414373], [-118.5900609266321, 34.22701463070032], [-118.59587027989109, 34.22845327933779], [-118.60041750844286, 34.22497544308605], [-118.59915550125258, 34.220059102213604], [-118.59334663654204, 34.21862043189669]]]}, "properties": {"light_n": 10, "light_t": 1, "light_top": 58, "crime_n": 18, "crime_t": 2, "crime_top": 34, "bv": "2-1", "crime_night_n": 6, "crime_night_t": 1, "crime_night_top": 46, "bv_night": "1-1", "nta": "Topanga", "boro": "Los Angeles"}}, {"type": "Feature", "geometry": {"type": "Polygon", "coordinates": [[[-118.4572269274782, 34.1755994031649], [-118.45267410095997, 34.17907359961789], [-118.45393006130713, 34.183994460240676], [-118.45973922080879, 34.18544096002966], [-118.46429193299221, 34.18196661909116], [-118.46303560004945, 34.177045922861375], [-118.4572269274782, 34.1755994031649]]]}, "properties": {"light_n": 13, "light_t": 1, "light_top": 50, "crime_n": 23, "crime_t": 2, "crime_top": 27, "bv": "2-1", "crime_night_n": 10, "crime_night_t": 2, "crime_night_top": 31, "bv_night": "2-1", "nta": "Van Nuys", "boro": "Los Angeles"}}, {"type": "Feature", "geometry": {"type": "Polygon", "coordinates": [[[-118.44874438444734, 34.270235292777684], [-118.44418723449942, 34.27370838074234], [-118.44544393913061, 34.2786264545285], [-118.45125816709296, 34.28007127641109], [-118.4558152027021, 34.276598044374985], [-118.4545581247284, 34.27168013453993], [-118.44874438444734, 34.270235292777684]]]}, "properties": {"light_n": 21, "light_t": 1, "light_top": 35, "crime_n": 8, "crime_t": 1, "crime_top": 57, "bv": "1-1", "crime_night_n": 3, "crime_night_t": 1, "crime_night_top": 69, "bv_night": "1-1", "nta": "Mission Hills", "boro": "Los Angeles"}}, {"type": "Feature", "geometry": {"type": "Polygon", "coordinates": [[[-118.42335142654689, 34.04266756749078], [-118.41880223312882, 34.046141981492966], [-118.42005540471744, 34.051067718317064], [-118.4258581419206, 34.052518876629065], [-118.4304072220348, 34.04904431746163], [-118.42915367829018, 34.04411874515961], [-118.42335142654689, 34.04266756749078]]]}, "properties": {"light_n": 14, "light_t": 1, "light_top": 48, "crime_n": 1, "crime_t": 0, "crime_top": 100, "bv": "0-1", "crime_night_n": 1, "crime_night_t": 0, "crime_night_top": 100, "bv_night": "0-1", "nta": "Westside", "boro": "Los Angeles"}}, {"type": "Feature", "geometry": {"type": "Polygon", "coordinates": [[[-118.58199537732374, 34.174363599938594], [-118.57744923413703, 34.1778413658886], [-118.57870993665706, 34.18275951146011], [-118.5845171533332, 34.18419972536458], [-118.58906317939129, 34.18072181518312], [-118.58780210594261, 34.175803835340716], [-118.58199537732374, 34.174363599938594]]]}, "properties": {"light_n": 3, "light_t": 0, "light_top": 86, "crime_n": 3, "crime_t": 0, "crime_top": 80, "bv": "0-0", "crime_night_n": 1, "crime_night_t": 0, "crime_night_top": 100, "bv_night": "0-0", "nta": "Woodland Hills-Warner Center", "boro": "Los Angeles"}}, {"type": "Feature", "geometry": {"type": "Polygon", "coordinates": [[[-118.29998414954053, 33.74844256452633], [-118.29544041493273, 33.751915978409016], [-118.2966855936596, 33.75685337105189], [-118.3024748788556, 33.75831718555471], [-118.30701850350592, 33.75484362489299], [-118.30577295295774, 33.74990639651966], [-118.29998414954053, 33.74844256452633]]]}, "properties": {"light_n": 2, "light_t": 0, "light_top": 92, "crime_n": 3, "crime_t": 0, "crime_top": 80, "bv": "0-0", "crime_night_n": 1, "crime_night_t": 0, "crime_night_top": 100, "bv_night": "0-0", "nta": "Harbor", "boro": "Los Angeles"}}, {"type": "Feature", "geometry": {"type": "Polygon", "coordinates": [[[-118.2302568037315, 34.09575048511212], [-118.2256952689553, 34.09921888759884], [-118.22694164957531, 34.10414718818991], [-118.23274994006665, 34.10560692406119], [-118.23731136576778, 34.102138376272954], [-118.23606461009294, 34.097210237927314], [-118.2302568037315, 34.09575048511212]]]}, "properties": {"light_n": 16, "light_t": 1, "light_top": 43, "crime_n": 14, "crime_t": 1, "crime_top": 40, "bv": "1-1", "crime_night_n": 3, "crime_night_t": 1, "crime_night_top": 69, "bv_night": "1-1", "nta": "Northeast", "boro": "Los Angeles"}}, {"type": "Feature", "geometry": {"type": "Polygon", "coordinates": [[[-118.51473005221835, 34.272802721499765], [-118.51017630178487, 34.27627767699402], [-118.51143555535421, 34.281194216648196], [-118.5172489318803, 34.282635636175065], [-118.52180256648718, 34.27916053675762], [-118.52054294043543, 34.274244161748655], [-118.51473005221835, 34.272802721499765]]]}, "properties": {"light_n": 8, "light_t": 1, "light_top": 65, "crime_n": 1, "crime_t": 0, "crime_top": 100, "bv": "0-1", "crime_night_n": 1, "crime_night_t": 0, "crime_night_top": 100, "bv_night": "0-1", "nta": "Granada Hills South", "boro": "Los Angeles"}}, {"type": "Feature", "geometry": {"type": "Polygon", "coordinates": [[[-118.43277035794495, 33.99428287042924], [-118.42822363412462, 33.9977579754291], [-118.42947662186523, 34.00268499706398], [-118.43527670517572, 34.004136748908934], [-118.4398233155796, 34.0006614985391], [-118.43856995612985, 33.9957346417064], [-118.43277035794495, 33.99428287042924]]]}, "properties": {"light_n": 4, "light_t": 0, "light_top": 81, "crime_n": 10, "crime_t": 1, "crime_top": 49, "bv": "1-0", "crime_night_n": 3, "crime_night_t": 1, "crime_night_top": 69, "bv_night": "1-0", "nta": "Pacific", "boro": "Los Angeles"}}, {"type": "Feature", "geometry": {"type": "Polygon", "coordinates": [[[-118.44734563741048, 34.0302188771346], [-118.44279822115634, 34.03369408412387], [-118.44405216810779, 34.03861967880687], [-118.44985390310966, 34.04006990168684], [-118.45440120554804, 34.036594549523386], [-118.45314688684078, 34.03166911966627], [-118.44734563741048, 34.0302188771346]]]}, "properties": {"light_n": 11, "light_t": 1, "light_top": 55, "crime_n": 20, "crime_t": 2, "crime_top": 31, "bv": "2-1", "crime_night_n": 9, "crime_night_t": 2, "crime_night_top": 34, "bv_night": "2-1", "nta": "West LA", "boro": "Los Angeles"}}, {"type": "Feature", "geometry": {"type": "Polygon", "coordinates": [[[-118.30106322346384, 33.988927264140706], [-118.29650977028753, 33.99239865576506], [-118.29775766884774, 33.997328718907646], [-118.30355939403317, 33.99878722703643], [-118.30811273675408, 33.99531568975601], [-118.3068644647852, 33.99038579001511], [-118.30106322346384, 33.988927264140706]]]}, "properties": {"light_n": 68, "light_t": 2, "light_top": 9, "crime_n": 56, "crime_t": 2, "crime_top": 11, "bv": "2-2", "crime_night_n": 19, "crime_night_t": 2, "crime_night_top": 16, "bv_night": "2-2", "nta": "Empowerment Congress Central", "boro": "Los Angeles"}}, {"type": "Feature", "geometry": {"type": "Polygon", "coordinates": [[[-118.55947859945141, 34.256270173052144], [-118.55492790802126, 34.25974655884395], [-118.55618868086775, 34.26466263103701], [-118.56200051696074, 34.26610215226724], [-118.56655109159463, 34.26262562257091], [-118.56528994697263, 34.257709715560985], [-118.55947859945141, 34.256270173052144]]]}, "properties": {"light_n": 9, "light_t": 1, "light_top": 62, "crime_n": 3, "crime_t": 0, "crime_top": 80, "bv": "0-1", "crime_night_n": 1, "crime_night_t": 0, "crime_night_top": 100, "bv_night": "0-1", "nta": "Northridge West", "boro": "Los Angeles"}}, {"type": "Feature", "geometry": {"type": "Polygon", "coordinates": [[[-118.24842392698429, 33.95258752493302], [-118.243869189427, 33.956057727360815], [-118.24511466877479, 33.96099004806487], [-118.25091525957644, 33.96245200338882], [-118.25546988793046, 33.9589816550351], [-118.25422403472622, 33.95404949729564], [-118.24842392698429, 33.95258752493302]]]}, "properties": {"light_n": 1, "light_t": 0, "light_top": 100, "crime_n": 3, "crime_t": 0, "crime_top": 80, "bv": "0-0", "crime_night_n": 2, "crime_night_t": 0, "crime_night_top": 82, "bv_night": "0-0", "nta": "Southeast", "boro": "Los Angeles"}}, {"type": "Feature", "geometry": {"type": "Polygon", "coordinates": [[[-118.60598183192556, 34.16189056135281], [-118.60143747702449, 34.16536911983753], [-118.60269895101362, 34.17028712346816], [-118.6085051504705, 34.17172640259503], [-118.61304938773253, 34.168247699872474], [-118.61178754321756, 34.163329862272896], [-118.60598183192556, 34.16189056135281]]]}, "properties": {"light_n": 6, "light_t": 0, "light_top": 72, "crime_n": 10, "crime_t": 1, "crime_top": 49, "bv": "1-0", "crime_night_n": 2, "crime_night_t": 0, "crime_night_top": 82, "bv_night": "0-0", "nta": "Topanga", "boro": "Los Angeles"}}, {"type": "Feature", "geometry": {"type": "Polygon", "coordinates": [[[-118.42893345618754, 34.32057678259387], [-118.42437319136576, 34.32404883241723], [-118.42562970751676, 34.328965749122965], [-118.4314468624743, 34.330410452464776], [-118.43600701329957, 34.326938258757544], [-118.43475012320458, 34.32202150560462], [-118.42893345618754, 34.32057678259387]]]}, "properties": {"light_n": 16, "light_t": 1, "light_top": 43, "crime_n": 1, "crime_t": 0, "crime_top": 100, "bv": "0-1", "crime_night_n": 0, "crime_night_t": 0, "crime_night_top": null, "bv_night": "0-1", "nta": "Sylmar", "boro": "Los Angeles"}}, {"type": "Feature", "geometry": {"type": "Polygon", "coordinates": [[[-118.56934506217306, 34.23109062924094], [-118.56479592658441, 34.23456752521626], [-118.5660567899884, 34.239484171732926], [-118.57186716049753, 34.2409237569041], [-118.57641617912164, 34.23744671693021], [-118.57515494424196, 34.2325302357958], [-118.56934506217306, 34.23109062924094]]]}, "properties": {"light_n": 8, "light_t": 1, "light_top": 65, "crime_n": 5, "crime_t": 1, "crime_top": 69, "bv": "1-1", "crime_night_n": 0, "crime_night_t": 0, "crime_night_top": null, "bv_night": "0-1", "nta": "Chatsworth", "boro": "Los Angeles"}}, {"type": "Feature", "geometry": {"type": "Polygon", "coordinates": [[[-118.53497322906907, 34.245591776589734], [-118.53042166967721, 34.24906755998142], [-118.5316813872943, 34.253984510490504], [-118.53749303637473, 34.25542551265773], [-118.5420444795424, 34.251949585261286], [-118.54078438989465, 34.2470327997145], [-118.53497322906907, 34.245591776589734]]]}, "properties": {"light_n": 17, "light_t": 1, "light_top": 41, "crime_n": 13, "crime_t": 1, "crime_top": 42, "bv": "1-1", "crime_night_n": 3, "crime_night_t": 1, "crime_night_top": 69, "bv_night": "1-1", "nta": "Devonshire", "boro": "Los Angeles"}}, {"type": "Feature", "geometry": {"type": "Polygon", "coordinates": [[[-118.64788477892122, 34.17687561719356], [-118.64334204999308, 34.18035523167607], [-118.64460528719245, 34.185271835484485], [-118.650411623427, 34.18670865840228], [-118.6549542337471, 34.18322889984034], [-118.65369062648152, 34.178312462452034], [-118.64788477892122, 34.17687561719356]]]}, "properties": {"light_n": 9, "light_t": 1, "light_top": 62, "crime_n": 3, "crime_t": 0, "crime_top": 80, "bv": "0-1", "crime_night_n": 0, "crime_night_t": 0, "crime_night_top": null, "bv_night": "0-1", "nta": "Woodland Hills-Warner Center", "boro": "Los Angeles"}}, {"type": "Feature", "geometry": {"type": "Polygon", "coordinates": [[[-118.43884139757245, 34.29540768315529], [-118.43428269054522, 34.29888025307536], [-118.43553930109961, 34.30379774918924], [-118.44135499236512, 34.305242511643385], [-118.44591358522459, 34.30176979774576], [-118.44465660102702, 34.29685246538381], [-118.43884139757245, 34.29540768315529]]]}, "properties": {"light_n": 4, "light_t": 0, "light_top": 81, "crime_n": 13, "crime_t": 1, "crime_top": 42, "bv": "1-0", "crime_night_n": 6, "crime_night_t": 1, "crime_night_top": 46, "bv_night": "1-0", "nta": "Mission", "boro": "Los Angeles"}}, {"type": "Feature", "geometry": {"type": "Polygon", "coordinates": [[[-118.31690954440911, 33.72960973703476], [-118.31236746194462, 33.73308378683919], [-118.31361307706459, 33.738021376485605], [-118.31940114616395, 33.73948475181738], [-118.32394311833016, 33.73601055517801], [-118.32269713173528, 33.731073130053936], [-118.31690954440911, 33.72960973703476]]]}, "properties": {"light_n": 1, "light_t": 0, "light_top": 100, "crime_n": 0, "crime_t": 0, "crime_top": null, "bv": "0-0", "crime_night_n": 0, "crime_night_t": 0, "crime_night_top": null, "bv_night": "0-0", "nta": "Northwest San Pedro", "boro": "Los Angeles"}}, {"type": "Feature", "geometry": {"type": "Polygon", "coordinates": [[[-118.29251441758214, 33.71881449740267], [-118.28797149142703, 33.7222879437221], [-118.28921605625239, 33.72722638710378], [-118.2950039189953, 33.7286912198817], [-118.29954673541774, 33.725217626629494], [-118.29830179886986, 33.72027934754427], [-118.29251441758214, 33.71881449740267]]]}, "properties": {"light_n": 24, "light_t": 2, "light_top": 31, "crime_n": 23, "crime_t": 2, "crime_top": 27, "bv": "2-2", "crime_night_n": 7, "crime_night_t": 1, "crime_night_top": 42, "bv_night": "1-2", "nta": "Coastal San Pedro", "boro": "Los Angeles"}}, {"type": "Feature", "geometry": {"type": "Polygon", "coordinates": [[[-118.48501299820279, 34.177908556031475], [-118.48046155143027, 34.181383525924474], [-118.48171859822237, 34.18630370296848], [-118.48752746407003, 34.18774874545013], [-118.49207879587969, 34.184273631139334], [-118.49082137684525, 34.17935361877684], [-118.48501299820279, 34.177908556031475]]]}, "properties": {"light_n": 4, "light_t": 0, "light_top": 81, "crime_n": 17, "crime_t": 1, "crime_top": 35, "bv": "1-0", "crime_night_n": 8, "crime_night_t": 1, "crime_night_top": 37, "bv_night": "1-0", "nta": "West Valley", "boro": "Los Angeles"}}, {"type": "Feature", "geometry": {"type": "Polygon", "coordinates": [[[-118.5387530956367, 34.26034210663055], [-118.53420113372843, 34.2638178633442], [-118.53546116256865, 34.268734265550016], [-118.54127352543698, 34.27017474610688], [-118.54582537100538, 34.26669884546363], [-118.54456497008616, 34.261782608205266], [-118.5387530956367, 34.26034210663055]]]}, "properties": {"light_n": 12, "light_t": 1, "light_top": 52, "crime_n": 0, "crime_t": 0, "crime_top": null, "bv": "0-1", "crime_night_n": 0, "crime_night_t": 0, "crime_night_top": null, "bv_night": "0-1", "nta": "Northridge West", "boro": "Los Angeles"}}, {"type": "Feature", "geometry": {"type": "Polygon", "coordinates": [[[-118.65823271883505, 34.17483253657544], [-118.65369062648152, 34.178312462452034], [-118.6549542337471, 34.18322889984034], [-118.66076030332145, 34.1846652448264], [-118.66530227684001, 34.181185174883225], [-118.66403829966004, 34.17626890403257], [-118.65823271883505, 34.17483253657544]]]}, "properties": {"light_n": 5, "light_t": 0, "light_top": 76, "crime_n": 0, "crime_t": 0, "crime_top": null, "bv": "0-0", "crime_night_n": 0, "crime_night_t": 0, "crime_night_top": null, "bv_night": "0-0", "nta": "Woodland Hills-Warner Center", "boro": "Los Angeles"}}, {"type": "Feature", "geometry": {"type": "Polygon", "coordinates": [[[-118.39742685905712, 34.13302771242954], [-118.39287260642831, 34.13650058137989], [-118.39412580348187, 34.14142408288494], [-118.39993362630733, 34.14287455154208], [-118.40448776603023, 34.139401537789816], [-118.40323419587413, 34.13447820019454], [-118.39742685905712, 34.13302771242954]]]}, "properties": {"light_n": 13, "light_t": 1, "light_top": 50, "crime_n": 0, "crime_t": 0, "crime_top": null, "bv": "0-1", "crime_night_n": 0, "crime_night_t": 0, "crime_night_top": null, "bv_night": "0-1", "nta": "Studio City", "boro": "Los Angeles"}}, {"type": "Feature", "geometry": {"type": "Polygon", "coordinates": [[[-118.4252090253159, 34.135354066540124], [-118.42065614739565, 34.138827709829776], [-118.42191043187024, 34.14375053002981], [-118.42771796705624, 34.14519954275316], [-118.43227073144242, 34.14172575472842], [-118.43101607421725, 34.1368030987276], [-118.4252090253159, 34.135354066540124]]]}, "properties": {"light_n": 17, "light_t": 1, "light_top": 41, "crime_n": 0, "crime_t": 0, "crime_top": null, "bv": "0-1", "crime_night_n": 0, "crime_night_t": 0, "crime_night_top": null, "bv_night": "0-1", "nta": "Sherman Oaks", "boro": "Los Angeles"}}, {"type": "Feature", "geometry": {"type": "Polygon", "coordinates": [[[-118.35161215257477, 34.27369671038064], [-118.34704971947743, 34.2771669717452], [-118.34830274690908, 34.28208706400743], [-118.35411858213197, 34.28353673201821], [-118.3586809030691, 34.28006632640099], [-118.3574275009842, 34.27514639703792], [-118.35161215257477, 34.27369671038064]]]}, "properties": {"light_n": 6, "light_t": 0, "light_top": 72, "crime_n": 3, "crime_t": 0, "crime_top": 80, "bv": "0-0", "crime_night_n": 0, "crime_night_t": 0, "crime_night_top": null, "bv_night": "0-0", "nta": "Foothills Trails District", "boro": "Los Angeles"}}, {"type": "Feature", "geometry": {"type": "Polygon", "coordinates": [[[-118.43227073144242, 34.14172575472842], [-118.42771796705624, 34.14519954275316], [-118.42897259291027, 34.150122009406765], [-118.43478035589074, 34.15157052379648], [-118.43933300657143, 34.1480965910802], [-118.43807800801768, 34.14317428867794], [-118.43227073144242, 34.14172575472842]]]}, "properties": {"light_n": 19, "light_t": 1, "light_top": 38, "crime_n": 11, "crime_t": 1, "crime_top": 46, "bv": "1-1", "crime_night_n": 2, "crime_night_t": 0, "crime_night_top": 82, "bv_night": "0-1", "nta": "Sherman Oaks", "boro": "Los Angeles"}}, {"type": "Feature", "geometry": {"type": "Polygon", "coordinates": [[[-118.29513279763458, 33.85812631468606], [-118.29058435647238, 33.86159866902016], [-118.2918305697066, 33.86653285576744], [-118.29762559675696, 33.86799452437666], [-118.30217392785461, 33.86452202376766], [-118.30092734200657, 33.85958800083653], [-118.29513279763458, 33.85812631468606]]]}, "properties": {"light_n": 2, "light_t": 0, "light_top": 92, "crime_n": 4, "crime_t": 0, "crime_top": 74, "bv": "0-0", "crime_night_n": 0, "crime_night_t": 0, "crime_night_top": null, "bv_night": "0-0", "nta": "Harbor", "boro": "Los Angeles"}}, {"type": "Feature", "geometry": {"type": "Polygon", "coordinates": [[[-118.30524721941161, 34.02690534294345], [-118.30069243761113, 34.030376519091554], [-118.30194092062942, 34.03530532203122], [-118.30774455909621, 34.036762785527294], [-118.31229923027226, 34.03329146390661], [-118.31105037364627, 34.02836282427467], [-118.30524721941161, 34.02690534294345]]]}, "properties": {"light_n": 17, "light_t": 1, "light_top": 41, "crime_n": 45, "crime_t": 2, "crime_top": 14, "bv": "2-1", "crime_night_n": 11, "crime_night_t": 2, "crime_night_top": 28, "bv_night": "2-1", "nta": "Southwest", "boro": "Los Angeles"}}, {"type": "Feature", "geometry": {"type": "Polygon", "coordinates": [[[-118.5716422414698, 34.1764006522116], [-118.5670954633821, 34.17987810548546], [-118.56835579482193, 34.18479641666822], [-118.57416327547041, 34.18623710897794], [-118.57870993665706, 34.18275951146011], [-118.57744923413703, 34.1778413658886], [-118.5716422414698, 34.1764006522116]]]}, "properties": {"light_n": 1, "light_t": 0, "light_top": 100, "crime_n": 1, "crime_t": 0, "crime_top": 100, "bv": "0-0", "crime_night_n": 1, "crime_night_t": 0, "crime_night_top": 100, "bv_night": "0-0", "nta": "Woodland Hills-Warner Center", "boro": "Los Angeles"}}, {"type": "Feature", "geometry": {"type": "Polygon", "coordinates": [[[-118.54106625395937, 34.20565771339534], [-118.53651665223067, 34.209134032936994], [-118.53777615005416, 34.21405210392657], [-118.54358562132971, 34.21549369021036], [-118.54813510678105, 34.21201722649443], [-118.54687523727499, 34.2070993206811], [-118.54106625395937, 34.20565771339534]]]}, "properties": {"light_n": 18, "light_t": 1, "light_top": 39, "crime_n": 6, "crime_t": 1, "crime_top": 65, "bv": "1-1", "crime_night_n": 2, "crime_night_t": 0, "crime_night_top": 82, "bv_night": "0-1", "nta": "Reseda", "boro": "Los Angeles"}}, {"type": "Feature", "geometry": {"type": "Polygon", "coordinates": [[[-118.44591358522459, 34.30176979774576], [-118.44135499236512, 34.305242511643385], [-118.44261194523145, 34.310159651128465], [-118.44842786458993, 34.311603912924376], [-118.4529863431094, 34.308131055092566], [-118.4517290166511, 34.30321407941129], [-118.44591358522459, 34.30176979774576]]]}, "properties": {"light_n": 9, "light_t": 1, "light_top": 62, "crime_n": 25, "crime_t": 2, "crime_top": 25, "bv": "2-1", "crime_night_n": 11, "crime_night_t": 2, "crime_night_top": 28, "bv_night": "2-1", "nta": "Mission", "boro": "Los Angeles"}}, {"type": "Feature", "geometry": {"type": "Polygon", "coordinates": [[[-118.29469595083475, 33.834915235619206], [-118.29014842976842, 33.83838777468689], [-118.29139436796632, 33.84332267458702], [-118.29718819973567, 33.844784871535424], [-118.30173561079289, 33.84131218608364], [-118.30048930012994, 33.836377450079745], [-118.29469595083475, 33.834915235619206]]]}, "properties": {"light_n": 4, "light_t": 0, "light_top": 81, "crime_n": 0, "crime_t": 0, "crime_top": null, "bv": "0-0", "crime_night_n": 0, "crime_night_t": 0, "crime_night_top": null, "bv_night": "0-0", "nta": "Harbor Gateway South", "boro": "Los Angeles"}}, {"type": "Feature", "geometry": {"type": "Polygon", "coordinates": [[[-118.4149094396147, 33.966738810947376], [-118.4103628927091, 33.970213646032086], [-118.41161489053339, 33.97514190520138], [-118.41741380706523, 33.97659516458642], [-118.42196024100984, 33.973120183968085], [-118.42070787142396, 33.96819208951048], [-118.4149094396147, 33.966738810947376]]]}, "properties": {"light_n": 15, "light_t": 1, "light_top": 46, "crime_n": 2, "crime_t": 0, "crime_top": 87, "bv": "0-1", "crime_night_n": 0, "crime_night_t": 0, "crime_night_top": null, "bv_night": "0-1", "nta": "Westchester/Playa", "boro": "Los Angeles"}}, {"type": "Feature", "geometry": {"type": "Polygon", "coordinates": [[[-118.30348996502644, 33.93413326190314], [-118.29893887157648, 33.93760520142982], [-118.30018625122817, 33.942536891281875], [-118.3059850973808, 33.94399647799086], [-118.31053608042929, 33.940524392559055], [-118.3092883277668, 33.93559286633563], [-118.30348996502644, 33.93413326190314]]]}, "properties": {"light_n": 1, "light_t": 0, "light_top": 100, "crime_n": 3, "crime_t": 0, "crime_top": 80, "bv": "0-0", "crime_night_n": 0, "crime_night_t": 0, "crime_night_top": null, "bv_night": "0-0", "nta": "77th Street", "boro": "Los Angeles"}}, {"type": "Feature", "geometry": {"type": "Polygon", "coordinates": [[[-118.47794776832129, 34.17154262710512], [-118.47339620675746, 34.175017452536615], [-118.47465291214485, 34.17993798425504], [-118.48046155143027, 34.181383525924474], [-118.48501299820279, 34.177908556031475], [-118.48375592052186, 34.17298818894271], [-118.47794776832129, 34.17154262710512]]]}, "properties": {"light_n": 1, "light_t": 0, "light_top": 100, "crime_n": 6, "crime_t": 1, "crime_top": 65, "bv": "1-0", "crime_night_n": 0, "crime_night_t": 0, "crime_night_top": null, "bv_night": "0-0", "nta": "West Valley", "boro": "Los Angeles"}}, {"type": "Feature", "geometry": {"type": "Polygon", "coordinates": [[[-118.4204668111379, 34.244775726880924], [-118.41590920555484, 34.248248238125804], [-118.41716454183415, 34.25316773512247], [-118.42297785728397, 34.25461455714319], [-118.42753534921619, 34.25114190165331], [-118.42627963939007, 34.24622256839995], [-118.4204668111379, 34.244775726880924]]]}, "properties": {"light_n": 18, "light_t": 1, "light_top": 39, "crime_n": 15, "crime_t": 1, "crime_top": 38, "bv": "1-1", "crime_night_n": 12, "crime_night_t": 2, "crime_night_top": 26, "bv_night": "2-1", "nta": "Pacoima", "boro": "Los Angeles"}}, {"type": "Feature", "geometry": {"type": "Polygon", "coordinates": [[[-118.39972453566942, 34.24882530906455], [-118.39516566601212, 34.252297186931386], [-118.39642025474465, 34.25721701105928], [-118.40223408702404, 34.25866479382621], [-118.40679284348865, 34.25519277169069], [-118.40553788090722, 34.25027311106917], [-118.39972453566942, 34.24882530906455]]]}, "properties": {"light_n": 3, "light_t": 0, "light_top": 86, "crime_n": 8, "crime_t": 1, "crime_top": 57, "bv": "1-0", "crime_night_n": 3, "crime_night_t": 1, "crime_night_top": 69, "bv_night": "1-0", "nta": "Foothill", "boro": "Los Angeles"}}, {"type": "Feature", "geometry": {"type": "Polygon", "coordinates": [[[-118.4167588346122, 34.05946751383392], [-118.41220860743634, 34.06294159168678], [-118.41346171611612, 34.067866953618086], [-118.41926542436742, 34.069318073319536], [-118.42381553835298, 34.0658438503656], [-118.42256205731802, 34.06091865282346], [-118.4167588346122, 34.05946751383392]]]}, "properties": {"light_n": 17, "light_t": 1, "light_top": 41, "crime_n": 11, "crime_t": 1, "crime_top": 46, "bv": "1-1", "crime_night_n": 1, "crime_night_t": 0, "crime_night_top": 100, "bv_night": "0-1", "nta": "Westside", "boro": "Los Angeles"}}, {"type": "Feature", "geometry": {"type": "Polygon", "coordinates": [[[-118.30328215893587, 33.740031413955116], [-118.29873893841079, 33.74350499108207], [-118.29998414954053, 33.74844256452633], [-118.30577295295774, 33.74990639651966], [-118.31031606346819, 33.74643267258048], [-118.30907048061607, 33.74149526347236], [-118.30328215893587, 33.740031413955116]]]}, "properties": {"light_n": 5, "light_t": 0, "light_top": 76, "crime_n": 2, "crime_t": 0, "crime_top": 87, "bv": "0-0", "crime_night_n": 1, "crime_night_t": 0, "crime_night_top": 100, "bv_night": "0-0", "nta": "Northwest San Pedro", "boro": "Los Angeles"}}, {"type": "Feature", "geometry": {"type": "Polygon", "coordinates": [[[-118.50814050884969, 34.28958534797851], [-118.50358572044364, 34.29305996017991], [-118.50484491258898, 34.29797611506979], [-118.51065926586378, 34.29941749325796], [-118.51521393855626, 34.29594273719589], [-118.51395437372832, 34.29102674681846], [-118.50814050884969, 34.28958534797851]]]}, "properties": {"light_n": 3, "light_t": 0, "light_top": 86, "crime_n": 0, "crime_t": 0, "crime_top": null, "bv": "0-0", "crime_night_n": 0, "crime_night_t": 0, "crime_night_top": null, "bv_night": "0-0", "nta": "Granada Hills North", "boro": "Los Angeles"}}, {"type": "Feature", "geometry": {"type": "Polygon", "coordinates": [[[-118.42947662186523, 34.00268499706398], [-118.42492938165643, 34.00615993528047], [-118.42618233807747, 34.01108677066748], [-118.43198290655631, 34.01253850311446], [-118.43653003340532, 34.00906341956028], [-118.43527670517572, 34.004136748908934], [-118.42947662186523, 34.00268499706398]]]}, "properties": {"light_n": 15, "light_t": 1, "light_top": 46, "crime_n": 13, "crime_t": 1, "crime_top": 42, "bv": "1-1", "crime_night_n": 7, "crime_night_t": 1, "crime_night_top": 42, "bv_night": "1-1", "nta": "Mar Vista", "boro": "Los Angeles"}}, {"type": "Feature", "geometry": {"type": "Polygon", "coordinates": [[[-118.64409529068993, 34.16212469125695], [-118.63955296118104, 34.165604328867246], [-118.64081588699894, 34.17052147829789], [-118.64662151238537, 34.17195882369495], [-118.65116372340238, 34.16847904192931], [-118.64990042756567, 34.16356205893396], [-118.64409529068993, 34.16212469125695]]]}, "properties": {"light_n": 17, "light_t": 1, "light_top": 41, "crime_n": 3, "crime_t": 0, "crime_top": 80, "bv": "0-1", "crime_night_n": 1, "crime_night_t": 0, "crime_night_top": 100, "bv_night": "0-1", "nta": "Woodland Hills-Warner Center", "boro": "Los Angeles"}}, {"type": "Feature", "geometry": {"type": "Polygon", "coordinates": [[[-118.56835579482193, 34.18479641666822], [-118.56380849871059, 34.18827370131313], [-118.56506880005209, 34.193191822468116], [-118.5708767687256, 34.19463249344539], [-118.57542394799182, 34.19115506458806], [-118.57416327547041, 34.18623710897794], [-118.56835579482193, 34.18479641666822]]]}, "properties": {"light_n": 14, "light_t": 1, "light_top": 48, "crime_n": 14, "crime_t": 1, "crime_top": 40, "bv": "1-1", "crime_night_n": 6, "crime_night_t": 1, "crime_night_top": 46, "bv_night": "1-1", "nta": "Topanga", "boro": "Los Angeles"}}, {"type": "Feature", "geometry": {"type": "Polygon", "coordinates": [[[-118.29552122715475, 34.24586876520492], [-118.29095697646424, 34.24933766788141], [-118.29220754132714, 34.25425985975065], [-118.29802273212788, 34.25571298655625], [-118.30258687197755, 34.25224393938955], [-118.30133593190784, 34.24732190991979], [-118.29552122715475, 34.24586876520492]]]}, "properties": {"light_n": 9, "light_t": 1, "light_top": 62, "crime_n": 3, "crime_t": 0, "crime_top": 80, "bv": "0-1", "crime_night_n": 2, "crime_night_t": 0, "crime_night_top": 82, "bv_night": "0-1", "nta": "Sunland-Tujunga", "boro": "Los Angeles"}}, {"type": "Feature", "geometry": {"type": "Polygon", "coordinates": [[[-118.40963407634987, 34.2236480190242], [-118.40507676250601, 34.22712041368578], [-118.40633144635649, 34.23204081262549], [-118.41214381763992, 34.233488653210266], [-118.41670101811951, 34.230016114185524], [-118.41544596072055, 34.2250958789514], [-118.40963407634987, 34.2236480190242]]]}, "properties": {"light_n": 5, "light_t": 0, "light_top": 76, "crime_n": 3, "crime_t": 0, "crime_top": 80, "bv": "0-0", "crime_night_n": 0, "crime_night_t": 0, "crime_night_top": null, "bv_night": "0-0", "nta": "Sun Valley Area", "boro": "Los Angeles"}}, {"type": "Feature", "geometry": {"type": "Polygon", "coordinates": [[[-118.39092153150447, 33.97918298125564], [-118.38637321087451, 33.9826570252768], [-118.38762443305326, 33.98758542771203], [-118.39342434806312, 33.98903962173086], [-118.39797255624379, 33.98556543218576], [-118.39672096190421, 33.98063719415793], [-118.39092153150447, 33.97918298125564]]]}, "properties": {"light_n": 1, "light_t": 0, "light_top": 100, "crime_n": 1, "crime_t": 0, "crime_top": 100, "bv": "0-0", "crime_night_n": 1, "crime_night_t": 0, "crime_night_top": 100, "bv_night": "0-0", "nta": "Westchester/Playa", "boro": "Los Angeles"}}, {"type": "Feature", "geometry": {"type": "Polygon", "coordinates": [[[-118.42562970751676, 34.328965749122965], [-118.42106892327116, 34.332437625124875], [-118.4223254078817, 34.33735434830902], [-118.42814305082297, 34.3387990320171], [-118.43270372112919, 34.335327012162516], [-118.4314468624743, 34.330410452464776], [-118.42562970751676, 34.328965749122965]]]}, "properties": {"light_n": 1, "light_t": 0, "light_top": 100, "crime_n": 0, "crime_t": 0, "crime_top": null, "bv": "0-0", "crime_night_n": 0, "crime_night_t": 0, "crime_night_top": null, "bv_night": "0-0", "nta": "Sylmar", "boro": "Los Angeles"}}, {"type": "Feature", "geometry": {"type": "Polygon", "coordinates": [[[-118.30042174402787, 33.77166449646552], [-118.29587709086412, 33.77513772988275], [-118.2971225442841, 33.78007441487304], [-118.30291302287752, 33.781537702268736], [-118.30745756602842, 33.778064322182345], [-118.30621174063874, 33.77312780138158], [-118.30042174402787, 33.77166449646552]]]}, "properties": {"light_n": 3, "light_t": 0, "light_top": 86, "crime_n": 1, "crime_t": 0, "crime_top": 100, "bv": "0-0", "crime_night_n": 1, "crime_night_t": 0, "crime_night_top": 100, "bv_night": "0-0", "nta": "Northwest San Pedro", "boro": "Los Angeles"}}, {"type": "Feature", "geometry": {"type": "Polygon", "coordinates": [[[-118.59434648583668, 34.26490252684305], [-118.58979730037953, 34.26837982859031], [-118.59105949966556, 34.2732948560277], [-118.59687125581766, 34.27473241620857], [-118.60142032367851, 34.27125497067002], [-118.60015775302448, 34.26634010875396], [-118.59434648583668, 34.26490252684305]]]}, "properties": {"light_n": 8, "light_t": 1, "light_top": 65, "crime_n": 0, "crime_t": 0, "crime_top": null, "bv": "0-1", "crime_night_n": 0, "crime_night_t": 0, "crime_night_top": null, "bv_night": "0-1", "nta": "Chatsworth", "boro": "Los Angeles"}}, {"type": "Feature", "geometry": {"type": "Polygon", "coordinates": [[[-118.25877814705109, 33.95057898051548], [-118.25422403472622, 33.95404949729564], [-118.25546988793046, 33.9589816550351], [-118.26127022720702, 33.96044313292246], [-118.26582423010028, 33.95697247022696], [-118.26457800318876, 33.95204047557169], [-118.25877814705109, 33.95057898051548]]]}, "properties": {"light_n": 44, "light_t": 2, "light_top": 18, "crime_n": 81, "crime_t": 2, "crime_top": 6, "bv": "2-2", "crime_night_n": 29, "crime_night_t": 2, "crime_night_top": 8, "bv_night": "2-2", "nta": "Southeast", "boro": "Los Angeles"}}, {"type": "Feature", "geometry": {"type": "Polygon", "coordinates": [[[-118.36737783808094, 34.01480940627224], [-118.36282682336075, 34.018282467197466], [-118.36407754577878, 34.02321028850311], [-118.36987965566621, 34.02466488487326], [-118.37443055839279, 34.02119167854207], [-118.37317946326593, 34.01626402125889], [-118.36737783808094, 34.01480940627224]]]}, "properties": {"light_n": 31, "light_t": 2, "light_top": 25, "crime_n": 11, "crime_t": 1, "crime_top": 46, "bv": "1-2", "crime_night_n": 2, "crime_night_t": 0, "crime_night_top": 82, "bv_night": "0-2", "nta": "West Adams", "boro": "Los Angeles"}}, {"type": "Feature", "geometry": {"type": "Polygon", "coordinates": [[[-118.5466648427554, 34.142559702372694], [-118.54211811649897, 34.146036746504336], [-118.54337711405255, 34.15095666751611], [-118.54918320909042, 34.15239937893689], [-118.5537298190759, 34.148922190353495], [-118.55247045033522, 34.144002434813146], [-118.5466648427554, 34.142559702372694]]]}, "properties": {"light_n": 5, "light_t": 0, "light_top": 76, "crime_n": 1, "crime_t": 0, "crime_top": 100, "bv": "0-0", "crime_night_n": 0, "crime_night_t": 0, "crime_night_top": null, "bv_night": "0-0", "nta": "Tarzana", "boro": "Los Angeles"}}, {"type": "Feature", "geometry": {"type": "Polygon", "coordinates": [[[-118.36873587786177, 34.084349932838386], [-118.36418209783668, 34.087822416681796], [-118.36543365174181, 34.09274805877972], [-118.3712393588682, 34.09420105326546], [-118.37579302672958, 34.09072842433924], [-118.37454109966872, 34.08580294602232], [-118.36873587786177, 34.084349932838386]]]}, "properties": {"light_n": 7, "light_t": 1, "light_top": 69, "crime_n": 5, "crime_t": 1, "crime_top": 69, "bv": "1-1", "crime_night_n": 2, "crime_night_t": 0, "crime_night_top": 82, "bv_night": "0-1", "nta": "Mid-City West", "boro": "Los Angeles"}}, {"type": "Feature", "geometry": {"type": "Polygon", "coordinates": [[[-118.40118716482887, 34.14779769978474], [-118.39663250736308, 34.15127054322582], [-118.39788601421385, 34.15619350192196], [-118.4036945517227, 34.157643453293666], [-118.40824909616825, 34.15417046512594], [-118.40699521616573, 34.14924767032536], [-118.40118716482887, 34.14779769978474]]]}, "properties": {"light_n": 22, "light_t": 2, "light_top": 33, "crime_n": 4, "crime_t": 0, "crime_top": 74, "bv": "0-2", "crime_night_n": 0, "crime_night_t": 0, "crime_night_top": null, "bv_night": "0-2", "nta": "Studio City", "boro": "Los Angeles"}}, {"type": "Feature", "geometry": {"type": "Polygon", "coordinates": [[[-118.61355303232979, 34.191395903522334], [-118.6090078768307, 34.194874414463335], [-118.6102699732494, 34.199791326743885], [-118.61607759582925, 34.20122956209452], [-118.6206226334574, 34.197750907067196], [-118.61936016641748, 34.192834160787584], [-118.61355303232979, 34.191395903522334]]]}, "properties": {"light_n": 10, "light_t": 1, "light_top": 58, "crime_n": 3, "crime_t": 0, "crime_top": 80, "bv": "0-1", "crime_night_n": 2, "crime_night_t": 0, "crime_night_top": 82, "bv_night": "0-1", "nta": "West Hills", "boro": "Los Angeles"}}, {"type": "Feature", "geometry": {"type": "Polygon", "coordinates": [[[-118.37909425030955, 34.08233014763047], [-118.37454109966872, 34.08580294602232], [-118.37579302672958, 34.09072842433924], [-118.38159847747721, 34.09218094037665], [-118.38615151572598, 34.088707996913385], [-118.38489921565962, 34.083782682496334], [-118.37909425030955, 34.08233014763047]]]}, "properties": {"light_n": 5, "light_t": 0, "light_top": 76, "crime_n": 1, "crime_t": 0, "crime_top": 100, "bv": "0-0", "crime_night_n": 1, "crime_night_t": 0, "crime_night_top": 100, "bv_night": "0-0", "nta": "Mid-City West", "boro": "Los Angeles"}}, {"type": "Feature", "geometry": {"type": "Polygon", "coordinates": [[[-118.42757660053526, 34.08061836330723], [-118.42302608280016, 34.0840925628366], [-118.4242798420039, 34.0890170324725], [-118.4300844913366, 34.090467138164044], [-118.43463489559602, 34.08699279365289], [-118.4333807640389, 34.08206848844413], [-118.42757660053526, 34.08061836330723]]]}, "properties": {"light_n": 14, "light_t": 1, "light_top": 48, "crime_n": 0, "crime_t": 0, "crime_top": null, "bv": "0-1", "crime_night_n": 0, "crime_night_t": 0, "crime_night_top": null, "bv_night": "0-1", "nta": "Bel Air-Beverly Crest", "boro": "Los Angeles"}}, {"type": "Feature", "geometry": {"type": "Polygon", "coordinates": [[[-118.43323620352979, 34.01746498738966], [-118.42868856015681, 34.02093990389923], [-118.42994182583816, 34.0258662016036], [-118.43574310679026, 34.027317418089034], [-118.44029063668926, 34.02384235631772], [-118.43903699915059, 34.01891622333485], [-118.43323620352979, 34.01746498738966]]]}, "properties": {"light_n": 18, "light_t": 1, "light_top": 39, "crime_n": 1, "crime_t": 0, "crime_top": 100, "bv": "0-1", "crime_night_n": 0, "crime_night_t": 0, "crime_night_top": null, "bv_night": "0-1", "nta": "Mar Vista", "boro": "Los Angeles"}}, {"type": "Feature", "geometry": {"type": "Polygon", "coordinates": [[[-118.31758276640373, 33.94691467984332], [-118.31303189392723, 33.95038691113684], [-118.31427995478569, 33.95531790335021], [-118.32007926107188, 33.95677650054801], [-118.32463002280593, 33.953304123436155], [-118.32338158903649, 33.94837329495705], [-118.31758276640373, 33.94691467984332]]]}, "properties": {"light_n": 21, "light_t": 1, "light_top": 35, "crime_n": 2, "crime_t": 0, "crime_top": 87, "bv": "0-1", "crime_night_n": 0, "crime_night_t": 0, "crime_night_top": null, "bv_night": "0-1", "nta": "Empowerment Congress Southwest", "boro": "Los Angeles"}}, {"type": "Feature", "geometry": {"type": "Polygon", "coordinates": [[[-118.57492814011114, 34.168004529520104], [-118.57038187996746, 34.17148215119457], [-118.5716422414698, 34.1764006522116], [-118.57744923413703, 34.1778413658886], [-118.58199537732374, 34.174363599938594], [-118.58073464484093, 34.1694452645992], [-118.57492814011114, 34.168004529520104]]]}, "properties": {"light_n": 10, "light_t": 1, "light_top": 58, "crime_n": 4, "crime_t": 0, "crime_top": 74, "bv": "0-1", "crime_night_n": 0, "crime_night_t": 0, "crime_night_top": null, "bv_night": "0-1", "nta": "Woodland Hills-Warner Center", "boro": "Los Angeles"}}, {"type": "Feature", "geometry": {"type": "Polygon", "coordinates": [[[-118.38341555221463, 33.949608774669294], [-118.37886803925855, 33.95308286085453], [-118.38011864393583, 33.95801233431253], [-118.38591713367228, 33.959467557162036], [-118.39046453440653, 33.95599332530074], [-118.38921355766648, 33.95106401627816], [-118.38341555221463, 33.949608774669294]]]}, "properties": {"light_n": 3, "light_t": 0, "light_top": 86, "crime_n": 21, "crime_t": 2, "crime_top": 29, "bv": "2-0", "crime_night_n": 7, "crime_night_t": 1, "crime_night_top": 42, "bv_night": "1-0", "nta": "Pacific", "boro": "Los Angeles"}}, {"type": "Feature", "geometry": {"type": "Polygon", "coordinates": [[[-118.36348672869514, 34.17065283006247], [-118.35892914415562, 34.174124384556606], [-118.3601814665977, 34.179047454153924], [-118.3659917474232, 34.18049880586285], [-118.37054921974307, 34.17702710667092], [-118.36929652349762, 34.17210420048011], [-118.36348672869514, 34.17065283006247]]]}, "properties": {"light_n": 4, "light_t": 0, "light_top": 81, "crime_n": 28, "crime_t": 2, "crime_top": 22, "bv": "2-0", "crime_night_n": 12, "crime_night_t": 2, "crime_night_top": 26, "bv_night": "2-0", "nta": "N Hollywood", "boro": "Los Angeles"}}, {"type": "Feature", "geometry": {"type": "Polygon", "coordinates": [[[-118.39000772596806, 33.932800601363745], [-118.38546124475822, 33.93627501997504], [-118.38671191285381, 33.9412048635449], [-118.3925094340636, 33.94266012394715], [-118.39705580293793, 33.939185559594826], [-118.39580476297829, 33.9342558805934], [-118.39000772596806, 33.932800601363745]]]}, "properties": {"light_n": 1, "light_t": 0, "light_top": 100, "crime_n": 0, "crime_t": 0, "crime_top": null, "bv": "0-0", "crime_night_n": 0, "crime_night_t": 0, "crime_night_top": null, "bv_night": "0-0", "nta": "Westchester/Playa", "boro": "Los Angeles"}}, {"type": "Feature", "geometry": {"type": "Polygon", "coordinates": [[[-118.64839562173849, 34.20002055455285], [-118.64385197524562, 34.203499977800725], [-118.6451154945867, 34.20841584515727], [-118.65092303067486, 34.20985212293944], [-118.65546655849887, 34.20637255571942], [-118.65420266894446, 34.2014568547014], [-118.64839562173849, 34.20002055455285]]]}, "properties": {"light_n": 15, "light_t": 1, "light_top": 46, "crime_n": 0, "crime_t": 0, "crime_top": null, "bv": "0-1", "crime_night_n": 0, "crime_night_t": 0, "crime_night_top": null, "bv_night": "0-1", "nta": "West Hills", "boro": "Los Angeles"}}, {"type": "Feature", "geometry": {"type": "Polygon", "coordinates": [[[-118.22404924831375, 34.1357221973237], [-118.21948575239982, 34.139190055776446], [-118.22073234168064, 34.14411724783824], [-118.22654280232115, 34.1455764194272], [-118.23110618922155, 34.142108415843836], [-118.22985922453536, 34.13718138581447], [-118.22404924831375, 34.1357221973237]]]}, "properties": {"light_n": 7, "light_t": 1, "light_top": 69, "crime_n": 10, "crime_t": 1, "crime_top": 49, "bv": "1-1", "crime_night_n": 5, "crime_night_t": 1, "crime_night_top": 51, "bv_night": "1-1", "nta": "Northeast", "boro": "Los Angeles"}}, {"type": "Feature", "geometry": {"type": "Polygon", "coordinates": [[[-118.46758779419329, 34.17357141181478], [-118.46303560004945, 34.177045922861375], [-118.46429193299221, 34.18196661909116], [-118.4701008325641, 34.18341263977516], [-118.47465291214485, 34.17993798425504], [-118.47339620675746, 34.175017452536615], [-118.46758779419329, 34.17357141181478]]]}, "properties": {"light_n": 9, "light_t": 1, "light_top": 62, "crime_n": 6, "crime_t": 1, "crime_top": 65, "bv": "1-1", "crime_night_n": 0, "crime_night_t": 0, "crime_night_top": null, "bv_night": "0-1", "nta": "Van Nuys", "boro": "Los Angeles"}}, {"type": "Feature", "geometry": {"type": "Polygon", "coordinates": [[[-118.4482838123593, 34.076568796332175], [-118.44373455611647, 34.08004362264466], [-118.4449890598765, 34.08496776330768], [-118.4507931919723, 34.08641691300602], [-118.45534233428371, 34.08294194173513], [-118.45408745847128, 34.07801796573644], [-118.4482838123593, 34.076568796332175]]]}, "properties": {"light_n": 7, "light_t": 1, "light_top": 69, "crime_n": 0, "crime_t": 0, "crime_top": null, "bv": "0-1", "crime_night_n": 0, "crime_night_t": 0, "crime_night_top": null, "bv_night": "0-1", "nta": "Bel Air-Beverly Crest", "boro": "Los Angeles"}}, {"type": "Feature", "geometry": {"type": "Polygon", "coordinates": [[[-118.22940812060747, 34.04938010805995], [-118.22484843645526, 34.05284890510425], [-118.22609426678142, 34.057778660150205], [-118.23190015605451, 34.059239455758735], [-118.2364597312414, 34.05577051319852], [-118.23521352616076, 34.05084092055802], [-118.22940812060747, 34.04938010805995]]]}, "properties": {"light_n": 7, "light_t": 1, "light_top": 69, "crime_n": 84, "crime_t": 2, "crime_top": 6, "bv": "2-1", "crime_night_n": 27, "crime_night_t": 2, "crime_night_top": 9, "bv_night": "2-1", "nta": "Central", "boro": "Los Angeles"}}, {"type": "Feature", "geometry": {"type": "Polygon", "coordinates": [[[-118.52558206723336, 34.293908563399285], [-118.52102802956573, 34.29738363510128], [-118.52228793635865, 34.30229926830959], [-118.52810225333928, 34.30373966514606], [-118.53265617489252, 34.3002644496395], [-118.53139589562036, 34.29534898111315], [-118.52558206723336, 34.293908563399285]]]}, "properties": {"light_n": 1, "light_t": 0, "light_top": 100, "crime_n": 1, "crime_t": 0, "crime_top": 100, "bv": "0-0", "crime_night_n": 0, "crime_night_t": 0, "crime_night_top": null, "bv_night": "0-0", "nta": "Granada Hills North", "boro": "Los Angeles"}}, {"type": "Feature", "geometry": {"type": "Polygon", "coordinates": [[[-118.43837323442646, 34.27226305862232], [-118.43381545142181, 34.275735830049975], [-118.43507178255916, 34.28065406766895], [-118.44088627023571, 34.28209937003968], [-118.44544393913061, 34.2786264545285], [-118.44418723449942, 34.27370838074234], [-118.43837323442646, 34.27226305862232]]]}, "properties": {"light_n": 3, "light_t": 0, "light_top": 86, "crime_n": 0, "crime_t": 0, "crime_top": null, "bv": "0-0", "crime_night_n": 0, "crime_night_t": 0, "crime_night_top": null, "bv_night": "0-0", "nta": "Mission Hills", "boro": "Los Angeles"}}, {"type": "Feature", "geometry": {"type": "Polygon", "coordinates": [[[-118.44218070509773, 33.945886456951136], [-118.43763644850938, 33.949362246856595], [-118.43888925214895, 33.954290546968295], [-118.44468668368019, 33.95574289210433], [-118.44923082674002, 33.952266956623326], [-118.44797765183753, 33.947338821593924], [-118.44218070509773, 33.945886456951136]]]}, "properties": {"light_n": 7, "light_t": 1, "light_top": 69, "crime_n": 3, "crime_t": 0, "crime_top": 80, "bv": "0-1", "crime_night_n": 1, "crime_night_t": 0, "crime_night_top": 100, "bv_night": "0-1", "nta": "Westchester/Playa", "boro": "Los Angeles"}}, {"type": "Feature", "geometry": {"type": "Polygon", "coordinates": [[[-118.35087088990994, 34.05681026284793], [-118.34631729141196, 34.06028248052001], [-118.34756785370318, 34.065209365671734], [-118.35337238773978, 34.066663869473565], [-118.35792587453008, 34.063191506556485], [-118.35667493903179, 34.0582647850948], [-118.35087088990994, 34.05681026284793]]]}, "properties": {"light_n": 13, "light_t": 1, "light_top": 50, "crime_n": 18, "crime_t": 2, "crime_top": 34, "bv": "2-1", "crime_night_n": 4, "crime_night_t": 1, "crime_night_top": 60, "bv_night": "1-1", "nta": "Wilshire", "boro": "Los Angeles"}}, {"type": "Feature", "geometry": {"type": "Polygon", "coordinates": [[[-118.46569471825633, 34.08091532923364], [-118.46114620722699, 34.08439061357169], [-118.46240142392236, 34.08931423686524], [-118.46820552353844, 34.09076241099799], [-118.47275392023748, 34.087286981757096], [-118.47149833169125, 34.08236352329845], [-118.46569471825633, 34.08091532923364]]]}, "properties": {"light_n": 3, "light_t": 0, "light_top": 86, "crime_n": 0, "crime_t": 0, "crime_top": null, "bv": "0-0", "crime_night_n": 0, "crime_night_t": 0, "crime_night_top": null, "bv_night": "0-0", "nta": "Bel Air-Beverly Crest", "boro": "Los Angeles"}}, {"type": "Feature", "geometry": {"type": "Polygon", "coordinates": [[[-118.50243809937292, 34.1822427661944], [-118.49788740080496, 34.185718194657156], [-118.49914516120546, 34.19063785211438], [-118.50495399225446, 34.192081916269466], [-118.50950457545983, 34.18860634344479], [-118.50824644301946, 34.18368685083908], [-118.50243809937292, 34.1822427661944]]]}, "properties": {"light_n": 9, "light_t": 1, "light_top": 62, "crime_n": 20, "crime_t": 2, "crime_top": 31, "bv": "2-1", "crime_night_n": 7, "crime_night_t": 1, "crime_night_top": 42, "bv_night": "1-1", "nta": "West Valley", "boro": "Los Angeles"}}, {"type": "Feature", "geometry": {"type": "Polygon", "coordinates": [[[-118.42000264269704, 34.221623168086715], [-118.41544596072055, 34.2250958789514], [-118.41670101811951, 34.230016114185524], [-118.42251313093313, 34.231463474743066], [-118.42706969931648, 34.22799061952705], [-118.42581426851999, 34.22307054811702], [-118.42000264269704, 34.221623168086715]]]}, "properties": {"light_n": 25, "light_t": 2, "light_top": 30, "crime_n": 6, "crime_t": 1, "crime_top": 65, "bv": "1-2", "crime_night_n": 2, "crime_night_t": 0, "crime_night_top": 82, "bv_night": "0-2", "nta": "Arleta", "boro": "Los Angeles"}}, {"type": "Feature", "geometry": {"type": "Polygon", "coordinates": [[[-118.44923082674002, 33.952266956623326], [-118.44468668368019, 33.95574289210433], [-118.44593982747891, 33.96067084205545], [-118.45173748559007, 33.962122691403074], [-118.45628151495082, 33.95864661039043], [-118.45502799993987, 33.95371882557387], [-118.44923082674002, 33.952266956623326]]]}, "properties": {"light_n": 6, "light_t": 0, "light_top": 72, "crime_n": 7, "crime_t": 1, "crime_top": 60, "bv": "1-0", "crime_night_n": 2, "crime_night_t": 0, "crime_night_top": 82, "bv_night": "0-0", "nta": "Pacific", "boro": "Los Angeles"}}, {"type": "Feature", "geometry": {"type": "Polygon", "coordinates": [[[-118.22320281624161, 34.08936174673125], [-118.21864117256155, 34.09283000387362], [-118.219887211346, 34.09775865539748], [-118.2256952689553, 34.09921888759884], [-118.2302568037315, 34.09575048511212], [-118.22901038984253, 34.090821995780715], [-118.22320281624161, 34.08936174673125]]]}, "properties": {"light_n": 15, "light_t": 1, "light_top": 46, "crime_n": 20, "crime_t": 2, "crime_top": 31, "bv": "2-1", "crime_night_n": 10, "crime_night_t": 2, "crime_night_top": 31, "bv_night": "2-1", "nta": "Northeast", "boro": "Los Angeles"}}, {"type": "Feature", "geometry": {"type": "Polygon", "coordinates": [[[-118.33810213547868, 34.11357951819964], [-118.33354554521408, 34.11705086146848], [-118.33479625570973, 34.121976264612414], [-118.34060393026603, 34.12343016115605], [-118.34516040899594, 34.11995867287775], [-118.34390932474469, 34.11503343307754], [-118.33810213547868, 34.11357951819964]]]}, "properties": {"light_n": 5, "light_t": 0, "light_top": 76, "crime_n": 4, "crime_t": 0, "crime_top": 74, "bv": "0-0", "crime_night_n": 1, "crime_night_t": 0, "crime_night_top": 100, "bv_night": "0-0", "nta": "Hollywood Hills West", "boro": "Los Angeles"}}, {"type": "Feature", "geometry": {"type": "Polygon", "coordinates": [[[-118.48080600986076, 34.31043058049246], [-118.47624891409613, 34.3139042157701], [-118.47750729845205, 34.318820313529706], [-118.4833231517997, 34.320262611880175], [-118.48788013242178, 34.31678883277957], [-118.48662137487958, 34.31187289916364], [-118.48080600986076, 34.31043058049246]]]}, "properties": {"light_n": 8, "light_t": 1, "light_top": 65, "crime_n": 2, "crime_t": 0, "crime_top": 87, "bv": "0-1", "crime_night_n": 0, "crime_night_t": 0, "crime_night_top": null, "bv_night": "0-1", "nta": "Sylmar", "boro": "Los Angeles"}}, {"type": "Feature", "geometry": {"type": "Polygon", "coordinates": [[[-118.60041750844286, 34.22497544308605], [-118.59587027989109, 34.22845327933779], [-118.59713225726696, 34.233369429354404], [-118.60294183425589, 34.234807577395856], [-118.60748894515977, 34.2313295971835], [-118.60622659676349, 34.22641361290236], [-118.60041750844286, 34.22497544308605]]]}, "properties": {"light_n": 7, "light_t": 1, "light_top": 69, "crime_n": 12, "crime_t": 1, "crime_top": 44, "bv": "1-1", "crime_night_n": 6, "crime_night_t": 1, "crime_night_top": 46, "bv_night": "1-1", "nta": "Topanga", "boro": "Los Angeles"}}, {"type": "Feature", "geometry": {"type": "Polygon", "coordinates": [[[-118.61254595130346, 34.145096366473545], [-118.60800263190839, 34.148575259893796], [-118.60926416531703, 34.153493642213945], [-118.61506938848808, 34.15493296496203], [-118.61961259013276, 34.15145392724072], [-118.61835068639753, 34.146535711084404], [-118.61254595130346, 34.145096366473545]]]}, "properties": {"light_n": 6, "light_t": 0, "light_top": 72, "crime_n": 0, "crime_t": 0, "crime_top": null, "bv": "0-0", "crime_night_n": 0, "crime_night_t": 0, "crime_night_top": null, "bv_night": "0-0", "nta": "Woodland Hills-Warner Center", "boro": "Los Angeles"}}, {"type": "Feature", "geometry": {"type": "Polygon", "coordinates": [[[-118.41115366069728, 33.951952941727626], [-118.40660751700553, 33.95542779743079], [-118.40785920595665, 33.96035659207643], [-118.41365741035261, 33.96181036630527], [-118.41820344119726, 33.95833536499232], [-118.4169513805334, 33.95340673507246], [-118.41115366069728, 33.951952941727626]]]}, "properties": {"light_n": 5, "light_t": 0, "light_top": 76, "crime_n": 5, "crime_t": 1, "crime_top": 69, "bv": "1-0", "crime_night_n": 3, "crime_night_t": 1, "crime_night_top": 69, "bv_night": "1-0", "nta": "Westchester/Playa", "boro": "Los Angeles"}}, {"type": "Feature", "geometry": {"type": "Polygon", "coordinates": [[[-118.46240142392236, 34.08931423686524], [-118.45785239571352, 34.092789353050804], [-118.45910758135396, 34.09771278822787], [-118.4649121671943, 34.09916094246305], [-118.4694610811294, 34.095685681406586], [-118.46820552353844, 34.09076241099799], [-118.46240142392236, 34.08931423686524]]]}, "properties": {"light_n": 3, "light_t": 0, "light_top": 86, "crime_n": 0, "crime_t": 0, "crime_top": null, "bv": "0-0", "crime_night_n": 0, "crime_night_t": 0, "crime_night_top": null, "bv_night": "0-0", "nta": "Bel Air-Beverly Crest", "boro": "Los Angeles"}}, {"type": "Feature", "geometry": {"type": "Polygon", "coordinates": [[[-118.49626738867617, 34.0516599923566], [-118.4917216917542, 34.05513640410785], [-118.49297774435183, 34.060060260398416], [-118.49877986516282, 34.061507539678736], [-118.5033254471303, 34.058030982952396], [-118.5020690232818, 34.05310729193292], [-118.49626738867617, 34.0516599923566]]]}, "properties": {"light_n": 12, "light_t": 1, "light_top": 52, "crime_n": 2, "crime_t": 0, "crime_top": 87, "bv": "0-1", "crime_night_n": 0, "crime_night_t": 0, "crime_night_top": null, "bv_night": "0-1", "nta": "West LA", "boro": "Los Angeles"}}, {"type": "Feature", "geometry": {"type": "Polygon", "coordinates": [[[-118.17507991567318, 34.114179290223866], [-118.17051473439982, 34.117645931341116], [-118.17175920369611, 34.12257485209895], [-118.17756923020866, 34.12403697017086], [-118.18213430361327, 34.12057018373118], [-118.18088945841437, 34.1156414245544], [-118.17507991567318, 34.114179290223866]]]}, "properties": {"light_n": 8, "light_t": 1, "light_top": 65, "crime_n": 5, "crime_t": 1, "crime_top": 69, "bv": "1-1", "crime_night_n": 2, "crime_night_t": 0, "crime_night_top": 82, "bv_night": "0-1", "nta": "Historic Highland Park", "boro": "Los Angeles"}}, {"type": "Feature", "geometry": {"type": "Polygon", "coordinates": [[[-118.4576936725854, 34.028193600361675], [-118.45314688684078, 34.03166911966627], [-118.45440120554804, 34.036594549523386], [-118.46020268164578, 34.038044295143514], [-118.46474935334717, 34.03456863067642], [-118.46349466303452, 34.02964336576378], [-118.4576936725854, 34.028193600361675]]]}, "properties": {"light_n": 7, "light_t": 1, "light_top": 69, "crime_n": 7, "crime_t": 1, "crime_top": 60, "bv": "1-1", "crime_night_n": 4, "crime_night_t": 1, "crime_night_top": 60, "bv_night": "1-1", "nta": "West LA - Sawtelle", "boro": "Los Angeles"}}, {"type": "Feature", "geometry": {"type": "Polygon", "coordinates": [[[-118.2717263907982, 34.08770984242812], [-118.2671673630037, 34.091179511924146], [-118.26841524294521, 34.09610716281692], [-118.27422252517762, 34.09756498150298], [-118.27878144298032, 34.09409516674866], [-118.27753318858271, 34.08916767857888], [-118.2717263907982, 34.08770984242812]]]}, "properties": {"light_n": 8, "light_t": 1, "light_top": 65, "crime_n": 7, "crime_t": 1, "crime_top": 60, "bv": "1-1", "crime_night_n": 3, "crime_night_t": 1, "crime_night_top": 69, "bv_night": "1-1", "nta": "Silver Lake", "boro": "Los Angeles"}}, {"type": "Feature", "geometry": {"type": "Polygon", "coordinates": [[[-118.44640823728373, 33.983856598616505], [-118.44186265953358, 33.98733218193064], [-118.44311605016749, 33.99225922474991], [-118.44891539005147, 33.99371051927981], [-118.45346085410135, 33.99023479057498], [-118.45220709200791, 33.98530791274307], [-118.44640823728373, 33.983856598616505]]]}, "properties": {"light_n": 3, "light_t": 0, "light_top": 86, "crime_n": 16, "crime_t": 1, "crime_top": 36, "bv": "1-0", "crime_night_n": 4, "crime_night_t": 1, "crime_night_top": 60, "bv_night": "1-0", "nta": "Pacific", "boro": "Los Angeles"}}, {"type": "Feature", "geometry": {"type": "Polygon", "coordinates": [[[-118.46993489358638, 34.11885218774364], [-118.46538505927359, 34.12232725650865], [-118.46664086488185, 34.127249608154656], [-118.4724468768913, 34.128696726308206], [-118.4769965967009, 34.12522151282358], [-118.47574041904483, 34.12029932591716], [-118.46993489358638, 34.11885218774364]]]}, "properties": {"light_n": 4, "light_t": 0, "light_top": 81, "crime_n": 1, "crime_t": 0, "crime_top": 100, "bv": "0-0", "crime_night_n": 0, "crime_night_t": 0, "crime_night_top": null, "bv_night": "0-0", "nta": "Bel Air-Beverly Crest", "boro": "Los Angeles"}}, {"type": "Feature", "geometry": {"type": "Polygon", "coordinates": [[[-118.40456420371068, 33.96875989088518], [-118.40001702793181, 33.972234413967534], [-118.40126865384462, 33.97716283772965], [-118.40706782748816, 33.978616573828724], [-118.41161489053339, 33.97514190520138], [-118.4103628927091, 33.970213646032086], [-118.40456420371068, 33.96875989088518]]]}, "properties": {"light_n": 6, "light_t": 0, "light_top": 72, "crime_n": 1, "crime_t": 0, "crime_top": 100, "bv": "0-0", "crime_night_n": 0, "crime_night_t": 0, "crime_night_top": null, "bv_night": "0-0", "nta": "Westchester/Playa", "boro": "Los Angeles"}}, {"type": "Feature", "geometry": {"type": "Polygon", "coordinates": [[[-118.6549542337471, 34.18322889984034], [-118.650411623427, 34.18670865840228], [-118.65167520142008, 34.191624905973356], [-118.65748175978811, 34.193061228523206], [-118.66202425132856, 34.18958132592619], [-118.66076030332145, 34.1846652448264], [-118.6549542337471, 34.18322889984034]]]}, "properties": {"light_n": 7, "light_t": 1, "light_top": 69, "crime_n": 5, "crime_t": 1, "crime_top": 69, "bv": "1-1", "crime_night_n": 1, "crime_night_t": 0, "crime_night_top": 100, "bv_night": "0-1", "nta": "West Hills", "boro": "Los Angeles"}}, {"type": "Feature", "geometry": {"type": "Polygon", "coordinates": [[[-118.28889330396574, 34.26265058795457], [-118.28432801567284, 34.26611914200184], [-118.285578514955, 34.27104094939513], [-118.29139467797803, 34.272494040486905], [-118.29595985554604, 34.26902534201247], [-118.29470898085646, 34.26410369688578], [-118.28889330396574, 34.26265058795457]]]}, "properties": {"light_n": 2, "light_t": 0, "light_top": 92, "crime_n": 0, "crime_t": 0, "crime_top": null, "bv": "0-0", "crime_night_n": 0, "crime_night_t": 0, "crime_night_top": null, "bv_night": "0-0", "nta": "Sunland-Tujunga", "boro": "Los Angeles"}}, {"type": "Feature", "geometry": {"type": "Polygon", "coordinates": [[[-118.61633126263104, 34.15985099193677], [-118.61178754321756, 34.163329862272896], [-118.61304938773253, 34.168247699872474], [-118.61885532207607, 34.169686500999155], [-118.62339892362331, 34.16620748643786], [-118.62213670873409, 34.161289814987065], [-118.61633126263104, 34.15985099193677]]]}, "properties": {"light_n": 11, "light_t": 1, "light_top": 55, "crime_n": 6, "crime_t": 1, "crime_top": 65, "bv": "1-1", "crime_night_n": 3, "crime_night_t": 1, "crime_night_top": 69, "bv_night": "1-1", "nta": "Woodland Hills-Warner Center", "boro": "Los Angeles"}}, {"type": "Feature", "geometry": {"type": "Polygon", "coordinates": [[[-118.45016912106017, 33.99863721119162], [-118.44562314066633, 34.002112773506546], [-118.44687684055432, 34.00703927930346], [-118.45267689238477, 34.008490057824474], [-118.45722275896408, 34.00501435019497], [-118.4559686875679, 34.000088009371154], [-118.45016912106017, 33.99863721119162]]]}, "properties": {"light_n": 4, "light_t": 0, "light_top": 81, "crime_n": 6, "crime_t": 1, "crime_top": 65, "bv": "1-0", "crime_night_n": 2, "crime_night_t": 0, "crime_night_top": 82, "bv_night": "0-0", "nta": "Pacific", "boro": "Los Angeles"}}, {"type": "Feature", "geometry": {"type": "Polygon", "coordinates": [[[-118.4449890598765, 34.08496776330768], [-118.44043928648833, 34.08844242130293], [-118.44169375903017, 34.09336637391079], [-118.44749837715278, 34.09481550393765], [-118.45204803666618, 34.091340701015994], [-118.4507931919723, 34.08641691300602], [-118.4449890598765, 34.08496776330768]]]}, "properties": {"light_n": 4, "light_t": 0, "light_top": 81, "crime_n": 0, "crime_t": 0, "crime_top": null, "bv": "0-0", "crime_night_n": 0, "crime_night_t": 0, "crime_night_top": null, "bv_night": "0-0", "nta": "Bel Air-Beverly Crest", "boro": "Los Angeles"}}, {"type": "Feature", "geometry": {"type": "Polygon", "coordinates": [[[-118.28192059915585, 33.89175038102832], [-118.2773700968465, 33.89522207037279], [-118.27861617966876, 33.90015552203687], [-118.28441313785159, 33.90161712081875], [-118.28896353032606, 33.898145285330465], [-118.28771707449272, 33.89321199721635], [-118.28192059915585, 33.89175038102832]]]}, "properties": {"light_n": 3, "light_t": 0, "light_top": 86, "crime_n": 6, "crime_t": 1, "crime_top": 65, "bv": "1-0", "crime_night_n": 2, "crime_night_t": 0, "crime_night_top": 82, "bv_night": "0-0", "nta": "Southeast", "boro": "Los Angeles"}}, {"type": "Feature", "geometry": {"type": "Polygon", "coordinates": [[[-118.19167520861338, 34.07219605617323], [-118.18711261394319, 34.07566355971275], [-118.18835725190155, 34.080593424862464], [-118.19416485997283, 34.082055624571396], [-118.198727346482, 34.078587975548736], [-118.19748233312114, 34.07365827231265], [-118.19167520861338, 34.07219605617323]]]}, "properties": {"light_n": 14, "light_t": 1, "light_top": 48, "crime_n": 3, "crime_t": 0, "crime_top": 80, "bv": "0-1", "crime_night_n": 1, "crime_night_t": 0, "crime_night_top": 100, "bv_night": "0-1", "nta": "LA-32", "boro": "Los Angeles"}}, {"type": "Feature", "geometry": {"type": "Polygon", "coordinates": [[[-118.47607921925055, 34.24939334778351], [-118.47152437360056, 34.25286741163146], [-118.47278188690153, 34.25778554128136], [-118.47859461873279, 34.25922944277515], [-118.48314934947275, 34.255755234817244], [-118.48189146333219, 34.25083726948769], [-118.47607921925055, 34.24939334778351]]]}, "properties": {"light_n": 26, "light_t": 2, "light_top": 29, "crime_n": 3, "crime_t": 0, "crime_top": 80, "bv": "0-2", "crime_night_n": 1, "crime_night_t": 0, "crime_night_top": 100, "bv_night": "0-2", "nta": "Granada Hills South", "boro": "Los Angeles"}}, {"type": "Feature", "geometry": {"type": "Polygon", "coordinates": [[[-118.31361307706459, 33.738021376485605], [-118.30907048061607, 33.74149526347236], [-118.31031606346819, 33.74643267258048], [-118.31610461438261, 33.74789603025823], [-118.32064710058988, 33.74442199646974], [-118.31940114616395, 33.73948475181738], [-118.31361307706459, 33.738021376485605]]]}, "properties": {"light_n": 2, "light_t": 0, "light_top": 92, "crime_n": 3, "crime_t": 0, "crime_top": 80, "bv": "0-0", "crime_night_n": 0, "crime_night_t": 0, "crime_night_top": null, "bv_night": "0-0", "nta": "Harbor", "boro": "Los Angeles"}}, {"type": "Feature", "geometry": {"type": "Polygon", "coordinates": [[[-118.40080954018066, 33.95397352767345], [-118.3962627678649, 33.95744807155966], [-118.39751408495346, 33.962377030812185], [-118.40331254626068, 33.96383128158377], [-118.40785920595665, 33.96035659207643], [-118.40660751700553, 33.95542779743079], [-118.40080954018066, 33.95397352767345]]]}, "properties": {"light_n": 5, "light_t": 0, "light_top": 76, "crime_n": 8, "crime_t": 1, "crime_top": 57, "bv": "1-0", "crime_night_n": 3, "crime_night_t": 1, "crime_night_top": 69, "bv_night": "1-0", "nta": "Pacific", "boro": "Los Angeles"}}, {"type": "Feature", "geometry": {"type": "Polygon", "coordinates": [[[-118.46522193814772, 34.057743528929315], [-118.46067434696796, 34.06121900387548], [-118.46192928490942, 34.06614335526874], [-118.46773218577378, 34.06759206681219], [-118.47227966268136, 34.064116446855344], [-118.47102435303725, 34.059192260377856], [-118.46522193814772, 34.057743528929315]]]}, "properties": {"light_n": 3, "light_t": 0, "light_top": 86, "crime_n": 2, "crime_t": 0, "crime_top": 87, "bv": "0-0", "crime_night_n": 0, "crime_night_t": 0, "crime_night_top": null, "bv_night": "0-0", "nta": "West LA", "boro": "Los Angeles"}}, {"type": "Feature", "geometry": {"type": "Polygon", "coordinates": [[[-118.27200569605313, 33.916964750385986], [-118.26745364706316, 33.92043593857904], [-118.26869963169565, 33.92536883687667], [-118.27449803866757, 33.92683038364316], [-118.27904997799527, 33.92335904940436], [-118.27780362005348, 33.91842631445707], [-118.27200569605313, 33.916964750385986]]]}, "properties": {"light_n": 19, "light_t": 1, "light_top": 38, "crime_n": 17, "crime_t": 1, "crime_top": 35, "bv": "1-1", "crime_night_n": 9, "crime_night_t": 2, "crime_night_top": 34, "bv_night": "2-1", "nta": "Harbor Gateway North", "boro": "Los Angeles"}}, {"type": "Feature", "geometry": {"type": "Polygon", "coordinates": [[[-118.48314934947275, 34.255755234817244], [-118.47859461873279, 34.25922944277515], [-118.47985247392347, 34.26414721632555], [-118.48566543268308, 34.265590617558104], [-118.49022004834103, 34.262116265533805], [-118.48896182036212, 34.257198656355534], [-118.48314934947275, 34.255755234817244]]]}, "properties": {"light_n": 6, "light_t": 0, "light_top": 72, "crime_n": 4, "crime_t": 0, "crime_top": 74, "bv": "0-0", "crime_night_n": 0, "crime_night_t": 0, "crime_night_top": null, "bv_night": "0-0", "nta": "Granada Hills South", "boro": "Los Angeles"}}, {"type": "Feature", "geometry": {"type": "Polygon", "coordinates": [[[-118.37943455075853, 34.27602245434511], [-118.37487349278247, 34.27949349577153], [-118.37612761176943, 34.284412906537206], [-118.38194316307374, 34.28586111270012], [-118.38650410825844, 34.282389927087486], [-118.38524961497085, 34.277470679510415], [-118.37943455075853, 34.27602245434511]]]}, "properties": {"light_n": 16, "light_t": 1, "light_top": 43, "crime_n": 10, "crime_t": 1, "crime_top": 49, "bv": "1-1", "crime_night_n": 2, "crime_night_t": 0, "crime_night_top": 82, "bv_night": "0-1", "nta": "Foothills Trails District", "boro": "Los Angeles"}}, {"type": "Feature", "geometry": {"type": "Polygon", "coordinates": [[[-118.42901160999708, 33.9795007108206], [-118.42446528918411, 33.98297583692877], [-118.42571796779556, 33.98790339529126], [-118.4315173389207, 33.989355662741325], [-118.43606354643134, 33.98588039118708], [-118.43481049615956, 33.98095299764096], [-118.42901160999708, 33.9795007108206]]]}, "properties": {"light_n": 10, "light_t": 1, "light_top": 58, "crime_n": 9, "crime_t": 1, "crime_top": 53, "bv": "1-1", "crime_night_n": 2, "crime_night_t": 0, "crime_night_top": 82, "bv_night": "0-1", "nta": "Del Rey", "boro": "Los Angeles"}}, {"type": "Feature", "geometry": {"type": "Polygon", "coordinates": [[[-118.30789680963892, 33.801282004586454], [-118.3033513476167, 33.80475520300243], [-118.30459741560995, 33.80969083276745], [-118.31038931773398, 33.811153099966205], [-118.3149346695181, 33.807679755034364], [-118.31368822945639, 33.8027442894318], [-118.30789680963892, 33.801282004586454]]]}, "properties": {"light_n": 3, "light_t": 0, "light_top": 86, "crime_n": 2, "crime_t": 0, "crime_top": 87, "bv": "0-0", "crime_night_n": 0, "crime_night_t": 0, "crime_night_top": null, "bv_night": "0-0", "nta": "Harbor City", "boro": "Los Angeles"}}, {"type": "Feature", "geometry": {"type": "Polygon", "coordinates": [[[-118.19914539580694, 34.101772605438306], [-118.19458198298983, 34.105240055490334], [-118.1958272375476, 34.110168842100606], [-118.20163628046639, 34.11163001678439], [-118.20619958489686, 34.10816242139889], [-118.20495395483549, 34.10323379667546], [-118.19914539580694, 34.101772605438306]]]}, "properties": {"light_n": 20, "light_t": 1, "light_top": 36, "crime_n": 34, "crime_t": 2, "crime_top": 19, "bv": "2-1", "crime_night_n": 18, "crime_night_t": 2, "crime_night_top": 17, "bv_night": "2-1", "nta": "Northeast", "boro": "Los Angeles"}}, {"type": "Feature", "geometry": {"type": "Polygon", "coordinates": [[[-118.42994182583816, 34.0258662016036], [-118.42539366586232, 34.02934095083961], [-118.42664690021547, 34.034267061778486], [-118.43244866654177, 34.03571825883846], [-118.43699671310024, 34.03224336437289], [-118.43574310679026, 34.027317418089034], [-118.42994182583816, 34.0258662016036]]]}, "properties": {"light_n": 15, "light_t": 1, "light_top": 46, "crime_n": 26, "crime_t": 2, "crime_top": 24, "bv": "2-1", "crime_night_n": 8, "crime_night_t": 1, "crime_night_top": 37, "bv_night": "1-1", "nta": "Pacific", "boro": "Los Angeles"}}, {"type": "Feature", "geometry": {"type": "Polygon", "coordinates": [[[-118.4393561874393, 33.977477559761404], [-118.43481049615956, 33.98095299764096], [-118.43606354643134, 33.98588039118708], [-118.44186265953358, 33.98733218193064], [-118.44640823728373, 33.983856598616505], [-118.44515481550168, 33.97892937000551], [-118.4393561874393, 33.977477559761404]]]}, "properties": {"light_n": 7, "light_t": 1, "light_top": 69, "crime_n": 18, "crime_t": 2, "crime_top": 34, "bv": "2-1", "crime_night_n": 7, "crime_night_t": 1, "crime_night_top": 42, "bv_night": "1-1", "nta": "Pacific", "boro": "Los Angeles"}}, {"type": "Feature", "geometry": {"type": "Polygon", "coordinates": [[[-118.5132795942172, 34.20336373040978], [-118.50872860832604, 34.20683927771158], [-118.50998702086267, 34.211758034268435], [-118.5157967913681, 34.21320107864704], [-118.52034766160973, 34.209725387102424], [-118.51908887703615, 34.204806795434145], [-118.5132795942172, 34.20336373040978]]]}, "properties": {"light_n": 25, "light_t": 2, "light_top": 30, "crime_n": 4, "crime_t": 0, "crime_top": 74, "bv": "0-2", "crime_night_n": 2, "crime_night_t": 0, "crime_night_top": 82, "bv_night": "0-2", "nta": "Lake Balboa", "boro": "Los Angeles"}}, {"type": "Feature", "geometry": {"type": "Polygon", "coordinates": [[[-118.54799195320713, 34.04150498769098], [-118.54344941746862, 34.044982956610454], [-118.54470732481333, 34.04990598536238], [-118.55050813843421, 34.0513508793444], [-118.55505055808274, 34.04787276550999], [-118.55379228024096, 34.042949902620535], [-118.54799195320713, 34.04150498769098]]]}, "properties": {"light_n": 7, "light_t": 1, "light_top": 69, "crime_n": 0, "crime_t": 0, "crime_top": null, "bv": "0-1", "crime_night_n": 0, "crime_night_t": 0, "crime_night_top": null, "bv_night": "0-1", "nta": null, "boro": "Los Angeles"}}, {"type": "Feature", "geometry": {"type": "Polygon", "coordinates": [[[-118.58398576827737, 34.266941767298064], [-118.57943594661387, 34.27041875505491], [-118.58069777437998, 34.27533394789594], [-118.5865097953704, 34.27677198758857], [-118.59105949966556, 34.2732948560277], [-118.58979730037953, 34.26837982859031], [-118.58398576827737, 34.266941767298064]]]}, "properties": {"light_n": 3, "light_t": 0, "light_top": 86, "crime_n": 0, "crime_t": 0, "crime_top": null, "bv": "0-0", "crime_night_n": 0, "crime_night_t": 0, "crime_night_top": null, "bv_night": "0-0", "nta": "Chatsworth", "boro": "Los Angeles"}}, {"type": "Feature", "geometry": {"type": "Polygon", "coordinates": [[[-118.54764481608633, 34.188867852675244], [-118.54309625073779, 34.1923445109467], [-118.54435580926494, 34.19726296283767], [-118.5501643046643, 34.198704591160265], [-118.55471275362315, 34.19522778865149], [-118.55345282361313, 34.190309502069546], [-118.54764481608633, 34.188867852675244]]]}, "properties": {"light_n": 14, "light_t": 1, "light_top": 48, "crime_n": 25, "crime_t": 2, "crime_top": 25, "bv": "2-1", "crime_night_n": 9, "crime_night_t": 2, "crime_night_top": 34, "bv_night": "2-1", "nta": "West Valley", "boro": "Los Angeles"}}, {"type": "Feature", "geometry": {"type": "Polygon", "coordinates": [[[-118.63753593605182, 34.17891790852414], [-118.63299257075174, 34.182397211402936], [-118.63425543773306, 34.18731398151393], [-118.64006204027335, 34.18875128245556], [-118.64460528719245, 34.185271835484485], [-118.64334204999308, 34.18035523167607], [-118.63753593605182, 34.17891790852414]]]}, "properties": {"light_n": 9, "light_t": 1, "light_top": 62, "crime_n": 3, "crime_t": 0, "crime_top": 80, "bv": "0-1", "crime_night_n": 0, "crime_night_t": 0, "crime_night_top": null, "bv_night": "0-1", "nta": "Woodland Hills-Warner Center", "boro": "Los Angeles"}}, {"type": "Feature", "geometry": {"type": "Polygon", "coordinates": [[[-118.5297342304967, 34.16138681363957], [-118.525185834911, 34.164863207863114], [-118.52644440025503, 34.169782915250984], [-118.53225173276324, 34.171226063206845], [-118.53680001241787, 34.16774952458257], [-118.53554107553607, 34.16282998241527], [-118.5297342304967, 34.16138681363957]]]}, "properties": {"light_n": 4, "light_t": 0, "light_top": 81, "crime_n": 18, "crime_t": 2, "crime_top": 34, "bv": "2-0", "crime_night_n": 6, "crime_night_t": 1, "crime_night_top": 46, "bv_night": "1-0", "nta": "West Valley", "boro": "Los Angeles"}}, {"type": "Feature", "geometry": {"type": "Polygon", "coordinates": [[[-118.41386172223335, 34.2615593791785], [-118.40930307913338, 34.26503154553944], [-118.41055835221982, 34.269950658627664], [-118.41637264219406, 34.271397441756676], [-118.42093117175745, 34.26792513121359], [-118.41967552492386, 34.26300618173586], [-118.41386172223335, 34.2615593791785]]]}, "properties": {"light_n": 2, "light_t": 0, "light_top": 92, "crime_n": 26, "crime_t": 2, "crime_top": 24, "bv": "2-0", "crime_night_n": 8, "crime_night_t": 1, "crime_night_top": 37, "bv_night": "1-0", "nta": "Foothill", "boro": "Los Angeles"}}, {"type": "Feature", "geometry": {"type": "Polygon", "coordinates": [[[-118.50147676716713, 34.13592743339767], [-118.49692790957215, 34.13940324957945], [-118.4981851104481, 34.14432437491041], [-118.50399154070305, 34.145769519058135], [-118.50854028305291, 34.1422935583001], [-118.50728271043363, 34.13737259798274], [-118.50147676716713, 34.13592743339767]]]}, "properties": {"light_n": 2, "light_t": 0, "light_top": 92, "crime_n": 1, "crime_t": 0, "crime_top": 100, "bv": "0-0", "crime_night_n": 0, "crime_night_t": 0, "crime_night_top": null, "bv_night": "0-0", "nta": "Encino", "boro": "Los Angeles"}}, {"type": "Feature", "geometry": {"type": "Polygon", "coordinates": [[[-118.52644440025503, 34.169782915250984], [-118.52189548676716, 34.17325914054691], [-118.52315402162168, 34.178178658155666], [-118.52896184164227, 34.17962178532644], [-118.53351063925527, 34.17614541566143], [-118.53225173276324, 34.171226063206845], [-118.52644440025503, 34.169782915250984]]]}, "properties": {"light_n": 31, "light_t": 2, "light_top": 25, "crime_n": 8, "crime_t": 1, "crime_top": 57, "bv": "1-2", "crime_night_n": 2, "crime_night_t": 0, "crime_night_top": 82, "bv_night": "0-2", "nta": "Encino", "boro": "Los Angeles"}}, {"type": "Feature", "geometry": {"type": "Polygon", "coordinates": [[[-118.38274093885268, 34.267631636335516], [-118.37818039981997, 34.27110285113628], [-118.37943455075853, 34.27602245434511], [-118.38524961497085, 34.277470679510415], [-118.38981004115477, 34.27399932049204], [-118.38855551601584, 34.269079880538236], [-118.38274093885268, 34.267631636335516]]]}, "properties": {"light_n": 6, "light_t": 0, "light_top": 72, "crime_n": 1, "crime_t": 0, "crime_top": 100, "bv": "0-0", "crime_night_n": 0, "crime_night_t": 0, "crime_night_top": null, "bv_night": "0-0", "nta": "Foothills Trails District", "boro": "Los Angeles"}}, {"type": "Feature", "geometry": {"type": "Polygon", "coordinates": [[[-118.41861128925486, 34.152146634188135], [-118.41405737585801, 34.15561993741384], [-118.41531159735437, 34.1605423785927], [-118.42112010523849, 34.16199135249173], [-118.4256739052151, 34.158517904594525], [-118.42441931076841, 34.15359562748199], [-118.41861128925486, 34.152146634188135]]]}, "properties": {"light_n": 6, "light_t": 0, "light_top": 72, "crime_n": 4, "crime_t": 0, "crime_top": 74, "bv": "0-0", "crime_night_n": 2, "crime_night_t": 0, "crime_night_top": 82, "bv_night": "0-0", "nta": "Sherman Oaks", "boro": "Los Angeles"}}, {"type": "Feature", "geometry": {"type": "Polygon", "coordinates": [[[-118.49633135612676, 34.22218368113516], [-118.49177869979, 34.22565857335226], [-118.49303667856348, 34.23057711286029], [-118.49884768610265, 34.23202059552568], [-118.50340022713098, 34.228545559116505], [-118.50214187596934, 34.223627184246155], [-118.49633135612676, 34.22218368113516]]]}, "properties": {"light_n": 8, "light_t": 1, "light_top": 65, "crime_n": 12, "crime_t": 1, "crime_top": 44, "bv": "1-1", "crime_night_n": 3, "crime_night_t": 1, "crime_night_top": 69, "bv_night": "1-1", "nta": "Devonshire", "boro": "Los Angeles"}}, {"type": "Feature", "geometry": {"type": "Polygon", "coordinates": [[[-118.51143555535421, 34.281194216648196], [-118.50688128597427, 34.28466900061004], [-118.50814050884969, 34.28958534797851], [-118.51395437372832, 34.29102674681846], [-118.51850852733817, 34.2875518189647], [-118.5172489318803, 34.282635636175065], [-118.51143555535421, 34.281194216648196]]]}, "properties": {"light_n": 8, "light_t": 1, "light_top": 65, "crime_n": 1, "crime_t": 0, "crime_top": 100, "bv": "0-1", "crime_night_n": 1, "crime_night_t": 0, "crime_night_top": 100, "bv_night": "0-1", "nta": "Granada Hills North", "boro": "Los Angeles"}}, {"type": "Feature", "geometry": {"type": "Polygon", "coordinates": [[[-118.57263278578937, 34.22269672608911], [-118.56808416865508, 34.22617379166932], [-118.56934506217306, 34.23109062924094], [-118.57515494424196, 34.2325302357958], [-118.57970344435563, 34.22905302618563], [-118.57844217946183, 34.22413635406264], [-118.57263278578937, 34.22269672608911]]]}, "properties": {"light_n": 5, "light_t": 0, "light_top": 76, "crime_n": 2, "crime_t": 0, "crime_top": 87, "bv": "0-0", "crime_night_n": 1, "crime_night_t": 0, "crime_night_top": 100, "bv_night": "0-0", "nta": "Winnetka", "boro": "Los Angeles"}}, {"type": "Feature", "geometry": {"type": "Polygon", "coordinates": [[[-118.63702742084568, 34.155769484870646], [-118.6324849730164, 34.159248978281234], [-118.63374755812822, 34.16416648346557], [-118.63955296118104, 34.165604328867246], [-118.64409529068993, 34.16212469125695], [-118.6428323355072, 34.1572073524567], [-118.63702742084568, 34.155769484870646]]]}, "properties": {"light_n": 6, "light_t": 0, "light_top": 72, "crime_n": 2, "crime_t": 0, "crime_top": 87, "bv": "0-0", "crime_night_n": 0, "crime_night_t": 0, "crime_night_top": null, "bv_night": "0-0", "nta": "Woodland Hills-Warner Center", "boro": "Los Angeles"}}, {"type": "Feature", "geometry": {"type": "Polygon", "coordinates": [[[-118.4186661452767, 33.981523073442716], [-118.41411919513573, 33.984997887571325], [-118.41537150193675, 33.98992561063136], [-118.42117113072953, 33.991378354877384], [-118.42571796779556, 33.98790339529126], [-118.42446528918411, 33.98297583692877], [-118.4186661452767, 33.981523073442716]]]}, "properties": {"light_n": 13, "light_t": 1, "light_top": 50, "crime_n": 8, "crime_t": 1, "crime_top": 57, "bv": "1-1", "crime_night_n": 2, "crime_night_t": 0, "crime_night_top": 82, "bv_night": "0-1", "nta": "Del Rey", "boro": "Los Angeles"}}, {"type": "Feature", "geometry": {"type": "Polygon", "coordinates": [[[-118.3116357255002, 33.81608838346319], [-118.30708985901488, 33.81956156386949], [-118.30833623444948, 33.824496665064814], [-118.31412884852732, 33.825958421717125], [-118.31867460466178, 33.822485094871496], [-118.31742785710934, 33.817550157825075], [-118.3116357255002, 33.81608838346319]]]}, "properties": {"light_n": 2, "light_t": 0, "light_top": 92, "crime_n": 1, "crime_t": 0, "crime_top": 100, "bv": "0-0", "crime_night_n": 0, "crime_night_t": 0, "crime_night_top": null, "bv_night": "0-0", "nta": "Harbor Gateway South", "boro": "Los Angeles"}}, {"type": "Feature", "geometry": {"type": "Polygon", "coordinates": [[[-118.26769709694115, 34.24352120558298], [-118.26313147750525, 34.24698932609218], [-118.26438094888135, 34.25191219659305], [-118.27019641529168, 34.25336678448826], [-118.27476192451849, 34.249898519423624], [-118.27351207758453, 34.24497581103157], [-118.26769709694115, 34.24352120558298]]]}, "properties": {"light_n": 12, "light_t": 1, "light_top": 52, "crime_n": 2, "crime_t": 0, "crime_top": 87, "bv": "0-1", "crime_night_n": 0, "crime_night_t": 0, "crime_night_top": null, "bv_night": "0-1", "nta": "Sunland-Tujunga", "boro": "Los Angeles"}}, {"type": "Feature", "geometry": {"type": "Polygon", "coordinates": [[[-118.50203008478356, 34.329502761945946], [-118.49747333496336, 34.33297682856194], [-118.49873274609989, 34.33789185398659], [-118.5045492801293, 34.33933264850886], [-118.50910591429009, 34.33585843820048], [-118.50784613012172, 34.33094357707442], [-118.50203008478356, 34.329502761945946]]]}, "properties": {"light_n": 3, "light_t": 0, "light_top": 86, "crime_n": 0, "crime_t": 0, "crime_top": null, "bv": "0-0", "crime_night_n": 0, "crime_night_t": 0, "crime_night_top": null, "bv_night": "0-0", "nta": "Sylmar", "boro": "Los Angeles"}}, {"type": "Feature", "geometry": {"type": "Polygon", "coordinates": [[[-118.59663179824656, 34.21022587338084], [-118.59208497054573, 34.21370373461109], [-118.59334663654204, 34.21862043189669], [-118.59915550125258, 34.220059102213604], [-118.6037022114215, 34.216581096947245], [-118.60244017445261, 34.21166456541216], [-118.59663179824656, 34.21022587338084]]]}, "properties": {"light_n": 8, "light_t": 1, "light_top": 65, "crime_n": 10, "crime_t": 1, "crime_top": 49, "bv": "1-1", "crime_night_n": 2, "crime_night_t": 0, "crime_night_top": 82, "bv_night": "0-1", "nta": "Topanga", "boro": "Los Angeles"}}, {"type": "Feature", "geometry": {"type": "Polygon", "coordinates": [[[-118.45063855891082, 34.02181772152617], [-118.44609165929387, 34.02529309562444], [-118.44734563741048, 34.0302188771346], [-118.45314688684078, 34.03166911966627], [-118.4576936725854, 34.028193600361675], [-118.45643932281251, 34.02326798374385], [-118.45063855891082, 34.02181772152617]]]}, "properties": {"light_n": 9, "light_t": 1, "light_top": 62, "crime_n": 14, "crime_t": 1, "crime_top": 40, "bv": "1-1", "crime_night_n": 5, "crime_night_t": 1, "crime_night_top": 51, "bv_night": "1-1", "nta": "West LA", "boro": "Los Angeles"}}, {"type": "Feature", "geometry": {"type": "Polygon", "coordinates": [[[-118.581498293836, 34.15121121112019], [-118.57695306934153, 34.154689168910735], [-118.5782134908614, 34.15960804901564], [-118.58401950769756, 34.161048805531614], [-118.58856461512329, 34.15757070340228], [-118.58730382282238, 34.1526519891078], [-118.581498293836, 34.15121121112019]]]}, "properties": {"light_n": 1, "light_t": 0, "light_top": 100, "crime_n": 0, "crime_t": 0, "crime_top": null, "bv": "0-0", "crime_night_n": 0, "crime_night_t": 0, "crime_night_top": null, "bv_night": "0-0", "nta": "Woodland Hills-Warner Center", "boro": "Los Angeles"}}, {"type": "Feature", "geometry": {"type": "Polygon", "coordinates": [[[-118.47842364924351, 34.19469848972415], [-118.4738711662445, 34.198173119502776], [-118.47512815115076, 34.20309291587657], [-118.48093799153878, 34.204537917935205], [-118.48549035968806, 34.201063143801974], [-118.48423300233969, 34.196143511976885], [-118.47842364924351, 34.19469848972415]]]}, "properties": {"light_n": 6, "light_t": 0, "light_top": 72, "crime_n": 30, "crime_t": 2, "crime_top": 20, "bv": "2-0", "crime_night_n": 11, "crime_night_t": 2, "crime_night_top": 28, "bv_night": "2-0", "nta": "West Valley", "boro": "Los Angeles"}}, {"type": "Feature", "geometry": {"type": "Polygon", "coordinates": [[[-118.58856461512329, 34.15757070340228], [-118.58401950769756, 34.161048805531614], [-118.58528027010732, 34.165967330445355], [-118.59108651071283, 34.167407587379934], [-118.59563150089828, 34.16392934095598], [-118.59437036775927, 34.15901098190412], [-118.58856461512329, 34.15757070340228]]]}, "properties": {"light_n": 2, "light_t": 0, "light_top": 92, "crime_n": 19, "crime_t": 2, "crime_top": 33, "bv": "2-0", "crime_night_n": 13, "crime_night_t": 2, "crime_night_top": 24, "bv_night": "2-0", "nta": "Topanga", "boro": "Los Angeles"}}, {"type": "Feature", "geometry": {"type": "Polygon", "coordinates": [[[-118.4558152027021, 34.276598044374985], [-118.45125816709296, 34.28007127641109], [-118.45251521384414, 34.2849889939481], [-118.4583296695366, 34.2864333154582], [-118.46288659063492, 34.28295993939403], [-118.4616291705924, 34.27804238586002], [-118.4558152027021, 34.276598044374985]]]}, "properties": {"light_n": 11, "light_t": 1, "light_top": 55, "crime_n": 9, "crime_t": 1, "crime_top": 53, "bv": "1-1", "crime_night_n": 2, "crime_night_t": 0, "crime_night_top": 82, "bv_night": "0-1", "nta": "Mission", "boro": "Los Angeles"}}, {"type": "Feature", "geometry": {"type": "Polygon", "coordinates": [[[-118.4996254844825, 34.21378988790941], [-118.49507334654781, 34.217264950620816], [-118.49633135612676, 34.22218368113516], [-118.50214187596934, 34.223627184246155], [-118.50669389853913, 34.220151977311204], [-118.50543551667195, 34.21523341150093], [-118.4996254844825, 34.21378988790941]]]}, "properties": {"light_n": 4, "light_t": 0, "light_top": 81, "crime_n": 20, "crime_t": 2, "crime_top": 31, "bv": "2-0", "crime_night_n": 2, "crime_night_t": 0, "crime_night_top": 82, "bv_night": "0-0", "nta": "West Valley", "boro": "Los Angeles"}}, {"type": "Feature", "geometry": {"type": "Polygon", "coordinates": [[[-118.53631224626662, 34.144593535984704], [-118.53176488624682, 34.14807026737826], [-118.53302351246211, 34.15299035374342], [-118.53882987007619, 34.154433543373734], [-118.54337711405255, 34.15095666751611], [-118.54211811649897, 34.146036746504336], [-118.53631224626662, 34.144593535984704]]]}, "properties": {"light_n": 5, "light_t": 0, "light_top": 76, "crime_n": 0, "crime_t": 0, "crime_top": null, "bv": "0-0", "crime_night_n": 0, "crime_night_t": 0, "crime_night_top": null, "bv_night": "0-0", "nta": "Tarzana", "boro": "Los Angeles"}}, {"type": "Feature", "geometry": {"type": "Polygon", "coordinates": [[[-118.51191880002564, 34.30433329103032], [-118.50736360817082, 34.307807875072754], [-118.50862311163058, 34.312723480047254], [-118.51443817971716, 34.314164336493796], [-118.51899325574283, 34.310689608665506], [-118.51773337955187, 34.305774168188705], [-118.51191880002564, 34.30433329103032]]]}, "properties": {"light_n": 13, "light_t": 1, "light_top": 50, "crime_n": 1, "crime_t": 0, "crime_top": 100, "bv": "0-1", "crime_night_n": 1, "crime_night_t": 0, "crime_night_top": 100, "bv_night": "0-1", "nta": "Granada Hills North", "boro": "Los Angeles"}}, {"type": "Feature", "geometry": {"type": "Polygon", "coordinates": [[[-118.25130436951731, 33.92098225461938], [-118.24675107043353, 33.92445281547403], [-118.24799630800022, 33.92938604011359], [-118.25379521829825, 33.930848540799595], [-118.25834840817588, 33.92737783387806], [-118.25710279700178, 33.922444772349664], [-118.25130436951731, 33.92098225461938]]]}, "properties": {"light_n": 23, "light_t": 2, "light_top": 32, "crime_n": 50, "crime_t": 2, "crime_top": 12, "bv": "2-2", "crime_night_n": 27, "crime_night_t": 2, "crime_night_top": 9, "bv_night": "2-2", "nta": "Southeast", "boro": "Los Angeles"}}, {"type": "Feature", "geometry": {"type": "Polygon", "coordinates": [[[-118.3354247893484, 33.974483091281776], [-118.33087373345585, 33.97795559232716], [-118.33212278402692, 33.98288535091159], [-118.33792326339122, 33.98434244463683], [-118.3424742080868, 33.980869797935796], [-118.34122478465532, 33.97594020317737], [-118.3354247893484, 33.974483091281776]]]}, "properties": {"light_n": 7, "light_t": 1, "light_top": 69, "crime_n": 34, "crime_t": 2, "crime_top": 19, "bv": "2-1", "crime_night_n": 14, "crime_night_t": 2, "crime_night_top": 22, "bv_night": "2-1", "nta": "77th Street", "boro": "Los Angeles"}}, {"type": "Feature", "geometry": {"type": "Polygon", "coordinates": [[[-118.52730480870171, 34.04556935431938], [-118.52276100787783, 34.049046700997884], [-118.5240181737759, 34.05397006112013], [-118.52981951133714, 34.05541590894991], [-118.53436319652498, 34.051938417332266], [-118.53310565982818, 34.047015222836066], [-118.52730480870171, 34.04556935431938]]]}, "properties": {"light_n": 4, "light_t": 0, "light_top": 81, "crime_n": 2, "crime_t": 0, "crime_top": 87, "bv": "0-0", "crime_night_n": 0, "crime_night_t": 0, "crime_night_top": null, "bv_night": "0-0", "nta": "West LA", "boro": "Los Angeles"}}, {"type": "Feature", "geometry": {"type": "Polygon", "coordinates": [[[-118.3691889321527, 34.107523903958594], [-118.3646342296138, 34.11099619326737], [-118.36588606092562, 34.11592110602327], [-118.37169296812168, 34.11737356578213], [-118.37624755844001, 34.11390113149788], [-118.37499535382335, 34.10897638244247], [-118.3691889321527, 34.107523903958594]]]}, "properties": {"light_n": 5, "light_t": 0, "light_top": 76, "crime_n": 0, "crime_t": 0, "crime_top": null, "bv": "0-0", "crime_night_n": 0, "crime_night_t": 0, "crime_night_top": null, "bv_night": "0-0", "nta": "Bel Air-Beverly Crest", "boro": "Los Angeles"}}, {"type": "Feature", "geometry": {"type": "Polygon", "coordinates": [[[-118.18877317379025, 34.10377838460377], [-118.18420913537864, 34.107245516763044], [-118.18545401428332, 34.11217446514054], [-118.19126330729299, 34.1136361196039], [-118.1958272375476, 34.110168842100606], [-118.19458198298983, 34.105240055490334], [-118.18877317379025, 34.10377838460377]]]}, "properties": {"light_n": 21, "light_t": 1, "light_top": 35, "crime_n": 31, "crime_t": 2, "crime_top": 20, "bv": "2-1", "crime_night_n": 11, "crime_night_t": 2, "crime_night_top": 28, "bv_night": "2-1", "nta": "Northeast", "boro": "Los Angeles"}}, {"type": "Feature", "geometry": {"type": "Polygon", "coordinates": [[[-118.58528027010732, 34.165967330445355], [-118.58073464484093, 34.1694452645992], [-118.58199537732374, 34.174363599938594], [-118.58780210594261, 34.175803835340716], [-118.59234761402455, 34.17232575692384], [-118.59108651071283, 34.167407587379934], [-118.58528027010732, 34.165967330445355]]]}, "properties": {"light_n": 8, "light_t": 1, "light_top": 65, "crime_n": 4, "crime_t": 0, "crime_top": 74, "bv": "0-1", "crime_night_n": 1, "crime_night_t": 0, "crime_night_top": 100, "bv_night": "0-1", "nta": "Woodland Hills-Warner Center", "boro": "Los Angeles"}}, {"type": "Feature", "geometry": {"type": "Polygon", "coordinates": [[[-118.30745756602842, 33.778064322182345], [-118.30291302287752, 33.781537702268736], [-118.30415881591792, 33.786474041615676], [-118.30994952406931, 33.78793683664582], [-118.31449395703758, 33.78446330993389], [-118.31324779207715, 33.77952713482951], [-118.30745756602842, 33.778064322182345]]]}, "properties": {"light_n": 5, "light_t": 0, "light_top": 76, "crime_n": 1, "crime_t": 0, "crime_top": 100, "bv": "0-0", "crime_night_n": 0, "crime_night_t": 0, "crime_night_top": null, "bv_night": "0-0", "nta": "Harbor City", "boro": "Los Angeles"}}, {"type": "Feature", "geometry": {"type": "Polygon", "coordinates": [[[-118.44922276309073, 34.122906300473666], [-118.44467166537274, 34.126380741762645], [-118.44592672643303, 34.13130342253254], [-118.45173325760126, 34.1327514975229], [-118.45628424127202, 34.12927691149057], [-118.45502880786236, 34.124354395223385], [-118.44922276309073, 34.122906300473666]]]}, "properties": {"light_n": 5, "light_t": 0, "light_top": 76, "crime_n": 0, "crime_t": 0, "crime_top": null, "bv": "0-0", "crime_night_n": 0, "crime_night_t": 0, "crime_night_top": null, "bv_night": "0-0", "nta": "Bel Air-Beverly Crest", "boro": "Los Angeles"}}, {"type": "Feature", "geometry": {"type": "Polygon", "coordinates": [[[-118.18171968589338, 34.09738708026893], [-118.17715553949601, 34.100854067041574], [-118.17840007636727, 34.10578336613948], [-118.18420913537864, 34.107245516763044], [-118.18877317379025, 34.10377838460377], [-118.18752826121651, 34.09884924721994], [-118.18171968589338, 34.09738708026893]]]}, "properties": {"light_n": 12, "light_t": 1, "light_top": 52, "crime_n": 9, "crime_t": 1, "crime_top": 53, "bv": "1-1", "crime_night_n": 4, "crime_night_t": 1, "crime_night_top": 60, "bv_night": "1-1", "nta": "Hollenbeck", "boro": "Los Angeles"}}, {"type": "Feature", "geometry": {"type": "Polygon", "coordinates": [[[-118.21699288254878, 34.12933513037056], [-118.21242927779271, 34.132802843649976], [-118.21367552497055, 34.137730387336475], [-118.21948575239982, 34.139190055776446], [-118.22404924831375, 34.1357221973237], [-118.22280262568088, 34.13079481561667], [-118.21699288254878, 34.12933513037056]]]}, "properties": {"light_n": 1, "light_t": 0, "light_top": 100, "crime_n": 5, "crime_t": 1, "crime_top": 69, "bv": "1-0", "crime_night_n": 2, "crime_night_t": 0, "crime_night_top": 82, "bv_night": "0-0", "nta": "Northeast", "boro": "Los Angeles"}}, {"type": "Feature", "geometry": {"type": "Polygon", "coordinates": [[[-118.55997162223221, 34.27940974995911], [-118.5554200098595, 34.28288593833012], [-118.55668106390043, 34.287801269478535], [-118.56249410227865, 34.28924024716623], [-118.5670455977954, 34.285763914997084], [-118.56578417183074, 34.280848748950504], [-118.55997162223221, 34.27940974995911]]]}, "properties": {"light_n": 7, "light_t": 1, "light_top": 69, "crime_n": 0, "crime_t": 0, "crime_top": null, "bv": "0-1", "crime_night_n": 0, "crime_night_t": 0, "crime_night_top": null, "bv_night": "0-1", "nta": "Porter Ranch", "boro": "Los Angeles"}}, {"type": "Feature", "geometry": {"type": "Polygon", "coordinates": [[[-118.40126865384462, 33.97716283772965], [-118.39672096190421, 33.98063719415793], [-118.39797255624379, 33.98556543218576], [-118.40377221457504, 33.987019149271134], [-118.40831979383861, 33.98354464733024], [-118.40706782748816, 33.978616573828724], [-118.40126865384462, 33.97716283772965]]]}, "properties": {"light_n": 9, "light_t": 1, "light_top": 62, "crime_n": 3, "crime_t": 0, "crime_top": 80, "bv": "0-1", "crime_night_n": 1, "crime_night_t": 0, "crime_night_top": 100, "bv_night": "0-1", "nta": "Westchester/Playa", "boro": "Los Angeles"}}, {"type": "Feature", "geometry": {"type": "Polygon", "coordinates": [[[-118.328182846627, 34.13876867746511], [-118.323624703562, 34.14223950782224], [-118.32487531708294, 34.14716434305958], [-118.33068444776472, 34.14861818480771], [-118.33524247946754, 34.14514720953682], [-118.33399149189117, 34.14022253744383], [-118.328182846627, 34.13876867746511]]]}, "properties": {"light_n": 4, "light_t": 0, "light_top": 81, "crime_n": 0, "crime_t": 0, "crime_top": null, "bv": "0-0", "crime_night_n": 0, "crime_night_t": 0, "crime_night_top": null, "bv_night": "0-0", "nta": "Hollywood Hills West", "boro": "Los Angeles"}}, {"type": "Feature", "geometry": {"type": "Polygon", "coordinates": [[[-118.34952419686022, 33.987255659396446], [-118.3449733635323, 33.990728451709664], [-118.34622309556937, 33.9956575105844], [-118.35202403373478, 33.99711361322685], [-118.35657475552433, 33.99364067534489], [-118.35532465072717, 33.98871178040143], [-118.34952419686022, 33.987255659396446]]]}, "properties": {"light_n": 4, "light_t": 0, "light_top": 81, "crime_n": 2, "crime_t": 0, "crime_top": 87, "bv": "0-0", "crime_night_n": 1, "crime_night_t": 0, "crime_night_top": 100, "bv_night": "0-0", "nta": "Park Mesa Heights", "boro": "Los Angeles"}}, {"type": "Feature", "geometry": {"type": "Polygon", "coordinates": [[[-118.62011750740125, 34.17460398294759], [-118.61557338794981, 34.17808282986376], [-118.61683554367525, 34.18300012211634], [-118.62264218931477, 34.18443840133108], [-118.62718619078399, 34.180959410265565], [-118.6259236646367, 34.17604228414669], [-118.62011750740125, 34.17460398294759]]]}, "properties": {"light_n": 2, "light_t": 0, "light_top": 92, "crime_n": 0, "crime_t": 0, "crime_top": null, "bv": "0-0", "crime_night_n": 0, "crime_night_t": 0, "crime_night_top": null, "bv_night": "0-0", "nta": "Woodland Hills-Warner Center", "boro": "Los Angeles"}}, {"type": "Feature", "geometry": {"type": "Polygon", "coordinates": [[[-118.41154924281133, 34.14577451181465], [-118.40699521616573, 34.14924767032536], [-118.40824909616825, 34.15417046512594], [-118.41405737585801, 34.15561993741384], [-118.41861128925486, 34.152146634188135], [-118.41735703625125, 34.147224003401746], [-118.41154924281133, 34.14577451181465]]]}, "properties": {"light_n": 20, "light_t": 1, "light_top": 36, "crime_n": 2, "crime_t": 0, "crime_top": 87, "bv": "0-1", "crime_night_n": 0, "crime_night_t": 0, "crime_night_top": null, "bv_night": "0-1", "nta": "Studio City", "boro": "Los Angeles"}}, {"type": "Feature", "geometry": {"type": "Polygon", "coordinates": [[[-118.57870993665706, 34.18275951146011], [-118.57416327547041, 34.18623710897794], [-118.57542394799182, 34.19115506458806], [-118.58123165276906, 34.19259525702971], [-118.585778196883, 34.189117515311985], [-118.5845171533332, 34.18419972536458], [-118.57870993665706, 34.18275951146011]]]}, "properties": {"light_n": 3, "light_t": 0, "light_top": 86, "crime_n": 0, "crime_t": 0, "crime_top": null, "bv": "0-0", "crime_night_n": 0, "crime_night_t": 0, "crime_night_top": null, "bv_night": "0-0", "nta": "Winnetka", "boro": "Los Angeles"}}, {"type": "Feature", "geometry": {"type": "Polygon", "coordinates": [[[-118.3058995530168, 34.243852688749286], [-118.30133593190784, 34.24732190991979], [-118.30258687197755, 34.25224393938955], [-118.30840180825292, 34.25369658518269], [-118.3129653182912, 34.2502272195333], [-118.31171400316526, 34.24530535258198], [-118.3058995530168, 34.243852688749286]]]}, "properties": {"light_n": 7, "light_t": 1, "light_top": 69, "crime_n": 0, "crime_t": 0, "crime_top": null, "bv": "0-1", "crime_night_n": 0, "crime_night_t": 0, "crime_night_top": null, "bv_night": "0-1", "nta": "Sunland-Tujunga", "boro": "Los Angeles"}}, {"type": "Feature", "geometry": {"type": "Polygon", "coordinates": [[[-118.6069863663185, 34.20818639135936], [-118.60244017445261, 34.21166456541216], [-118.6037022114215, 34.216581096947245], [-118.60951081111786, 34.2180192885734], [-118.61405688522423, 34.21454097049719], [-118.61279447743458, 34.209624604830296], [-118.6069863663185, 34.20818639135936]]]}, "properties": {"light_n": 3, "light_t": 0, "light_top": 86, "crime_n": 7, "crime_t": 1, "crime_top": 60, "bv": "1-0", "crime_night_n": 3, "crime_night_t": 1, "crime_night_top": 69, "bv_night": "1-0", "nta": "Topanga", "boro": "Los Angeles"}}, {"type": "Feature", "geometry": {"type": "Polygon", "coordinates": [[[-118.40256770509713, 34.2172790697061], [-118.39801027806087, 34.22075131996118], [-118.3992646199453, 34.22567207377165], [-118.40507676250601, 34.22712041368578], [-118.40963407634987, 34.2236480190242], [-118.40837936086605, 34.21872742886722], [-118.40256770509713, 34.2172790697061]]]}, "properties": {"light_n": 9, "light_t": 1, "light_top": 62, "crime_n": 19, "crime_t": 2, "crime_top": 33, "bv": "2-1", "crime_night_n": 2, "crime_night_t": 0, "crime_night_top": 82, "bv_night": "0-1", "nta": "Foothill", "boro": "Los Angeles"}}, {"type": "Feature", "geometry": {"type": "Polygon", "coordinates": [[[-118.35447024882409, 34.242152351102426], [-118.34990926011595, 34.245622988601475], [-118.35116204178992, 34.25054401254771], [-118.35697618661571, 34.25199423596104], [-118.3615370631629, 34.24852345407189], [-118.36028390708584, 34.243602593171794], [-118.35447024882409, 34.242152351102426]]]}, "properties": {"light_n": 3, "light_t": 0, "light_top": 86, "crime_n": 0, "crime_t": 0, "crime_top": null, "bv": "0-0", "crime_night_n": 0, "crime_night_t": 0, "crime_night_top": null, "bv_night": "0-0", "nta": "Foothills Trails District", "boro": "Los Angeles"}}, {"type": "Feature", "geometry": {"type": "Polygon", "coordinates": [[[-118.50990218221314, 34.0412297999215], [-118.50535763391444, 34.0447066901711], [-118.50661408837533, 34.04963056833054], [-118.51241546217608, 34.05107739079657], [-118.51695989523682, 34.047600355551765], [-118.5157030697753, 34.04267664284821], [-118.50990218221314, 34.0412297999215]]]}, "properties": {"light_n": 1, "light_t": 0, "light_top": 100, "crime_n": 0, "crime_t": 0, "crime_top": null, "bv": "0-0", "crime_night_n": 0, "crime_night_t": 0, "crime_night_top": null, "bv_night": "0-0", "nta": null, "boro": "Los Angeles"}}, {"type": "Feature", "geometry": {"type": "Polygon", "coordinates": [[[-118.33167784949187, 33.95969272301795], [-118.32712719867087, 33.963165245904726], [-118.32837594078933, 33.96809553975335], [-118.33417570658003, 33.9695531468876], [-118.33872624631744, 33.966080478269326], [-118.337477131388, 33.9611503482605], [-118.33167784949187, 33.95969272301795]]]}, "properties": {"light_n": 1, "light_t": 0, "light_top": 100, "crime_n": 0, "crime_t": 0, "crime_top": null, "bv": "0-0", "crime_night_n": 0, "crime_night_t": 0, "crime_night_top": null, "bv_night": "0-0", "nta": "Park Mesa Heights", "boro": "Los Angeles"}}, {"type": "Feature", "geometry": {"type": "Polygon", "coordinates": [[[-118.6352718271544, 34.23359956490582], [-118.63072610735715, 34.23707831478723], [-118.63198950896582, 34.24199341939602], [-118.63779900102503, 34.243429608062335], [-118.64234460237556, 34.239950714334284], [-118.64108083015451, 34.2350357757986], [-118.6352718271544, 34.23359956490582]]]}, "properties": {"light_n": 1, "light_t": 0, "light_top": 100, "crime_n": 0, "crime_t": 0, "crime_top": null, "bv": "0-0", "crime_night_n": 0, "crime_night_t": 0, "crime_night_top": null, "bv_night": "0-0", "nta": "Chatsworth", "boro": "Los Angeles"}}, {"type": "Feature", "geometry": {"type": "Polygon", "coordinates": [[[-118.55833418313136, 34.039471622893856], [-118.55379228024096, 34.042949902620535], [-118.55505055808274, 34.04787276550999], [-118.56085110920176, 34.0493171827042], [-118.56539289577535, 34.04583875807477], [-118.56413424758732, 34.04091606116593], [-118.55833418313136, 34.039471622893856]]]}, "properties": {"light_n": 3, "light_t": 0, "light_top": 86, "crime_n": 0, "crime_t": 0, "crime_top": null, "bv": "0-0", "crime_night_n": 0, "crime_night_t": 0, "crime_night_top": null, "bv_night": "0-0", "nta": null, "boro": "Los Angeles"}}, {"type": "Feature", "geometry": {"type": "Polygon", "coordinates": [[[-118.30415881591792, 33.786474041615676], [-118.29961375833624, 33.78994725770202], [-118.30085951899129, 33.794883415398814], [-118.30665070928715, 33.796346192845455], [-118.31119565674344, 33.79287283016664], [-118.30994952406931, 33.78793683664582], [-118.30415881591792, 33.786474041615676]]]}, "properties": {"light_n": 7, "light_t": 1, "light_top": 69, "crime_n": 31, "crime_t": 2, "crime_top": 20, "bv": "2-1", "crime_night_n": 12, "crime_night_t": 2, "crime_night_top": 26, "bv_night": "2-1", "nta": "Harbor", "boro": "Los Angeles"}}, {"type": "Feature", "geometry": {"type": "Polygon", "coordinates": [[[-118.21367552497055, 34.137730387336475], [-118.20911140252343, 34.141197927742276], [-118.21035761624915, 34.14612528171702], [-118.21616832801739, 34.14758493338539], [-118.22073234168064, 34.14411724783824], [-118.21948575239982, 34.139190055776446], [-118.21367552497055, 34.137730387336475]]]}, "properties": {"light_n": 5, "light_t": 0, "light_top": 76, "crime_n": 5, "crime_t": 1, "crime_top": 69, "bv": "1-0", "crime_night_n": 2, "crime_night_t": 0, "crime_night_top": 82, "bv_night": "0-0", "nta": "Eagle Rock", "boro": "Los Angeles"}}, {"type": "Feature", "geometry": {"type": "Polygon", "coordinates": [[[-118.3870650122727, 34.13504961474259], [-118.3825101292807, 34.13852216860016], [-118.3837629530812, 34.14344583389627], [-118.38957103316726, 34.14489678155597], [-118.39412580348187, 34.14142408288494], [-118.39287260642831, 34.13650058137989], [-118.3870650122727, 34.13504961474259]]]}, "properties": {"light_n": 10, "light_t": 1, "light_top": 58, "crime_n": 6, "crime_t": 1, "crime_top": 65, "bv": "1-1", "crime_night_n": 3, "crime_night_t": 1, "crime_night_top": 69, "bv_night": "1-1", "nta": "Studio City", "boro": "Los Angeles"}}, {"type": "Feature", "geometry": {"type": "Polygon", "coordinates": [[[-118.43510151178644, 34.1101625243081], [-118.430550186488, 34.113636675979414], [-118.43180456515876, 34.11856006325667], [-118.43761064161971, 34.120009134476234], [-118.44216185321358, 34.11653483797429], [-118.44090710209164, 34.11161161509557], [-118.43510151178644, 34.1101625243081]]]}, "properties": {"light_n": 2, "light_t": 0, "light_top": 92, "crime_n": 0, "crime_t": 0, "crime_top": null, "bv": "0-0", "crime_night_n": 0, "crime_night_t": 0, "crime_night_top": null, "bv_night": "0-0", "nta": "Bel Air-Beverly Crest", "boro": "Los Angeles"}}, {"type": "Feature", "geometry": {"type": "Polygon", "coordinates": [[[-118.39642025474465, 34.25721701105928], [-118.39186086632441, 34.26068871620478], [-118.3931154232783, 34.26560834834222], [-118.39892974264224, 34.26705611190644], [-118.40348901792704, 34.26358426252371], [-118.40223408702404, 34.25866479382621], [-118.39642025474465, 34.25721701105928]]]}, "properties": {"light_n": 5, "light_t": 0, "light_top": 76, "crime_n": 10, "crime_t": 1, "crime_top": 49, "bv": "1-0", "crime_night_n": 3, "crime_night_t": 1, "crime_night_top": 69, "bv_night": "1-0", "nta": "Foothill", "boro": "Los Angeles"}}, {"type": "Feature", "geometry": {"type": "Polygon", "coordinates": [[[-118.3786392620399, 34.05915341091592], [-118.37408703326844, 34.06262640237371], [-118.3753386828958, 34.06755260848331], [-118.38114293419156, 34.06900565916689], [-118.38569505062783, 34.0655325225301], [-118.38444302814396, 34.060606480400914], [-118.3786392620399, 34.05915341091592]]]}, "properties": {"light_n": 2, "light_t": 0, "light_top": 92, "crime_n": 2, "crime_t": 0, "crime_top": 87, "bv": "0-0", "crime_night_n": 0, "crime_night_t": 0, "crime_night_top": null, "bv_night": "0-0", "nta": "South Robertson", "boro": "Los Angeles"}}, {"type": "Feature", "geometry": {"type": "Polygon", "coordinates": [[[-118.21283334799169, 34.091369275480304], [-118.208271078318, 34.09483721534113], [-118.20951674184839, 34.0997660289379], [-118.21532505034679, 34.10122674061327], [-118.219887211346, 34.09775865539748], [-118.21864117256155, 34.09283000387362], [-118.21283334799169, 34.091369275480304]]]}, "properties": {"light_n": 9, "light_t": 1, "light_top": 62, "crime_n": 2, "crime_t": 0, "crime_top": 87, "bv": "0-1", "crime_night_n": 0, "crime_night_t": 0, "crime_night_top": null, "bv_night": "0-1", "nta": "Arroyo Seco", "boro": "Los Angeles"}}, {"type": "Feature", "geometry": {"type": "Polygon", "coordinates": [[[-118.18711051780102, 34.01101992902127], [-118.18255018344603, 34.01448785207037], [-118.18379396465217, 34.01941970474587], [-118.1895984553045, 34.02088347229801], [-118.19415868171951, 34.017415403476036], [-118.19291452546231, 34.01248371288716], [-118.18711051780102, 34.01101992902127]]]}, "properties": {"light_n": 1, "light_t": 0, "light_top": 100, "crime_n": 1, "crime_t": 0, "crime_top": 100, "bv": "0-0", "crime_night_n": 0, "crime_night_t": 0, "crime_night_top": null, "bv_night": "0-0", "nta": "Boyle Heights", "boro": "Los Angeles"}}, {"type": "Feature", "geometry": {"type": "Polygon", "coordinates": [[[-118.37352318400089, 33.97481839745833], [-118.36897412283624, 33.97829198328557], [-118.37022463211538, 33.98322090011242], [-118.37602457496054, 33.98467606688828], [-118.38057352407418, 33.98120233548222], [-118.37932264243402, 33.976273582891295], [-118.37352318400089, 33.97481839745833]]]}, "properties": {"light_n": 2, "light_t": 0, "light_top": 92, "crime_n": 24, "crime_t": 2, "crime_top": 26, "bv": "2-0", "crime_night_n": 7, "crime_night_t": 1, "crime_night_top": 42, "bv_night": "1-0", "nta": "Pacific", "boro": "Los Angeles"}}, {"type": "Feature", "geometry": {"type": "Polygon", "coordinates": [[[-118.55289821325303, 34.27305472667726], [-118.54834648419646, 34.27653077120629], [-118.5496071964915, 34.281446459551866], [-118.5554200098595, 34.28288593833012], [-118.55997162223221, 34.27940974995911], [-118.5587105379616, 34.27449422666393], [-118.55289821325303, 34.27305472667726]]]}, "properties": {"light_n": 7, "light_t": 1, "light_top": 69, "crime_n": 3, "crime_t": 0, "crime_top": 80, "bv": "0-1", "crime_night_n": 1, "crime_night_t": 0, "crime_night_top": 100, "bv_night": "0-1", "nta": "Porter Ranch", "boro": "Los Angeles"}}, {"type": "Feature", "geometry": {"type": "Polygon", "coordinates": [[[-118.28218385838706, 33.720822619523155], [-118.2776403088354, 33.72429575595161], [-118.27888450178979, 33.72923436350996], [-118.28467261620672, 33.73069967047534], [-118.28921605625239, 33.72722638710378], [-118.28797149142703, 33.7222879437221], [-118.28218385838706, 33.720822619523155]]]}, "properties": {"light_n": 5, "light_t": 0, "light_top": 76, "crime_n": 24, "crime_t": 2, "crime_top": 26, "bv": "2-0", "crime_night_n": 13, "crime_night_t": 2, "crime_night_top": 24, "bv_night": "2-0", "nta": "Harbor", "boro": "Los Angeles"}}, {"type": "Feature", "geometry": {"type": "Polygon", "coordinates": [[[-118.42186047000986, 34.314214448834946], [-118.41730009136383, 34.31768635473121], [-118.41855626502384, 34.32260362826667], [-118.42437319136576, 34.32404883241723], [-118.42893345618754, 34.32057678259387], [-118.42767690853245, 34.31565967255928], [-118.42186047000986, 34.314214448834946]]]}, "properties": {"light_n": 6, "light_t": 0, "light_top": 72, "crime_n": 6, "crime_t": 1, "crime_top": 65, "bv": "1-0", "crime_night_n": 2, "crime_night_t": 0, "crime_night_top": 82, "bv_night": "0-0", "nta": "Sylmar", "boro": "Los Angeles"}}, {"type": "Feature", "geometry": {"type": "Polygon", "coordinates": [[[-118.29245590690749, 34.08368474829914], [-118.28789813385502, 34.08715505005455], [-118.28914676255887, 34.09208237538205], [-118.29495353851196, 34.093539236004915], [-118.29951120111471, 34.09006878901313], [-118.29826219825442, 34.08514162664714], [-118.29245590690749, 34.08368474829914]]]}, "properties": {"light_n": 16, "light_t": 1, "light_top": 43, "crime_n": 88, "crime_t": 2, "crime_top": 5, "bv": "2-1", "crime_night_n": 32, "crime_night_t": 2, "crime_night_top": 7, "bv_night": "2-1", "nta": "Rampart", "boro": "Los Angeles"}}, {"type": "Feature", "geometry": {"type": "Polygon", "coordinates": [[[-118.26136031253743, 34.08972119673949], [-118.25680065768442, 34.093190549794436], [-118.2580481630201, 34.09811836329089], [-118.26385569785496, 34.09957666114103], [-118.26841524294521, 34.09610716281692], [-118.2671673630037, 34.091179511924146], [-118.26136031253743, 34.08972119673949]]]}, "properties": {"light_n": 9, "light_t": 1, "light_top": 62, "crime_n": 0, "crime_t": 0, "crime_top": null, "bv": "0-1", "crime_night_n": 0, "crime_night_t": 0, "crime_night_top": null, "bv_night": "0-1", "nta": "Silver Lake", "boro": "Los Angeles"}}, {"type": "Feature", "geometry": {"type": "Polygon", "coordinates": [[[-118.27861617966876, 33.90015552203687], [-118.27406516187737, 33.903627044560274], [-118.275311212006, 33.90856031196442], [-118.28110865307667, 33.91002189337398], [-118.2856595610907, 33.90655022473948], [-118.28441313785159, 33.90161712081875], [-118.27861617966876, 33.90015552203687]]]}, "properties": {"light_n": 4, "light_t": 0, "light_top": 81, "crime_n": 4, "crime_t": 0, "crime_top": 74, "bv": "0-0", "crime_night_n": 2, "crime_night_t": 0, "crime_night_top": 82, "bv_night": "0-0", "nta": "Harbor Gateway North", "boro": "Los Angeles"}}, {"type": "Feature", "geometry": {"type": "Polygon", "coordinates": [[[-118.44545779624627, 34.108137149558395], [-118.44090710209164, 34.11161161509557], [-118.44216185321358, 34.11653483797429], [-118.44796767083129, 34.1179834308109], [-118.4525182510533, 34.11450882045483], [-118.4512631276308, 34.109585762093204], [-118.44545779624627, 34.108137149558395]]]}, "properties": {"light_n": 1, "light_t": 0, "light_top": 100, "crime_n": 0, "crime_t": 0, "crime_top": null, "bv": "0-0", "crime_night_n": 0, "crime_night_t": 0, "crime_night_top": null, "bv_night": "0-0", "nta": "Bel Air-Beverly Crest", "boro": "Los Angeles"}}, {"type": "Feature", "geometry": {"type": "Polygon", "coordinates": [[[-118.28305170916397, 33.767272648100914], [-118.27850632222453, 33.77074542414838], [-118.27975106386951, 33.77568261861588], [-118.28554156466184, 33.77714687303138], [-118.29008684198509, 33.77367395026073], [-118.28884172817224, 33.76873691980995], [-118.28305170916397, 33.767272648100914]]]}, "properties": {"light_n": 1, "light_t": 0, "light_top": 100, "crime_n": 0, "crime_t": 0, "crime_top": null, "bv": "0-0", "crime_night_n": 0, "crime_night_t": 0, "crime_night_top": null, "bv_night": "0-0", "nta": "Wilmington", "boro": "Los Angeles"}}, {"type": "Feature", "geometry": {"type": "Polygon", "coordinates": [[[-118.46898746447096, 34.07251606575601], [-118.46443947054205, 34.07599151801782], [-118.46569471825633, 34.08091532923364], [-118.47149833169125, 34.08236352329845], [-118.47604621123335, 34.0788879261018], [-118.47479059176787, 34.073964279787326], [-118.46898746447096, 34.07251606575601]]]}, "properties": {"light_n": 6, "light_t": 0, "light_top": 72, "crime_n": 7, "crime_t": 1, "crime_top": 60, "bv": "1-0", "crime_night_n": 3, "crime_night_t": 1, "crime_night_top": 69, "bv_night": "1-0", "nta": "West LA", "boro": "Los Angeles"}}, {"type": "Feature", "geometry": {"type": "Polygon", "coordinates": [[[-118.36931929347428, 33.93683713932109], [-118.36477155658613, 33.94031093402328], [-118.36602148050467, 33.945241106372805], [-118.37181951351499, 33.946697319702], [-118.37636713852234, 33.94322337923646], [-118.37511684244046, 33.938293371217235], [-118.36931929347428, 33.93683713932109]]]}, "properties": {"light_n": 1, "light_t": 0, "light_top": 100, "crime_n": 4, "crime_t": 0, "crime_top": 74, "bv": "0-0", "crime_night_n": 2, "crime_night_t": 0, "crime_night_top": 82, "bv_night": "0-0", "nta": "Pacific", "boro": "Los Angeles"}}, {"type": "Feature", "geometry": {"type": "Polygon", "coordinates": [[[-118.58956194985161, 34.203869793257155], [-118.58501500479059, 34.20734751040716], [-118.58627632960501, 34.212264563927675], [-118.59208497054573, 34.21370373461109], [-118.59663179824656, 34.21022587338084], [-118.5953701024077, 34.20530898555949], [-118.58956194985161, 34.203869793257155]]]}, "properties": {"light_n": 7, "light_t": 1, "light_top": 69, "crime_n": 7, "crime_t": 1, "crime_top": 60, "bv": "1-1", "crime_night_n": 4, "crime_night_t": 1, "crime_night_top": 60, "bv_night": "1-1", "nta": "Topanga", "boro": "Los Angeles"}}, {"type": "Feature", "geometry": {"type": "Polygon", "coordinates": [[[-118.41207631087528, 33.99832779511007], [-118.40752832810537, 34.00180227557205], [-118.40878057197747, 34.006729626454934], [-118.41458117066918, 34.00818233232338], [-118.41912904047757, 34.00470770646847], [-118.41787642459617, 33.9997805201502], [-118.41207631087528, 33.99832779511007]]]}, "properties": {"light_n": 1, "light_t": 0, "light_top": 100, "crime_n": 0, "crime_t": 0, "crime_top": null, "bv": "0-0", "crime_night_n": 0, "crime_night_t": 0, "crime_night_top": null, "bv_night": "0-0", "nta": "Del Rey", "boro": "Los Angeles"}}, {"type": "Feature", "geometry": {"type": "Polygon", "coordinates": [[[-118.4770310749483, 34.295681158443884], [-118.47247438338788, 34.299154822433756], [-118.47373245657566, 34.30407147015283], [-118.47954759450208, 34.30551428973589], [-118.48410417103536, 34.30204048184837], [-118.48284572471013, 34.29712399828763], [-118.4770310749483, 34.295681158443884]]]}, "properties": {"light_n": 1, "light_t": 0, "light_top": 100, "crime_n": 6, "crime_t": 1, "crime_top": 65, "bv": "1-0", "crime_night_n": 2, "crime_night_t": 0, "crime_night_top": 82, "bv_night": "0-0", "nta": "Mission", "boro": "Los Angeles"}}, {"type": "Feature", "geometry": {"type": "Polygon", "coordinates": [[[-118.51376288017299, 34.226513211193506], [-118.50921097313993, 34.22998856230827], [-118.51046966589676, 34.23490658135603], [-118.51628063791274, 34.23634908449368], [-118.52083242923727, 34.23287358924283], [-118.51957336429511, 34.22795573500255], [-118.51376288017299, 34.226513211193506]]]}, "properties": {"light_n": 10, "light_t": 1, "light_top": 58, "crime_n": 3, "crime_t": 0, "crime_top": 80, "bv": "0-1", "crime_night_n": 0, "crime_night_t": 0, "crime_night_top": null, "bv_night": "0-1", "nta": "Northridge South", "boro": "Los Angeles"}}, {"type": "Feature", "geometry": {"type": "Polygon", "coordinates": [[[-118.22030968909895, 34.1209395112422], [-118.21574660195544, 34.12440739716655], [-118.21699288254878, 34.12933513037056], [-118.22280262568088, 34.13079481561667], [-118.22736560392394, 34.12732678448698], [-118.22611894797566, 34.12239921332889], [-118.22030968909895, 34.1209395112422]]]}, "properties": {"light_n": 4, "light_t": 0, "light_top": 81, "crime_n": 14, "crime_t": 1, "crime_top": 40, "bv": "1-0", "crime_night_n": 5, "crime_night_t": 1, "crime_night_top": 51, "bv_night": "1-0", "nta": "Northeast", "boro": "Los Angeles"}}, {"type": "Feature", "geometry": {"type": "Polygon", "coordinates": [[[-118.34292144582355, 34.00405900764387], [-118.33836957972085, 34.00753146399443], [-118.33961924750798, 34.012460150150886], [-118.34542115439736, 34.01391621617071], [-118.34997290907612, 34.01044361431608], [-118.34872286832977, 34.00551509195792], [-118.34292144582355, 34.00405900764387]]]}, "properties": {"light_n": 4, "light_t": 0, "light_top": 81, "crime_n": 21, "crime_t": 2, "crime_top": 29, "bv": "2-0", "crime_night_n": 11, "crime_night_t": 2, "crime_night_top": 28, "bv_night": "2-0", "nta": "Southwest", "boro": "Los Angeles"}}, {"type": "Feature", "geometry": {"type": "Polygon", "coordinates": [[[-118.56867551742623, 34.037437470841], [-118.56413424758732, 34.04091606116593], [-118.56539289577535, 34.04583875807477], [-118.57119318403818, 34.047282698571976], [-118.5757343373335, 34.04380396335652], [-118.57447531895016, 34.03888143254641], [-118.56867551742623, 34.037437470841]]]}, "properties": {"light_n": 2, "light_t": 0, "light_top": 92, "crime_n": 0, "crime_t": 0, "crime_top": null, "bv": "0-0", "crime_night_n": 0, "crime_night_t": 0, "crime_night_top": null, "bv_night": "0-0", "nta": null, "boro": "Los Angeles"}}, {"type": "Feature", "geometry": {"type": "Polygon", "coordinates": [[[-118.32350084079805, 33.71278542977135], [-118.31895978606796, 33.71625980452128], [-118.32020546561562, 33.72119775465448], [-118.32599257121052, 33.7226611653944], [-118.33053351552833, 33.719186643743036], [-118.32928746470354, 33.71424885826531], [-118.32350084079805, 33.71278542977135]]]}, "properties": {"light_n": 10, "light_t": 1, "light_top": 58, "crime_n": 1, "crime_t": 0, "crime_top": 100, "bv": "0-1", "crime_night_n": 0, "crime_night_t": 0, "crime_night_top": null, "bv_night": "0-1", "nta": "Coastal San Pedro", "boro": "Los Angeles"}}, {"type": "Feature", "geometry": {"type": "Polygon", "coordinates": [[[-118.30459741560995, 33.80969083276745], [-118.30005143894374, 33.813163866690864], [-118.30129747454238, 33.818099314283735], [-118.30708985901488, 33.81956156386949], [-118.3116357255002, 33.81608838346319], [-118.31038931773398, 33.811153099966205], [-118.30459741560995, 33.80969083276745]]]}, "properties": {"light_n": 4, "light_t": 0, "light_top": 81, "crime_n": 3, "crime_t": 0, "crime_top": 80, "bv": "0-0", "crime_night_n": 2, "crime_night_t": 0, "crime_night_top": 82, "bv_night": "0-0", "nta": "Harbor City", "boro": "Los Angeles"}}, {"type": "Feature", "geometry": {"type": "Polygon", "coordinates": [[[-118.43137397483382, 33.92471807264662], [-118.42683000744618, 33.92819373658082], [-118.42808216209944, 33.9331229211632], [-118.43387865544558, 33.934576276779346], [-118.43842250958916, 33.931100467149335], [-118.437169983671, 33.92617144761109], [-118.43137397483382, 33.92471807264662]]]}, "properties": {"light_n": 5, "light_t": 0, "light_top": 76, "crime_n": 18, "crime_t": 2, "crime_top": 34, "bv": "2-0", "crime_night_n": 16, "crime_night_t": 2, "crime_night_top": 19, "bv_night": "2-0", "nta": "Pacific", "boro": "Los Angeles"}}, {"type": "Feature", "geometry": {"type": "Polygon", "coordinates": [[[-118.20993709207038, 34.12294721530311], [-118.20537337864346, 34.12641478336649], [-118.20661928373215, 34.13134267849698], [-118.21242927779271, 34.132802843649976], [-118.21699288254878, 34.12933513037056], [-118.21574660195544, 34.12440739716655], [-118.20993709207038, 34.12294721530311]]]}, "properties": {"light_n": 2, "light_t": 0, "light_top": 92, "crime_n": 3, "crime_t": 0, "crime_top": 80, "bv": "0-0", "crime_night_n": 1, "crime_night_t": 0, "crime_night_top": 100, "bv_night": "0-0", "nta": "Northeast", "boro": "Los Angeles"}}, {"type": "Feature", "geometry": {"type": "Polygon", "coordinates": [[[-118.5382645217895, 34.2371986808184], [-118.53371348100221, 34.24067463463341], [-118.53497322906907, 34.245591776589734], [-118.54078438989465, 34.2470327997145], [-118.54533531440147, 34.243556701863376], [-118.54407519440396, 34.238639724935716], [-118.5382645217895, 34.2371986808184]]]}, "properties": {"light_n": 11, "light_t": 1, "light_top": 55, "crime_n": 9, "crime_t": 1, "crime_top": 53, "bv": "1-1", "crime_night_n": 5, "crime_night_t": 1, "crime_night_top": 51, "bv_night": "1-1", "nta": "Northridge West", "boro": "Los Angeles"}}, {"type": "Feature", "geometry": {"type": "Polygon", "coordinates": [[[-118.29008684198509, 33.77367395026073], [-118.28554156466184, 33.77714687303138], [-118.28678664596346, 33.7820837220915], [-118.29257737674673, 33.783547484323314], [-118.2971225442841, 33.78007441487304], [-118.29587709086412, 33.77513772988275], [-118.29008684198509, 33.77367395026073]]]}, "properties": {"light_n": 1, "light_t": 0, "light_top": 100, "crime_n": 0, "crime_t": 0, "crime_top": null, "bv": "0-0", "crime_night_n": 0, "crime_night_t": 0, "crime_night_top": null, "bv_night": "0-0", "nta": "Wilmington", "boro": "Los Angeles"}}, {"type": "Feature", "geometry": {"type": "Polygon", "coordinates": [[[-118.46334628761154, 34.13564667070947], [-118.45879541815935, 34.13912140144152], [-118.46005116166018, 34.144043374985635], [-118.46585814690108, 34.14549045320313], [-118.47040890196327, 34.142015577815066], [-118.46915278621515, 34.13709376887769], [-118.46334628761154, 34.13564667070947]]]}, "properties": {"light_n": 1, "light_t": 0, "light_top": 100, "crime_n": 1, "crime_t": 0, "crime_top": 100, "bv": "0-0", "crime_night_n": 0, "crime_night_t": 0, "crime_night_top": null, "bv_night": "0-0", "nta": "Sherman Oaks", "boro": "Los Angeles"}}, {"type": "Feature", "geometry": {"type": "Polygon", "coordinates": [[[-118.46618557270939, 34.27456883750778], [-118.4616291705924, 34.27804238586002], [-118.46288659063492, 34.28295993939403], [-118.46870078597512, 34.284403780466846], [-118.47325707335239, 34.28093008809872], [-118.47199928016995, 34.276012698685875], [-118.46618557270939, 34.27456883750778]]]}, "properties": {"light_n": 6, "light_t": 0, "light_top": 72, "crime_n": 7, "crime_t": 1, "crime_top": 60, "bv": "1-0", "crime_night_n": 3, "crime_night_t": 1, "crime_night_top": 69, "bv_night": "1-0", "nta": "Mission", "boro": "Los Angeles"}}, {"type": "Feature", "geometry": {"type": "Polygon", "coordinates": [[[-118.36783033094187, 34.03799267702611], [-118.3632783948259, 34.04146554667839], [-118.36452939428422, 34.04639264305252], [-118.37033270275661, 34.04784670584457], [-118.37488452682231, 34.04437369089423], [-118.37363315450627, 34.039446758462105], [-118.36783033094187, 34.03799267702611]]]}, "properties": {"light_n": 6, "light_t": 0, "light_top": 72, "crime_n": 8, "crime_t": 1, "crime_top": 57, "bv": "1-0", "crime_night_n": 2, "crime_night_t": 0, "crime_night_top": 82, "bv_night": "0-0", "nta": "Wilshire", "boro": "Los Angeles"}}, {"type": "Feature", "geometry": {"type": "Polygon", "coordinates": [[[-118.50380605792952, 34.0812004736757], [-118.4992595569896, 34.08467684083089], [-118.50051622952785, 34.08959961622354], [-118.50631977439416, 34.091045859231066], [-118.5108661601499, 34.08756934725264], [-118.5096091162641, 34.082646737102024], [-118.50380605792952, 34.0812004736757]]]}, "properties": {"light_n": 3, "light_t": 0, "light_top": 86, "crime_n": 0, "crime_t": 0, "crime_top": null, "bv": "0-0", "crime_night_n": 0, "crime_night_t": 0, "crime_night_top": null, "bv_night": "0-0", "nta": null, "boro": "Los Angeles"}}, {"type": "Feature", "geometry": {"type": "Polygon", "coordinates": [[[-118.4180921651671, 34.29946149907437], [-118.41353219209894, 34.30293343453134], [-118.414788054913, 34.3078512577942], [-118.42060426478174, 34.309296982097024], [-118.42516412414066, 34.305824902638456], [-118.42390788738078, 34.30090724289092], [-118.4180921651671, 34.29946149907437]]]}, "properties": {"light_n": 3, "light_t": 0, "light_top": 86, "crime_n": 5, "crime_t": 1, "crime_top": 69, "bv": "1-0", "crime_night_n": 2, "crime_night_t": 0, "crime_night_top": 82, "bv_night": "0-0", "nta": "Mission", "boro": "Los Angeles"}}, {"type": "Feature", "geometry": {"type": "Polygon", "coordinates": [[[-118.37521739331885, 34.23811012764929], [-118.37065766652393, 34.24158139982381], [-118.37191119685322, 34.2465020975591], [-118.37772482811947, 34.24795135984866], [-118.38228444229475, 34.2444799433073], [-118.38103053786405, 34.23955940885548], [-118.37521739331885, 34.23811012764929]]]}, "properties": {"light_n": 2, "light_t": 0, "light_top": 92, "crime_n": 0, "crime_t": 0, "crime_top": null, "bv": "0-0", "crime_night_n": 0, "crime_night_t": 0, "crime_night_top": null, "bv_night": "0-0", "nta": "Foothills Trails District", "boro": "Los Angeles"}}, {"type": "Feature", "geometry": {"type": "Polygon", "coordinates": [[[-118.43793065113066, 34.078593975419], [-118.4333807640389, 34.08206848844413], [-118.43463489559602, 34.08699279365289], [-118.44043928648833, 34.08844242130293], [-118.4449890598765, 34.08496776330768], [-118.44373455611647, 34.08004362264466], [-118.43793065113066, 34.078593975419]]]}, "properties": {"light_n": 6, "light_t": 0, "light_top": 72, "crime_n": 0, "crime_t": 0, "crime_top": null, "bv": "0-0", "crime_night_n": 0, "crime_night_t": 0, "crime_night_top": null, "bv_night": "0-0", "nta": "Bel Air-Beverly Crest", "boro": "Los Angeles"}}, {"type": "Feature", "geometry": {"type": "Polygon", "coordinates": [[[-118.36647341297801, 33.96843361395879], [-118.36192423993302, 33.97190705416366], [-118.36317440863631, 33.97683632091266], [-118.36897412283624, 33.97829198328557], [-118.37352318400089, 33.97481839745833], [-118.37227264288627, 33.96988929489269], [-118.36647341297801, 33.96843361395879]]]}, "properties": {"light_n": 1, "light_t": 0, "light_top": 100, "crime_n": 8, "crime_t": 1, "crime_top": 57, "bv": "1-0", "crime_night_n": 0, "crime_night_t": 0, "crime_night_top": null, "bv_night": "0-0", "nta": "Pacific", "boro": "Los Angeles"}}, {"type": "Feature", "geometry": {"type": "Polygon", "coordinates": [[[-118.66857975523655, 34.172788666971506], [-118.66403829966004, 34.17626890403257], [-118.66530227684001, 34.181185174883225], [-118.67110807939983, 34.18262104202972], [-118.6756494159144, 34.179140660915046], [-118.67438506897196, 34.17422455671949], [-118.66857975523655, 34.172788666971506]]]}, "properties": {"light_n": 2, "light_t": 0, "light_top": 92, "crime_n": 0, "crime_t": 0, "crime_top": null, "bv": "0-0", "crime_night_n": 0, "crime_night_t": 0, "crime_night_top": null, "bv_night": "0-0", "nta": "Woodland Hills-Warner Center", "boro": "Los Angeles"}}, {"type": "Feature", "geometry": {"type": "Polygon", "coordinates": [[[-118.4228875064668, 34.01948819081601], [-118.4183392332446, 34.02296279477876], [-118.41959212691836, 34.02788925708586], [-118.42539366586232, 34.02934095083961], [-118.42994182583816, 34.0258662016036], [-118.42868856015681, 34.02093990389923], [-118.4228875064668, 34.01948819081601]]]}, "properties": {"light_n": 3, "light_t": 0, "light_top": 86, "crime_n": 8, "crime_t": 1, "crime_top": 57, "bv": "1-0", "crime_night_n": 3, "crime_night_t": 1, "crime_night_top": 69, "bv_night": "1-0", "nta": "Pacific", "boro": "Los Angeles"}}, {"type": "Feature", "geometry": {"type": "Polygon", "coordinates": [[[-118.5283889963495, 34.262376882099495], [-118.52383639950948, 34.26585232396022], [-118.52509605611905, 34.270768890995555], [-118.53090868184012, 34.272209851352805], [-118.53546116256865, 34.268734265550016], [-118.53420113372843, 34.2638178633442], [-118.5283889963495, 34.262376882099495]]]}, "properties": {"light_n": 12, "light_t": 1, "light_top": 52, "crime_n": 6, "crime_t": 1, "crime_top": 65, "bv": "1-1", "crime_night_n": 2, "crime_night_t": 0, "crime_night_top": 82, "bv_night": "0-1", "nta": "Northridge East", "boro": "Los Angeles"}}, {"type": "Feature", "geometry": {"type": "Polygon", "coordinates": [[[-118.41247366049821, 34.19209788199416], [-118.40791778839103, 34.19557064689474], [-118.40917222525813, 34.200491973395515], [-118.41498290757224, 34.20194037115517], [-118.41953866631565, 34.1984674617533], [-118.41828385614932, 34.19354629910528], [-118.41247366049821, 34.19209788199416]]]}, "properties": {"light_n": 18, "light_t": 1, "light_top": 39, "crime_n": 20, "crime_t": 2, "crime_top": 31, "bv": "2-1", "crime_night_n": 15, "crime_night_t": 2, "crime_night_top": 20, "bv_night": "2-1", "nta": "N Hollywood", "boro": "Los Angeles"}}, {"type": "Feature", "geometry": {"type": "Polygon", "coordinates": [[[-118.52790254558498, 34.23923311114595], [-118.52335087014083, 34.242708750489115], [-118.5246102461254, 34.24762605735614], [-118.53042166967721, 34.24906755998142], [-118.53497322906907, 34.245591776589734], [-118.53371348100221, 34.24067463463341], [-118.52790254558498, 34.23923311114595]]]}, "properties": {"light_n": 2, "light_t": 0, "light_top": 92, "crime_n": 3, "crime_t": 0, "crime_top": 80, "bv": "0-0", "crime_night_n": 1, "crime_night_t": 0, "crime_night_top": 100, "bv_night": "0-0", "nta": "Devonshire", "boro": "Los Angeles"}}, {"type": "Feature", "geometry": {"type": "Polygon", "coordinates": [[[-118.42423353563196, 34.2595336986053], [-118.41967552492386, 34.26300618173586], [-118.42093117175745, 34.26792513121359], [-118.42674520293576, 34.269371433844064], [-118.43130309987815, 34.26589880654329], [-118.4300470794486, 34.26098002079448], [-118.42423353563196, 34.2595336986053]]]}, "properties": {"light_n": 12, "light_t": 1, "light_top": 52, "crime_n": 21, "crime_t": 2, "crime_top": 29, "bv": "2-1", "crime_night_n": 9, "crime_night_t": 2, "crime_night_top": 34, "bv_night": "2-1", "nta": "Foothill", "boro": "Los Angeles"}}, {"type": "Feature", "geometry": {"type": "Polygon", "coordinates": [[[-118.56539289577535, 34.04583875807477], [-118.56085110920176, 34.0493171827042], [-118.56210972733825, 34.05423969267729], [-118.56791050238365, 34.0556836120007], [-118.5724521724694, 34.052205042512774], [-118.57119318403818, 34.047282698571976], [-118.56539289577535, 34.04583875807477]]]}, "properties": {"light_n": 3, "light_t": 0, "light_top": 86, "crime_n": 0, "crime_t": 0, "crime_top": null, "bv": "0-0", "crime_night_n": 0, "crime_night_t": 0, "crime_night_top": null, "bv_night": "0-0", "nta": null, "boro": "Los Angeles"}}, {"type": "Feature", "geometry": {"type": "Polygon", "coordinates": [[[-118.38228444229475, 34.2444799433073], [-118.37772482811947, 34.24795135984866], [-118.37897870064387, 34.2528717025637], [-118.38479256143485, 34.25432046541396], [-118.3893520628186, 34.25084890454892], [-118.3880978162435, 34.245928725169556], [-118.38228444229475, 34.2444799433073]]]}, "properties": {"light_n": 3, "light_t": 0, "light_top": 86, "crime_n": 3, "crime_t": 0, "crime_top": 80, "bv": "0-0", "crime_night_n": 0, "crime_night_t": 0, "crime_night_top": null, "bv_night": "0-0", "nta": "Foothill", "boro": "Los Angeles"}}, {"type": "Feature", "geometry": {"type": "Polygon", "coordinates": [[[-118.39330299167193, 33.92439598855032], [-118.3887570262174, 33.92787057303081], [-118.39000772596806, 33.932800601363745], [-118.39580476297829, 33.9342558805934], [-118.40035061604051, 33.93078115033939], [-118.39909954452513, 33.925851286641375], [-118.39330299167193, 33.92439598855032]]]}, "properties": {"light_n": 1, "light_t": 0, "light_top": 100, "crime_n": 0, "crime_t": 0, "crime_top": null, "bv": "0-0", "crime_night_n": 0, "crime_night_t": 0, "crime_night_top": null, "bv_night": "0-0", "nta": "Westchester/Playa", "boro": "Los Angeles"}}, {"type": "Feature", "geometry": {"type": "Polygon", "coordinates": [[[-118.37236556521601, 34.269654126205175], [-118.36780439462059, 34.27312502340226], [-118.36905817120781, 34.27804478974751], [-118.37487349278247, 34.27949349577153], [-118.37943455075853, 34.27602245434511], [-118.37818039981997, 34.27110285113628], [-118.37236556521601, 34.269654126205175]]]}, "properties": {"light_n": 3, "light_t": 0, "light_top": 86, "crime_n": 2, "crime_t": 0, "crime_top": 87, "bv": "0-0", "crime_night_n": 2, "crime_night_t": 0, "crime_night_top": 82, "bv_night": "0-0", "nta": "Foothills Trails District", "boro": "Los Angeles"}}, {"type": "Feature", "geometry": {"type": "Polygon", "coordinates": [[[-118.47985247392347, 34.26414721632555], [-118.47529722438392, 34.267621252648276], [-118.47655504858857, 34.27253883422641], [-118.48236849526184, 34.27398221518828], [-118.48692362977606, 34.270508034830506], [-118.48566543268308, 34.265590617558104], [-118.47985247392347, 34.26414721632555]]]}, "properties": {"light_n": 5, "light_t": 0, "light_top": 76, "crime_n": 5, "crime_t": 1, "crime_top": 69, "bv": "1-0", "crime_night_n": 3, "crime_night_t": 1, "crime_night_top": 69, "bv_night": "1-0", "nta": "Devonshire", "boro": "Los Angeles"}}, {"type": "Feature", "geometry": {"type": "Polygon", "coordinates": [[[-118.40441109398216, 34.309876814357374], [-118.3998499689521, 34.313348258541986], [-118.4011054259366, 34.31826605205937], [-118.40692238218938, 34.31971223807386], [-118.41148339379687, 34.316240649906966], [-118.41022756261488, 34.31132301972013], [-118.40441109398216, 34.309876814357374]]]}, "properties": {"light_n": 2, "light_t": 0, "light_top": 92, "crime_n": 0, "crime_t": 0, "crime_top": null, "bv": "0-0", "crime_night_n": 0, "crime_night_t": 0, "crime_night_top": null, "bv_night": "0-0", "nta": "Sylmar", "boro": "Los Angeles"}}, {"type": "Feature", "geometry": {"type": "Polygon", "coordinates": [[[-118.29220754132714, 34.25425985975065], [-118.28764277187491, 34.257728588226655], [-118.28889330396574, 34.26265058795457], [-118.29470898085646, 34.26410369688578], [-118.29927363952581, 34.26063482395112], [-118.29802273212788, 34.25571298655625], [-118.29220754132714, 34.25425985975065]]]}, "properties": {"light_n": 7, "light_t": 1, "light_top": 69, "crime_n": 4, "crime_t": 0, "crime_top": 74, "bv": "0-1", "crime_night_n": 0, "crime_night_t": 0, "crime_night_top": null, "bv_night": "0-1", "nta": "Sunland-Tujunga", "boro": "Los Angeles"}}, {"type": "Feature", "geometry": {"type": "Polygon", "coordinates": [[[-118.34997290907612, 34.01044361431608], [-118.34542115439736, 34.01391621617071], [-118.34667116306397, 34.01884455194395], [-118.35247329935872, 34.02030012202387], [-118.3570249424427, 34.016827374708605], [-118.35577456086708, 34.01189920278625], [-118.34997290907612, 34.01044361431608]]]}, "properties": {"light_n": 3, "light_t": 0, "light_top": 86, "crime_n": 77, "crime_t": 2, "crime_top": 7, "bv": "2-0", "crime_night_n": 25, "crime_night_t": 2, "crime_night_top": 11, "bv_night": "2-0", "nta": "Southwest", "boro": "Los Angeles"}}, {"type": "Feature", "geometry": {"type": "Polygon", "coordinates": [[[-118.19250852824507, 34.118564717079984], [-118.18794408047464, 34.12203182180576], [-118.18918926778433, 34.12696022995329], [-118.19499927860852, 34.12842137163359], [-118.19956361810915, 34.124954121638496], [-118.19831805509573, 34.12002587524479], [-118.19250852824507, 34.118564717079984]]]}, "properties": {"light_n": 2, "light_t": 0, "light_top": 92, "crime_n": 5, "crime_t": 1, "crime_top": 69, "bv": "1-0", "crime_night_n": 3, "crime_night_t": 1, "crime_night_top": 69, "bv_night": "1-0", "nta": "Northeast", "boro": "Los Angeles"}}, {"type": "Feature", "geometry": {"type": "Polygon", "coordinates": [[[-118.52180256648718, 34.27916053675762], [-118.5172489318803, 34.282635636175065], [-118.51850852733817, 34.2875518189647], [-118.52432212987453, 34.28899273765227], [-118.52887564848274, 34.28551749435533], [-118.52761568059407, 34.28060147626248], [-118.52180256648718, 34.27916053675762]]]}, "properties": {"light_n": 1, "light_t": 0, "light_top": 100, "crime_n": 0, "crime_t": 0, "crime_top": null, "bv": "0-0", "crime_night_n": 0, "crime_night_t": 0, "crime_night_top": null, "bv_night": "0-0", "nta": "Granada Hills North", "boro": "Los Angeles"}}, {"type": "Feature", "geometry": {"type": "Polygon", "coordinates": [[[-118.59234761402455, 34.17232575692384], [-118.58780210594261, 34.175803835340716], [-118.58906317939129, 34.18072181518312], [-118.5948701317398, 34.182161550773806], [-118.59941552246573, 34.17868332813805], [-118.59815407823997, 34.173765514142545], [-118.59234761402455, 34.17232575692384]]]}, "properties": {"light_n": 3, "light_t": 0, "light_top": 86, "crime_n": 8, "crime_t": 1, "crime_top": 57, "bv": "1-0", "crime_night_n": 4, "crime_night_t": 1, "crime_night_top": 60, "bv_night": "1-0", "nta": "Topanga", "boro": "Los Angeles"}}, {"type": "Feature", "geometry": {"type": "Polygon", "coordinates": [[[-118.29843447795855, 33.84971942464967], [-118.29388655188791, 33.85319194465739], [-118.29513279763458, 33.85812631468606], [-118.30092734200657, 33.85958800083653], [-118.30547515795531, 33.85611533452107], [-118.30422853969412, 33.85118112837508], [-118.29843447795855, 33.84971942464967]]]}, "properties": {"light_n": 1, "light_t": 0, "light_top": 100, "crime_n": 9, "crime_t": 1, "crime_top": 53, "bv": "1-0", "crime_night_n": 2, "crime_night_t": 0, "crime_night_top": 82, "bv_night": "0-0", "nta": "Harbor", "boro": "Los Angeles"}}, {"type": "Feature", "geometry": {"type": "Polygon", "coordinates": [[[-118.36588606092562, 34.11592110602327], [-118.36133084092968, 34.11939322518029], [-118.36258264025265, 34.12431794902746], [-118.36839003301671, 34.12577039009582], [-118.37294514084934, 34.12229812599527], [-118.37169296812168, 34.11737356578213], [-118.36588606092562, 34.11592110602327]]]}, "properties": {"light_n": 1, "light_t": 0, "light_top": 100, "crime_n": 0, "crime_t": 0, "crime_top": null, "bv": "0-0", "crime_night_n": 0, "crime_night_t": 0, "crime_night_top": null, "bv_night": "0-0", "nta": "Hollywood Hills West", "boro": "Los Angeles"}}, {"type": "Feature", "geometry": {"type": "Polygon", "coordinates": [[[-118.39513392862986, 34.017152086114415], [-118.39058428370572, 34.02062591901908], [-118.3918360921462, 34.02555306125839], [-118.39763791790962, 34.02700620629241], [-118.40218745021356, 34.023532228047934], [-118.40093526941469, 34.018605250121425], [-118.39513392862986, 34.017152086114415]]]}, "properties": {"light_n": 3, "light_t": 0, "light_top": 86, "crime_n": 8, "crime_t": 1, "crime_top": 57, "bv": "1-0", "crime_night_n": 4, "crime_night_t": 1, "crime_night_top": 60, "bv_night": "1-0", "nta": "Pacific", "boro": "Los Angeles"}}, {"type": "Feature", "geometry": {"type": "Polygon", "coordinates": [[[-118.29581223264276, 33.71040226483551], [-118.2912698203004, 33.71387587387284], [-118.29251441758214, 33.71881449740267], [-118.29830179886986, 33.72027934754427], [-118.30284410142238, 33.71680559154088], [-118.30159913251698, 33.711867132374095], [-118.29581223264276, 33.71040226483551]]]}, "properties": {"light_n": 3, "light_t": 0, "light_top": 86, "crime_n": 9, "crime_t": 1, "crime_top": 53, "bv": "1-0", "crime_night_n": 3, "crime_night_t": 1, "crime_night_top": 69, "bv_night": "1-0", "nta": "Harbor", "boro": "Los Angeles"}}, {"type": "Feature", "geometry": {"type": "Polygon", "coordinates": [[[-118.198727346482, 34.078587975548736], [-118.19416485997283, 34.082055624571396], [-118.19540983977464, 34.08698513938457], [-118.20121768147888, 34.088446843220716], [-118.20578005965586, 34.0849790487576], [-118.204534704501, 34.080049695911164], [-118.198727346482, 34.078587975548736]]]}, "properties": {"light_n": 9, "light_t": 1, "light_top": 62, "crime_n": 11, "crime_t": 1, "crime_top": 46, "bv": "1-1", "crime_night_n": 7, "crime_night_t": 1, "crime_night_top": 42, "bv_night": "1-1", "nta": "Hollenbeck", "boro": "Los Angeles"}}, {"type": "Feature", "geometry": {"type": "Polygon", "coordinates": [[[-118.42139572467497, 34.29107137416836], [-118.41683627075733, 34.29454348292836], [-118.4180921651671, 34.29946149907437], [-118.42390788738078, 34.30090724289092], [-118.42846722753198, 34.29743499009803], [-118.42721095927664, 34.29251713753373], [-118.42139572467497, 34.29107137416836]]]}, "properties": {"light_n": 3, "light_t": 0, "light_top": 86, "crime_n": 9, "crime_t": 1, "crime_top": 53, "bv": "1-0", "crime_night_n": 5, "crime_night_t": 1, "crime_night_top": 51, "bv_night": "1-0", "nta": "Mission", "boro": "Los Angeles"}}, {"type": "Feature", "geometry": {"type": "Polygon", "coordinates": [[[-118.31406529731977, 34.12600906321152], [-118.3095069320446, 34.12947960361182], [-118.31075686209012, 34.13440514384513], [-118.31656553160707, 34.13585998065121], [-118.32112378586284, 34.132389295250945], [-118.31987348166145, 34.12746391805685], [-118.31406529731977, 34.12600906321152]]]}, "properties": {"light_n": 10, "light_t": 1, "light_top": 58, "crime_n": 1, "crime_t": 0, "crime_top": 100, "bv": "0-1", "crime_night_n": 0, "crime_night_t": 0, "crime_night_top": null, "bv_night": "0-1", "nta": "Hollywood United", "boro": "Los Angeles"}}, {"type": "Feature", "geometry": {"type": "Polygon", "coordinates": [[[-118.2918305697066, 33.86653285576744], [-118.28728161337482, 33.87000504419837], [-118.28852779406041, 33.87493904746844], [-118.29432330383102, 33.87640069857016], [-118.29887215015566, 33.872928363897124], [-118.29762559675696, 33.86799452437666], [-118.2918305697066, 33.86653285576744]]]}, "properties": {"light_n": 3, "light_t": 0, "light_top": 86, "crime_n": 1, "crime_t": 0, "crime_top": 100, "bv": "0-0", "crime_night_n": 0, "crime_night_t": 0, "crime_night_top": null, "bv_night": "0-0", "nta": "Harbor Gateway North", "boro": "Los Angeles"}}, {"type": "Feature", "geometry": {"type": "Polygon", "coordinates": [[[-118.47933795423214, 34.07048851486365], [-118.47479059176787, 34.073964279787326], [-118.47604621123335, 34.0788879261018], [-118.48184956480426, 34.08033564248492], [-118.48639681265416, 34.07685973263827], [-118.48514082158806, 34.071936251343594], [-118.47933795423214, 34.07048851486365]]]}, "properties": {"light_n": 1, "light_t": 0, "light_top": 100, "crime_n": 3, "crime_t": 0, "crime_top": 80, "bv": "0-0", "crime_night_n": 3, "crime_night_t": 1, "crime_night_top": 69, "bv_night": "1-0", "nta": "West LA", "boro": "Los Angeles"}}, {"type": "Feature", "geometry": {"type": "Polygon", "coordinates": [[[-118.42196024100984, 33.973120183968085], [-118.41741380706523, 33.97659516458642], [-118.4186661452767, 33.981523073442716], [-118.42446528918411, 33.98297583692877], [-118.42901160999708, 33.9795007108206], [-118.42775890007464, 33.97457296672834], [-118.42196024100984, 33.973120183968085]]]}, "properties": {"light_n": 40, "light_t": 2, "light_top": 19, "crime_n": 7, "crime_t": 1, "crime_top": 60, "bv": "1-2", "crime_night_n": 0, "crime_night_t": 0, "crime_night_top": null, "bv_night": "0-2", "nta": "Westchester/Playa", "boro": "Los Angeles"}}, {"type": "Feature", "geometry": {"type": "Polygon", "coordinates": [[[-118.38716807874846, 33.96439668090249], [-118.38262016196633, 33.9678707461745], [-118.38387107534255, 33.97279968443771], [-118.38967027765304, 33.974254393019635], [-118.39421808209963, 33.970780182147664], [-118.39296679661159, 33.965851408305866], [-118.38716807874846, 33.96439668090249]]]}, "properties": {"light_n": 10, "light_t": 1, "light_top": 58, "crime_n": 2, "crime_t": 0, "crime_top": 87, "bv": "0-1", "crime_night_n": 2, "crime_night_t": 0, "crime_night_top": 82, "bv_night": "0-1", "nta": "Westchester/Playa", "boro": "Los Angeles"}}, {"type": "Feature", "geometry": {"type": "Polygon", "coordinates": [[[-118.38387107534255, 33.97279968443771], [-118.37932264243402, 33.976273582891295], [-118.38057352407418, 33.98120233548222], [-118.38637321087451, 33.9826570252768], [-118.39092153150447, 33.97918298125564], [-118.38967027765304, 33.974254393019635], [-118.38387107534255, 33.97279968443771]]]}, "properties": {"light_n": 2, "light_t": 0, "light_top": 92, "crime_n": 8, "crime_t": 1, "crime_top": 57, "bv": "1-0", "crime_night_n": 5, "crime_night_t": 1, "crime_night_top": 51, "bv_night": "1-0", "nta": "Pacific", "boro": "Los Angeles"}}, {"type": "Feature", "geometry": {"type": "Polygon", "coordinates": [[[-118.24831144743757, 33.75848025147301], [-118.24376459543751, 33.76195211196705], [-118.24500791283059, 33.766890324161565], [-118.25079845482728, 33.76835651220354], [-118.25534519800466, 33.76488450487872], [-118.254101508048, 33.75994645635491], [-118.24831144743757, 33.75848025147301]]]}, "properties": {"light_n": 2, "light_t": 0, "light_top": 92, "crime_n": 2, "crime_t": 0, "crime_top": 87, "bv": "0-0", "crime_night_n": 1, "crime_night_t": 0, "crime_night_top": 100, "bv_night": "0-0", "nta": "Wilmington", "boro": "Los Angeles"}}, {"type": "Feature", "geometry": {"type": "Polygon", "coordinates": [[[-118.49537219060419, 34.175878334719776], [-118.49082137684525, 34.17935361877684], [-118.49207879587969, 34.184273631139334], [-118.49788740080496, 34.185718194657156], [-118.50243809937292, 34.1822427661944], [-118.50118030824729, 34.177322918631646], [-118.49537219060419, 34.175878334719776]]]}, "properties": {"light_n": 1, "light_t": 0, "light_top": 100, "crime_n": 3, "crime_t": 0, "crime_top": 80, "bv": "0-0", "crime_night_n": 1, "crime_night_t": 0, "crime_night_top": 100, "bv_night": "0-0", "nta": "West Valley", "boro": "Los Angeles"}}, {"type": "Feature", "geometry": {"type": "Polygon", "coordinates": [[[-118.41727860592988, 33.911950749781944], [-118.41273441256538, 33.91542612219288], [-118.41398588711624, 33.92035600557179], [-118.41978192643786, 33.92181035161251], [-118.4243260068991, 33.918334833418], [-118.42307416098225, 33.91340511497845], [-118.41727860592988, 33.911950749781944]]]}, "properties": {"light_n": 2, "light_t": 0, "light_top": 92, "crime_n": 0, "crime_t": 0, "crime_top": null, "bv": "0-0", "crime_night_n": 0, "crime_night_t": 0, "crime_night_top": null, "bv_night": "0-0", "nta": "Westchester/Playa", "boro": "Los Angeles"}}, {"type": "Feature", "geometry": {"type": "Polygon", "coordinates": [[[-118.19956361810915, 34.124954121638496], [-118.19499927860852, 34.12842137163359], [-118.19624480804295, 34.13334942857099], [-118.20205505267262, 34.13481007371875], [-118.20661928373215, 34.13134267849698], [-118.20537337864346, 34.12641478336649], [-118.19956361810915, 34.124954121638496]]]}, "properties": {"light_n": 1, "light_t": 0, "light_top": 100, "crime_n": 5, "crime_t": 1, "crime_top": 69, "bv": "1-0", "crime_night_n": 2, "crime_night_t": 0, "crime_night_top": 82, "bv_night": "0-0", "nta": "Northeast", "boro": "Los Angeles"}}, {"type": "Feature", "geometry": {"type": "Polygon", "coordinates": [[[-118.18586945605036, 34.13535538029756], [-118.18130397301327, 34.138822138782146], [-118.18254909292808, 34.14375016768983], [-118.1883600718242, 34.14521127650449], [-118.19292544670846, 34.14174437281465], [-118.1916799508897, 34.13681650552779], [-118.18586945605036, 34.13535538029756]]]}, "properties": {"light_n": 9, "light_t": 1, "light_top": 62, "crime_n": 6, "crime_t": 1, "crime_top": 65, "bv": "1-1", "crime_night_n": 3, "crime_night_t": 1, "crime_night_top": 69, "bv_night": "1-1", "nta": "Eagle Rock", "boro": "Los Angeles"}}, {"type": "Feature", "geometry": {"type": "Polygon", "coordinates": [[[-118.47604621123335, 34.0788879261018], [-118.47149833169125, 34.08236352329845], [-118.47275392023748, 34.087286981757096], [-118.47855776006655, 34.088734678077856], [-118.48310552505069, 34.085258935990204], [-118.48184956480426, 34.08033564248492], [-118.47604621123335, 34.0788879261018]]]}, "properties": {"light_n": 1, "light_t": 0, "light_top": 100, "crime_n": 0, "crime_t": 0, "crime_top": null, "bv": "0-0", "crime_night_n": 0, "crime_night_t": 0, "crime_night_top": null, "bv_night": "0-0", "nta": "Bel Air-Beverly Crest", "boro": "Los Angeles"}}, {"type": "Feature", "geometry": {"type": "Polygon", "coordinates": [[[-118.51560436566751, 34.14865883018417], [-118.51105573873424, 34.15213493547457], [-118.51231362181935, 34.157055352192174], [-118.51812050351909, 34.15849949851432], [-118.52266901486433, 34.1550232487354], [-118.52141076013854, 34.150102997134944], [-118.51560436566751, 34.14865883018417]]]}, "properties": {"light_n": 1, "light_t": 0, "light_top": 100, "crime_n": 1, "crime_t": 0, "crime_top": 100, "bv": "0-0", "crime_night_n": 0, "crime_night_t": 0, "crime_night_top": null, "bv_night": "0-0", "nta": "Encino", "boro": "Los Angeles"}}, {"type": "Feature", "geometry": {"type": "Polygon", "coordinates": [[[-118.54631563046742, 34.289837829239936], [-118.54176286346534, 34.293313531594116], [-118.54302351506497, 34.29822883532061], [-118.54883730588321, 34.29966827178736], [-118.55338995631394, 34.29619242565367], [-118.55212893253865, 34.29127728684486], [-118.54631563046742, 34.289837829239936]]]}, "properties": {"light_n": 2, "light_t": 0, "light_top": 92, "crime_n": 0, "crime_t": 0, "crime_top": null, "bv": "0-0", "crime_night_n": 0, "crime_night_t": 0, "crime_night_top": null, "bv_night": "0-0", "nta": "Porter Ranch", "boro": "Los Angeles"}}, {"type": "Feature", "geometry": {"type": "Polygon", "coordinates": [[[-118.5043631514287, 34.27483575676233], [-118.49980876645071, 34.2783103967886], [-118.50106764738611, 34.283227100969974], [-118.50688128597427, 34.28466900061004], [-118.51143555535421, 34.281194216648196], [-118.51017630178487, 34.27627767699402], [-118.5043631514287, 34.27483575676233]]]}, "properties": {"light_n": 5, "light_t": 0, "light_top": 76, "crime_n": 5, "crime_t": 1, "crime_top": 69, "bv": "1-0", "crime_night_n": 5, "crime_night_t": 1, "crime_night_top": 51, "bv_night": "1-0", "nta": "Granada Hills North", "boro": "Los Angeles"}}, {"type": "Feature", "geometry": {"type": "Polygon", "coordinates": [[[-118.27185242439758, 33.722829957608084], [-118.26730825165558, 33.72630278393853], [-118.26855207259068, 33.73124155555376], [-118.27434043832703, 33.73270733679383], [-118.27888450178979, 33.72923436350996], [-118.2776403088354, 33.72429575595161], [-118.27185242439758, 33.722829957608084]]]}, "properties": {"light_n": 1, "light_t": 0, "light_top": 100, "crime_n": 3, "crime_t": 0, "crime_top": 80, "bv": "0-0", "crime_night_n": 0, "crime_night_t": 0, "crime_night_top": null, "bv_night": "0-0", "nta": "Harbor", "boro": "Los Angeles"}}, {"type": "Feature", "geometry": {"type": "Polygon", "coordinates": [[[-118.23136467678293, 33.777304936075765], [-118.2268161732809, 33.78077615573268], [-118.2280590518593, 33.78571416848693], [-118.23385080688989, 33.78718079817887], [-118.23839920191172, 33.78370943174729], [-118.23715595042314, 33.77877158241067], [-118.23136467678293, 33.777304936075765]]]}, "properties": {"light_n": 1, "light_t": 0, "light_top": 100, "crime_n": 3, "crime_t": 0, "crime_top": 80, "bv": "0-0", "crime_night_n": 0, "crime_night_t": 0, "crime_night_top": null, "bv_night": "0-0", "nta": "Harbor", "boro": "Los Angeles"}}, {"type": "Feature", "geometry": {"type": "Polygon", "coordinates": [[[-118.39705580293793, 33.939185559594826], [-118.3925094340636, 33.94266012394715], [-118.39376044243146, 33.947589618056746], [-118.3995581915276, 33.94904438320526], [-118.40410444789589, 33.94556967315565], [-118.40285306771439, 33.94064034366696], [-118.39705580293793, 33.939185559594826]]]}, "properties": {"light_n": 2, "light_t": 0, "light_top": 92, "crime_n": 14, "crime_t": 1, "crime_top": 40, "bv": "1-0", "crime_night_n": 5, "crime_night_t": 1, "crime_night_top": 51, "bv_night": "1-0", "nta": "Pacific", "boro": "Los Angeles"}}, {"type": "Feature", "geometry": {"type": "Polygon", "coordinates": [[[-118.28878093252943, 33.70399810258831], [-118.28423841056672, 33.70747156461592], [-118.28548266859566, 33.71241053240704], [-118.2912698203004, 33.71387587387284], [-118.29581223264276, 33.71040226483551], [-118.29456760294065, 33.70546346135425], [-118.28878093252943, 33.70399810258831]]]}, "properties": {"light_n": 8, "light_t": 1, "light_top": 65, "crime_n": 22, "crime_t": 2, "crime_top": 28, "bv": "2-1", "crime_night_n": 11, "crime_night_t": 2, "crime_night_top": 28, "bv_night": "2-1", "nta": "Harbor", "boro": "Los Angeles"}}, {"type": "Feature", "geometry": {"type": "Polygon", "coordinates": [[[-118.48219531799, 34.20945735920134], [-118.4776424315518, 34.21293196290332], [-118.47889972706982, 34.21785121341708], [-118.48471028155751, 34.21929569570688], [-118.48926305303088, 34.21582094772551], [-118.48800538502208, 34.21090186174588], [-118.48219531799, 34.20945735920134]]]}, "properties": {"light_n": 2, "light_t": 0, "light_top": 92, "crime_n": 8, "crime_t": 1, "crime_top": 57, "bv": "1-0", "crime_night_n": 3, "crime_night_t": 1, "crime_night_top": 69, "bv_night": "1-0", "nta": "West Valley", "boro": "Los Angeles"}}, {"type": "Feature", "geometry": {"type": "Polygon", "coordinates": [[[-118.53351063925527, 34.17614541566143], [-118.52896184164227, 34.17962178532644], [-118.53022071770863, 34.184540947874716], [-118.53602876301478, 34.18598357556425], [-118.54057744458136, 34.18250706157408], [-118.53931819692896, 34.17758806423161], [-118.53351063925527, 34.17614541566143]]]}, "properties": {"light_n": 7, "light_t": 1, "light_top": 69, "crime_n": 40, "crime_t": 2, "crime_top": 16, "bv": "2-1", "crime_night_n": 12, "crime_night_t": 2, "crime_night_top": 26, "bv_night": "2-1", "nta": "West Valley", "boro": "Los Angeles"}}, {"type": "Feature", "geometry": {"type": "Polygon", "coordinates": [[[-118.47981368945732, 34.09365778359955], [-118.47526540725976, 34.097133357699505], [-118.47652130575892, 34.1020562750434], [-118.48232585824496, 34.10350345336058], [-118.48687402576981, 34.10002773444537], [-118.48561775552191, 34.09510498204036], [-118.47981368945732, 34.09365778359955]]]}, "properties": {"light_n": 1, "light_t": 0, "light_top": 100, "crime_n": 0, "crime_t": 0, "crime_top": null, "bv": "0-0", "crime_night_n": 0, "crime_night_t": 0, "crime_night_top": null, "bv_night": "0-0", "nta": "Bel Air-Beverly Crest", "boro": "Los Angeles"}}, {"type": "Feature", "geometry": {"type": "Polygon", "coordinates": [[[-118.26568160923634, 33.762877899632144], [-118.26113548935135, 33.766350218038426], [-118.26237951898723, 33.77128792157412], [-118.26817004091396, 33.77275314287194], [-118.27271605157951, 33.7692806776886], [-118.2714716495778, 33.764343137996704], [-118.26568160923634, 33.762877899632144]]]}, "properties": {"light_n": 16, "light_t": 1, "light_top": 43, "crime_n": 4, "crime_t": 0, "crime_top": 74, "bv": "0-1", "crime_night_n": 2, "crime_night_t": 0, "crime_night_top": 82, "bv_night": "0-1", "nta": "Wilmington", "boro": "Los Angeles"}}, {"type": "Feature", "geometry": {"type": "Polygon", "coordinates": [[[-118.38671191285381, 33.9412048635449], [-118.38216491581014, 33.94467911605777], [-118.38341555221463, 33.949608774669294], [-118.38921355766648, 33.95106401627816], [-118.39376044243146, 33.947589618056746], [-118.3925094340636, 33.94266012394715], [-118.38671191285381, 33.9412048635449]]]}, "properties": {"light_n": 1, "light_t": 0, "light_top": 100, "crime_n": 20, "crime_t": 2, "crime_top": 31, "bv": "2-0", "crime_night_n": 8, "crime_night_t": 1, "crime_night_top": 37, "bv_night": "1-0", "nta": "Pacific", "boro": "Los Angeles"}}, {"type": "Feature", "geometry": {"type": "Polygon", "coordinates": [[[-118.47370302361142, 34.13361872432708], [-118.46915278621515, 34.13709376887769], [-118.47040890196327, 34.142015577815066], [-118.47621562724476, 34.143462177488864], [-118.48076575002301, 34.13998698829416], [-118.47950926217844, 34.13506534408189], [-118.47370302361142, 34.13361872432708]]]}, "properties": {"light_n": 2, "light_t": 0, "light_top": 92, "crime_n": 1, "crime_t": 0, "crime_top": 100, "bv": "0-0", "crime_night_n": 0, "crime_night_t": 0, "crime_night_top": null, "bv_night": "0-0", "nta": "Encino", "boro": "Los Angeles"}}, {"type": "Feature", "geometry": {"type": "Polygon", "coordinates": [[[-118.54995202353577, 34.13416238005206], [-118.54540581491973, 34.13763959222927], [-118.5466648427554, 34.142559702372694], [-118.55247045033522, 34.144002434813146], [-118.55701654262421, 34.140525078152464], [-118.55575714370114, 34.135605133546875], [-118.54995202353577, 34.13416238005206]]]}, "properties": {"light_n": 1, "light_t": 0, "light_top": 100, "crime_n": 0, "crime_t": 0, "crime_top": null, "bv": "0-0", "crime_night_n": 0, "crime_night_t": 0, "crime_night_top": null, "bv_night": "0-0", "nta": "Tarzana", "boro": "Los Angeles"}}, {"type": "Feature", "geometry": {"type": "Polygon", "coordinates": [[[-118.39376044243146, 33.947589618056746], [-118.38921355766648, 33.95106401627816], [-118.39046453440653, 33.95599332530074], [-118.3962627678649, 33.95744807155966], [-118.40080954018066, 33.95397352767345], [-118.3995581915276, 33.94904438320526], [-118.39376044243146, 33.947589618056746]]]}, "properties": {"light_n": 1, "light_t": 0, "light_top": 100, "crime_n": 27, "crime_t": 2, "crime_top": 23, "bv": "2-0", "crime_night_n": 13, "crime_night_t": 2, "crime_night_top": 24, "bv_night": "2-0", "nta": "Pacific", "boro": "Los Angeles"}}, {"type": "Feature", "geometry": {"type": "Polygon", "coordinates": [[[-118.20661928373215, 34.13134267849698], [-118.20205505267262, 34.13481007371875], [-118.20330092424575, 34.13973777926518], [-118.20911140252343, 34.141197927742276], [-118.21367552497055, 34.137730387336475], [-118.21242927779271, 34.132802843649976], [-118.20661928373215, 34.13134267849698]]]}, "properties": {"light_n": 5, "light_t": 0, "light_top": 76, "crime_n": 6, "crime_t": 1, "crime_top": 65, "bv": "1-0", "crime_night_n": 2, "crime_night_t": 0, "crime_night_top": 82, "bv_night": "0-0", "nta": "Northeast", "boro": "Los Angeles"}}, {"type": "Feature", "geometry": {"type": "Polygon", "coordinates": [[[-118.2401989632521, 34.070558214750584], [-118.2356389801377, 34.074027131740486], [-118.23688546045496, 34.07895599796916], [-118.24269229868197, 34.08041578477534], [-118.247252172547, 34.076946722387525], [-118.24600531747468, 34.07201801860378], [-118.2401989632521, 34.070558214750584]]]}, "properties": {"light_n": 2, "light_t": 0, "light_top": 92, "crime_n": 2, "crime_t": 0, "crime_top": 87, "bv": "0-0", "crime_night_n": 1, "crime_night_t": 0, "crime_night_top": 100, "bv_night": "0-0", "nta": "Echo Park", "boro": "Los Angeles"}}, {"type": "Feature", "geometry": {"type": "Polygon", "coordinates": [[[-118.54470732481333, 34.04990598536238], [-118.54016427229334, 34.05338378819283], [-118.54142214938766, 34.05830662987616], [-118.54722344963913, 34.05975150294505], [-118.55176638612508, 34.056273555231684], [-118.55050813843421, 34.0513508793444], [-118.54470732481333, 34.04990598536238]]]}, "properties": {"light_n": 1, "light_t": 0, "light_top": 100, "crime_n": 2, "crime_t": 0, "crime_top": 87, "bv": "0-0", "crime_night_n": 1, "crime_night_t": 0, "crime_night_top": 100, "bv_night": "0-0", "nta": "West LA", "boro": "Los Angeles"}}, {"type": "Feature", "geometry": {"type": "Polygon", "coordinates": [[[-118.31450727074304, 34.149180680743676], [-118.30994798100836, 34.15265102312354], [-118.31119818782595, 34.15757583162947], [-118.31700805872433, 34.15903013480896], [-118.3215672373835, 34.155559647535995], [-118.32031665626026, 34.15063500198893], [-118.31450727074304, 34.149180680743676]]]}, "properties": {"light_n": 1, "light_t": 0, "light_top": 100, "crime_n": 1, "crime_t": 0, "crime_top": 100, "bv": "0-0", "crime_night_n": 0, "crime_night_t": 0, "crime_night_top": null, "bv_night": "0-0", "nta": "Atwater Village", "boro": "Los Angeles"}}, {"type": "Feature", "geometry": {"type": "Polygon", "coordinates": [[[-118.28852779406041, 33.87493904746844], [-118.28397832248086, 33.878411069766706], [-118.28522447058158, 33.88334488936379], [-118.29102046311436, 33.88480652299178], [-118.29556982474415, 33.8813343544842], [-118.29432330383102, 33.87640069857016], [-118.28852779406041, 33.87493904746844]]]}, "properties": {"light_n": 3, "light_t": 0, "light_top": 86, "crime_n": 19, "crime_t": 2, "crime_top": 33, "bv": "2-0", "crime_night_n": 9, "crime_night_t": 2, "crime_night_top": 34, "bv_night": "2-0", "nta": "Southeast", "boro": "Los Angeles"}}, {"type": "Feature", "geometry": {"type": "Polygon", "coordinates": [[[-118.247252172547, 34.076946722387525], [-118.24269229868197, 34.08041578477534], [-118.24393912065837, 34.08534430027417], [-118.24974619124546, 34.08680359089963], [-118.25430595569007, 34.08333438315678], [-118.25305875900828, 34.07840603015583], [-118.247252172547, 34.076946722387525]]]}, "properties": {"light_n": 3, "light_t": 0, "light_top": 86, "crime_n": 14, "crime_t": 1, "crime_top": 40, "bv": "1-0", "crime_night_n": 3, "crime_night_t": 1, "crime_night_top": 69, "bv_night": "1-0", "nta": "Northeast", "boro": "Los Angeles"}}, {"type": "Feature", "geometry": {"type": "Polygon", "coordinates": [[[-118.52412463712773, 34.22448006939121], [-118.51957336429511, 34.22795573500255], [-118.52083242923727, 34.23287358924283], [-118.52664313908666, 34.23431561295843], [-118.53119429598254, 34.23083980322336], [-118.52993485900652, 34.22592211390857], [-118.52412463712773, 34.22448006939121]]]}, "properties": {"light_n": 14, "light_t": 1, "light_top": 48, "crime_n": 13, "crime_t": 1, "crime_top": 42, "bv": "1-1", "crime_night_n": 5, "crime_night_t": 1, "crime_night_top": 51, "bv_night": "1-1", "nta": "Northridge South", "boro": "Los Angeles"}}, {"type": "Feature", "geometry": {"type": "Polygon", "coordinates": [[[-118.19292544670846, 34.14174437281465], [-118.1883600718242, 34.14521127650449], [-118.1896055339906, 34.15013895394662], [-118.195416746936, 34.15159956603739], [-118.19998201349604, 34.14813251718488], [-118.19873617547516, 34.14320500141666], [-118.19292544670846, 34.14174437281465]]]}, "properties": {"light_n": 1, "light_t": 0, "light_top": 100, "crime_n": 1, "crime_t": 0, "crime_top": 100, "bv": "0-0", "crime_night_n": 0, "crime_night_t": 0, "crime_night_top": null, "bv_night": "0-0", "nta": "Eagle Rock", "boro": "Los Angeles"}}, {"type": "Feature", "geometry": {"type": "Polygon", "coordinates": [[[-118.30085951899129, 33.794883415398814], [-118.2963139469008, 33.79835646725534], [-118.29755967513442, 33.803292443105775], [-118.3033513476167, 33.80475520300243], [-118.30789680963892, 33.801282004586454], [-118.30665070928715, 33.796346192845455], [-118.30085951899129, 33.794883415398814]]]}, "properties": {"light_n": 6, "light_t": 0, "light_top": 72, "crime_n": 9, "crime_t": 1, "crime_top": 53, "bv": "1-0", "crime_night_n": 6, "crime_night_t": 1, "crime_night_top": 46, "bv_night": "1-0", "nta": "Harbor", "boro": "Los Angeles"}}, {"type": "Feature", "geometry": {"type": "Polygon", "coordinates": [[[-118.37772984941581, 34.012790646931656], [-118.37317946326593, 34.01626402125889], [-118.37443055839279, 34.02119167854207], [-118.38023241226884, 34.02264579736876], [-118.38478268619725, 34.01917227764681], [-118.38353121851152, 34.01424478450507], [-118.37772984941581, 34.012790646931656]]]}, "properties": {"light_n": 4, "light_t": 0, "light_top": 81, "crime_n": 0, "crime_t": 0, "crime_top": null, "bv": "0-0", "crime_night_n": 0, "crime_night_t": 0, "crime_night_top": null, "bv_night": "0-0", "nta": "Empowerment Congress West", "boro": "Los Angeles"}}, {"type": "Feature", "geometry": {"type": "Polygon", "coordinates": [[[-118.38330675511669, 34.1202775089672], [-118.37875227719019, 34.12375008818355], [-118.38000479134676, 34.12867429567391], [-118.38581215667415, 34.130125760154954], [-118.39036652203748, 34.12665303604991], [-118.38911363467709, 34.12172899236474], [-118.38330675511669, 34.1202775089672]]]}, "properties": {"light_n": 3, "light_t": 0, "light_top": 86, "crime_n": 0, "crime_t": 0, "crime_top": null, "bv": "0-0", "crime_night_n": 0, "crime_night_t": 0, "crime_night_top": null, "bv_night": "0-0", "nta": "Studio City", "boro": "Los Angeles"}}, {"type": "Feature", "geometry": {"type": "Polygon", "coordinates": [[[-118.32020546561562, 33.72119775465448], [-118.31566389705728, 33.72467196704665], [-118.31690954440911, 33.72960973703476], [-118.32269713173528, 33.731073130053936], [-118.32723858993833, 33.72759877079361], [-118.32599257121052, 33.7226611653944], [-118.32020546561562, 33.72119775465448]]]}, "properties": {"light_n": 4, "light_t": 0, "light_top": 81, "crime_n": 2, "crime_t": 0, "crime_top": 87, "bv": "0-0", "crime_night_n": 1, "crime_night_t": 0, "crime_night_top": 100, "bv_night": "0-0", "nta": "Coastal San Pedro", "boro": "Los Angeles"}}, {"type": "Feature", "geometry": {"type": "Polygon", "coordinates": [[[-118.28921605625239, 33.72722638710378], [-118.28467261620672, 33.73069967047534], [-118.28591714853957, 33.73563793351219], [-118.29170549277946, 33.73710274895977], [-118.29624882314961, 33.73362931868868], [-118.2950039189953, 33.7286912198817], [-118.28921605625239, 33.72722638710378]]]}, "properties": {"light_n": 5, "light_t": 0, "light_top": 76, "crime_n": 81, "crime_t": 2, "crime_top": 6, "bv": "2-0", "crime_night_n": 28, "crime_night_t": 2, "crime_night_top": 9, "bv_night": "2-0", "nta": "Harbor", "boro": "Los Angeles"}}, {"type": "Feature", "geometry": {"type": "Polygon", "coordinates": [[[-118.39751408495346, 33.962377030812185], [-118.39296679661159, 33.965851408305866], [-118.39421808209963, 33.970780182147664], [-118.40001702793181, 33.972234413967534], [-118.40456420371068, 33.96875989088518], [-118.40331254626068, 33.96383128158377], [-118.39751408495346, 33.962377030812185]]]}, "properties": {"light_n": 3, "light_t": 0, "light_top": 86, "crime_n": 2, "crime_t": 0, "crime_top": 87, "bv": "0-0", "crime_night_n": 0, "crime_night_t": 0, "crime_night_top": null, "bv_night": "0-0", "nta": "Westchester/Playa", "boro": "Los Angeles"}}, {"type": "Feature", "geometry": {"type": "Polygon", "coordinates": [[[-118.18130523966202, 34.074200864269514], [-118.17674201989607, 34.07766805028865], [-118.17798628230263, 34.08259807723227], [-118.18379414006716, 34.08406075637521], [-118.18835725190155, 34.080593424862464], [-118.18711261394319, 34.07566355971275], [-118.18130523966202, 34.074200864269514]]]}, "properties": {"light_n": 3, "light_t": 0, "light_top": 86, "crime_n": 9, "crime_t": 1, "crime_top": 53, "bv": "1-0", "crime_night_n": 3, "crime_night_t": 1, "crime_night_top": 69, "bv_night": "1-0", "nta": "Hollenbeck", "boro": "Los Angeles"}}, {"type": "Feature", "geometry": {"type": "Polygon", "coordinates": [[[-118.1958272375476, 34.110168842100606], [-118.19126330729299, 34.1136361196039], [-118.19250852824507, 34.118564717079984], [-118.19831805509573, 34.12002587524479], [-118.20288187702212, 34.116558452440124], [-118.20163628046639, 34.11163001678439], [-118.1958272375476, 34.110168842100606]]]}, "properties": {"light_n": 2, "light_t": 0, "light_top": 92, "crime_n": 17, "crime_t": 1, "crime_top": 35, "bv": "1-0", "crime_night_n": 7, "crime_night_t": 1, "crime_night_top": 42, "bv_night": "1-0", "nta": "Northeast", "boro": "Los Angeles"}}, {"type": "Feature", "geometry": {"type": "Polygon", "coordinates": [[[-118.53059089646528, 34.037168294257796], [-118.52604761239016, 34.04064580719003], [-118.52730480870171, 34.04556935431938], [-118.53310565982818, 34.047015222836066], [-118.53764882821125, 34.04353756493265], [-118.53639126120046, 34.03861418349578], [-118.53059089646528, 34.037168294257796]]]}, "properties": {"light_n": 8, "light_t": 1, "light_top": 65, "crime_n": 1, "crime_t": 0, "crime_top": 100, "bv": "0-1", "crime_night_n": 0, "crime_night_t": 0, "crime_night_top": null, "bv_night": "0-1", "nta": "West LA", "boro": "Los Angeles"}}, {"type": "Feature", "geometry": {"type": "Polygon", "coordinates": [[[-118.2826176943298, 33.74404913620135], [-118.27807322626963, 33.747522092987325], [-118.27931769350919, 33.752459994744754], [-118.28510700086821, 33.75392477563164], [-118.28965135936727, 33.75045167201261], [-118.2884065201084, 33.7455139343519], [-118.2826176943298, 33.74404913620135]]]}, "properties": {"light_n": 3, "light_t": 0, "light_top": 86, "crime_n": 20, "crime_t": 2, "crime_top": 31, "bv": "2-0", "crime_night_n": 11, "crime_night_t": 2, "crime_night_top": 28, "bv_night": "2-0", "nta": "Harbor", "boro": "Los Angeles"}}, {"type": "Feature", "geometry": {"type": "Polygon", "coordinates": [[[-118.33479625570973, 34.121976264612414], [-118.33023914792378, 34.125447437139314], [-118.33148982613086, 34.13037265117515], [-118.3372979860199, 34.13182652941906], [-118.34185498232863, 34.12835521191461], [-118.34060393026603, 34.12343016115605], [-118.33479625570973, 34.121976264612414]]]}, "properties": {"light_n": 4, "light_t": 0, "light_top": 81, "crime_n": 0, "crime_t": 0, "crime_top": null, "bv": "0-0", "crime_night_n": 0, "crime_night_t": 0, "crime_night_top": null, "bv_night": "0-0", "nta": "Hollywood United", "boro": "Los Angeles"}}, {"type": "Feature", "geometry": {"type": "Polygon", "coordinates": [[[-118.50854028305291, 34.1422935583001], [-118.50399154070305, 34.145769519058135], [-118.50524908267738, 34.150690290171994], [-118.51105573873424, 34.15213493547457], [-118.51560436566751, 34.14865883018417], [-118.51434645200119, 34.14373822413569], [-118.50854028305291, 34.1422935583001]]]}, "properties": {"light_n": 1, "light_t": 0, "light_top": 100, "crime_n": 0, "crime_t": 0, "crime_top": null, "bv": "0-0", "crime_night_n": 0, "crime_night_t": 0, "crime_night_top": null, "bv_night": "0-0", "nta": "Encino", "boro": "Los Angeles"}}, {"type": "Feature", "geometry": {"type": "Polygon", "coordinates": [[[-118.45628151495082, 33.95864661039043], [-118.45173748559007, 33.962122691403074], [-118.45299096956064, 33.96705029101276], [-118.45878885409384, 33.968501644435094], [-118.46333276958491, 33.965025417934726], [-118.46207891445286, 33.96009798351184], [-118.45628151495082, 33.95864661039043]]]}, "properties": {"light_n": 7, "light_t": 1, "light_top": 69, "crime_n": 7, "crime_t": 1, "crime_top": 60, "bv": "1-1", "crime_night_n": 0, "crime_night_t": 0, "crime_night_top": null, "bv_night": "0-1", "nta": "Venice", "boro": "Los Angeles"}}, {"type": "Feature", "geometry": {"type": "Polygon", "coordinates": [[[-118.21325434937538, 34.11455139010655], [-118.20869115350274, 34.118019130782805], [-118.20993709207038, 34.12294721530311], [-118.21574660195544, 34.12440739716655], [-118.22030968909895, 34.1209395112422], [-118.2190633751268, 34.11601158871485], [-118.21325434937538, 34.11455139010655]]]}, "properties": {"light_n": 2, "light_t": 0, "light_top": 92, "crime_n": 4, "crime_t": 0, "crime_top": 74, "bv": "0-0", "crime_night_n": 1, "crime_night_t": 0, "crime_night_top": 100, "bv_night": "0-0", "nta": "Northeast", "boro": "Los Angeles"}}, {"type": "Feature", "geometry": {"type": "Polygon", "coordinates": [[[-118.36213087639982, 34.10114582666614], [-118.35757606181164, 34.10461797095609], [-118.35882755172075, 34.10954323607464], [-118.3646342296138, 34.11099619326737], [-118.3691889321527, 34.107523903958594], [-118.36793706888827, 34.10259880248813], [-118.36213087639982, 34.10114582666614]]]}, "properties": {"light_n": 7, "light_t": 1, "light_top": 69, "crime_n": 3, "crime_t": 0, "crime_top": 80, "bv": "0-1", "crime_night_n": 1, "crime_night_t": 0, "crime_night_top": 100, "bv_night": "0-1", "nta": "Hollywood Hills West", "boro": "Los Angeles"}}, {"type": "Feature", "geometry": {"type": "Polygon", "coordinates": [[[-118.55044254761286, 34.15731894521825], [-118.54589541985135, 34.16079596549596], [-118.54715472811968, 34.16571534232463], [-118.55296153542542, 34.167157533431066], [-118.55750854680052, 34.16368036877729], [-118.55624886729699, 34.158761157405245], [-118.55044254761286, 34.15731894521825]]]}, "properties": {"light_n": 3, "light_t": 0, "light_top": 86, "crime_n": 0, "crime_t": 0, "crime_top": null, "bv": "0-0", "crime_night_n": 0, "crime_night_t": 0, "crime_night_top": null, "bv_night": "0-0", "nta": "Tarzana", "boro": "Los Angeles"}}, {"type": "Feature", "geometry": {"type": "Polygon", "coordinates": [[[-118.42808216209944, 33.9331229211632], [-118.42353767896556, 33.9365984197859], [-118.42478980232498, 33.94152741967595], [-118.43058678022282, 33.942980755977764], [-118.4351311501692, 33.93950511169175], [-118.43387865544558, 33.934576276779346], [-118.42808216209944, 33.9331229211632]]]}, "properties": {"light_n": 1, "light_t": 0, "light_top": 100, "crime_n": 0, "crime_t": 0, "crime_top": null, "bv": "0-0", "crime_night_n": 0, "crime_night_t": 0, "crime_night_top": null, "bv_night": "0-0", "nta": "Westchester/Playa", "boro": "Los Angeles"}}, {"type": "Feature", "geometry": {"type": "Polygon", "coordinates": [[[-118.57591996095292, 34.2143024626988], [-118.57137186219329, 34.21777969765572], [-118.57263278578937, 34.22269672608911], [-118.57844217946183, 34.22413635406264], [-118.58299016114488, 34.22065897504432], [-118.58172886627285, 34.21574211212595], [-118.57591996095292, 34.2143024626988]]]}, "properties": {"light_n": 5, "light_t": 0, "light_top": 76, "crime_n": 9, "crime_t": 1, "crime_top": 53, "bv": "1-0", "crime_night_n": 2, "crime_night_t": 0, "crime_night_top": 82, "bv_night": "0-0", "nta": "Topanga", "boro": "Los Angeles"}}, {"type": "Feature", "geometry": {"type": "Polygon", "coordinates": [[[-118.42761772583245, 33.90992943173422], [-118.42307416098225, 33.91340511497845], [-118.4243260068991, 33.918334833418], [-118.4301217889227, 33.91978870356714], [-118.43466524064272, 33.91631287455068], [-118.43341302350964, 33.911383321169396], [-118.42761772583245, 33.90992943173422]]]}, "properties": {"light_n": 1, "light_t": 0, "light_top": 100, "crime_n": 2, "crime_t": 0, "crime_top": 87, "bv": "0-0", "crime_night_n": 0, "crime_night_t": 0, "crime_night_top": null, "bv_night": "0-0", "nta": "Pacific", "boro": "Los Angeles"}}, {"type": "Feature", "geometry": {"type": "Polygon", "coordinates": [[[-118.36964217381907, 34.1306947612726], [-118.36508654839325, 34.13416685496082], [-118.36633865723405, 34.13909103690715], [-118.37214676499524, 34.14054296155757], [-118.37670227814365, 34.137070723001045], [-118.37544979584878, 34.132146704674646], [-118.36964217381907, 34.1306947612726]]]}, "properties": {"light_n": 1, "light_t": 0, "light_top": 100, "crime_n": 1, "crime_t": 0, "crime_top": 100, "bv": "0-0", "crime_night_n": 0, "crime_night_t": 0, "crime_night_top": null, "bv_night": "0-0", "nta": "Hollywood Hills West", "boro": "Los Angeles"}}, {"type": "Feature", "geometry": {"type": "Polygon", "coordinates": [[[-118.43886536147888, 34.12493216858965], [-118.43431363236665, 34.12840629582778], [-118.43556832092689, 34.13332914098189], [-118.44137511113996, 34.13477769452583], [-118.44592672643303, 34.13130342253254], [-118.44467166537274, 34.126380741762645], [-118.43886536147888, 34.12493216858965]]]}, "properties": {"light_n": 2, "light_t": 0, "light_top": 92, "crime_n": 1, "crime_t": 0, "crime_top": 100, "bv": "0-0", "crime_night_n": 0, "crime_night_t": 0, "crime_night_top": null, "bv_night": "0-0", "nta": "Bel Air-Beverly Crest", "boro": "Los Angeles"}}, {"type": "Feature", "geometry": {"type": "Polygon", "coordinates": [[[-118.34622309556937, 33.9956575105844], [-118.34167174589334, 33.999130135030825], [-118.34292144582355, 34.00405900764387], [-118.34872286832977, 34.00551509195792], [-118.35327410652465, 34.002042321975104], [-118.35202403373478, 33.99711361322685], [-118.34622309556937, 33.9956575105844]]]}, "properties": {"light_n": 1, "light_t": 0, "light_top": 100, "crime_n": 4, "crime_t": 0, "crime_top": 74, "bv": "0-0", "crime_night_n": 1, "crime_night_t": 0, "crime_night_top": 100, "bv_night": "0-0", "nta": "Southwest", "boro": "Los Angeles"}}, {"type": "Feature", "geometry": {"type": "Polygon", "coordinates": [[[-118.60420415290179, 34.23972337069436], [-118.59965652347937, 34.243201181632564], [-118.60091881233907, 34.24811678375533], [-118.60672910173034, 34.24955440923155], [-118.61127661338884, 34.24607645440819], [-118.61001395346088, 34.24116101800582], [-118.60420415290179, 34.23972337069436]]]}, "properties": {"light_n": 3, "light_t": 0, "light_top": 86, "crime_n": 2, "crime_t": 0, "crime_top": 87, "bv": "0-0", "crime_night_n": 0, "crime_night_t": 0, "crime_night_top": null, "bv_night": "0-0", "nta": "Chatsworth", "boro": "Los Angeles"}}, {"type": "Feature", "geometry": {"type": "Polygon", "coordinates": [[[-118.29376852846184, 34.153210967408626], [-118.28920798152745, 34.15668067606587], [-118.29045743928317, 34.16160581013236], [-118.29626781861971, 34.16306107283318], [-118.30082825493696, 34.1595912192605], [-118.29957842257524, 34.15466624791474], [-118.29376852846184, 34.153210967408626]]]}, "properties": {"light_n": 1, "light_t": 0, "light_top": 100, "crime_n": 17, "crime_t": 1, "crime_top": 35, "bv": "1-0", "crime_night_n": 5, "crime_night_t": 1, "crime_night_top": 51, "bv_night": "1-0", "nta": "Northeast", "boro": "Los Angeles"}}, {"type": "Feature", "geometry": {"type": "Polygon", "coordinates": [[[-118.54848166714328, 34.064673991635836], [-118.5439382137406, 34.068151772999414], [-118.54519640102227, 34.07307407429943], [-118.55099841239176, 34.07451842846658], [-118.55554174964527, 34.07104050229622], [-118.55428319171907, 34.066118366777566], [-118.54848166714328, 34.064673991635836]]]}, "properties": {"light_n": 3, "light_t": 0, "light_top": 86, "crime_n": 0, "crime_t": 0, "crime_top": null, "bv": "0-0", "crime_night_n": 0, "crime_night_t": 0, "crime_night_top": null, "bv_night": "0-0", "nta": null, "boro": "Los Angeles"}}, {"type": "Feature", "geometry": {"type": "Polygon", "coordinates": [[[-118.52266901486433, 34.1550232487354], [-118.51812050351909, 34.15849949851432], [-118.51937872772747, 34.16341956065656], [-118.525185834911, 34.164863207863114], [-118.5297342304967, 34.16138681363957], [-118.52847563469908, 34.15646691666618], [-118.52266901486433, 34.1550232487354]]]}, "properties": {"light_n": 1, "light_t": 0, "light_top": 100, "crime_n": 15, "crime_t": 1, "crime_top": 38, "bv": "1-0", "crime_night_n": 2, "crime_night_t": 0, "crime_night_top": 82, "bv_night": "0-0", "nta": "West Valley", "boro": "Los Angeles"}}, {"type": "Feature", "geometry": {"type": "Polygon", "coordinates": [[[-118.65116372340238, 34.16847904192931], [-118.64662151238537, 34.17195882369495], [-118.64788477892122, 34.17687561719356], [-118.65369062648152, 34.178312462452034], [-118.65823271883505, 34.17483253657544], [-118.65696908233262, 34.16991590956331], [-118.65116372340238, 34.16847904192931]]]}, "properties": {"light_n": 3, "light_t": 0, "light_top": 86, "crime_n": 0, "crime_t": 0, "crime_top": null, "bv": "0-0", "crime_night_n": 0, "crime_night_t": 0, "crime_night_top": null, "bv_night": "0-0", "nta": "Woodland Hills-Warner Center", "boro": "Los Angeles"}}, {"type": "Feature", "geometry": {"type": "Polygon", "coordinates": [[[-118.43133859157585, 34.0953912552512], [-118.4267876700698, 34.09886543101966], [-118.42804173895506, 34.10378935979099], [-118.43384710178923, 34.10523894839318], [-118.43839790970522, 34.101764627718545], [-118.43714346841763, 34.09684086336007], [-118.43133859157585, 34.0953912552512]]]}, "properties": {"light_n": 2, "light_t": 0, "light_top": 92, "crime_n": 0, "crime_t": 0, "crime_top": null, "bv": "0-0", "crime_night_n": 0, "crime_night_t": 0, "crime_night_top": null, "bv_night": "0-0", "nta": "Bel Air-Beverly Crest", "boro": "Los Angeles"}}, {"type": "Feature", "geometry": {"type": "Polygon", "coordinates": [[[-118.50195733388765, 34.15908666381402], [-118.49740755599198, 34.16256228667843], [-118.49866503656835, 34.16748267880399], [-118.50447266697266, 34.16892728314469], [-118.50902232956446, 34.16545151581129], [-118.5077644770965, 34.160531288618294], [-118.50195733388765, 34.15908666381402]]]}, "properties": {"light_n": 4, "light_t": 0, "light_top": 81, "crime_n": 8, "crime_t": 1, "crime_top": 57, "bv": "1-0", "crime_night_n": 4, "crime_night_t": 1, "crime_night_top": 60, "bv_night": "1-0", "nta": "West Valley", "boro": "Los Angeles"}}, {"type": "Feature", "geometry": {"type": "Polygon", "coordinates": [[[-118.33587055282949, 33.99767355501048], [-118.33131857547363, 34.00114586581357], [-118.33256790239447, 34.006074902172266], [-118.33836957972085, 34.00753146399443], [-118.34292144582355, 34.00405900764387], [-118.34167174589334, 33.999130135030825], [-118.33587055282949, 33.99767355501048]]]}, "properties": {"light_n": 2, "light_t": 0, "light_top": 92, "crime_n": 11, "crime_t": 1, "crime_top": 46, "bv": "1-0", "crime_night_n": 4, "crime_night_t": 1, "crime_night_top": 60, "bv_night": "1-0", "nta": "Southwest", "boro": "Los Angeles"}}, {"type": "Feature", "geometry": {"type": "Polygon", "coordinates": [[[-118.44875319069209, 34.099739103764705], [-118.44420301389759, 34.10321373810845], [-118.44545779624627, 34.108137149558395], [-118.4512631276308, 34.109585762093204], [-118.45581319043599, 34.10611098289866], [-118.45455803588649, 34.10118773603226], [-118.44875319069209, 34.099739103764705]]]}, "properties": {"light_n": 3, "light_t": 0, "light_top": 86, "crime_n": 0, "crime_t": 0, "crime_top": null, "bv": "0-0", "crime_night_n": 0, "crime_night_t": 0, "crime_night_top": null, "bv_night": "0-0", "nta": "Bel Air-Beverly Crest", "boro": "Los Angeles"}}, {"type": "Feature", "geometry": {"type": "Polygon", "coordinates": [[[-118.27558459869, 33.737645763940804], [-118.27104002123836, 33.74111857385015], [-118.2722841489738, 33.746056820389086], [-118.27807322626963, 33.747522092987325], [-118.2826176943298, 33.74404913620135], [-118.28137319452556, 33.73911105370593], [-118.27558459869, 33.737645763940804]]]}, "properties": {"light_n": 1, "light_t": 0, "light_top": 100, "crime_n": 27, "crime_t": 2, "crime_top": 23, "bv": "2-0", "crime_night_n": 12, "crime_night_t": 2, "crime_night_top": 26, "bv_night": "2-0", "nta": "Harbor", "boro": "Los Angeles"}}, {"type": "Feature", "geometry": {"type": "Polygon", "coordinates": [[[-118.40587024016291, 34.208885702773465], [-118.40131333151551, 34.21235812480538], [-118.40256770509713, 34.2172790697061], [-118.40837936086605, 34.21872742886722], [-118.41293615626388, 34.21525486239726], [-118.41168140918296, 34.21033408121644], [-118.40587024016291, 34.208885702773465]]]}, "properties": {"light_n": 22, "light_t": 2, "light_top": 33, "crime_n": 5, "crime_t": 1, "crime_top": 69, "bv": "1-2", "crime_night_n": 0, "crime_night_t": 0, "crime_night_top": null, "bv_night": "0-2", "nta": "North Hollywood West", "boro": "Los Angeles"}}, {"type": "Feature", "geometry": {"type": "Polygon", "coordinates": [[[-118.4398233155796, 34.0006614985391], [-118.43527670517572, 34.004136748908934], [-118.43653003340532, 34.00906341956028], [-118.44233034373765, 34.01051467499947], [-118.44687684055432, 34.00703927930346], [-118.44562314066633, 34.002112773506546], [-118.4398233155796, 34.0006614985391]]]}, "properties": {"light_n": 1, "light_t": 0, "light_top": 100, "crime_n": 3, "crime_t": 0, "crime_top": 80, "bv": "0-0", "crime_night_n": 1, "crime_night_t": 0, "crime_night_top": 100, "bv_night": "0-0", "nta": "Pacific", "boro": "Los Angeles"}}, {"type": "Feature", "geometry": {"type": "Polygon", "coordinates": [[[-118.34381647585094, 34.05042817132684], [-118.33926276581634, 34.05390024371054], [-118.34051298694799, 34.058827480119774], [-118.34631729141196, 34.06028248052001], [-118.35087088990994, 34.05681026284793], [-118.34962029552092, 34.051883190076225], [-118.34381647585094, 34.05042817132684]]]}, "properties": {"light_n": 8, "light_t": 1, "light_top": 65, "crime_n": 12, "crime_t": 1, "crime_top": 44, "bv": "1-1", "crime_night_n": 5, "crime_night_t": 1, "crime_night_top": 51, "bv_night": "1-1", "nta": "Wilshire", "boro": "Los Angeles"}}, {"type": "Feature", "geometry": {"type": "Polygon", "coordinates": [[[-118.56736734531377, 34.13848966362418], [-118.56282188719618, 34.14196733260477], [-118.56408162697268, 34.14688692255569], [-118.569887195792, 34.148328677830634], [-118.57443253718377, 34.14485086442299], [-118.57317242652275, 34.139931440179495], [-118.56736734531377, 34.13848966362418]]]}, "properties": {"light_n": 2, "light_t": 0, "light_top": 92, "crime_n": 0, "crime_t": 0, "crime_top": null, "bv": "0-0", "crime_night_n": 0, "crime_night_t": 0, "crime_night_top": null, "bv_night": "0-0", "nta": "Tarzana", "boro": "Los Angeles"}}, {"type": "Feature", "geometry": {"type": "Polygon", "coordinates": [[[-118.33989072675448, 34.20624824414632], [-118.33533043943866, 34.20971879383949], [-118.33658225899003, 34.21464126398746], [-118.342394740252, 34.21609302143263], [-118.34695491580719, 34.21262232715698], [-118.34570272190159, 34.20770002003093], [-118.33989072675448, 34.20624824414632]]]}, "properties": {"light_n": 8, "light_t": 1, "light_top": 65, "crime_n": 1, "crime_t": 0, "crime_top": 100, "bv": "0-1", "crime_night_n": 0, "crime_night_t": 0, "crime_night_top": null, "bv_night": "0-1", "nta": "Sun Valley Area", "boro": "Los Angeles"}}, {"type": "Feature", "geometry": {"type": "Polygon", "coordinates": [[[-118.58119524808326, 34.29846966909383], [-118.57664398679476, 34.30194628872761], [-118.57790606614681, 34.30686054721736], [-118.5837197785963, 34.30829802082953], [-118.58827092251246, 34.30482125752928], [-118.58700847139238, 34.29990716429544], [-118.58119524808326, 34.29846966909383]]]}, "properties": {"light_n": 1, "light_t": 0, "light_top": 100, "crime_n": 0, "crime_t": 0, "crime_top": null, "bv": "0-0", "crime_night_n": 0, "crime_night_t": 0, "crime_night_top": null, "bv_night": "0-0", "nta": "Porter Ranch", "boro": "Los Angeles"}}, {"type": "Feature", "geometry": {"type": "Polygon", "coordinates": [[[-118.49393492902884, 34.10639683397911], [-118.4893868763479, 34.10987269766573], [-118.49064345670119, 34.114794908341324], [-118.49644846142246, 34.116241090299674], [-118.50099639908822, 34.112765081885485], [-118.4997394470885, 34.107843036252625], [-118.49393492902884, 34.10639683397911]]]}, "properties": {"light_n": 2, "light_t": 0, "light_top": 92, "crime_n": 0, "crime_t": 0, "crime_top": null, "bv": "0-0", "crime_night_n": 0, "crime_night_t": 0, "crime_night_top": null, "bv_night": "0-0", "nta": null, "boro": "Los Angeles"}}, {"type": "Feature", "geometry": {"type": "Polygon", "coordinates": [[[-118.48687402576981, 34.10002773444537], [-118.48232585824496, 34.10350345336058], [-118.48358209766488, 34.108426017460125], [-118.4893868763479, 34.10987269766573], [-118.49393492902884, 34.10639683397911], [-118.49267831791128, 34.10147443487041], [-118.48687402576981, 34.10002773444537]]]}, "properties": {"light_n": 1, "light_t": 0, "light_top": 100, "crime_n": 1, "crime_t": 0, "crime_top": 100, "bv": "0-0", "crime_night_n": 0, "crime_night_t": 0, "crime_night_top": null, "bv_night": "0-0", "nta": "West LA", "boro": "Los Angeles"}}, {"type": "Feature", "geometry": {"type": "Polygon", "coordinates": [[[-118.38239492490395, 34.07393151355305], [-118.37784229140479, 34.07740448118176], [-118.37909425030955, 34.08233014763047], [-118.38489921565962, 34.083782682496334], [-118.3894517367096, 34.080309569764154], [-118.38819940489911, 34.07538406728179], [-118.38239492490395, 34.07393151355305]]]}, "properties": {"light_n": 1, "light_t": 0, "light_top": 100, "crime_n": 12, "crime_t": 1, "crime_top": 44, "bv": "1-0", "crime_night_n": 1, "crime_night_t": 0, "crime_night_top": 100, "bv_night": "0-0", "nta": "Wilshire", "boro": "Los Angeles"}}, {"type": "Feature", "geometry": {"type": "Polygon", "coordinates": [[[-118.62289337035308, 34.1430565062063], [-118.61835068639753, 34.146535711084404], [-118.61961259013276, 34.15145392724072], [-118.62541754803934, 34.152892772249395], [-118.62996011401748, 34.14941342308289], [-118.62869784010725, 34.144495373208116], [-118.62289337035308, 34.1430565062063]]]}, "properties": {"light_n": 15, "light_t": 1, "light_top": 46, "crime_n": 0, "crime_t": 0, "crime_top": null, "bv": "0-1", "crime_night_n": 0, "crime_night_t": 0, "crime_night_top": null, "bv_night": "0-1", "nta": "Woodland Hills-Warner Center", "boro": "Los Angeles"}}, {"type": "Feature", "geometry": {"type": "Polygon", "coordinates": [[[-118.28348590300024, 33.79049314817162], [-118.27893959681053, 33.79396574238514], [-118.28018461298134, 33.79890222807503], [-118.28597630769838, 33.80036595562689], [-118.2905225042168, 33.79689321479988], [-118.2892771157295, 33.7919568930467], [-118.28348590300024, 33.79049314817162]]]}, "properties": {"light_n": 5, "light_t": 0, "light_top": 76, "crime_n": 3, "crime_t": 0, "crime_top": 80, "bv": "0-0", "crime_night_n": 2, "crime_night_t": 0, "crime_night_top": 82, "bv_night": "0-0", "nta": "Wilmington", "boro": "Los Angeles"}}, {"type": "Feature", "geometry": {"type": "Polygon", "coordinates": [[[-118.5496071964915, 34.281446459551866], [-118.54505494850206, 34.284922333107474], [-118.54631563046742, 34.289837829239936], [-118.55212893253865, 34.29127728684486], [-118.55668106390043, 34.287801269478535], [-118.5554200098595, 34.28288593833012], [-118.5496071964915, 34.281446459551866]]]}, "properties": {"light_n": 2, "light_t": 0, "light_top": 92, "crime_n": 0, "crime_t": 0, "crime_top": null, "bv": "0-0", "crime_night_n": 0, "crime_night_t": 0, "crime_night_top": null, "bv_night": "0-0", "nta": "Porter Ranch", "boro": "Los Angeles"}}, {"type": "Feature", "geometry": {"type": "Polygon", "coordinates": [[[-118.58069777437998, 34.27533394789594], [-118.57614743385462, 34.278810765269625], [-118.5774092315911, 34.28372576609662], [-118.58322174151377, 34.285163784224736], [-118.58777196472681, 34.28168682307827], [-118.5865097953704, 34.27677198758857], [-118.58069777437998, 34.27533394789594]]]}, "properties": {"light_n": 2, "light_t": 0, "light_top": 92, "crime_n": 2, "crime_t": 0, "crime_top": 87, "bv": "0-0", "crime_night_n": 0, "crime_night_t": 0, "crime_night_top": null, "bv_night": "0-0", "nta": "Porter Ranch", "boro": "Los Angeles"}}, {"type": "Feature", "geometry": {"type": "Polygon", "coordinates": [[[-118.52034766160973, 34.209725387102424], [-118.5157967913681, 34.21320107864704], [-118.51705554537212, 34.21811947963513], [-118.52286554164392, 34.219562024150505], [-118.52741629606422, 34.216086188406884], [-118.52615717007477, 34.211167952359034], [-118.52034766160973, 34.209725387102424]]]}, "properties": {"light_n": 15, "light_t": 1, "light_top": 46, "crime_n": 7, "crime_t": 1, "crime_top": 60, "bv": "1-1", "crime_night_n": 2, "crime_night_t": 0, "crime_night_top": 82, "bv_night": "0-1", "nta": "Reseda", "boro": "Los Angeles"}}, {"type": "Feature", "geometry": {"type": "Polygon", "coordinates": [[[-118.29270351347513, 33.91294408557656], [-118.2881527154088, 33.916415900278835], [-118.28939944651079, 33.92134847175626], [-118.29519734873027, 33.922809064954286], [-118.29974803667855, 33.919337104227594], [-118.29850093256555, 33.914404696339524], [-118.29270351347513, 33.91294408557656]]]}, "properties": {"light_n": 1, "light_t": 0, "light_top": 100, "crime_n": 4, "crime_t": 0, "crime_top": 74, "bv": "0-0", "crime_night_n": 2, "crime_night_t": 0, "crime_night_top": 82, "bv_night": "0-0", "nta": "Southeast", "boro": "Los Angeles"}}, {"type": "Feature", "geometry": {"type": "Polygon", "coordinates": [[[-118.56326163142501, 34.27101786751626], [-118.5587105379616, 34.27449422666393], [-118.55997162223221, 34.27940974995911], [-118.56578417183074, 34.280848748950504], [-118.57033514838199, 34.27737224597346], [-118.56907369228773, 34.27245688784649], [-118.56326163142501, 34.27101786751626]]]}, "properties": {"light_n": 3, "light_t": 0, "light_top": 86, "crime_n": 8, "crime_t": 1, "crime_top": 57, "bv": "1-0", "crime_night_n": 2, "crime_night_t": 0, "crime_night_top": 82, "bv_night": "0-0", "nta": "Devonshire", "boro": "Los Angeles"}}, {"type": "Feature", "geometry": {"type": "Polygon", "coordinates": [[[-118.55127603468411, 34.03310363728511], [-118.54673401564784, 34.036581772064835], [-118.54799195320713, 34.04150498769098], [-118.55379228024096, 34.042949902620535], [-118.55833418313136, 34.039471622893856], [-118.55707587517439, 34.034548573196616], [-118.55127603468411, 34.03310363728511]]]}, "properties": {"light_n": 1, "light_t": 0, "light_top": 100, "crime_n": 7, "crime_t": 1, "crime_top": 60, "bv": "1-0", "crime_night_n": 3, "crime_night_t": 1, "crime_night_top": 69, "bv_night": "1-0", "nta": "West LA", "boro": "Los Angeles"}}, {"type": "Feature", "geometry": {"type": "Polygon", "coordinates": [[[-118.42478980232498, 33.94152741967595], [-118.42024480336619, 33.945002752757894], [-118.4214968953958, 33.94993156776044], [-118.42729435788807, 33.951384884781945], [-118.43183924371594, 33.94790940606913], [-118.43058678022282, 33.942980755977764], [-118.42478980232498, 33.94152741967595]]]}, "properties": {"light_n": 1, "light_t": 0, "light_top": 100, "crime_n": 0, "crime_t": 0, "crime_top": null, "bv": "0-0", "crime_night_n": 0, "crime_night_t": 0, "crime_night_top": null, "bv_night": "0-0", "nta": "Westchester/Playa", "boro": "Los Angeles"}}, {"type": "Feature", "geometry": {"type": "Polygon", "coordinates": [[[-118.25161443496151, 33.75006983342244], [-118.2470680971466, 33.75354185814423], [-118.24831144743757, 33.75848025147301], [-118.254101508048, 33.75994645635491], [-118.25864773698281, 33.75647428476915], [-118.25740401422725, 33.751536055177645], [-118.25161443496151, 33.75006983342244]]]}, "properties": {"light_n": 1, "light_t": 0, "light_top": 100, "crime_n": 0, "crime_t": 0, "crime_top": null, "bv": "0-0", "crime_night_n": 0, "crime_night_t": 0, "crime_night_top": null, "bv_night": "0-0", "nta": "Wilmington", "boro": "Los Angeles"}}, {"type": "Feature", "geometry": {"type": "Polygon", "coordinates": [[[-118.50106764738611, 34.283227100969974], [-118.49651274343859, 34.28670156926709], [-118.4977715935799, 34.291618081096395], [-118.50358572044364, 34.29305996017991], [-118.50814050884969, 34.28958534797851], [-118.50688128597427, 34.28466900061004], [-118.50106764738611, 34.283227100969974]]]}, "properties": {"light_n": 2, "light_t": 0, "light_top": 92, "crime_n": 7, "crime_t": 1, "crime_top": 60, "bv": "1-0", "crime_night_n": 3, "crime_night_t": 1, "crime_night_top": 69, "bv_night": "1-0", "nta": "Devonshire", "boro": "Los Angeles"}}, {"type": "Feature", "geometry": {"type": "Polygon", "coordinates": [[[-118.51802399955781, 34.26441086295423], [-118.5134707679911, 34.267885989752834], [-118.51473005221835, 34.272802721499765], [-118.52054294043543, 34.274244161748655], [-118.52509605611905, 34.270768890995555], [-118.52383639950948, 34.26585232396022], [-118.51802399955781, 34.26441086295423]]]}, "properties": {"light_n": 3, "light_t": 0, "light_top": 86, "crime_n": 8, "crime_t": 1, "crime_top": 57, "bv": "1-0", "crime_night_n": 0, "crime_night_t": 0, "crime_night_top": null, "bv_night": "0-0", "nta": "Devonshire", "boro": "Los Angeles"}}, {"type": "Feature", "geometry": {"type": "Polygon", "coordinates": [[[-118.35282474981082, 33.97885345450401], [-118.34827443275249, 33.98232641445493], [-118.34952419686022, 33.987255659396446], [-118.35532465072717, 33.98871178040143], [-118.35987485618998, 33.985238674849406], [-118.35862471942167, 33.98030959390568], [-118.35282474981082, 33.97885345450401]]]}, "properties": {"light_n": 11, "light_t": 1, "light_top": 55, "crime_n": 2, "crime_t": 0, "crime_top": 87, "bv": "0-1", "crime_night_n": 2, "crime_night_t": 0, "crime_night_top": 82, "bv_night": "0-1", "nta": "Park Mesa Heights", "boro": "Los Angeles"}}, {"type": "Feature", "geometry": {"type": "Polygon", "coordinates": [[[-118.61178024585888, 34.26921429212436], [-118.60723181463625, 34.27269205143104], [-118.6084947267766, 34.277606555893215], [-118.61430644134433, 34.27904313537061], [-118.61885475457069, 34.2755652323295], [-118.61759147126646, 34.27065089355747], [-118.61178024585888, 34.26921429212436]]]}, "properties": {"light_n": 1, "light_t": 0, "light_top": 100, "crime_n": 2, "crime_t": 0, "crime_top": 87, "bv": "0-0", "crime_night_n": 0, "crime_night_t": 0, "crime_night_top": null, "bv_night": "0-0", "nta": "Devonshire", "boro": "Los Angeles"}}, {"type": "Feature", "geometry": {"type": "Polygon", "coordinates": [[[-118.30018625122817, 33.942536891281875], [-118.29563464190979, 33.946008663398196], [-118.29688198904788, 33.950940168083804], [-118.30268131865488, 33.95239973710322], [-118.3072328176292, 33.94892781911437], [-118.3059850973808, 33.94399647799086], [-118.30018625122817, 33.942536891281875]]]}, "properties": {"light_n": 1, "light_t": 0, "light_top": 100, "crime_n": 5, "crime_t": 1, "crime_top": 69, "bv": "1-0", "crime_night_n": 1, "crime_night_t": 0, "crime_night_top": 100, "bv_night": "0-0", "nta": "77th Street", "boro": "Los Angeles"}}, {"type": "Feature", "geometry": {"type": "Polygon", "coordinates": [[[-118.49117783621352, 34.308398947421985], [-118.48662137487958, 34.31187289916364], [-118.48788013242178, 34.31678883277957], [-118.49369572437338, 34.31823065040432], [-118.49825207033582, 34.31475655485204], [-118.49699293975897, 34.30984078549783], [-118.49117783621352, 34.308398947421985]]]}, "properties": {"light_n": 2, "light_t": 0, "light_top": 92, "crime_n": 1, "crime_t": 0, "crime_top": 100, "bv": "0-0", "crime_night_n": 0, "crime_night_t": 0, "crime_night_top": null, "bv_night": "0-0", "nta": "Granada Hills North", "boro": "Los Angeles"}}, {"type": "Feature", "geometry": {"type": "Polygon", "coordinates": [[[-118.5537298190759, 34.148922190353495], [-118.54918320909042, 34.15239937893689], [-118.55044254761286, 34.15731894521825], [-118.55624886729699, 34.158761157405245], [-118.56079536084005, 34.1552838244141], [-118.55953565118213, 34.15036442365579], [-118.5537298190759, 34.148922190353495]]]}, "properties": {"light_n": 7, "light_t": 1, "light_top": 69, "crime_n": 1, "crime_t": 0, "crime_top": 100, "bv": "0-1", "crime_night_n": 0, "crime_night_t": 0, "crime_night_top": null, "bv_night": "0-1", "nta": "Tarzana", "boro": "Los Angeles"}}, {"type": "Feature", "geometry": {"type": "Polygon", "coordinates": [[[-118.36484426494123, 34.24013163823085], [-118.36028390708584, 34.243602593171794], [-118.3615370631629, 34.24852345407189], [-118.3673509513882, 34.24997319687853], [-118.37191119685322, 34.2465020975591], [-118.37065766652393, 34.24158139982381], [-118.36484426494123, 34.24013163823085]]]}, "properties": {"light_n": 5, "light_t": 0, "light_top": 76, "crime_n": 0, "crime_t": 0, "crime_top": null, "bv": "0-0", "crime_night_n": 0, "crime_night_t": 0, "crime_night_top": null, "bv_night": "0-0", "nta": "Foothills Trails District", "boro": "Los Angeles"}}, {"type": "Feature", "geometry": {"type": "Polygon", "coordinates": [[[-118.25847849771728, 34.12129696324712], [-118.25391740026872, 34.1247659466829], [-118.25516514836818, 34.12969284173497], [-118.2609743688125, 34.131150590906536], [-118.26553535650098, 34.12768146234063], [-118.26428723354559, 34.1227547297456], [-118.25847849771728, 34.12129696324712]]]}, "properties": {"light_n": 1, "light_t": 0, "light_top": 100, "crime_n": 1, "crime_t": 0, "crime_top": 100, "bv": "0-0", "crime_night_n": 0, "crime_night_t": 0, "crime_night_top": null, "bv_night": "0-0", "nta": "Atwater Village", "boro": "Los Angeles"}}, {"type": "Feature", "geometry": {"type": "Polygon", "coordinates": [[[-118.5774092315911, 34.28372576609662], [-118.57285837212402, 34.287202412859145], [-118.57412013979499, 34.29211722147925], [-118.57993313869383, 34.293555218078], [-118.58448388090464, 34.29007842757391], [-118.58322174151377, 34.285163784224736], [-118.5774092315911, 34.28372576609662]]]}, "properties": {"light_n": 1, "light_t": 0, "light_top": 100, "crime_n": 2, "crime_t": 0, "crime_top": 87, "bv": "0-0", "crime_night_n": 2, "crime_night_t": 0, "crime_night_top": 82, "bv_night": "0-0", "nta": "Devonshire", "boro": "Los Angeles"}}, {"type": "Feature", "geometry": {"type": "Polygon", "coordinates": [[[-118.26467191184774, 34.08132367050746], [-118.26011277423258, 34.08479319470222], [-118.26136031253743, 34.08972119673949], [-118.2671673630037, 34.091179511924146], [-118.2717263907982, 34.08770984242812], [-118.27047847798742, 34.082782003061006], [-118.26467191184774, 34.08132367050746]]]}, "properties": {"light_n": 1, "light_t": 0, "light_top": 100, "crime_n": 7, "crime_t": 1, "crime_top": 60, "bv": "1-0", "crime_night_n": 1, "crime_night_t": 0, "crime_night_top": 100, "bv_night": "0-0", "nta": "Northeast", "boro": "Los Angeles"}}, {"type": "Feature", "geometry": {"type": "Polygon", "coordinates": [[[-118.37954942670628, 34.1055037782032], [-118.37499535382335, 34.10897638244247], [-118.37624755844001, 34.11390113149788], [-118.38205420913467, 34.11535311250692], [-118.38660816956859, 34.11188036330361], [-118.38535559179738, 34.106955778067515], [-118.37954942670628, 34.1055037782032]]]}, "properties": {"light_n": 1, "light_t": 0, "light_top": 100, "crime_n": 0, "crime_t": 0, "crime_top": null, "bv": "0-0", "crime_night_n": 0, "crime_night_t": 0, "crime_night_top": null, "bv_night": "0-0", "nta": "Bel Air-Beverly Crest", "boro": "Los Angeles"}}, {"type": "Feature", "geometry": {"type": "Polygon", "coordinates": [[[-118.4591146414131, 34.268206730247066], [-118.4545581247284, 34.27168013453993], [-118.4558152027021, 34.276598044374985], [-118.4616291705924, 34.27804238586002], [-118.46618557270939, 34.27456883750778], [-118.46492812154452, 34.26965109174209], [-118.4591146414131, 34.268206730247066]]]}, "properties": {"light_n": 4, "light_t": 0, "light_top": 81, "crime_n": 4, "crime_t": 0, "crime_top": 74, "bv": "0-0", "crime_night_n": 2, "crime_night_t": 0, "crime_night_top": 82, "bv_night": "0-0", "nta": "Mission Hills", "boro": "Los Angeles"}}, {"type": "Feature", "geometry": {"type": "Polygon", "coordinates": [[[-118.27633880160298, 34.148843171470716], [-118.27177751616497, 34.15231241798544], [-118.27302625715615, 34.157238067158566], [-118.27883665843189, 34.15869430728039], [-118.28339783365358, 34.155224915796204], [-118.28214871785624, 34.15029942917197], [-118.27633880160298, 34.148843171470716]]]}, "properties": {"light_n": 1, "light_t": 0, "light_top": 100, "crime_n": 0, "crime_t": 0, "crime_top": null, "bv": "0-0", "crime_night_n": 0, "crime_night_t": 0, "crime_night_top": null, "bv_night": "0-0", "nta": "Atwater Village", "boro": "Los Angeles"}}, {"type": "Feature", "geometry": {"type": "Polygon", "coordinates": [[[-118.33854900585757, 34.13675139094187], [-118.33399149189117, 34.14022253744383], [-118.33524247946754, 34.14514720953682], [-118.34105135495584, 34.14660057187681], [-118.34560875733112, 34.14312928047239], [-118.34435739584961, 34.13820477164271], [-118.33854900585757, 34.13675139094187]]]}, "properties": {"light_n": 1, "light_t": 0, "light_top": 100, "crime_n": 4, "crime_t": 0, "crime_top": 74, "bv": "0-0", "crime_night_n": 0, "crime_night_t": 0, "crime_night_top": null, "bv_night": "0-0", "nta": "N Hollywood", "boro": "Los Angeles"}}, {"type": "Feature", "geometry": {"type": "Polygon", "coordinates": [[[-118.37852303922341, 34.22971779350275], [-118.37396383101948, 34.23318923830411], [-118.37521739331885, 34.23811012764929], [-118.38103053786405, 34.23955940885548], [-118.38558963339098, 34.236087819655744], [-118.38433569709036, 34.23116709366046], [-118.37852303922341, 34.22971779350275]]]}, "properties": {"light_n": 3, "light_t": 0, "light_top": 86, "crime_n": 2, "crime_t": 0, "crime_top": 87, "bv": "0-0", "crime_night_n": 1, "crime_night_t": 0, "crime_night_top": 100, "bv_night": "0-0", "nta": "Sun Valley Area", "boro": "Los Angeles"}}, {"type": "Feature", "geometry": {"type": "Polygon", "coordinates": [[[-118.38000479134676, 34.12867429567391], [-118.37544979584878, 34.132146704674646], [-118.37670227814365, 34.137070723001045], [-118.3825101292807, 34.13852216860016], [-118.3870650122727, 34.13504961474259], [-118.38581215667415, 34.130125760154954], [-118.38000479134676, 34.12867429567391]]]}, "properties": {"light_n": 3, "light_t": 0, "light_top": 86, "crime_n": 0, "crime_t": 0, "crime_top": null, "bv": "0-0", "crime_night_n": 0, "crime_night_t": 0, "crime_night_top": null, "bv_night": "0-0", "nta": "Studio City", "boro": "Los Angeles"}}, {"type": "Feature", "geometry": {"type": "Polygon", "coordinates": [[[-118.53777615005416, 34.21405210392657], [-118.533226030016, 34.21752825376092], [-118.53448549743375, 34.22244613400975], [-118.54029545671287, 34.22388769932649], [-118.54484546052991, 34.22041140534933], [-118.54358562132971, 34.21549369021036], [-118.53777615005416, 34.21405210392657]]]}, "properties": {"light_n": 3, "light_t": 0, "light_top": 86, "crime_n": 29, "crime_t": 2, "crime_top": 21, "bv": "2-0", "crime_night_n": 11, "crime_night_t": 2, "crime_night_top": 28, "bv_night": "2-0", "nta": "West Valley", "boro": "Los Angeles"}}, {"type": "Feature", "geometry": {"type": "Polygon", "coordinates": [[[-118.16429392924519, 34.092998628230546], [-118.15972905010804, 34.09646515145313], [-118.16097286905868, 34.10139496263148], [-118.1667819430879, 34.10285808905849], [-118.17134671464017, 34.099391420396266], [-118.17010251978833, 34.094461770759054], [-118.16429392924519, 34.092998628230546]]]}, "properties": {"light_n": 6, "light_t": 0, "light_top": 72, "crime_n": 3, "crime_t": 0, "crime_top": 80, "bv": "0-0", "crime_night_n": 2, "crime_night_t": 0, "crime_night_top": 82, "bv_night": "0-0", "nta": "LA-32", "boro": "Los Angeles"}}, {"type": "Feature", "geometry": {"type": "Polygon", "coordinates": [[[-118.46287375811607, 34.11248201099686], [-118.45832380947144, 34.11595693499848], [-118.45957927398048, 34.12087964009211], [-118.46538505927359, 34.12232725650865], [-118.46993489358638, 34.11885218774364], [-118.46867905697847, 34.11392964733763], [-118.46287375811607, 34.11248201099686]]]}, "properties": {"light_n": 1, "light_t": 0, "light_top": 100, "crime_n": 0, "crime_t": 0, "crime_top": null, "bv": "0-0", "crime_night_n": 0, "crime_night_t": 0, "crime_night_top": null, "bv_night": "0-0", "nta": "Bel Air-Beverly Crest", "boro": "Los Angeles"}}, {"type": "Feature", "geometry": {"type": "Polygon", "coordinates": [[[-118.34454397484527, 34.267326239463074], [-118.33998142975975, 34.27079635653199], [-118.34123411470358, 34.27571680409034], [-118.34704971947743, 34.2771669717452], [-118.35161215257477, 34.27369671038064], [-118.35035909292706, 34.26877642566916], [-118.34454397484527, 34.267326239463074]]]}, "properties": {"light_n": 1, "light_t": 0, "light_top": 100, "crime_n": 0, "crime_t": 0, "crime_top": null, "bv": "0-0", "crime_night_n": 0, "crime_night_t": 0, "crime_night_top": null, "bv_night": "0-0", "nta": "Foothills Trails District", "boro": "Los Angeles"}}, {"type": "Feature", "geometry": {"type": "Polygon", "coordinates": [[[-118.48968755238285, 34.068460173966656], [-118.48514082158806, 34.071936251343594], [-118.48639681265416, 34.07685973263827], [-118.49219990600552, 34.0783069714299], [-118.49674652195843, 34.07483074914188], [-118.49549015944241, 34.06990743298544], [-118.48968755238285, 34.068460173966656]]]}, "properties": {"light_n": 1, "light_t": 0, "light_top": 100, "crime_n": 0, "crime_t": 0, "crime_top": null, "bv": "0-0", "crime_night_n": 0, "crime_night_t": 0, "crime_night_top": null, "bv_night": "0-0", "nta": null, "boro": "Los Angeles"}}, {"type": "Feature", "geometry": {"type": "Polygon", "coordinates": [[[-118.43842250958916, 33.931100467149335], [-118.43387865544558, 33.934576276779346], [-118.4351311501692, 33.93950511169175], [-118.44092787029105, 33.94095797188976], [-118.44547161102011, 33.937482016607845], [-118.44421874508218, 33.93255334679192], [-118.43842250958916, 33.931100467149335]]]}, "properties": {"light_n": 1, "light_t": 0, "light_top": 100, "crime_n": 4, "crime_t": 0, "crime_top": 74, "bv": "0-0", "crime_night_n": 4, "crime_night_t": 1, "crime_night_top": 60, "bv_night": "1-0", "nta": "Pacific", "boro": "Los Angeles"}}, {"type": "Feature", "geometry": {"type": "Polygon", "coordinates": [[[-118.58777196472681, 34.28168682307827], [-118.58322174151377, 34.285163784224736], [-118.58448388090464, 34.29007842757391], [-118.59029661511742, 34.2915159444001], [-118.59484672084605, 34.288038839524816], [-118.59358420988725, 34.283124361564234], [-118.58777196472681, 34.28168682307827]]]}, "properties": {"light_n": 2, "light_t": 0, "light_top": 92, "crime_n": 0, "crime_t": 0, "crime_top": null, "bv": "0-0", "crime_night_n": 0, "crime_night_t": 0, "crime_night_top": null, "bv_night": "0-0", "nta": "Porter Ranch", "boro": "Los Angeles"}}, {"type": "Feature", "geometry": {"type": "Polygon", "coordinates": [[[-118.24458170331513, 33.74366454591501], [-118.24003525678967, 33.7471364237294], [-118.24127826742851, 33.7520751616799], [-118.2470680971466, 33.75354185814423], [-118.25161443496151, 33.75006983342244], [-118.25037105180883, 33.745131259155926], [-118.24458170331513, 33.74366454591501]]]}, "properties": {"light_n": 1, "light_t": 0, "light_top": 100, "crime_n": 0, "crime_t": 0, "crime_top": null, "bv": "0-0", "crime_night_n": 0, "crime_night_t": 0, "crime_night_top": null, "bv_night": "0-0", "nta": "Wilmington", "boro": "Los Angeles"}}, {"type": "Feature", "geometry": {"type": "Polygon", "coordinates": [[[-118.35657475552433, 33.99364067534489], [-118.35202403373478, 33.99711361322685], [-118.35327410652465, 34.002042321975104], [-118.35907527385423, 34.00349792886973], [-118.36362588393469, 34.00002484546253], [-118.36237543843495, 33.99509630069814], [-118.35657475552433, 33.99364067534489]]]}, "properties": {"light_n": 2, "light_t": 0, "light_top": 92, "crime_n": 4, "crime_t": 0, "crime_top": 74, "bv": "0-0", "crime_night_n": 3, "crime_night_t": 1, "crime_night_top": 69, "bv_night": "1-0", "nta": "Southwest", "boro": "Los Angeles"}}, {"type": "Feature", "geometry": {"type": "Polygon", "coordinates": [[[-118.24105225008418, 34.11692171112476], [-118.23649041613562, 34.12039023214886], [-118.23773744728918, 34.125317641141535], [-118.2435466874871, 34.126776366837625], [-118.24810841207622, 34.12330770062971], [-118.24686100586719, 34.11838045392186], [-118.24105225008418, 34.11692171112476]]]}, "properties": {"light_n": 1, "light_t": 0, "light_top": 100, "crime_n": 15, "crime_t": 1, "crime_top": 38, "bv": "1-0", "crime_night_n": 6, "crime_night_t": 1, "crime_night_top": 46, "bv_night": "1-0", "nta": "Northeast", "boro": "Los Angeles"}}, {"type": "Feature", "geometry": {"type": "Polygon", "coordinates": [[[-118.5316813872943, 34.253984510490504], [-118.52712930921818, 34.257460123230764], [-118.5283889963495, 34.262376882099495], [-118.53420113372843, 34.2638178633442], [-118.5387530956367, 34.26034210663055], [-118.53749303637473, 34.25542551265773], [-118.5316813872943, 34.253984510490504]]]}, "properties": {"light_n": 6, "light_t": 0, "light_top": 72, "crime_n": 14, "crime_t": 1, "crime_top": 40, "bv": "1-0", "crime_night_n": 4, "crime_night_t": 1, "crime_night_top": 60, "bv_night": "1-0", "nta": "Devonshire", "boro": "Los Angeles"}}, {"type": "Feature", "geometry": {"type": "Polygon", "coordinates": [[[-118.55701654262421, 34.140525078152464], [-118.55247045033522, 34.144002434813146], [-118.5537298190759, 34.148922190353495], [-118.55953565118213, 34.15036442365579], [-118.56408162697268, 34.14688692255569], [-118.56282188719618, 34.14196733260477], [-118.55701654262421, 34.140525078152464]]]}, "properties": {"light_n": 7, "light_t": 1, "light_top": 69, "crime_n": 0, "crime_t": 0, "crime_top": null, "bv": "0-1", "crime_night_n": 0, "crime_night_t": 0, "crime_night_top": null, "bv_night": "0-1", "nta": "Tarzana", "boro": "Los Angeles"}}, {"type": "Feature", "geometry": {"type": "Polygon", "coordinates": [[[-118.284789559629, 33.86013650699505], [-118.28024049346018, 33.863608549140494], [-118.28148633393162, 33.86854289958434], [-118.28728161337482, 33.87000504419837], [-118.2918305697066, 33.86653285576744], [-118.29058435647238, 33.86159866902016], [-118.284789559629, 33.86013650699505]]]}, "properties": {"light_n": 1, "light_t": 0, "light_top": 100, "crime_n": 17, "crime_t": 1, "crime_top": 35, "bv": "1-0", "crime_night_n": 6, "crime_night_t": 1, "crime_night_top": 46, "bv_night": "1-0", "nta": "Harbor", "boro": "Los Angeles"}}, {"type": "Feature", "geometry": {"type": "Polygon", "coordinates": [[[-118.28182732690827, 34.25627498031958], [-118.27726192806246, 34.25974338989692], [-118.27851208469566, 34.264665551838895], [-118.28432801567284, 34.26611914200184], [-118.28889330396574, 34.26265058795457], [-118.28764277187491, 34.257728588226655], [-118.28182732690827, 34.25627498031958]]]}, "properties": {"light_n": 2, "light_t": 0, "light_top": 92, "crime_n": 0, "crime_t": 0, "crime_top": null, "bv": "0-0", "crime_night_n": 0, "crime_night_t": 0, "crime_night_top": null, "bv_night": "0-0", "nta": "Sunland-Tujunga", "boro": "Los Angeles"}}, {"type": "Feature", "geometry": {"type": "Polygon", "coordinates": [[[-118.4906988431455, 34.28525918942278], [-118.48614330483606, 34.288733341846125], [-118.4874017820917, 34.293650018018205], [-118.4932161705832, 34.29509237743635], [-118.4977715935799, 34.291618081096395], [-118.49651274343859, 34.28670156926709], [-118.4906988431455, 34.28525918942278]]]}, "properties": {"light_n": 1, "light_t": 0, "light_top": 100, "crime_n": 1, "crime_t": 0, "crime_top": 100, "bv": "0-0", "crime_night_n": 0, "crime_night_t": 0, "crime_night_top": null, "bv_night": "0-0", "nta": "Granada Hills North", "boro": "Los Angeles"}}, {"type": "Feature", "geometry": {"type": "Polygon", "coordinates": [[[-118.49674652195843, 34.07483074914188], [-118.49219990600552, 34.0783069714299], [-118.49345623780144, 34.08323009986343], [-118.4992595569896, 34.08467684083089], [-118.50380605792952, 34.0812004736757], [-118.50254935473482, 34.076277510432305], [-118.49674652195843, 34.07483074914188]]]}, "properties": {"light_n": 1, "light_t": 0, "light_top": 100, "crime_n": 0, "crime_t": 0, "crime_top": null, "bv": "0-0", "crime_night_n": 0, "crime_night_t": 0, "crime_night_top": null, "bv_night": "0-0", "nta": null, "boro": "Los Angeles"}}, {"type": "Feature", "geometry": {"type": "Polygon", "coordinates": [[[-118.57443253718377, 34.14485086442299], [-118.569887195792, 34.148328677830634], [-118.57114727643413, 34.15324791294795], [-118.57695306934153, 34.154689168910735], [-118.581498293836, 34.15121121112019], [-118.5802378423611, 34.14629214176181], [-118.57443253718377, 34.14485086442299]]]}, "properties": {"light_n": 2, "light_t": 0, "light_top": 92, "crime_n": 2, "crime_t": 0, "crime_top": 87, "bv": "0-0", "crime_night_n": 0, "crime_night_t": 0, "crime_night_top": null, "bv_night": "0-0", "nta": "Woodland Hills-Warner Center", "boro": "Los Angeles"}}, {"type": "Feature", "geometry": {"type": "Polygon", "coordinates": [[[-118.3893520628186, 34.25084890454892], [-118.38479256143485, 34.25432046541396], [-118.3860467761675, 34.25924045292968], [-118.39186086632441, 34.26068871620478], [-118.39642025474465, 34.25721701105928], [-118.39516566601212, 34.252297186931386], [-118.3893520628186, 34.25084890454892]]]}, "properties": {"light_n": 1, "light_t": 0, "light_top": 100, "crime_n": 2, "crime_t": 0, "crime_top": 87, "bv": "0-0", "crime_night_n": 1, "crime_night_t": 0, "crime_night_top": 100, "bv_night": "0-0", "nta": "Foothill", "boro": "Los Angeles"}}, {"type": "Feature", "geometry": {"type": "Polygon", "coordinates": [[[-118.31119565674344, 33.79287283016664], [-118.30665070928715, 33.796346192845455], [-118.30789680963892, 33.801282004586454], [-118.31368822945639, 33.8027442894318], [-118.31823306661738, 33.7992707802041], [-118.31698659429624, 33.7943351326921], [-118.31119565674344, 33.79287283016664]]]}, "properties": {"light_n": 1, "light_t": 0, "light_top": 100, "crime_n": 4, "crime_t": 0, "crime_top": 74, "bv": "0-0", "crime_night_n": 1, "crime_night_t": 0, "crime_night_top": 100, "bv_night": "0-0", "nta": "Harbor", "boro": "Los Angeles"}}, {"type": "Feature", "geometry": {"type": "Polygon", "coordinates": [[[-118.57033514838199, 34.27737224597346], [-118.56578417183074, 34.280848748950504], [-118.5670455977954, 34.285763914997084], [-118.57285837212402, 34.287202412859145], [-118.5774092315911, 34.28372576609662], [-118.57614743385462, 34.278810765269625], [-118.57033514838199, 34.27737224597346]]]}, "properties": {"light_n": 1, "light_t": 0, "light_top": 100, "crime_n": 3, "crime_t": 0, "crime_top": 80, "bv": "0-0", "crime_night_n": 2, "crime_night_t": 0, "crime_night_top": 82, "bv_night": "0-0", "nta": "Devonshire", "boro": "Los Angeles"}}, {"type": "Feature", "geometry": {"type": "Polygon", "coordinates": [[[-118.50661408837533, 34.04963056833054], [-118.5020690232818, 34.05310729193292], [-118.5033254471303, 34.058030982952396], [-118.50912730721299, 34.05947778499212], [-118.51367225712474, 34.05600091642659], [-118.51241546217608, 34.05107739079657], [-118.50661408837533, 34.04963056833054]]]}, "properties": {"light_n": 1, "light_t": 0, "light_top": 100, "crime_n": 0, "crime_t": 0, "crime_top": null, "bv": "0-0", "crime_night_n": 0, "crime_night_t": 0, "crime_night_top": null, "bv_night": "0-0", "nta": null, "boro": "Los Angeles"}}, {"type": "Feature", "geometry": {"type": "Polygon", "coordinates": [[[-118.39467591079338, 33.99396767382945], [-118.39012718629385, 33.9974416962623], [-118.3913787173787, 34.00236956223677], [-118.39717934521336, 34.003823241397214], [-118.40172795714976, 34.00034907351639], [-118.40047605385504, 33.995421371935265], [-118.39467591079338, 33.99396767382945]]]}, "properties": {"light_n": 2, "light_t": 0, "light_top": 92, "crime_n": 0, "crime_t": 0, "crime_top": null, "bv": "0-0", "crime_night_n": 0, "crime_night_t": 0, "crime_night_top": null, "bv_night": "0-0", "nta": "Del Rey", "boro": "Los Angeles"}}, {"type": "Feature", "geometry": {"type": "Polygon", "coordinates": [[[-118.40172795714976, 34.00034907351639], [-118.39717934521336, 34.003823241397214], [-118.39843121692608, 34.008750756725846], [-118.40423207277499, 34.01020393974005], [-118.40878057197747, 34.006729626454934], [-118.40752832810537, 34.00180227557205], [-118.40172795714976, 34.00034907351639]]]}, "properties": {"light_n": 3, "light_t": 0, "light_top": 86, "crime_n": 1, "crime_t": 0, "crime_top": 100, "bv": "0-0", "crime_night_n": 0, "crime_night_t": 0, "crime_night_top": null, "bv_night": "0-0", "nta": "Del Rey", "boro": "Los Angeles"}}, {"type": "Feature", "geometry": {"type": "Polygon", "coordinates": [[[-118.33053351552833, 33.719186643743036], [-118.32599257121052, 33.7226611653944], [-118.32723858993833, 33.72759877079361], [-118.33302592425147, 33.72906168984507], [-118.33756675798759, 33.72558702133607], [-118.33632036803233, 33.720649580645365], [-118.33053351552833, 33.719186643743036]]]}, "properties": {"light_n": 3, "light_t": 0, "light_top": 86, "crime_n": 0, "crime_t": 0, "crime_top": null, "bv": "0-0", "crime_night_n": 0, "crime_night_t": 0, "crime_night_top": null, "bv_night": "0-0", "nta": "Coastal San Pedro", "boro": "Los Angeles"}}, {"type": "Feature", "geometry": {"type": "Polygon", "coordinates": [[[-118.56030271837317, 34.132127609037404], [-118.55575714370114, 34.135605133546875], [-118.55701654262421, 34.140525078152464], [-118.56282188719618, 34.14196733260477], [-118.56736734531377, 34.13848966362418], [-118.56610757545454, 34.13356988467442], [-118.56030271837317, 34.132127609037404]]]}, "properties": {"light_n": 2, "light_t": 0, "light_top": 92, "crime_n": 0, "crime_t": 0, "crime_top": null, "bv": "0-0", "crime_night_n": 0, "crime_night_t": 0, "crime_night_top": null, "bv_night": "0-0", "nta": "Tarzana", "boro": "Los Angeles"}}, {"type": "Feature", "geometry": {"type": "Polygon", "coordinates": [[[-118.53924187172115, 34.283482374450855], [-118.5346889883198, 34.286957932981764], [-118.53594929805779, 34.291873593980434], [-118.54176286346534, 34.293313531594116], [-118.54631563046742, 34.289837829239936], [-118.54505494850206, 34.284922333107474], [-118.53924187172115, 34.283482374450855]]]}, "properties": {"light_n": 1, "light_t": 0, "light_top": 100, "crime_n": 0, "crime_t": 0, "crime_top": null, "bv": "0-0", "crime_night_n": 0, "crime_night_t": 0, "crime_night_top": null, "bv_night": "0-0", "nta": "Porter Ranch", "boro": "Los Angeles"}}, {"type": "Feature", "geometry": {"type": "Polygon", "coordinates": [[[-118.56457511146854, 34.170040937879556], [-118.56002821665136, 34.17351824686539], [-118.5612882070218, 34.178436913442184], [-118.5670954633821, 34.17987810548546], [-118.5716422414698, 34.1764006522116], [-118.57038187996746, 34.17148215119457], [-118.56457511146854, 34.170040937879556]]]}, "properties": {"light_n": 1, "light_t": 0, "light_top": 100, "crime_n": 14, "crime_t": 1, "crime_top": 40, "bv": "1-0", "crime_night_n": 4, "crime_night_t": 1, "crime_night_top": 60, "bv_night": "1-0", "nta": "Topanga", "boro": "Los Angeles"}}, {"type": "Feature", "geometry": {"type": "Polygon", "coordinates": [[[-118.50340022713098, 34.228545559116505], [-118.49884768610265, 34.23202059552568], [-118.5001060065227, 34.23693877926283], [-118.50591724034864, 34.238381761913566], [-118.51046966589676, 34.23490658135603], [-118.50921097313993, 34.22998856230827], [-118.50340022713098, 34.228545559116505]]]}, "properties": {"light_n": 1, "light_t": 0, "light_top": 100, "crime_n": 3, "crime_t": 0, "crime_top": 80, "bv": "0-0", "crime_night_n": 2, "crime_night_t": 0, "crime_night_top": 82, "bv_night": "0-0", "nta": "Devonshire", "boro": "Los Angeles"}}, {"type": "Feature", "geometry": {"type": "Polygon", "coordinates": [[[-118.37624755844001, 34.11390113149788], [-118.37169296812168, 34.11737356578213], [-118.37294514084934, 34.12229812599527], [-118.37875227719019, 34.12375008818355], [-118.38330675511669, 34.1202775089672], [-118.38205420913467, 34.11535311250692], [-118.37624755844001, 34.11390113149788]]]}, "properties": {"light_n": 1, "light_t": 0, "light_top": 100, "crime_n": 1, "crime_t": 0, "crime_top": 100, "bv": "0-0", "crime_night_n": 0, "crime_night_t": 0, "crime_night_top": null, "bv_night": "0-0", "nta": "Hollywood Hills West", "boro": "Los Angeles"}}, {"type": "Feature", "geometry": {"type": "Polygon", "coordinates": [[[-118.23560880067562, 34.00939025215961], [-118.2310510745047, 34.01285958514159], [-118.232296696308, 34.01779043938834], [-118.23810041872724, 34.019251798046916], [-118.2426580358716, 34.015782319376825], [-118.24141203966346, 34.01085162774857], [-118.23560880067562, 34.00939025215961]]]}, "properties": {"light_n": 1, "light_t": 0, "light_top": 100, "crime_n": 2, "crime_t": 0, "crime_top": 87, "bv": "0-0", "crime_night_n": 1, "crime_night_t": 0, "crime_night_top": 100, "bv_night": "0-0", "nta": "Newton", "boro": "Los Angeles"}}, {"type": "Feature", "geometry": {"type": "Polygon", "coordinates": [[[-118.49955648547089, 34.04325937026441], [-118.49501130536663, 34.04673594885963], [-118.49626738867617, 34.0516599923566], [-118.5020690232818, 34.05310729193292], [-118.50661408837533, 34.04963056833054], [-118.50535763391444, 34.0447066901711], [-118.49955648547089, 34.04325937026441]]]}, "properties": {"light_n": 1, "light_t": 0, "light_top": 100, "crime_n": 0, "crime_t": 0, "crime_top": null, "bv": "0-0", "crime_night_n": 0, "crime_night_t": 0, "crime_night_top": null, "bv_night": "0-0", "nta": null, "boro": "Los Angeles"}}, {"type": "Feature", "geometry": {"type": "Polygon", "coordinates": [[[-118.47325707335239, 34.28093008809872], [-118.46870078597512, 34.284403780466846], [-118.46995854809923, 34.28932097752141], [-118.47577297072998, 34.2907643180471], [-118.48032914319543, 34.28729048170657], [-118.47907100798271, 34.282373448824956], [-118.47325707335239, 34.28093008809872]]]}, "properties": {"light_n": 1, "light_t": 0, "light_top": 100, "crime_n": 0, "crime_t": 0, "crime_top": null, "bv": "0-0", "crime_night_n": 0, "crime_night_t": 0, "crime_night_top": null, "bv_night": "0-0", "nta": "Granada Hills North", "boro": "Los Angeles"}}, {"type": "Feature", "geometry": {"type": "Polygon", "coordinates": [[[-118.23102356496526, 33.948199664438754], [-118.22646809357924, 33.95166940632742], [-118.22771285797711, 33.956602238234], [-118.23351346785621, 33.95806516547231], [-118.23806883043788, 33.95459527760413], [-118.23682369198497, 33.949662608489426], [-118.23102356496526, 33.948199664438754]]]}, "properties": {"light_n": 1, "light_t": 0, "light_top": 100, "crime_n": 3, "crime_t": 0, "crime_top": 80, "bv": "0-0", "crime_night_n": 0, "crime_night_t": 0, "crime_night_top": null, "bv_night": "0-0", "nta": "Southeast", "boro": "Los Angeles"}}, {"type": "Feature", "geometry": {"type": "Polygon", "coordinates": [[[-118.45675894460155, 34.32288088229771], [-118.45220006123782, 34.32635371078907], [-118.45345766752689, 34.33126994315924], [-118.45927453081025, 34.33271318320919], [-118.4638332995465, 34.32924021090155], [-118.46257531966766, 34.324324142372454], [-118.45675894460155, 34.32288088229771]]]}, "properties": {"light_n": 1, "light_t": 0, "light_top": 100, "crime_n": 1, "crime_t": 0, "crime_top": 100, "bv": "0-0", "crime_night_n": 0, "crime_night_t": 0, "crime_night_top": null, "bv_night": "0-0", "nta": "Sylmar", "boro": "Los Angeles"}}, {"type": "Feature", "geometry": {"type": "Polygon", "coordinates": [[[-118.28670937523626, 34.146829865473165], [-118.28214871785624, 34.15029942917197], [-118.28339783365358, 34.155224915796204], [-118.28920798152745, 34.15668067606587], [-118.29376852846184, 34.153210967408626], [-118.2925190380084, 34.14828564345247], [-118.28670937523626, 34.146829865473165]]]}, "properties": {"light_n": 1, "light_t": 0, "light_top": 100, "crime_n": 0, "crime_t": 0, "crime_top": null, "bv": "0-0", "crime_night_n": 0, "crime_night_t": 0, "crime_night_top": null, "bv_night": "0-0", "nta": "Atwater Village", "boro": "Los Angeles"}}, {"type": "Feature", "geometry": {"type": "Polygon", "coordinates": [[[-118.5670455977954, 34.285763914997084], [-118.56249410227865, 34.28924024716623], [-118.56375549807773, 34.29415522093956], [-118.5695687613063, 34.295593697402644], [-118.57412013979499, 34.29211722147925], [-118.57285837212402, 34.287202412859145], [-118.5670455977954, 34.285763914997084]]]}, "properties": {"light_n": 1, "light_t": 0, "light_top": 100, "crime_n": 1, "crime_t": 0, "crime_top": 100, "bv": "0-0", "crime_night_n": 1, "crime_night_t": 0, "crime_night_top": 100, "bv_night": "0-0", "nta": "Porter Ranch", "boro": "Los Angeles"}}, {"type": "Feature", "geometry": {"type": "Polygon", "coordinates": [[[-118.47038459049692, 33.97140337893872], [-118.46584078904615, 33.974879750882835], [-118.46709495339833, 33.9798066492675], [-118.47289329030157, 33.98125701042897], [-118.47743697754139, 33.97778049308507], [-118.47618244212939, 33.97285375999156], [-118.47038459049692, 33.97140337893872]]]}, "properties": {"light_n": 0, "light_t": 0, "light_top": null, "crime_n": 4, "crime_t": 0, "crime_top": 74, "bv": "0-0", "crime_night_n": 0, "crime_night_t": 0, "crime_night_top": null, "bv_night": "0-0", "nta": "Pacific", "boro": "Los Angeles"}}, {"type": "Feature", "geometry": {"type": "Polygon", "coordinates": [[[-118.55750854680052, 34.16368036877729], [-118.55296153542542, 34.167157533431066], [-118.55422118473868, 34.17207655522318], [-118.56002821665136, 34.17351824686539], [-118.56457511146854, 34.170040937879556], [-118.56331509097171, 34.165122081595655], [-118.55750854680052, 34.16368036877729]]]}, "properties": {"light_n": 0, "light_t": 0, "light_top": null, "crime_n": 11, "crime_t": 1, "crime_top": 46, "bv": "1-0", "crime_night_n": 3, "crime_night_t": 1, "crime_night_top": 69, "bv_night": "1-0", "nta": "West Valley", "boro": "Los Angeles"}}, {"type": "Feature", "geometry": {"type": "Polygon", "coordinates": [[[-118.31958811950099, 34.233444041323715], [-118.31502564682306, 34.236913754359065], [-118.3162769944839, 34.24183581312547], [-118.32209118966858, 34.243287996165094], [-118.32665355098834, 34.23981813863067], [-118.32540182852213, 34.23489624256802], [-118.31958811950099, 34.233444041323715]]]}, "properties": {"light_n": 0, "light_t": 0, "light_top": null, "crime_n": 1, "crime_t": 0, "crime_top": 100, "bv": "0-0", "crime_night_n": 0, "crime_night_t": 0, "crime_night_top": null, "bv_night": "0-0", "nta": "Foothill", "boro": "Los Angeles"}}, {"type": "Feature", "geometry": {"type": "Polygon", "coordinates": [[[-118.40364488185382, 33.92237639071491], [-118.39909954452513, 33.925851286641375], [-118.40035061604051, 33.93078115033939], [-118.40614739653988, 33.932235953369165], [-118.41069262124907, 33.92876091168039], [-118.40944117811868, 33.92383121273629], [-118.40364488185382, 33.92237639071491]]]}, "properties": {"light_n": 0, "light_t": 0, "light_top": null, "crime_n": 2, "crime_t": 0, "crime_top": 87, "bv": "0-0", "crime_night_n": 1, "crime_night_t": 0, "crime_night_top": 100, "bv_night": "0-0", "nta": "Pacific", "boro": "Los Angeles"}}, {"type": "Feature", "geometry": {"type": "Polygon", "coordinates": [[[-118.59891484012793, 34.15553256770145], [-118.59437036775927, 34.15901098190412], [-118.59563150089828, 34.16392934095598], [-118.60143747702449, 34.16536911983753], [-118.60598183192556, 34.16189056135281], [-118.6047203282088, 34.15697236828063], [-118.59891484012793, 34.15553256770145]]]}, "properties": {"light_n": 0, "light_t": 0, "light_top": null, "crime_n": 6, "crime_t": 1, "crime_top": 65, "bv": "1-0", "crime_night_n": 4, "crime_night_t": 1, "crime_night_top": 60, "bv_night": "1-0", "nta": "Topanga", "boro": "Los Angeles"}}, {"type": "Feature", "geometry": {"type": "Polygon", "coordinates": [[[-118.60547987611652, 34.138737951020424], [-118.60093643914256, 34.14221670009533], [-118.60219763182886, 34.14713543758224], [-118.60800263190839, 34.148575259893796], [-118.61254595130346, 34.145096366473545], [-118.61128438823864, 34.1401777950991], [-118.60547987611652, 34.138737951020424]]]}, "properties": {"light_n": 0, "light_t": 0, "light_top": null, "crime_n": 3, "crime_t": 0, "crime_top": 80, "bv": "0-0", "crime_night_n": 3, "crime_night_t": 1, "crime_night_top": 69, "bv_night": "1-0", "nta": "Topanga", "boro": "Los Angeles"}}, {"type": "Feature", "geometry": {"type": "Polygon", "coordinates": [[[-118.37636713852234, 33.94322337923646], [-118.37181951351499, 33.946697319702], [-118.37306977780639, 33.951627142696374], [-118.37886803925855, 33.95308286085453], [-118.38341555221463, 33.949608774669294], [-118.38216491581014, 33.94467911605777], [-118.37636713852234, 33.94322337923646]]]}, "properties": {"light_n": 0, "light_t": 0, "light_top": null, "crime_n": 15, "crime_t": 1, "crime_top": 38, "bv": "1-0", "crime_night_n": 9, "crime_night_t": 2, "crime_night_top": 34, "bv_night": "2-0", "nta": "Pacific", "boro": "Los Angeles"}}, {"type": "Feature", "geometry": {"type": "Polygon", "coordinates": [[[-118.29425928423319, 33.811701124310645], [-118.28971268289119, 33.81517384701835], [-118.29095834617347, 33.820109458587545], [-118.29675098315415, 33.82157218348491], [-118.30129747454238, 33.818099314283735], [-118.30005143894374, 33.813163866690864], [-118.29425928423319, 33.811701124310645]]]}, "properties": {"light_n": 0, "light_t": 0, "light_top": null, "crime_n": 2, "crime_t": 0, "crime_top": 87, "bv": "0-0", "crime_night_n": 1, "crime_night_t": 0, "crime_night_top": 100, "bv_night": "0-0", "nta": "Harbor", "boro": "Los Angeles"}}, {"type": "Feature", "geometry": {"type": "Polygon", "coordinates": [[[-118.38558963339098, 34.236087819655744], [-118.38103053786405, 34.23955940885548], [-118.38228444229475, 34.2444799433073], [-118.3880978162435, 34.245928725169556], [-118.39265679892155, 34.24245699161467], [-118.39140252054035, 34.23753662056491], [-118.38558963339098, 34.236087819655744]]]}, "properties": {"light_n": 0, "light_t": 0, "light_top": null, "crime_n": 3, "crime_t": 0, "crime_top": 80, "bv": "0-0", "crime_night_n": 0, "crime_night_t": 0, "crime_night_top": null, "bv_night": "0-0", "nta": "Foothill", "boro": "Los Angeles"}}, {"type": "Feature", "geometry": {"type": "Polygon", "coordinates": [[[-118.36529715177663, 34.26328494298235], [-118.36073586873388, 34.266755695907], [-118.36198930293452, 34.271675817652934], [-118.36780439462059, 34.27312502340226], [-118.37236556521601, 34.269654126205175], [-118.3711117566133, 34.26473416754348], [-118.36529715177663, 34.26328494298235]]]}, "properties": {"light_n": 0, "light_t": 0, "light_top": null, "crime_n": 2, "crime_t": 0, "crime_top": 87, "bv": "0-0", "crime_night_n": 1, "crime_night_t": 0, "crime_night_top": 100, "bv_night": "0-0", "nta": "Foothill", "boro": "Los Angeles"}}, {"type": "Feature", "geometry": {"type": "Polygon", "coordinates": [[[-118.29338649117913, 33.76526383310546], [-118.28884172817224, 33.76873691980995], [-118.29008684198509, 33.77367395026073], [-118.29587709086412, 33.77513772988275], [-118.30042174402787, 33.77166449646552], [-118.29917625819574, 33.766727630151166], [-118.29338649117913, 33.76526383310546]]]}, "properties": {"light_n": 0, "light_t": 0, "light_top": null, "crime_n": 1, "crime_t": 0, "crime_top": 100, "bv": "0-0", "crime_night_n": 1, "crime_night_t": 0, "crime_night_top": 100, "bv_night": "0-0", "nta": "Harbor", "boro": "Los Angeles"}}, {"type": "Feature", "geometry": {"type": "Polygon", "coordinates": [[[-118.4981851104481, 34.14432437491041], [-118.49363573517627, 34.14780002229136], [-118.49489290530748, 34.152720958352404], [-118.50069982259429, 34.154166082097454], [-118.50524908267738, 34.150690290171994], [-118.50399154070305, 34.145769519058135], [-118.4981851104481, 34.14432437491041]]]}, "properties": {"light_n": 0, "light_t": 0, "light_top": null, "crime_n": 3, "crime_t": 0, "crime_top": 80, "bv": "0-0", "crime_night_n": 1, "crime_night_t": 0, "crime_night_top": 100, "bv_night": "0-0", "nta": "West Valley", "boro": "Los Angeles"}}, {"type": "Feature", "geometry": {"type": "Polygon", "coordinates": [[[-118.58478254915035, 34.14281401625583], [-118.5802378423611, 34.14629214176181], [-118.581498293836, 34.15121121112019], [-118.58730382282238, 34.1526519891078], [-118.59184841248704, 34.1491737192314], [-118.59058759033073, 34.14425481574982], [-118.58478254915035, 34.14281401625583]]]}, "properties": {"light_n": 0, "light_t": 0, "light_top": null, "crime_n": 1, "crime_t": 0, "crime_top": 100, "bv": "0-0", "crime_night_n": 0, "crime_night_t": 0, "crime_night_top": null, "bv_night": "0-0", "nta": "Topanga", "boro": "Los Angeles"}}, {"type": "Feature", "geometry": {"type": "Polygon", "coordinates": [[[-118.31317290934764, 33.714795902232254], [-118.3086312306035, 33.71826996771249], [-118.30987653872549, 33.72320808238155], [-118.31566389705728, 33.72467196704665], [-118.32020546561562, 33.72119775465448], [-118.31895978606796, 33.71625980452128], [-118.31317290934764, 33.714795902232254]]]}, "properties": {"light_n": 0, "light_t": 0, "light_top": null, "crime_n": 6, "crime_t": 1, "crime_top": 65, "bv": "1-0", "crime_night_n": 0, "crime_night_t": 0, "crime_night_top": null, "bv_night": "0-0", "nta": "Harbor", "boro": "Los Angeles"}}, {"type": "Feature", "geometry": {"type": "Polygon", "coordinates": [[[-118.30413834101391, 34.15119622229225], [-118.29957842257524, 34.15466624791474], [-118.30082825493696, 34.1595912192605], [-118.30663838023364, 34.161046002156255], [-118.31119818782595, 34.15757583162947], [-118.30994798100836, 34.15265102312354], [-118.30413834101391, 34.15119622229225]]]}, "properties": {"light_n": 0, "light_t": 0, "light_top": null, "crime_n": 5, "crime_t": 1, "crime_top": 69, "bv": "1-0", "crime_night_n": 2, "crime_night_t": 0, "crime_night_top": 82, "bv_night": "0-0", "nta": "Northeast", "boro": "Los Angeles"}}, {"type": "Feature", "geometry": {"type": "Polygon", "coordinates": [[[-118.60926416531703, 34.153493642213945], [-118.6047203282088, 34.15697236828063], [-118.60598183192556, 34.16189056135281], [-118.61178754321756, 34.163329862272896], [-118.61633126263104, 34.15985099193677], [-118.61506938848808, 34.15493296496203], [-118.60926416531703, 34.153493642213945]]]}, "properties": {"light_n": 0, "light_t": 0, "light_top": null, "crime_n": 3, "crime_t": 0, "crime_top": 80, "bv": "0-0", "crime_night_n": 0, "crime_night_t": 0, "crime_night_top": null, "bv_night": "0-0", "nta": "Topanga", "boro": "Los Angeles"}}, {"type": "Feature", "geometry": {"type": "Polygon", "coordinates": [[[-118.53594929805779, 34.291873593980434], [-118.53139589562036, 34.29534898111315], [-118.53265617489252, 34.3002644496395], [-118.53847022897045, 34.3017043662454], [-118.54302351506497, 34.29822883532061], [-118.54176286346534, 34.293313531594116], [-118.53594929805779, 34.291873593980434]]]}, "properties": {"light_n": 0, "light_t": 0, "light_top": null, "crime_n": 2, "crime_t": 0, "crime_top": 87, "bv": "0-0", "crime_night_n": 0, "crime_night_t": 0, "crime_night_top": null, "bv_night": "0-0", "nta": "Devonshire", "boro": "Los Angeles"}}, {"type": "Feature", "geometry": {"type": "Polygon", "coordinates": [[[-118.33917265468868, 33.989271853456984], [-118.33462119370222, 33.992744332323575], [-118.33587055282949, 33.99767355501048], [-118.34167174589334, 33.999130135030825], [-118.34622309556937, 33.9956575105844], [-118.3449733635323, 33.990728451709664], [-118.33917265468868, 33.989271853456984]]]}, "properties": {"light_n": 0, "light_t": 0, "light_top": null, "crime_n": 3, "crime_t": 0, "crime_top": 80, "bv": "0-0", "crime_night_n": 1, "crime_night_t": 0, "crime_night_top": 100, "bv_night": "0-0", "nta": "77th Street", "boro": "Los Angeles"}}, {"type": "Feature", "geometry": {"type": "Polygon", "coordinates": [[[-118.61506521642148, 34.26082166674765], [-118.61051730398883, 34.26429959584721], [-118.61178024585888, 34.26921429212436], [-118.61759147126646, 34.27065089355747], [-118.62213926564709, 34.26717282069225], [-118.62087595271305, 34.26225829017162], [-118.61506521642148, 34.26082166674765]]]}, "properties": {"light_n": 0, "light_t": 0, "light_top": null, "crime_n": 6, "crime_t": 1, "crime_top": 65, "bv": "1-0", "crime_night_n": 3, "crime_night_t": 1, "crime_night_top": 69, "bv_night": "1-0", "nta": "Devonshire", "boro": "Los Angeles"}}, {"type": "Feature", "geometry": {"type": "Polygon", "coordinates": [[[-118.2905225042168, 33.79689321479988], [-118.28597630769838, 33.80036595562689], [-118.2872216636651, 33.805302095467134], [-118.29301358845717, 33.80676533050275], [-118.29755967513442, 33.803292443105775], [-118.2963139469008, 33.79835646725534], [-118.2905225042168, 33.79689321479988]]]}, "properties": {"light_n": 0, "light_t": 0, "light_top": null, "crime_n": 3, "crime_t": 0, "crime_top": 80, "bv": "0-0", "crime_night_n": 3, "crime_night_t": 1, "crime_night_top": 69, "bv_night": "1-0", "nta": "Harbor", "boro": "Los Angeles"}}, {"type": "Feature", "geometry": {"type": "Polygon", "coordinates": [[[-118.49255763814992, 34.207426943301726], [-118.48800538502208, 34.21090186174588], [-118.48926305303088, 34.21582094772551], [-118.49507334654781, 34.217264950620816], [-118.4996254844825, 34.21378988790941], [-118.49836744413415, 34.20887096658209], [-118.49255763814992, 34.207426943301726]]]}, "properties": {"light_n": 0, "light_t": 0, "light_top": null, "crime_n": 3, "crime_t": 0, "crime_top": 80, "bv": "0-0", "crime_night_n": 0, "crime_night_t": 0, "crime_night_top": null, "bv_night": "0-0", "nta": "West Valley", "boro": "Los Angeles"}}, {"type": "Feature", "geometry": {"type": "Polygon", "coordinates": [[[-118.27515222969642, 33.714418016269796], [-118.27060857080824, 33.71789100571152], [-118.27185242439758, 33.722829957608084], [-118.2776403088354, 33.72429575595161], [-118.28218385838706, 33.720822619523155], [-118.28093963287735, 33.71588383175007], [-118.27515222969642, 33.714418016269796]]]}, "properties": {"light_n": 0, "light_t": 0, "light_top": null, "crime_n": 1, "crime_t": 0, "crime_top": 100, "bv": "0-0", "crime_night_n": 0, "crime_night_t": 0, "crime_night_top": null, "bv_night": "0-0", "nta": "Harbor", "boro": "Los Angeles"}}, {"type": "Feature", "geometry": {"type": "Polygon", "coordinates": [[[-118.40771621104321, 34.301487209785215], [-118.40315560526523, 34.30495882769758], [-118.40441109398216, 34.309876814357374], [-118.41022756261488, 34.31132301972013], [-118.414788054913, 34.3078512577942], [-118.41353219209894, 34.30293343453134], [-118.40771621104321, 34.301487209785215]]]}, "properties": {"light_n": 0, "light_t": 0, "light_top": null, "crime_n": 3, "crime_t": 0, "crime_top": 80, "bv": "0-0", "crime_night_n": 1, "crime_night_t": 0, "crime_night_top": 100, "bv_night": "0-0", "nta": "Mission", "boro": "Los Angeles"}}, {"type": "Feature", "geometry": {"type": "Polygon", "coordinates": [[[-118.3517696133797, 34.10316451646633], [-118.34721416957102, 34.10663634560635], [-118.34846528597457, 34.11156177425405], [-118.3542722197328, 34.11301521024481], [-118.35882755172075, 34.10954323607464], [-118.35757606181164, 34.10461797095609], [-118.3517696133797, 34.10316451646633]]]}, "properties": {"light_n": 0, "light_t": 0, "light_top": null, "crime_n": 5, "crime_t": 1, "crime_top": 69, "bv": "1-0", "crime_night_n": 2, "crime_night_t": 0, "crime_night_top": 82, "bv_night": "0-0", "nta": "Hollywood", "boro": "Los Angeles"}}, {"type": "Feature", "geometry": {"type": "Polygon", "coordinates": [[[-118.4351311501692, 33.93950511169175], [-118.43058678022282, 33.942980755977764], [-118.43183924371594, 33.94790940606913], [-118.43763644850938, 33.949362246856595], [-118.44218070509773, 33.945886456951136], [-118.44092787029105, 33.94095797188976], [-118.4351311501692, 33.93950511169175]]]}, "properties": {"light_n": 0, "light_t": 0, "light_top": null, "crime_n": 4, "crime_t": 0, "crime_top": 74, "bv": "0-0", "crime_night_n": 1, "crime_night_t": 0, "crime_night_top": 100, "bv_night": "0-0", "nta": "Pacific", "boro": "Los Angeles"}}, {"type": "Feature", "geometry": {"type": "Polygon", "coordinates": [[[-118.29556982474415, 33.8813343544842], [-118.29102046311436, 33.88480652299178], [-118.29226695150572, 33.889739995103696], [-118.29806317432966, 33.89120113498422], [-118.30261242583943, 33.887728820310755], [-118.3013655646854, 33.88279551193486], [-118.29556982474415, 33.8813343544842]]]}, "properties": {"light_n": 0, "light_t": 0, "light_top": null, "crime_n": 1, "crime_t": 0, "crime_top": 100, "bv": "0-0", "crime_night_n": 1, "crime_night_t": 0, "crime_night_top": 100, "bv_night": "0-0", "nta": "Southeast", "boro": "Los Angeles"}}, {"type": "Feature", "geometry": {"type": "Polygon", "coordinates": [[[-118.4694610811294, 34.095685681406586], [-118.4649121671943, 34.09916094246305], [-118.46616769379398, 34.104084024627454], [-118.47197250626881, 34.10553168092701], [-118.47652130575892, 34.1020562750434], [-118.47526540725976, 34.097133357699505], [-118.4694610811294, 34.095685681406586]]]}, "properties": {"light_n": 0, "light_t": 0, "light_top": null, "crime_n": 5, "crime_t": 1, "crime_top": 69, "bv": "1-0", "crime_night_n": 1, "crime_night_t": 0, "crime_night_top": 100, "bv_night": "0-0", "nta": "West LA", "boro": "Los Angeles"}}, {"type": "Feature", "geometry": {"type": "Polygon", "coordinates": [[[-118.48830684930022, 34.16951304933508], [-118.48375592052186, 34.17298818894271], [-118.48501299820279, 34.177908556031475], [-118.49082137684525, 34.17935361877684], [-118.49537219060419, 34.175878334719776], [-118.49411474078077, 34.17095813237893], [-118.48830684930022, 34.16951304933508]]]}, "properties": {"light_n": 0, "light_t": 0, "light_top": null, "crime_n": 7, "crime_t": 1, "crime_top": 60, "bv": "1-0", "crime_night_n": 0, "crime_night_t": 0, "crime_night_top": null, "bv_night": "0-0", "nta": "West Valley", "boro": "Los Angeles"}}, {"type": "Feature", "geometry": {"type": "Polygon", "coordinates": [[[-118.31031606346819, 33.74643267258048], [-118.30577295295774, 33.74990639651966], [-118.30701850350592, 33.75484362489299], [-118.31280753627732, 33.75630696495009], [-118.31735053660354, 33.75283309424236], [-118.31610461438261, 33.74789603025823], [-118.31031606346819, 33.74643267258048]]]}, "properties": {"light_n": 0, "light_t": 0, "light_top": null, "crime_n": 13, "crime_t": 1, "crime_top": 42, "bv": "1-0", "crime_night_n": 4, "crime_night_t": 1, "crime_night_top": 60, "bv_night": "1-0", "nta": "Harbor", "boro": "Los Angeles"}}, {"type": "Feature", "geometry": {"type": "Polygon", "coordinates": [[[-118.48120120249877, 33.992559619193564], [-118.47665711336407, 33.99603611609358], [-118.47791192732579, 34.00096212661533], [-118.48371120151995, 34.00241147492027], [-118.48825517615859, 33.99893483274071], [-118.48699999113957, 33.994008987547836], [-118.48120120249877, 33.992559619193564]]]}, "properties": {"light_n": 0, "light_t": 0, "light_top": null, "crime_n": 36, "crime_t": 2, "crime_top": 18, "bv": "2-0", "crime_night_n": 10, "crime_night_t": 2, "crime_night_top": 31, "bv_night": "2-0", "nta": "Pacific", "boro": "Los Angeles"}}, {"type": "Feature", "geometry": {"type": "Polygon", "coordinates": [[[-118.58806625691983, 34.13441646484467], [-118.58352206775618, 34.13789475783766], [-118.58478254915035, 34.14281401625583], [-118.59058759033073, 34.14425481574982], [-118.59513166231399, 34.14077637835473], [-118.59387081033805, 34.13585728587977], [-118.58806625691983, 34.13441646484467]]]}, "properties": {"light_n": 0, "light_t": 0, "light_top": null, "crime_n": 1, "crime_t": 0, "crime_top": 100, "bv": "0-0", "crime_night_n": 0, "crime_night_t": 0, "crime_night_top": null, "bv_night": "0-0", "nta": "Topanga", "boro": "Los Angeles"}}, {"type": "Feature", "geometry": {"type": "Polygon", "coordinates": [[[-118.22694164957531, 34.10414718818991], [-118.22237959742175, 34.10761541871792], [-118.22362594473611, 34.1125435303743], [-118.22943471939925, 34.11400324933607], [-118.23399666253593, 34.11053487353862], [-118.23274994006665, 34.10560692406119], [-118.22694164957531, 34.10414718818991]]]}, "properties": {"light_n": 0, "light_t": 0, "light_top": null, "crime_n": 2, "crime_t": 0, "crime_top": 87, "bv": "0-0", "crime_night_n": 0, "crime_night_t": 0, "crime_night_top": null, "bv_night": "0-0", "nta": "Northeast", "boro": "Los Angeles"}}, {"type": "Feature", "geometry": {"type": "Polygon", "coordinates": [[[-118.56655109159463, 34.26262562257091], [-118.56200051696074, 34.26610215226724], [-118.56326163142501, 34.27101786751626], [-118.56907369228773, 34.27245688784649], [-118.57362414995336, 34.26898021428952], [-118.57236266376538, 34.26406466427506], [-118.56655109159463, 34.26262562257091]]]}, "properties": {"light_n": 0, "light_t": 0, "light_top": null, "crime_n": 3, "crime_t": 0, "crime_top": 80, "bv": "0-0", "crime_night_n": 2, "crime_night_t": 0, "crime_night_top": 82, "bv_night": "0-0", "nta": "Devonshire", "boro": "Los Angeles"}}, {"type": "Feature", "geometry": {"type": "Polygon", "coordinates": [[[-118.35777790505345, 34.233760324894135], [-118.35321743497963, 34.23723113541346], [-118.35447024882409, 34.242152351102426], [-118.36028390708584, 34.243602593171794], [-118.36484426494123, 34.24013163823085], [-118.36359107679392, 34.23521058565442], [-118.35777790505345, 34.233760324894135]]]}, "properties": {"light_n": 0, "light_t": 0, "light_top": null, "crime_n": 1, "crime_t": 0, "crime_top": 100, "bv": "0-0", "crime_night_n": 0, "crime_night_t": 0, "crime_night_top": null, "bv_night": "0-0", "nta": "Foothill", "boro": "Los Angeles"}}, {"type": "Feature", "geometry": {"type": "Polygon", "coordinates": [[[-118.61834963858018, 34.252428680184046], [-118.61380224485754, 34.25590677884847], [-118.61506521642148, 34.26082166674765], [-118.62087595271305, 34.26225829017162], [-118.62542322832789, 34.25878004771028], [-118.62415988579986, 34.25386532563396], [-118.61834963858018, 34.252428680184046]]]}, "properties": {"light_n": 0, "light_t": 0, "light_top": null, "crime_n": 1, "crime_t": 0, "crime_top": 100, "bv": "0-0", "crime_night_n": 0, "crime_night_t": 0, "crime_night_top": null, "bv_night": "0-0", "nta": "Devonshire", "boro": "Los Angeles"}}, {"type": "Feature", "geometry": {"type": "Polygon", "coordinates": [[[-118.53960043202554, 34.13619636078562], [-118.53505358966953, 34.13967326042149], [-118.53631224626662, 34.144593535984704], [-118.54211811649897, 34.146036746504336], [-118.5466648427554, 34.142559702372694], [-118.54540581491973, 34.13763959222927], [-118.53960043202554, 34.13619636078562]]]}, "properties": {"light_n": 0, "light_t": 0, "light_top": null, "crime_n": 2, "crime_t": 0, "crime_top": 87, "bv": "0-0", "crime_night_n": 0, "crime_night_t": 0, "crime_night_top": null, "bv_night": "0-0", "nta": "West Valley", "boro": "Los Angeles"}}, {"type": "Feature", "geometry": {"type": "Polygon", "coordinates": [[[-118.41069262124907, 33.92876091168039], [-118.40614739653988, 33.932235953369165], [-118.40739880821383, 33.937165467683165], [-118.41319581620183, 33.93861977551418], [-118.41774092812105, 33.93514458810691], [-118.41648914488256, 33.93021523859926], [-118.41069262124907, 33.92876091168039]]]}, "properties": {"light_n": 0, "light_t": 0, "light_top": null, "crime_n": 2, "crime_t": 0, "crime_top": 87, "bv": "0-0", "crime_night_n": 1, "crime_night_t": 0, "crime_night_top": 100, "bv_night": "0-0", "nta": "Pacific", "boro": "Los Angeles"}}, {"type": "Feature", "geometry": {"type": "Polygon", "coordinates": [[[-118.48410417103536, 34.30204048184837], [-118.47954759450208, 34.30551428973589], [-118.48080600986076, 34.31043058049246], [-118.48662137487958, 34.31187289916364], [-118.49117783621352, 34.308398947421985], [-118.4899190477688, 34.303482820875466], [-118.48410417103536, 34.30204048184837]]]}, "properties": {"light_n": 0, "light_t": 0, "light_top": null, "crime_n": 1, "crime_t": 0, "crime_top": 100, "bv": "0-0", "crime_night_n": 0, "crime_night_t": 0, "crime_night_top": null, "bv_night": "0-0", "nta": "Devonshire", "boro": "Los Angeles"}}, {"type": "Feature", "geometry": {"type": "Polygon", "coordinates": [[[-118.63046714814615, 34.17256312540449], [-118.6259236646367, 34.17604228414669], [-118.62718619078399, 34.180959410265565], [-118.63299257075174, 34.182397211402936], [-118.63753593605182, 34.17891790852414], [-118.63627303963436, 34.174000948656605], [-118.63046714814615, 34.17256312540449]]]}, "properties": {"light_n": 0, "light_t": 0, "light_top": null, "crime_n": 1, "crime_t": 0, "crime_top": 100, "bv": "0-0", "crime_night_n": 1, "crime_night_t": 0, "crime_night_top": 100, "bv_night": "0-0", "nta": "Topanga", "boro": "Los Angeles"}}, {"type": "Feature", "geometry": {"type": "Polygon", "coordinates": [[[-118.54093391285798, 34.035136359535386], [-118.53639126120046, 34.03861418349578], [-118.53764882821125, 34.04353756493265], [-118.54344941746862, 34.044982956610454], [-118.54799195320713, 34.04150498769098], [-118.54673401564784, 34.036581772064835], [-118.54093391285798, 34.035136359535386]]]}, "properties": {"light_n": 0, "light_t": 0, "light_top": null, "crime_n": 7, "crime_t": 1, "crime_top": 60, "bv": "1-0", "crime_night_n": 2, "crime_night_t": 0, "crime_night_top": 82, "bv_night": "0-0", "nta": "West LA", "boro": "Los Angeles"}}, {"type": "Feature", "geometry": {"type": "Polygon", "coordinates": [[[-118.6521868909495, 34.21476763362665], [-118.64764284486375, 34.21824703281589], [-118.64890667582289, 34.223162352979074], [-118.65471492316946, 34.224598107641725], [-118.65925885047008, 34.22111856455605], [-118.65799464925011, 34.21620341071617], [-118.6521868909495, 34.21476763362665]]]}, "properties": {"light_n": 0, "light_t": 0, "light_top": null, "crime_n": 1, "crime_t": 0, "crime_top": 100, "bv": "0-0", "crime_night_n": 1, "crime_night_t": 0, "crime_night_top": 100, "bv_night": "0-0", "nta": "Topanga", "boro": "Los Angeles"}}, {"type": "Feature", "geometry": {"type": "Polygon", "coordinates": [[[-118.3237872499079, 34.27136433998847], [-118.31922344361239, 34.274833820368634], [-118.32047537869619, 34.27975459326441], [-118.32629149512147, 34.281205723183014], [-118.33085518988824, 34.277736098484155], [-118.32960287979903, 34.27281548819771], [-118.3237872499079, 34.27136433998847]]]}, "properties": {"light_n": 0, "light_t": 0, "light_top": null, "crime_n": 6, "crime_t": 1, "crime_top": 65, "bv": "1-0", "crime_night_n": 1, "crime_night_t": 0, "crime_night_top": 100, "bv_night": "0-0", "nta": "Foothill", "boro": "Los Angeles"}}, {"type": "Feature", "geometry": {"type": "Polygon", "coordinates": [[[-118.45722275896408, 34.00501435019497], [-118.45267689238477, 34.008490057824474], [-118.45393093272372, 34.01341621240509], [-118.45973121113977, 34.01486649434305], [-118.46427696373374, 34.01139064144284], [-118.46302255193743, 34.00646465188749], [-118.45722275896408, 34.00501435019497]]]}, "properties": {"light_n": 0, "light_t": 0, "light_top": null, "crime_n": 5, "crime_t": 1, "crime_top": 69, "bv": "1-0", "crime_night_n": 1, "crime_night_t": 0, "crime_night_top": 100, "bv_night": "0-0", "nta": "Pacific", "boro": "Los Angeles"}}, {"type": "Feature", "geometry": {"type": "Polygon", "coordinates": [[[-118.27590468441171, 34.12566928634027], [-118.27134432430192, 34.12913873191555], [-118.27259278911148, 34.134065112621435], [-118.27840198872734, 34.135521885135255], [-118.28296223867643, 34.13205229448371], [-118.28171339921076, 34.12712607640694], [-118.27590468441171, 34.12566928634027]]]}, "properties": {"light_n": 0, "light_t": 0, "light_top": null, "crime_n": 11, "crime_t": 1, "crime_top": 46, "bv": "1-0", "crime_night_n": 6, "crime_night_t": 1, "crime_night_top": 46, "bv_night": "1-0", "nta": "Northeast", "boro": "Los Angeles"}}, {"type": "Feature", "geometry": {"type": "Polygon", "coordinates": [[[-118.30547515795531, 33.85611533452107], [-118.30092734200657, 33.85958800083653], [-118.30217392785461, 33.86452202376766], [-118.30796870215637, 33.86598321645988], [-118.31251640781318, 33.86251040388017], [-118.31126944950032, 33.857576544884694], [-118.30547515795531, 33.85611533452107]]]}, "properties": {"light_n": 0, "light_t": 0, "light_top": null, "crime_n": 4, "crime_t": 0, "crime_top": 74, "bv": "0-0", "crime_night_n": 2, "crime_night_t": 0, "crime_night_top": 82, "bv_night": "0-0", "nta": "Harbor", "boro": "Los Angeles"}}, {"type": "Feature", "geometry": {"type": "Polygon", "coordinates": [[[-118.34785328383552, 34.258935308808404], [-118.34329125762154, 34.26240559958222], [-118.34454397484527, 34.267326239463074], [-118.35035909292706, 34.26877642566916], [-118.35492100709524, 34.26530599056822], [-118.35366791526798, 34.26038551360064], [-118.34785328383552, 34.258935308808404]]]}, "properties": {"light_n": 0, "light_t": 0, "light_top": null, "crime_n": 1, "crime_t": 0, "crime_top": 100, "bv": "0-0", "crime_night_n": 0, "crime_night_t": 0, "crime_night_top": null, "bv_night": "0-0", "nta": "Foothill", "boro": "Los Angeles"}}, {"type": "Feature", "geometry": {"type": "Polygon", "coordinates": [[[-118.41108732065298, 34.12260813591686], [-118.40653421617874, 34.126081489605745], [-118.40778781793321, 34.13100501635967], [-118.41359489705458, 34.132455025342], [-118.41814788833751, 34.12898152683099], [-118.41689391373089, 34.12405816417194], [-118.41108732065298, 34.12260813591686]]]}, "properties": {"light_n": 0, "light_t": 0, "light_top": null, "crime_n": 1, "crime_t": 0, "crime_top": 100, "bv": "0-0", "crime_night_n": 0, "crime_night_t": 0, "crime_night_top": null, "bv_night": "0-0", "nta": "Van Nuys", "boro": "Los Angeles"}}, {"type": "Feature", "geometry": {"type": "Polygon", "coordinates": [[[-118.40739880821383, 33.937165467683165], [-118.40285306771439, 33.94064034366696], [-118.40410444789589, 33.94556967315565], [-118.40990194028102, 33.947023961932814], [-118.41444756804718, 33.943548940263014], [-118.41319581620183, 33.93861977551418], [-118.40739880821383, 33.937165467683165]]]}, "properties": {"light_n": 0, "light_t": 0, "light_top": null, "crime_n": 2, "crime_t": 0, "crime_top": 87, "bv": "0-0", "crime_night_n": 0, "crime_night_t": 0, "crime_night_top": null, "bv_night": "0-0", "nta": "Pacific", "boro": "Los Angeles"}}, {"type": "Feature", "geometry": {"type": "Polygon", "coordinates": [[[-118.4007273653274, 34.12463098269827], [-118.39617363030538, 34.12810402169939], [-118.39742685905712, 34.13302771242954], [-118.40323419587413, 34.13447820019454], [-118.40778781793321, 34.13100501635967], [-118.40653421617874, 34.126081489605745], [-118.4007273653274, 34.12463098269827]]]}, "properties": {"light_n": 0, "light_t": 0, "light_top": null, "crime_n": 4, "crime_t": 0, "crime_top": 74, "bv": "0-0", "crime_night_n": 3, "crime_night_t": 1, "crime_night_top": 69, "bv_night": "1-0", "nta": "N Hollywood", "boro": "Los Angeles"}}, {"type": "Feature", "geometry": {"type": "Polygon", "coordinates": [[[-118.20330092424575, 34.13973777926518], [-118.19873617547516, 34.14320500141666], [-118.19998201349604, 34.14813251718488], [-118.20579297603261, 34.14959264902054], [-118.21035761624915, 34.14612528171702], [-118.20911140252343, 34.141197927742276], [-118.20330092424575, 34.13973777926518]]]}, "properties": {"light_n": 0, "light_t": 0, "light_top": null, "crime_n": 1, "crime_t": 0, "crime_top": 100, "bv": "0-0", "crime_night_n": 1, "crime_night_t": 0, "crime_night_top": 100, "bv_night": "0-0", "nta": "Northeast", "boro": "Los Angeles"}}, {"type": "Feature", "geometry": {"type": "Polygon", "coordinates": [[[-118.59513166231399, 34.14077637835473], [-118.59058759033073, 34.14425481574982], [-118.59184841248704, 34.1491737192314], [-118.59765367719737, 34.15061401933523], [-118.60219763182886, 34.14713543758224], [-118.60093643914256, 34.14221670009533], [-118.59513166231399, 34.14077637835473]]]}, "properties": {"light_n": 0, "light_t": 0, "light_top": null, "crime_n": 1, "crime_t": 0, "crime_top": 100, "bv": "0-0", "crime_night_n": 0, "crime_night_t": 0, "crime_night_top": null, "bv_night": "0-0", "nta": "Topanga", "boro": "Los Angeles"}}, {"type": "Feature", "geometry": {"type": "Polygon", "coordinates": [[[-118.40778781793321, 34.13100501635967], [-118.40323419587413, 34.13447820019454], [-118.40448776603023, 34.139401537789816], [-118.41029533123793, 34.14085152753398], [-118.41484884016268, 34.13737819890885], [-118.41359489705458, 34.132455025342], [-118.40778781793321, 34.13100501635967]]]}, "properties": {"light_n": 0, "light_t": 0, "light_top": null, "crime_n": 2, "crime_t": 0, "crime_top": 87, "bv": "0-0", "crime_night_n": 2, "crime_night_t": 0, "crime_night_top": 82, "bv_night": "0-0", "nta": "N Hollywood", "boro": "Los Angeles"}}, {"type": "Feature", "geometry": {"type": "Polygon", "coordinates": [[[-118.27432773817743, 34.22673812512079], [-118.2697631559956, 34.23020659406977], [-118.27101269333467, 34.23512984828499], [-118.27682718825334, 34.236584471321834], [-118.2813916601099, 34.23311585775421], [-118.28014174741355, 34.22819276578074], [-118.27432773817743, 34.22673812512079]]]}, "properties": {"light_n": 0, "light_t": 0, "light_top": null, "crime_n": 1, "crime_t": 0, "crime_top": 100, "bv": "0-0", "crime_night_n": 0, "crime_night_t": 0, "crime_night_top": null, "bv_night": "0-0", "nta": "Foothill", "boro": "Los Angeles"}}, {"type": "Feature", "geometry": {"type": "Polygon", "coordinates": [[[-118.49495482411174, 34.32314622670156], [-118.49039795880446, 34.32662014958161], [-118.4916570276682, 34.33153553262919], [-118.49747333496336, 34.33297682856194], [-118.50203008478356, 34.329502761945946], [-118.50077064283649, 34.324587543145356], [-118.49495482411174, 34.32314622670156]]]}, "properties": {"light_n": 0, "light_t": 0, "light_top": null, "crime_n": 1, "crime_t": 0, "crime_top": 100, "bv": "0-0", "crime_night_n": 0, "crime_night_t": 0, "crime_night_top": null, "bv_night": "0-0", "nta": "Mission", "boro": "Los Angeles"}}, {"type": "Feature", "geometry": {"type": "Polygon", "coordinates": [[[-118.44547161102011, 33.937482016607845], [-118.44092787029105, 33.94095797188976], [-118.44218070509773, 33.945886456951136], [-118.44797765183753, 33.947338821593924], [-118.45252127898159, 33.94386272070401], [-118.45126807301125, 33.93893440079141], [-118.44547161102011, 33.937482016607845]]]}, "properties": {"light_n": 0, "light_t": 0, "light_top": null, "crime_n": 3, "crime_t": 0, "crime_top": 80, "bv": "0-0", "crime_night_n": 1, "crime_night_t": 0, "crime_night_top": 100, "bv_night": "0-0", "nta": "Pacific", "boro": "Los Angeles"}}, {"type": "Feature", "geometry": {"type": "Polygon", "coordinates": [[[-118.31207597581933, 33.839300910377986], [-118.30752918993392, 33.8427739074177], [-118.30877584057214, 33.84770829658271], [-118.31456964940232, 33.84916952465143], [-118.31911632488128, 33.845696381281776], [-118.31786930197663, 33.84076215618551], [-118.31207597581933, 33.839300910377986]]]}, "properties": {"light_n": 0, "light_t": 0, "light_top": null, "crime_n": 1, "crime_t": 0, "crime_top": 100, "bv": "0-0", "crime_night_n": 0, "crime_night_t": 0, "crime_night_top": null, "bv_night": "0-0", "nta": "Harbor", "boro": "Los Angeles"}}, {"type": "Feature", "geometry": {"type": "Polygon", "coordinates": [[[-118.26812998228439, 34.266679715307205], [-118.26356343537192, 34.27014763095584], [-118.2648131833876, 34.27506976252535], [-118.27062985406475, 34.27652381643001], [-118.2751962907125, 34.273055756331715], [-118.27394616698834, 34.26813378679079], [-118.26812998228439, 34.266679715307205]]]}, "properties": {"light_n": 0, "light_t": 0, "light_top": null, "crime_n": 1, "crime_t": 0, "crime_top": 100, "bv": "0-0", "crime_night_n": 0, "crime_night_t": 0, "crime_night_top": null, "bv_night": "0-0", "nta": "Foothill", "boro": "Los Angeles"}}, {"type": "Feature", "geometry": {"type": "Polygon", "coordinates": [[[-118.52218420860497, 34.131864712690316], [-118.51763661701267, 34.13534115502388], [-118.51889456122427, 34.14026195020946], [-118.52470046851008, 34.14170613782357], [-118.5292479444018, 34.13822955093804], [-118.52798962874898, 34.13330892100246], [-118.52218420860497, 34.131864712690316]]]}, "properties": {"light_n": 0, "light_t": 0, "light_top": null, "crime_n": 1, "crime_t": 0, "crime_top": 100, "bv": "0-0", "crime_night_n": 0, "crime_night_t": 0, "crime_night_top": null, "bv_night": "0-0", "nta": "West Valley", "boro": "Los Angeles"}}, {"type": "Feature", "geometry": {"type": "Polygon", "coordinates": [[[-118.46995854809923, 34.28932097752141], [-118.46540174168379, 34.29279449757018], [-118.46665947271333, 34.29771150207353], [-118.47247438338788, 34.299154822433756], [-118.4770310749483, 34.295681158443884], [-118.47577297072998, 34.2907643180471], [-118.46995854809923, 34.28932097752141]]]}, "properties": {"light_n": 0, "light_t": 0, "light_top": null, "crime_n": 1, "crime_t": 0, "crime_top": 100, "bv": "0-0", "crime_night_n": 1, "crime_night_t": 0, "crime_night_top": 100, "bv_night": "0-0", "nta": "Mission", "boro": "Los Angeles"}}, {"type": "Feature", "geometry": {"type": "Polygon", "coordinates": [[[-118.36258264025265, 34.12431794902746], [-118.35802690272081, 34.127789897804064], [-118.35927867001858, 34.132714432548404], [-118.36508654839325, 34.13416685496082], [-118.36964217381907, 34.1306947612726], [-118.36839003301671, 34.12577039009582], [-118.36258264025265, 34.12431794902746]]]}, "properties": {"light_n": 0, "light_t": 0, "light_top": null, "crime_n": 1, "crime_t": 0, "crime_top": 100, "bv": "0-0", "crime_night_n": 0, "crime_night_t": 0, "crime_night_top": null, "bv_night": "0-0", "nta": "Hollywood", "boro": "Los Angeles"}}, {"type": "Feature", "geometry": {"type": "Polygon", "coordinates": [[[-118.43559725205904, 33.962694286235035], [-118.43105196351588, 33.966169744700096], [-118.43230470471333, 33.97109767432718], [-118.43810310595592, 33.97254998055199], [-118.44264828108358, 33.969074376576174], [-118.44139516842455, 33.96414661189843], [-118.43559725205904, 33.962694286235035]]]}, "properties": {"light_n": 0, "light_t": 0, "light_top": null, "crime_n": 2, "crime_t": 0, "crime_top": 87, "bv": "0-0", "crime_night_n": 0, "crime_night_t": 0, "crime_night_top": null, "bv_night": "0-0", "nta": "Pacific", "boro": "Los Angeles"}}, {"type": "Feature", "geometry": {"type": "Polygon", "coordinates": [[[-118.30302698150425, 34.27539924217737], [-118.29846191483311, 34.27886808503617], [-118.29971309945381, 34.283789182794074], [-118.30552972609308, 34.28524127533387], [-118.31009468169532, 34.28177228813351], [-118.30884312176771, 34.27685135274725], [-118.30302698150425, 34.27539924217737]]]}, "properties": {"light_n": 0, "light_t": 0, "light_top": null, "crime_n": 1, "crime_t": 0, "crime_top": 100, "bv": "0-0", "crime_night_n": 0, "crime_night_t": 0, "crime_night_top": null, "bv_night": "0-0", "nta": "Foothill", "boro": "Los Angeles"}}, {"type": "Feature", "geometry": {"type": "Polygon", "coordinates": [[[-118.51899325574283, 34.310689608665506], [-118.51443817971716, 34.314164336493796], [-118.51569802527001, 34.319079584046364], [-118.52151331956894, 34.32051993923358], [-118.52606827959318, 34.3170450676631], [-118.52480806136074, 34.31212998465977], [-118.51899325574283, 34.310689608665506]]]}, "properties": {"light_n": 0, "light_t": 0, "light_top": null, "crime_n": 1, "crime_t": 0, "crime_top": 100, "bv": "0-0", "crime_night_n": 1, "crime_night_t": 0, "crime_night_top": 100, "bv_night": "0-0", "nta": "Devonshire", "boro": "Los Angeles"}}, {"type": "Feature", "geometry": {"type": "Polygon", "coordinates": [[[-118.30877584057214, 33.84770829658271], [-118.30422853969412, 33.85118112837508], [-118.30547515795531, 33.85611533452107], [-118.31126944950032, 33.857576544884694], [-118.31581664002914, 33.85410356679523], [-118.31456964940232, 33.84916952465143], [-118.30877584057214, 33.84770829658271]]]}, "properties": {"light_n": 0, "light_t": 0, "light_top": null, "crime_n": 1, "crime_t": 0, "crime_top": 100, "bv": "0-0", "crime_night_n": 0, "crime_night_t": 0, "crime_night_top": null, "bv_night": "0-0", "nta": "Harbor", "boro": "Los Angeles"}}, {"type": "Feature", "geometry": {"type": "Polygon", "coordinates": [[[-118.44638342584956, 34.324909969715975], [-118.44182390865167, 34.32838248091971], [-118.44308114119941, 34.33329887701277], [-118.44889826472716, 34.33474259819143], [-118.45345766752689, 34.33126994315924], [-118.45220006123782, 34.32635371078907], [-118.44638342584956, 34.324909969715975]]]}, "properties": {"light_n": 0, "light_t": 0, "light_top": null, "crime_n": 1, "crime_t": 0, "crime_top": 100, "bv": "0-0", "crime_night_n": 1, "crime_night_t": 0, "crime_night_top": 100, "bv_night": "0-0", "nta": "Mission", "boro": "Los Angeles"}}, {"type": "Feature", "geometry": {"type": "Polygon", "coordinates": [[[-118.27259278911148, 34.134065112621435], [-118.26803191135446, 34.137534386274574], [-118.26928034327568, 34.1424605774735], [-118.27509002775047, 34.14391733246899], [-118.27965079540468, 34.14044791377156], [-118.27840198872734, 34.135521885135255], [-118.27259278911148, 34.134065112621435]]]}, "properties": {"light_n": 0, "light_t": 0, "light_top": null, "crime_n": 11, "crime_t": 1, "crime_top": 46, "bv": "1-0", "crime_night_n": 10, "crime_night_t": 2, "crime_night_top": 31, "bv_night": "2-0", "nta": "Northeast", "boro": "Los Angeles"}}, {"type": "Feature", "geometry": {"type": "Polygon", "coordinates": [[[-118.35687565437551, 34.187441716331215], [-118.3523170336667, 34.190912927423206], [-118.3535692919133, 34.195835616172204], [-118.35938054491274, 34.19728693056786], [-118.36393905351675, 34.193815574841516], [-118.36268642126669, 34.18889304936614], [-118.35687565437551, 34.187441716331215]]]}, "properties": {"light_n": 0, "light_t": 0, "light_top": null, "crime_n": 1, "crime_t": 0, "crime_top": 100, "bv": "0-0", "crime_night_n": 0, "crime_night_t": 0, "crime_night_top": null, "bv_night": "0-0", "nta": "N Hollywood", "boro": "Los Angeles"}}, {"type": "Feature", "geometry": {"type": "Polygon", "coordinates": [[[-118.56588620229124, 34.069006142028734], [-118.56134349838655, 34.07248437937539], [-118.56260239674701, 34.07740616154245], [-118.56840436949484, 34.07884954042379], [-118.57294695685226, 34.07537115832677], [-118.57168768804978, 34.070449542110815], [-118.56588620229124, 34.069006142028734]]]}, "properties": {"light_n": 0, "light_t": 0, "light_top": null, "crime_n": 1, "crime_t": 0, "crime_top": 100, "bv": "0-0", "crime_night_n": 1, "crime_night_t": 0, "crime_night_top": 100, "bv_night": "0-0", "nta": "West LA", "boro": "Los Angeles"}}, {"type": "Feature", "geometry": {"type": "Polygon", "coordinates": [[[-118.28958347409055, 34.11525997283307], [-118.28502425931585, 34.11872990670683], [-118.28627313153336, 34.123656314029944], [-118.29208159297208, 34.12511262467678], [-118.29664069729907, 34.121642545705804], [-118.29539145067542, 34.116716301197485], [-118.28958347409055, 34.11525997283307]]]}, "properties": {"light_n": 0, "light_t": 0, "light_top": null, "crime_n": 1, "crime_t": 0, "crime_top": 100, "bv": "0-0", "crime_night_n": 1, "crime_night_t": 0, "crime_night_top": 100, "bv_night": "0-0", "nta": "Northeast", "boro": "Los Angeles"}}, {"type": "Feature", "geometry": {"type": "Polygon", "coordinates": [[[-118.58448388090464, 34.29007842757391], [-118.57993313869383, 34.293555218078], [-118.58119524808326, 34.29846966909383], [-118.58700847139238, 34.29990716429544], [-118.59155909617482, 34.2964302300937], [-118.59029661511742, 34.2915159444001], [-118.58448388090464, 34.29007842757391]]]}, "properties": {"light_n": 0, "light_t": 0, "light_top": null, "crime_n": 1, "crime_t": 0, "crime_top": 100, "bv": "0-0", "crime_night_n": 1, "crime_night_t": 0, "crime_night_top": 100, "bv_night": "0-0", "nta": "Devonshire", "boro": "Los Angeles"}}, {"type": "Feature", "geometry": {"type": "Polygon", "coordinates": [[[-118.30614092127749, 33.708393213849504], [-118.30159913251698, 33.711867132374095], [-118.30284410142238, 33.71680559154088], [-118.3086312306035, 33.71826996771249], [-118.31317290934764, 33.714795902232254], [-118.311927568967, 33.7098576075482], [-118.30614092127749, 33.708393213849504]]]}, "properties": {"light_n": 0, "light_t": 0, "light_top": null, "crime_n": 2, "crime_t": 0, "crime_top": 87, "bv": "0-0", "crime_night_n": 2, "crime_night_t": 0, "crime_night_top": 82, "bv_night": "0-0", "nta": "Harbor", "boro": "Los Angeles"}}, {"type": "Feature", "geometry": {"type": "Polygon", "coordinates": [[[-118.53156333976874, 34.08350644024118], [-118.52701821932997, 34.0869835764281], [-118.52827597506474, 34.09190566789424], [-118.53407922227339, 34.093350457655205], [-118.53862422690216, 34.08987317671319], [-118.53736610017286, 34.08495125077739], [-118.53156333976874, 34.08350644024118]]]}, "properties": {"light_n": 0, "light_t": 0, "light_top": null, "crime_n": 2, "crime_t": 0, "crime_top": 87, "bv": "0-0", "crime_night_n": 2, "crime_night_t": 0, "crime_night_top": 82, "bv_night": "0-0", "nta": "West LA", "boro": "Los Angeles"}}, {"type": "Feature", "geometry": {"type": "Polygon", "coordinates": [[[-118.6047063020713, 34.262862493225754], [-118.60015775302448, 34.26634010875396], [-118.60142032367851, 34.27125497067002], [-118.60723181463625, 34.27269205143104], [-118.61178024585888, 34.26921429212436], [-118.61051730398883, 34.26429959584721], [-118.6047063020713, 34.262862493225754]]]}, "properties": {"light_n": 0, "light_t": 0, "light_top": null, "crime_n": 1, "crime_t": 0, "crime_top": 100, "bv": "0-0", "crime_night_n": 1, "crime_night_t": 0, "crime_night_top": 100, "bv_night": "0-0", "nta": "Devonshire", "boro": "Los Angeles"}}, {"type": "Feature", "geometry": {"type": "Polygon", "coordinates": [[[-118.59184841248704, 34.1491737192314], [-118.58730382282238, 34.1526519891078], [-118.58856461512329, 34.15757070340228], [-118.59437036775927, 34.15901098190412], [-118.59891484012793, 34.15553256770145], [-118.59765367719737, 34.15061401933523], [-118.59184841248704, 34.1491737192314]]]}, "properties": {"light_n": 0, "light_t": 0, "light_top": null, "crime_n": 1, "crime_t": 0, "crime_top": 100, "bv": "0-0", "crime_night_n": 0, "crime_night_t": 0, "crime_night_top": null, "bv_night": "0-0", "nta": "Topanga", "boro": "Los Angeles"}}, {"type": "Feature", "geometry": {"type": "Polygon", "coordinates": [[[-118.39366748249074, 34.118256098240806], [-118.38911363467709, 34.12172899236474], [-118.39036652203748, 34.12665303604991], [-118.39617363030538, 34.12810402169939], [-118.4007273653274, 34.12463098269827], [-118.39947410491365, 34.119707102937056], [-118.39366748249074, 34.118256098240806]]]}, "properties": {"light_n": 0, "light_t": 0, "light_top": null, "crime_n": 1, "crime_t": 0, "crime_top": 100, "bv": "0-0", "crime_night_n": 0, "crime_night_t": 0, "crime_night_top": null, "bv_night": "0-0", "nta": "N Hollywood", "boro": "Los Angeles"}}, {"type": "Feature", "geometry": {"type": "Polygon", "coordinates": [[[-118.6281996157901, 34.227247557582345], [-118.623653777718, 34.230726163572875], [-118.6249168381488, 34.23564162518027], [-118.63072610735715, 34.23707831478723], [-118.6352718271544, 34.23359956490582], [-118.63400839605903, 34.22868426932037], [-118.6281996157901, 34.227247557582345]]]}, "properties": {"light_n": 0, "light_t": 0, "light_top": null, "crime_n": 1, "crime_t": 0, "crime_top": 100, "bv": "0-0", "crime_night_n": 1, "crime_night_t": 0, "crime_night_top": 100, "bv_night": "0-0", "nta": "Topanga", "boro": "Los Angeles"}}, {"type": "Feature", "geometry": {"type": "Polygon", "coordinates": [[[-118.4769965967009, 34.12522151282358], [-118.4724468768913, 34.128696726308206], [-118.47370302361142, 34.13361872432708], [-118.47950926217844, 34.13506534408189], [-118.48405886731352, 34.131589985921366], [-118.4828023485967, 34.12666815269405], [-118.4769965967009, 34.12522151282358]]]}, "properties": {"light_n": 0, "light_t": 0, "light_top": null, "crime_n": 1, "crime_t": 0, "crime_top": 100, "bv": "0-0", "crime_night_n": 0, "crime_night_t": 0, "crime_night_top": null, "bv_night": "0-0", "nta": "West Valley", "boro": "Los Angeles"}}, {"type": "Feature", "geometry": {"type": "Polygon", "coordinates": [[[-118.48639681265416, 34.07685973263827], [-118.48184956480426, 34.08033564248492], [-118.48310552505069, 34.085258935990204], [-118.48890910473706, 34.08670615458919], [-118.49345623780144, 34.08323009986343], [-118.49219990600552, 34.0783069714299], [-118.48639681265416, 34.07685973263827]]]}, "properties": {"light_n": 0, "light_t": 0, "light_top": null, "crime_n": 1, "crime_t": 0, "crime_top": 100, "bv": "0-0", "crime_night_n": 0, "crime_night_t": 0, "crime_night_top": null, "bv_night": "0-0", "nta": "West LA", "boro": "Los Angeles"}}, {"type": "Feature", "geometry": {"type": "Polygon", "coordinates": [[[-118.29139436796632, 33.84332267458702], [-118.28684633194388, 33.84679504824356], [-118.28809223760248, 33.85172976518747], [-118.29388655188791, 33.85319194465739], [-118.29843447795855, 33.84971942464967], [-118.29718819973567, 33.844784871535424], [-118.29139436796632, 33.84332267458702]]]}, "properties": {"light_n": 0, "light_t": 0, "light_top": null, "crime_n": 1, "crime_t": 0, "crime_top": 100, "bv": "0-0", "crime_night_n": 0, "crime_night_t": 0, "crime_night_top": null, "bv_night": "0-0", "nta": "Harbor", "boro": "Los Angeles"}}, {"type": "Feature", "geometry": {"type": "Polygon", "coordinates": [[[-118.40410444789589, 33.94556967315565], [-118.3995581915276, 33.94904438320526], [-118.40080954018066, 33.95397352767345], [-118.40660751700553, 33.95542779743079], [-118.41115366069728, 33.951952941727626], [-118.40990194028102, 33.947023961932814], [-118.40410444789589, 33.94556967315565]]]}, "properties": {"light_n": 0, "light_t": 0, "light_top": null, "crime_n": 1, "crime_t": 0, "crime_top": 100, "bv": "0-0", "crime_night_n": 0, "crime_night_t": 0, "crime_night_top": null, "bv_night": "0-0", "nta": "Pacific", "boro": "Los Angeles"}}, {"type": "Feature", "geometry": {"type": "Polygon", "coordinates": [[[-118.42804173895506, 34.10378935979099], [-118.42349030012332, 34.10726336658806], [-118.42474433761852, 34.11218710684938], [-118.430550186488, 34.113636675979414], [-118.43510151178644, 34.1101625243081], [-118.43384710178923, 34.10523894839318], [-118.42804173895506, 34.10378935979099]]]}, "properties": {"light_n": 0, "light_t": 0, "light_top": null, "crime_n": 1, "crime_t": 0, "crime_top": 100, "bv": "0-0", "crime_night_n": 0, "crime_night_t": 0, "crime_night_top": null, "bv_night": "0-0", "nta": "West LA", "boro": "Los Angeles"}}, {"type": "Feature", "geometry": {"type": "Polygon", "coordinates": [[[-118.48124207560747, 34.16314691035468], [-118.47669103198128, 34.16662190546914], [-118.47794776832129, 34.17154262710512], [-118.48375592052186, 34.17298818894271], [-118.48830684930022, 34.16951304933508], [-118.48704974076647, 34.16459249239519], [-118.48124207560747, 34.16314691035468]]]}, "properties": {"light_n": 0, "light_t": 0, "light_top": null, "crime_n": 1, "crime_t": 0, "crime_top": 100, "bv": "0-0", "crime_night_n": 0, "crime_night_t": 0, "crime_night_top": null, "bv_night": "0-0", "nta": "West Valley", "boro": "Los Angeles"}}, {"type": "Feature", "geometry": {"type": "Polygon", "coordinates": [[[-118.16470494228663, 34.11618331705595], [-118.16013913581907, 34.119649639669476], [-118.16138322906332, 34.124578721888646], [-118.16719350486743, 34.126041320045346], [-118.17175920369611, 34.12257485209895], [-118.17051473439982, 34.117645931341116], [-118.16470494228663, 34.11618331705595]]]}, "properties": {"light_n": 0, "light_t": 0, "light_top": null, "crime_n": 1, "crime_t": 0, "crime_top": 100, "bv": "0-0", "crime_night_n": 1, "crime_night_t": 0, "crime_night_top": 100, "bv_night": "0-0", "nta": "Northeast", "boro": "Los Angeles"}}, {"type": "Feature", "geometry": {"type": "Polygon", "coordinates": [[[-118.27774912006619, 33.85373931790112], [-118.27319994423043, 33.857211213717676], [-118.27444544450115, 33.86214591115301], [-118.28024049346018, 33.863608549140494], [-118.284789559629, 33.86013650699505], [-118.28354368654587, 33.855201973203236], [-118.27774912006619, 33.85373931790112]]]}, "properties": {"light_n": 0, "light_t": 0, "light_top": null, "crime_n": 1, "crime_t": 0, "crime_top": 100, "bv": "0-0", "crime_night_n": 0, "crime_night_t": 0, "crime_night_top": null, "bv_night": "0-0", "nta": "Harbor", "boro": "Los Angeles"}}, {"type": "Feature", "geometry": {"type": "Polygon", "coordinates": [[[-118.41814788833751, 34.12898152683099], [-118.41359489705458, 34.132455025342], [-118.41484884016268, 34.13737819890885], [-118.42065614739565, 34.138827709829776], [-118.4252090253159, 34.135354066540124], [-118.42395470940642, 34.13043105712036], [-118.41814788833751, 34.12898152683099]]]}, "properties": {"light_n": 0, "light_t": 0, "light_top": null, "crime_n": 1, "crime_t": 0, "crime_top": 100, "bv": "0-0", "crime_night_n": 1, "crime_night_t": 0, "crime_night_top": 100, "bv_night": "0-0", "nta": "Van Nuys", "boro": "Los Angeles"}}, {"type": "Feature", "geometry": {"type": "Polygon", "coordinates": [[[-118.56161726138593, 34.03107012780647], [-118.55707587517439, 34.034548573196616], [-118.55833418313136, 34.039471622893856], [-118.56413424758732, 34.04091606116593], [-118.56867551742623, 34.037437470841], [-118.56741683922239, 34.03251458719081], [-118.56161726138593, 34.03107012780647]]]}, "properties": {"light_n": 0, "light_t": 0, "light_top": null, "crime_n": 1, "crime_t": 0, "crime_top": 100, "bv": "0-0", "crime_night_n": 0, "crime_night_t": 0, "crime_night_top": null, "bv_night": "0-0", "nta": "West LA", "boro": "Los Angeles"}}, {"type": "Feature", "geometry": {"type": "Polygon", "coordinates": [[[-118.29333080694386, 34.13003868000525], [-118.28877118501119, 34.13350858744749], [-118.29002036629461, 34.138434453401956], [-118.29582954400723, 34.13989024912547], [-118.30038905537863, 34.13642019666101], [-118.29913949963911, 34.131494493507546], [-118.29333080694386, 34.13003868000525]]]}, "properties": {"light_n": 0, "light_t": 0, "light_top": null, "crime_n": 1, "crime_t": 0, "crime_top": 100, "bv": "0-0", "crime_night_n": 0, "crime_night_t": 0, "crime_night_top": null, "bv_night": "0-0", "nta": "Northeast", "boro": "Los Angeles"}}, {"type": "Feature", "geometry": {"type": "Polygon", "coordinates": [[[-118.36032568741001, 34.008426287310506], [-118.35577456086708, 34.01189920278625], [-118.3570249424427, 34.016827374708605], [-118.36282682336075, 34.018282467197466], [-118.36737783808094, 34.01480940627224], [-118.36612708374614, 34.00988139831985], [-118.36032568741001, 34.008426287310506]]]}, "properties": {"light_n": 0, "light_t": 0, "light_top": null, "crime_n": 2, "crime_t": 0, "crime_top": 87, "bv": "0-0", "crime_night_n": 0, "crime_night_t": 0, "crime_night_top": null, "bv_night": "0-0", "nta": "Southwest", "boro": "Los Angeles"}}, {"type": "Feature", "geometry": {"type": "Polygon", "coordinates": [[[-118.25864773698281, 33.75647428476915], [-118.254101508048, 33.75994645635491], [-118.25534519800466, 33.76488450487872], [-118.26113548935135, 33.766350218038426], [-118.26568160923634, 33.762877899632144], [-118.26443754686446, 33.75794001489888], [-118.25864773698281, 33.75647428476915]]]}, "properties": {"light_n": 0, "light_t": 0, "light_top": null, "crime_n": 1, "crime_t": 0, "crime_top": 100, "bv": "0-0", "crime_night_n": 1, "crime_night_t": 0, "crime_night_top": 100, "bv_night": "0-0", "nta": "Harbor", "boro": "Los Angeles"}}, {"type": "Feature", "geometry": {"type": "Polygon", "coordinates": [[[-118.4944749898943, 34.30000869672067], [-118.4899190477688, 34.303482820875466], [-118.49117783621352, 34.308398947421985], [-118.49699293975897, 34.30984078549783], [-118.50154876645627, 34.30636651750122], [-118.50028960507713, 34.30145055528278], [-118.4944749898943, 34.30000869672067]]]}, "properties": {"light_n": 0, "light_t": 0, "light_top": null, "crime_n": 2, "crime_t": 0, "crime_top": 87, "bv": "0-0", "crime_night_n": 0, "crime_night_t": 0, "crime_night_top": null, "bv_night": "0-0", "nta": "Devonshire", "boro": "Los Angeles"}}, {"type": "Feature", "geometry": {"type": "Polygon", "coordinates": [[[-118.59105949966556, 34.2732948560277], [-118.5865097953704, 34.27677198758857], [-118.58777196472681, 34.28168682307827], [-118.59358420988725, 34.283124361564234], [-118.59813379664203, 34.27964708624333], [-118.59687125581766, 34.27473241620857], [-118.59105949966556, 34.2732948560277]]]}, "properties": {"light_n": 0, "light_t": 0, "light_top": null, "crime_n": 1, "crime_t": 0, "crime_top": 100, "bv": "0-0", "crime_night_n": 1, "crime_night_t": 0, "crime_night_top": 100, "bv_night": "0-0", "nta": "Devonshire", "boro": "Los Angeles"}}, {"type": "Feature", "geometry": {"type": "Polygon", "coordinates": [[[-118.22517521006185, 33.81734348381992], [-118.22062475658889, 33.820814188284324], [-118.22186784268148, 33.82575112704057], [-118.22766175554464, 33.82721719814], [-118.23221210059836, 33.82374634707648], [-118.23096864124813, 33.81880957152488], [-118.22517521006185, 33.81734348381992]]]}, "properties": {"light_n": 0, "light_t": 0, "light_top": null, "crime_n": 1, "crime_t": 0, "crime_top": 100, "bv": "0-0", "crime_night_n": 1, "crime_night_t": 0, "crime_night_top": 100, "bv_night": "0-0", "nta": "Harbor", "boro": "Los Angeles"}}, {"type": "Feature", "geometry": {"type": "Polygon", "coordinates": [[[-118.29707906712194, 34.14481576277731], [-118.2925190380084, 34.14828564345247], [-118.29376852846184, 34.153210967408626], [-118.29957842257524, 34.15466624791474], [-118.30413834101391, 34.15119622229225], [-118.30288847605448, 34.146271061123294], [-118.29707906712194, 34.14481576277731]]]}, "properties": {"light_n": 0, "light_t": 0, "light_top": null, "crime_n": 1, "crime_t": 0, "crime_top": 100, "bv": "0-0", "crime_night_n": 1, "crime_night_t": 0, "crime_night_top": 100, "bv_night": "0-0", "nta": "Northeast", "boro": "Los Angeles"}}, {"type": "Feature", "geometry": {"type": "Polygon", "coordinates": [[[-118.26928034327568, 34.1424605774735], [-118.26471894779283, 34.145929678975826], [-118.26596734678918, 34.15085568047371], [-118.27177751616497, 34.15231241798544], [-118.27633880160298, 34.148843171470716], [-118.27509002775047, 34.14391733246899], [-118.26928034327568, 34.1424605774735]]]}, "properties": {"light_n": 0, "light_t": 0, "light_top": null, "crime_n": 1, "crime_t": 0, "crime_top": 100, "bv": "0-0", "crime_night_n": 1, "crime_night_t": 0, "crime_night_top": 100, "bv_night": "0-0", "nta": "Northeast", "boro": "Los Angeles"}}]}