{"type": "FeatureCollection", "meta": {"h3_res": 8, "percentile_method": "Each layer is split into terciles (low / mid / high) over the distribution of hexes that have at least one event", "generated": "2026-05-24", "class_counts": {"0-1": 75, "0-0": 225, "2-0": 17, "1-0": 54, "2-2": 155, "0-2": 29, "1-2": 98, "1-1": 112, "2-1": 94}, "crime": {"first_date": "2023-01-01", "last_date": "2026-04-30", "total_points": 94781, "night_total_points": 38544, "cuts": {"mid": 37, "high": 124}, "night_cuts": {"mid": 16, "high": 52}}, "outages": {"first_date": "2023-01-01", "last_date": "2026-04-30", "total_points": 148212, "cuts": {"mid": 130, "high": 224}}}, "features": [{"type": "Feature", "geometry": {"type": "Polygon", "coordinates": [[[-87.53981439712928, 41.729753069315], [-87.54583906026518, 41.72795704512602], [-87.54649405005675, 41.723314158856844], [-87.54112552326822, 41.72046735654695], [-87.53510158275829, 41.722262927010675], [-87.53444544644394, 41.72690575345729], [-87.53981439712928, 41.729753069315]]]}, "properties": {"light_n": 143, "light_t": 1, "light_top": 63, "crime_n": 23, "crime_t": 0, "crime_top": 76, "bv": "0-1", "crime_night_n": 5, "crime_night_t": 0, "crime_night_top": 86, "bv_night": "0-1", "nta": "East Side", "boro": "Chicago"}}, {"type": "Feature", "geometry": {"type": "Polygon", "coordinates": [[[-87.6581146607695, 41.91713536343711], [-87.6641574141081, 41.91532795867008], [-87.66480295387437, 41.910674452795234], [-87.6594068965969, 41.90782840878658], [-87.6533648677665, 41.90963535694662], [-87.65271817173792, 41.914288805669685], [-87.6581146607695, 41.91713536343711]]]}, "properties": {"light_n": 84, "light_t": 0, "light_top": 78, "crime_n": 34, "crime_t": 0, "crime_top": 68, "bv": "0-0", "crime_night_n": 15, "crime_night_t": 0, "crime_night_top": 68, "bv_night": "0-0", "nta": "West Town", "boro": "Chicago"}}, {"type": "Feature", "geometry": {"type": "Polygon", "coordinates": [[[-87.61430895158297, 41.89901007741175], [-87.62035169883396, 41.897205398598636], [-87.6210014671547, 41.892552912021245], [-87.61560964346423, 41.88970516232462], [-87.60956762163414, 41.89150938521906], [-87.60891669810647, 41.89616181367624], [-87.61430895158297, 41.89901007741175]]]}, "properties": {"light_n": 127, "light_t": 0, "light_top": 68, "crime_n": 178, "crime_t": 2, "crime_top": 22, "bv": "2-0", "crime_night_n": 76, "crime_night_t": 2, "crime_night_top": 22, "bv_night": "2-0", "nta": "Near North Side", "boro": "Chicago"}}, {"type": "Feature", "geometry": {"type": "Polygon", "coordinates": [[[-87.68871250936893, 41.863384122212025], [-87.69474658231938, 41.86157674927032], [-87.69538824423667, 41.85692628964383], [-87.68999698691198, 41.85408325941309], [-87.68396363575181, 41.85589017575847], [-87.68332082015826, 41.86054057887839], [-87.68871250936893, 41.863384122212025]]]}, "properties": {"light_n": 73, "light_t": 0, "light_top": 79, "crime_n": 64, "crime_t": 1, "crime_top": 54, "bv": "1-0", "crime_night_n": 36, "crime_night_t": 1, "crime_night_top": 45, "bv_night": "1-0", "nta": "North Lawndale", "boro": "Chicago"}}, {"type": "Feature", "geometry": {"type": "Polygon", "coordinates": [[[-87.6820347976299, 41.86984217566317], [-87.68807007510925, 41.86803494890303], [-87.68871250936893, 41.863384122212025], [-87.68332082015826, 41.86054057887839], [-87.67728626489678, 41.862347349078675], [-87.67664267666034, 41.86699811911993], [-87.6820347976299, 41.86984217566317]]]}, "properties": {"light_n": 124, "light_t": 0, "light_top": 69, "crime_n": 145, "crime_t": 2, "crime_top": 30, "bv": "2-0", "crime_night_n": 44, "crime_night_t": 1, "crime_night_top": 40, "bv_night": "1-0", "nta": "Near West Side", "boro": "Chicago"}}, {"type": "Feature", "geometry": {"type": "Polygon", "coordinates": [[[-87.6533648677665, 41.90963535694662], [-87.6594068965969, 41.90782840878658], [-87.66005281769654, 41.903175326065096], [-87.65465786586928, 41.90032924871042], [-87.64861656147256, 41.90213574037889], [-87.64796948450201, 41.906788765841], [-87.6533648677665, 41.90963535694662]]]}, "properties": {"light_n": 90, "light_t": 0, "light_top": 76, "crime_n": 91, "crime_t": 1, "crime_top": 44, "bv": "1-0", "crime_night_n": 45, "crime_night_t": 1, "crime_night_top": 39, "bv_night": "1-0", "nta": "Near North Side", "boro": "Chicago"}}, {"type": "Feature", "geometry": {"type": "Polygon", "coordinates": [[[-87.72015531037276, 41.84504493754135], [-87.72618528821137, 41.843236525801544], [-87.72682348270747, 41.838587112572], [-87.72143285226032, 41.83574616685671], [-87.71540359457681, 41.83755412173988], [-87.71476424721732, 41.842203479142476], [-87.72015531037276, 41.84504493754135]]]}, "properties": {"light_n": 228, "light_t": 2, "light_top": 32, "crime_n": 231, "crime_t": 2, "crime_top": 15, "bv": "2-2", "crime_night_n": 118, "crime_night_t": 2, "crime_night_top": 9, "bv_night": "2-2", "nta": "South Lawndale", "boro": "Chicago"}}, {"type": "Feature", "geometry": {"type": "Polygon", "coordinates": [[[-87.70873378614438, 41.844011288957724], [-87.71476424721732, 41.842203479142476], [-87.71540359457681, 41.83755412173988], [-87.7100136336702, 41.83471263017756], [-87.70398389310621, 41.836519983287566], [-87.7033433929719, 41.84116928461265], [-87.70873378614438, 41.844011288957724]]]}, "properties": {"light_n": 261, "light_t": 2, "light_top": 20, "crime_n": 174, "crime_t": 2, "crime_top": 23, "bv": "2-2", "crime_night_n": 89, "crime_night_t": 2, "crime_night_top": 17, "bv_night": "2-2", "nta": "South Lawndale", "boro": "Chicago"}}, {"type": "Feature", "geometry": {"type": "Polygon", "coordinates": [[[-87.69743270284258, 41.758292657110104], [-87.70345260366805, 41.75648792025967], [-87.70409192067129, 41.75184342908388], [-87.69871248535262, 41.749003731072456], [-87.69269330274996, 41.75080801199508], [-87.69205283727506, 41.75545244680456], [-87.69743270284258, 41.758292657110104]]]}, "properties": {"light_n": 91, "light_t": 0, "light_top": 76, "crime_n": 27, "crime_t": 0, "crime_top": 72, "bv": "0-0", "crime_night_n": 9, "crime_night_t": 0, "crime_night_top": 77, "bv_night": "0-0", "nta": "Ashburn", "boro": "Chicago"}}, {"type": "Feature", "geometry": {"type": "Polygon", "coordinates": [[[-87.80207464925654, 41.92305376484064], [-87.8081103692925, 41.92123896842738], [-87.80874125595133, 41.91658516420139], [-87.80333757962931, 41.91374621032818], [-87.79730257940301, 41.91556054827786], [-87.79667053572054, 41.920214298511674], [-87.80207464925654, 41.92305376484064]]]}, "properties": {"light_n": 271, "light_t": 2, "light_top": 17, "crime_n": 18, "crime_t": 0, "crime_top": 79, "bv": "0-2", "crime_night_n": 6, "crime_night_t": 0, "crime_night_top": 84, "bv_night": "0-2", "nta": "Austin", "boro": "Chicago"}}, {"type": "Feature", "geometry": {"type": "Polygon", "coordinates": [[[-87.68589130032419, 41.84194054797606], [-87.6919227263781, 41.84013394228154], [-87.69256437919837, 41.83548469728452], [-87.68717575859377, 41.8326421145081], [-87.68114505375591, 41.83444826380048], [-87.68050224833881, 41.83909745221893], [-87.68589130032419, 41.84194054797606]]]}, "properties": {"light_n": 62, "light_t": 0, "light_top": 82, "crime_n": 24, "crime_t": 0, "crime_top": 75, "bv": "0-0", "crime_night_n": 14, "crime_night_t": 0, "crime_night_top": 69, "bv_night": "0-0", "nta": "McKinley Park", "boro": "Chicago"}}, {"type": "Feature", "geometry": {"type": "Polygon", "coordinates": [[[-87.63243550733023, 41.893595288346305], [-87.63847656846363, 41.891789857096825], [-87.63912440648137, 41.887137678566404], [-87.6337323383963, 41.88429098895831], [-87.62769200190127, 41.886095964099425], [-87.62704300888564, 41.89074808490443], [-87.63243550733023, 41.893595288346305]]]}, "properties": {"light_n": 473, "light_t": 2, "light_top": 1, "crime_n": 973, "crime_t": 2, "crime_top": 0, "bv": "2-2", "crime_night_n": 601, "crime_night_t": 2, "crime_night_top": 0, "bv_night": "2-2", "nta": "Near North Side", "boro": "Chicago"}}, {"type": "Feature", "geometry": {"type": "Polygon", "coordinates": [[[-87.6725392165856, 41.854852913299375], [-87.67857304970298, 41.853046599543624], [-87.67921624635184, 41.848396620131055], [-87.67382676311263, 41.84555301128656], [-87.66779365206554, 41.8473588687131], [-87.6671493022197, 41.852008791260864], [-87.6725392165856, 41.854852913299375]]]}, "properties": {"light_n": 409, "light_t": 2, "light_top": 2, "crime_n": 152, "crime_t": 2, "crime_top": 27, "bv": "2-2", "crime_night_n": 70, "crime_night_t": 2, "crime_night_top": 25, "bv_night": "2-2", "nta": "Lower West Side", "boro": "Chicago"}}, {"type": "Feature", "geometry": {"type": "Polygon", "coordinates": [[[-87.66972591768136, 41.833410682905516], [-87.67575710391239, 41.831605135657284], [-87.67640028993956, 41.82695637124709], [-87.67101344188613, 41.82411321096911], [-87.66498297715069, 41.82591830208218], [-87.66433863900536, 41.8305670095559], [-87.66972591768136, 41.833410682905516]]]}, "properties": {"light_n": 252, "light_t": 2, "light_top": 23, "crime_n": 111, "crime_t": 1, "crime_top": 38, "bv": "1-2", "crime_night_n": 55, "crime_night_t": 2, "crime_night_top": 32, "bv_night": "2-2", "nta": "McKinley Park", "boro": "Chicago"}}, {"type": "Feature", "geometry": {"type": "Polygon", "coordinates": [[[-87.59370670682911, 41.79822867249743], [-87.59973740000392, 41.79642795762638], [-87.60038785760281, 41.79178117993516], [-87.59500877216927, 41.78893517567827], [-87.58897880195177, 41.790735435635234], [-87.58832719424326, 41.79538215471078], [-87.59370670682911, 41.79822867249743]]]}, "properties": {"light_n": 225, "light_t": 2, "light_top": 33, "crime_n": 74, "crime_t": 1, "crime_top": 50, "bv": "1-2", "crime_night_n": 37, "crime_night_t": 1, "crime_night_top": 45, "bv_night": "1-2", "nta": "Hyde Park", "boro": "Chicago"}}, {"type": "Feature", "geometry": {"type": "Polygon", "coordinates": [[[-87.79626288200427, 41.79544196753708], [-87.80228226937224, 41.79363120526279], [-87.80291201101385, 41.78898463134545], [-87.79752351595083, 41.78614887383668], [-87.7915048446239, 41.787959178667535], [-87.79087395235018, 41.79260569839815], [-87.79626288200427, 41.79544196753708]]]}, "properties": {"light_n": 258, "light_t": 2, "light_top": 21, "crime_n": 28, "crime_t": 0, "crime_top": 71, "bv": "0-2", "crime_night_n": 13, "crime_night_t": 0, "crime_night_top": 71, "bv_night": "0-2", "nta": "Garfield Ridge", "boro": "Chicago"}}, {"type": "Feature", "geometry": {"type": "Polygon", "coordinates": [[[-87.62574462750953, 41.9000531159809], [-87.63178689430762, 41.89824783279282], [-87.63243550733023, 41.893595288346305], [-87.62704300888564, 41.89074808490443], [-87.6210014671547, 41.892552912021245], [-87.62035169883396, 41.897205398598636], [-87.62574462750953, 41.9000531159809]]]}, "properties": {"light_n": 428, "light_t": 2, "light_top": 1, "crime_n": 1005, "crime_t": 2, "crime_top": 0, "bv": "2-2", "crime_night_n": 425, "crime_night_t": 2, "crime_night_top": 0, "bv_night": "2-2", "nta": "Near North Side", "boro": "Chicago"}}, {"type": "Feature", "geometry": {"type": "Polygon", "coordinates": [[[-87.73151926588986, 41.93084716338696], [-87.73755983825336, 41.929035675887256], [-87.73819805460005, 41.92438141001082], [-87.73279685580597, 41.92153868711699], [-87.72675700589203, 41.923349716982024], [-87.72611763235463, 41.928003927322905], [-87.73151926588986, 41.93084716338696]]]}, "properties": {"light_n": 157, "light_t": 1, "light_top": 58, "crime_n": 108, "crime_t": 1, "crime_top": 39, "bv": "1-1", "crime_night_n": 48, "crime_night_t": 1, "crime_night_top": 36, "bv_night": "1-1", "nta": "Hermosa", "boro": "Chicago"}}, {"type": "Feature", "geometry": {"type": "Polygon", "coordinates": [[[-87.73628301642758, 41.93834499672873], [-87.74232431131357, 41.93653305147891], [-87.74296214341946, 41.93187836337082], [-87.73755983825336, 41.929035675887256], [-87.73151926588986, 41.93084716338696], [-87.73088027620199, 41.93550179606768], [-87.73628301642758, 41.93834499672873]]]}, "properties": {"light_n": 178, "light_t": 1, "light_top": 51, "crime_n": 79, "crime_t": 1, "crime_top": 48, "bv": "1-1", "crime_night_n": 33, "crime_night_t": 1, "crime_night_top": 47, "bv_night": "1-1", "nta": "Hermosa", "boro": "Chicago"}}, {"type": "Feature", "geometry": {"type": "Polygon", "coordinates": [[[-87.73819805460005, 41.92438141001082], [-87.74423741886551, 41.92256977628122], [-87.74487486228432, 41.91791587738142], [-87.73947409835783, 41.91507366755084], [-87.73343545611301, 41.91688484360948], [-87.73279685580597, 41.92153868711699], [-87.73819805460005, 41.92438141001082]]]}, "properties": {"light_n": 396, "light_t": 2, "light_top": 2, "crime_n": 154, "crime_t": 2, "crime_top": 27, "bv": "2-2", "crime_night_n": 77, "crime_night_t": 2, "crime_night_top": 21, "bv_night": "2-2", "nta": "Hermosa", "boro": "Chicago"}}, {"type": "Feature", "geometry": {"type": "Polygon", "coordinates": [[[-87.63134165998633, 41.942981181901985], [-87.63738924342222, 41.941174370533716], [-87.63803788583458, 41.93651940180691], [-87.63264010231066, 41.93367130212284], [-87.62659324510146, 41.935477657032514], [-87.6259434452223, 41.940132568032226], [-87.63134165998633, 41.942981181901985]]]}, "properties": {"light_n": 32, "light_t": 0, "light_top": 88, "crime_n": 12, "crime_t": 0, "crime_top": 83, "bv": "0-0", "crime_night_n": 1, "crime_night_t": 0, "crime_night_top": 100, "bv_night": "0-0", "nta": "Lake View", "boro": "Chicago"}}, {"type": "Feature", "geometry": {"type": "Polygon", "coordinates": [[[-87.61847465927947, 41.78637784673898], [-87.62450247471877, 41.78457623710888], [-87.6251502380565, 41.77993013500823], [-87.61977133559238, 41.77708570056456], [-87.61374424190718, 41.77888685505463], [-87.61309532896462, 41.78353289907601], [-87.61847465927947, 41.78637784673898]]]}, "properties": {"light_n": 307, "light_t": 2, "light_top": 10, "crime_n": 357, "crime_t": 2, "crime_top": 5, "bv": "2-2", "crime_night_n": 154, "crime_night_t": 2, "crime_night_top": 6, "bv_night": "2-2", "nta": "Washington Park", "boro": "Chicago"}}, {"type": "Feature", "geometry": {"type": "Polygon", "coordinates": [[[-87.74587799008162, 41.78384591836558], [-87.75189859842887, 41.78203801270762], [-87.75253332434804, 41.77739208105739], [-87.74714859184881, 41.77455411030733], [-87.74112870088481, 41.77636155923927], [-87.7404928250684, 41.78100743559486], [-87.74587799008162, 41.78384591836558]]]}, "properties": {"light_n": 117, "light_t": 0, "light_top": 70, "crime_n": 27, "crime_t": 0, "crime_top": 72, "bv": "0-0", "crime_night_n": 13, "crime_night_t": 0, "crime_night_top": 71, "bv_night": "0-0", "nta": "Clearing", "boro": "Chicago"}}, {"type": "Feature", "geometry": {"type": "Polygon", "coordinates": [[[-87.69359024442552, 41.78616577996379], [-87.69961398216152, 41.78436041922684], [-87.700254076357, 41.77971434199161], [-87.69487158269277, 41.776873681877774], [-87.68884856417532, 41.778678586528606], [-87.68820732013556, 41.783324607326975], [-87.69359024442552, 41.78616577996379]]]}, "properties": {"light_n": 231, "light_t": 2, "light_top": 31, "crime_n": 270, "crime_t": 2, "crime_top": 11, "bv": "2-2", "crime_night_n": 114, "crime_night_t": 2, "crime_night_top": 10, "bv_night": "2-2", "nta": "Chicago Lawn", "boro": "Chicago"}}, {"type": "Feature", "geometry": {"type": "Polygon", "coordinates": [[[-87.71165977593787, 41.780748952976204], [-87.71768183186856, 41.778942847651464], [-87.7183200072164, 41.77429708263493], [-87.71293727629904, 41.77145747893512], [-87.70691593880949, 41.77326312798658], [-87.70627661382801, 41.777908836958744], [-87.71165977593787, 41.780748952976204]]]}, "properties": {"light_n": 304, "light_t": 2, "light_top": 11, "crime_n": 98, "crime_t": 1, "crime_top": 42, "bv": "1-2", "crime_night_n": 30, "crime_night_t": 1, "crime_night_top": 51, "bv_night": "1-2", "nta": "Chicago Lawn", "boro": "Chicago"}}, {"type": "Feature", "geometry": {"type": "Polygon", "coordinates": [[[-87.77348379570695, 41.962898108311016], [-87.77952628323447, 41.961083579964075], [-87.78016064315597, 41.95642751653651], [-87.77475367451449, 41.95358603600186], [-87.76871190901326, 41.955400105949046], [-87.768076390159, 41.9600561147779], [-87.77348379570695, 41.962898108311016]]]}, "properties": {"light_n": 346, "light_t": 2, "light_top": 5, "crime_n": 38, "crime_t": 1, "crime_top": 66, "bv": "1-2", "crime_night_n": 17, "crime_night_t": 1, "crime_night_top": 66, "bv_night": "1-2", "nta": "Portage Park", "boro": "Chicago"}}, {"type": "Feature", "geometry": {"type": "Polygon", "coordinates": [[[-87.69809558243597, 41.963179225649284], [-87.7041421995931, 41.96136847349249], [-87.70478428678285, 41.95671237532058], [-87.69938091555134, 41.95386708550582], [-87.69333502299179, 41.95567738021058], [-87.69269177709852, 41.96033342212944], [-87.69809558243597, 41.963179225649284]]]}, "properties": {"light_n": 137, "light_t": 1, "light_top": 64, "crime_n": 36, "crime_t": 0, "crime_top": 67, "bv": "0-1", "crime_night_n": 10, "crime_night_t": 0, "crime_night_top": 75, "bv_night": "0-1", "nta": "Irving Park", "boro": "Chicago"}}, {"type": "Feature", "geometry": {"type": "Polygon", "coordinates": [[[-87.6290340647565, 41.75205907001447], [-87.63505684108597, 41.750257933539935], [-87.63570304758427, 41.74561378430639], [-87.6303276257214, 41.74277082935901], [-87.62430556972113, 41.74457151081394], [-87.62365821528697, 41.74921560218353], [-87.6290340647565, 41.75205907001447]]]}, "properties": {"light_n": 262, "light_t": 2, "light_top": 20, "crime_n": 169, "crime_t": 2, "crime_top": 24, "bv": "2-2", "crime_night_n": 48, "crime_night_t": 1, "crime_night_top": 36, "bv_night": "1-2", "nta": "Chatham", "boro": "Chicago"}}, {"type": "Feature", "geometry": {"type": "Polygon", "coordinates": [[[-87.71055720225394, 41.91481932033347], [-87.71659681458578, 41.91300935179171], [-87.71723695498163, 41.90835598654208], [-87.7118386393975, 41.905512645784675], [-87.70579974972469, 41.90732215707439], [-87.70515845300912, 41.91197546632093], [-87.71055720225394, 41.91481932033347]]]}, "properties": {"light_n": 224, "light_t": 2, "light_top": 33, "crime_n": 232, "crime_t": 2, "crime_top": 14, "bv": "2-2", "crime_night_n": 88, "crime_night_t": 2, "crime_night_top": 18, "bv_night": "2-2", "nta": "Humboldt Park", "boro": "Chicago"}}, {"type": "Feature", "geometry": {"type": "Polygon", "coordinates": [[[-87.69833340472356, 41.793653366263854], [-87.70435786175115, 41.79184754932562], [-87.70499757533803, 41.78720104766855], [-87.69961398216152, 41.78436041922684], [-87.69359024442552, 41.78616577996379], [-87.69294938060644, 41.79081222529132], [-87.69833340472356, 41.793653366263854]]]}, "properties": {"light_n": 350, "light_t": 2, "light_top": 4, "crime_n": 151, "crime_t": 2, "crime_top": 27, "bv": "2-2", "crime_night_n": 66, "crime_night_t": 2, "crime_night_top": 26, "bv_night": "2-2", "nta": "Gage Park", "boro": "Chicago"}}, {"type": "Feature", "geometry": {"type": "Polygon", "coordinates": [[[-87.77252231031844, 41.927469574751676], [-87.77856021465004, 41.9256561299774], [-87.77919418687532, 41.921002066409265], [-87.77379141195304, 41.91816150220073], [-87.76775422857311, 41.919974488849576], [-87.76711909919545, 41.92462849777972], [-87.77252231031844, 41.927469574751676]]]}, "properties": {"light_n": 294, "light_t": 2, "light_top": 13, "crime_n": 157, "crime_t": 2, "crime_top": 26, "bv": "2-2", "crime_night_n": 57, "crime_night_t": 2, "crime_night_top": 30, "bv_night": "2-2", "nta": "Belmont Cragin", "boro": "Chicago"}}, {"type": "Feature", "geometry": {"type": "Polygon", "coordinates": [[[-87.61763496143452, 41.75101613828273], [-87.62365821528697, 41.74921560218353], [-87.62430556972113, 41.74457151081394], [-87.61893081818096, 41.74172801360469], [-87.61290828500812, 41.743528094835995], [-87.61225978272836, 41.7481721280921], [-87.61763496143452, 41.75101613828273]]]}, "properties": {"light_n": 308, "light_t": 2, "light_top": 10, "crime_n": 100, "crime_t": 1, "crime_top": 41, "bv": "1-2", "crime_night_n": 32, "crime_night_t": 1, "crime_night_top": 49, "bv_night": "1-2", "nta": "Chatham", "boro": "Chicago"}}, {"type": "Feature", "geometry": {"type": "Polygon", "coordinates": [[[-87.7420630944005, 41.8117276841913], [-87.74808754137506, 41.80991915181602], [-87.74872303935722, 41.805271634879595], [-87.74333524166936, 41.802432705630046], [-87.73731151307264, 41.804240781120285], [-87.73667486381765, 41.80888824269266], [-87.7420630944005, 41.8117276841913]]]}, "properties": {"light_n": 239, "light_t": 2, "light_top": 29, "crime_n": 113, "crime_t": 1, "crime_top": 38, "bv": "1-2", "crime_night_n": 56, "crime_night_t": 2, "crime_night_top": 31, "bv_night": "2-2", "nta": "Garfield Ridge", "boro": "Chicago"}}, {"type": "Feature", "geometry": {"type": "Polygon", "coordinates": [[[-87.78009785843577, 41.786932580962926], [-87.78611701475775, 41.78512287578862], [-87.78674829046219, 41.78047677975425], [-87.78136156003443, 41.7776404433865], [-87.7753431200361, 41.77944969138296], [-87.77471069417322, 41.784095732872586], [-87.78009785843577, 41.786932580962926]]]}, "properties": {"light_n": 165, "light_t": 1, "light_top": 55, "crime_n": 38, "crime_t": 1, "crime_top": 66, "bv": "1-1", "crime_night_n": 7, "crime_night_t": 0, "crime_night_top": 81, "bv_night": "0-1", "nta": "Clearing", "boro": "Chicago"}}, {"type": "Feature", "geometry": {"type": "Polygon", "coordinates": [[[-87.7410482581392, 41.945843216617206], [-87.7470902756205, 41.94403081350183], [-87.74772772320503, 41.93937570329949], [-87.74232431131357, 41.93653305147891], [-87.73628301642758, 41.93834499672873], [-87.73564441086972, 41.94300005161199], [-87.7410482581392, 41.945843216617206]]]}, "properties": {"light_n": 233, "light_t": 2, "light_top": 31, "crime_n": 80, "crime_t": 1, "crime_top": 48, "bv": "1-2", "crime_night_n": 31, "crime_night_t": 1, "crime_night_top": 50, "bv_night": "1-2", "nta": "Irving Park", "boro": "Chicago"}}, {"type": "Feature", "geometry": {"type": "Polygon", "coordinates": [[[-87.7954060630454, 41.929522588608705], [-87.80144299159831, 41.927707936930354], [-87.80207464925654, 41.92305376484064], [-87.79667053572054, 41.920214298511674], [-87.79063432740574, 41.92202849176213], [-87.79000151242036, 41.9266826097168], [-87.7954060630454, 41.929522588608705]]]}, "properties": {"light_n": 314, "light_t": 2, "light_top": 9, "crime_n": 50, "crime_t": 1, "crime_top": 60, "bv": "1-2", "crime_night_n": 15, "crime_night_t": 0, "crime_night_top": 68, "bv_night": "0-2", "nta": "Montclare", "boro": "Chicago"}}, {"type": "Feature", "geometry": {"type": "Polygon", "coordinates": [[[-87.68499915067629, 41.80655867336957], [-87.69102600993578, 41.80475314592791], [-87.69166726340087, 41.80010590831375], [-87.68628280846943, 41.79726425470381], [-87.6802566693529, 41.79906932601647], [-87.67961426505695, 41.80371650701564], [-87.68499915067629, 41.80655867336957]]]}, "properties": {"light_n": 323, "light_t": 2, "light_top": 7, "crime_n": 201, "crime_t": 2, "crime_top": 18, "bv": "2-2", "crime_night_n": 81, "crime_night_t": 2, "crime_night_top": 20, "bv_night": "2-2", "nta": "Gage Park", "boro": "Chicago"}}, {"type": "Feature", "geometry": {"type": "Polygon", "coordinates": [[[-87.70569449922164, 41.99215678842164], [-87.71174450172529, 41.99034481123427], [-87.71238621276274, 41.98568708136617], [-87.7069790815132, 41.982841384705], [-87.7009298042591, 41.98465290413057], [-87.70028693303732, 41.98931057792636], [-87.70569449922164, 41.99215678842164]]]}, "properties": {"light_n": 142, "light_t": 1, "light_top": 63, "crime_n": 71, "crime_t": 1, "crime_top": 52, "bv": "1-1", "crime_night_n": 23, "crime_night_t": 1, "crime_night_top": 58, "bv_night": "1-1", "nta": "West Ridge", "boro": "Chicago"}}, {"type": "Feature", "geometry": {"type": "Polygon", "coordinates": [[[-87.78016064315597, 41.95642751653651], [-87.78620192058482, 41.95461284230177], [-87.78683550774369, 41.949957146020836], [-87.7814289761344, 41.94711617837746], [-87.77538842030235, 41.94893039417644], [-87.77475367451449, 41.95358603600186], [-87.78016064315597, 41.95642751653651]]]}, "properties": {"light_n": 248, "light_t": 2, "light_top": 25, "crime_n": 45, "crime_t": 1, "crime_top": 62, "bv": "1-2", "crime_night_n": 15, "crime_night_t": 0, "crime_night_top": 68, "bv_night": "0-2", "nta": "Dunning", "boro": "Chicago"}}, {"type": "Feature", "geometry": {"type": "Polygon", "coordinates": [[[-87.74772772320503, 41.93937570329949], [-87.75376853172993, 41.93756315388174], [-87.75440520616542, 41.932908410597875], [-87.74900222977833, 41.93006627185487], [-87.74296214341946, 41.93187836337082], [-87.74232431131357, 41.93653305147891], [-87.74772772320503, 41.93937570329949]]]}, "properties": {"light_n": 194, "light_t": 1, "light_top": 45, "crime_n": 144, "crime_t": 2, "crime_top": 30, "bv": "2-1", "crime_night_n": 67, "crime_night_t": 2, "crime_night_top": 26, "bv_night": "2-1", "nta": "Belmont Cragin", "boro": "Chicago"}}, {"type": "Feature", "geometry": {"type": "Polygon", "coordinates": [[[-87.73343545611301, 41.91688484360948], [-87.73947409835783, 41.91507366755084], [-87.74011192584764, 41.910420191048956], [-87.73471226762193, 41.90757794605354], [-87.72867434732493, 41.90938866455664], [-87.72803536333777, 41.91404208555806], [-87.73343545611301, 41.91688484360948]]]}, "properties": {"light_n": 314, "light_t": 2, "light_top": 9, "crime_n": 253, "crime_t": 2, "crime_top": 13, "bv": "2-2", "crime_night_n": 100, "crime_night_t": 2, "crime_night_top": 14, "bv_night": "2-2", "nta": "Humboldt Park", "boro": "Chicago"}}, {"type": "Feature", "geometry": {"type": "Polygon", "coordinates": [[[-87.65898837157874, 41.95256547122261], [-87.66503571594485, 41.95075699230362], [-87.66568166120314, 41.946101486193214], [-87.66028142016879, 41.94325451606534], [-87.65423480139383, 41.94506253810498], [-87.65358769809468, 41.94971798709917], [-87.65898837157874, 41.95256547122261]]]}, "properties": {"light_n": 163, "light_t": 1, "light_top": 56, "crime_n": 421, "crime_t": 2, "crime_top": 4, "bv": "2-1", "crime_night_n": 291, "crime_night_t": 2, "crime_night_top": 1, "bv_night": "2-1", "nta": "Lake View", "boro": "Chicago"}}, {"type": "Feature", "geometry": {"type": "Polygon", "coordinates": [[[-87.66235930620645, 41.71983487285127], [-87.66837609537649, 41.71803301357167], [-87.6690184561408, 41.7133907050693], [-87.66364517421619, 41.710550312945095], [-87.65762910325418, 41.712351717023544], [-87.65698559604087, 41.71699396837506], [-87.66235930620645, 41.71983487285127]]]}, "properties": {"light_n": 149, "light_t": 1, "light_top": 61, "crime_n": 22, "crime_t": 0, "crime_top": 76, "bv": "0-1", "crime_night_n": 7, "crime_night_t": 0, "crime_night_top": 81, "bv_night": "0-1", "nta": "Beverly", "boro": "Chicago"}}, {"type": "Feature", "geometry": {"type": "Polygon", "coordinates": [[[-87.64667493624042, 41.91609560593671], [-87.65271817173792, 41.914288805669685], [-87.6533648677665, 41.90963535694662], [-87.64796948450201, 41.906788765841], [-87.64192697386731, 41.90859510965344], [-87.64127912166693, 41.91324850097346], [-87.64667493624042, 41.91609560593671]]]}, "properties": {"light_n": 217, "light_t": 1, "light_top": 37, "crime_n": 155, "crime_t": 2, "crime_top": 27, "bv": "2-1", "crime_night_n": 61, "crime_night_t": 2, "crime_night_top": 27, "bv_night": "2-1", "nta": "Near North Side", "boro": "Chicago"}}, {"type": "Feature", "geometry": {"type": "Polygon", "coordinates": [[[-87.69538824423667, 41.85692628964383], [-87.7014211129431, 41.85511877079918], [-87.70206200292971, 41.850468678409], [-87.6966711776178, 41.84762616117446], [-87.69063903027435, 41.84943322338639], [-87.68999698691198, 41.85408325941309], [-87.69538824423667, 41.85692628964383]]]}, "properties": {"light_n": 697, "light_t": 2, "light_top": 0, "crime_n": 269, "crime_t": 2, "crime_top": 11, "bv": "2-2", "crime_night_n": 118, "crime_night_t": 2, "crime_night_top": 9, "bv_night": "2-2", "nta": "South Lawndale", "boro": "Chicago"}}, {"type": "Feature", "geometry": {"type": "Polygon", "coordinates": [[[-87.69166726340087, 41.80010590831375], [-87.69769292140255, 41.79830023598496], [-87.69833340472356, 41.793653366263854], [-87.69294938060644, 41.79081222529132], [-87.68692444232194, 41.792617441454915], [-87.68628280846943, 41.79726425470381], [-87.69166726340087, 41.80010590831375]]]}, "properties": {"light_n": 323, "light_t": 2, "light_top": 7, "crime_n": 103, "crime_t": 1, "crime_top": 40, "bv": "1-2", "crime_night_n": 45, "crime_night_t": 1, "crime_night_top": 39, "bv_night": "1-2", "nta": "Gage Park", "boro": "Chicago"}}, {"type": "Feature", "geometry": {"type": "Polygon", "coordinates": [[[-87.8326256668571, 41.95405261488654], [-87.83866377663779, 41.9522353797904], [-87.83929195727676, 41.94757983609604], [-87.83388318683905, 41.94474158075054], [-87.82784579679502, 41.94655835677047], [-87.82721645748332, 41.95121384715937], [-87.8326256668571, 41.95405261488654]]]}, "properties": {"light_n": 264, "light_t": 2, "light_top": 19, "crime_n": 13, "crime_t": 0, "crime_top": 82, "bv": "0-2", "crime_night_n": 5, "crime_night_t": 0, "crime_night_top": 86, "bv_night": "0-2", "nta": "Dunning", "boro": "Chicago"}}, {"type": "Feature", "geometry": {"type": "Polygon", "coordinates": [[[-87.64796280959135, 41.7820132616618], [-87.65398846797963, 41.780210303957276], [-87.65463316101787, 41.77556445396905], [-87.64925334518729, 41.77272161906945], [-87.64322840742489, 41.77452412129372], [-87.64258256489953, 41.77916991384545], [-87.64796280959135, 41.7820132616618]]]}, "properties": {"light_n": 101, "light_t": 0, "light_top": 74, "crime_n": 321, "crime_t": 2, "crime_top": 7, "bv": "2-0", "crime_night_n": 112, "crime_night_t": 2, "crime_night_top": 11, "bv_night": "2-0", "nta": "Englewood", "boro": "Chicago"}}, {"type": "Feature", "geometry": {"type": "Polygon", "coordinates": [[[-87.82784579679502, 41.94655835677047], [-87.83388318683905, 41.94474158075054], [-87.83451175512789, 41.940086458281336], [-87.82910409168595, 41.93724816519373], [-87.82306742130768, 41.93906448225288], [-87.82243769473689, 41.94371955130769], [-87.82784579679502, 41.94655835677047]]]}, "properties": {"light_n": 349, "light_t": 2, "light_top": 4, "crime_n": 25, "crime_t": 0, "crime_top": 74, "bv": "0-2", "crime_night_n": 12, "crime_night_t": 0, "crime_night_top": 73, "bv_night": "0-2", "nta": "Dunning", "boro": "Chicago"}}, {"type": "Feature", "geometry": {"type": "Polygon", "coordinates": [[[-87.69641156536014, 41.80759476763057], [-87.70243794315212, 41.80578863902138], [-87.70307804569744, 41.801141345042396], [-87.69769292140255, 41.79830023598496], [-87.69166726340087, 41.80010590831375], [-87.69102600993578, 41.80475314592791], [-87.69641156536014, 41.80759476763057]]]}, "properties": {"light_n": 152, "light_t": 1, "light_top": 60, "crime_n": 39, "crime_t": 1, "crime_top": 66, "bv": "1-1", "crime_night_n": 22, "crime_night_t": 1, "crime_night_top": 59, "bv_night": "1-1", "nta": "Gage Park", "boro": "Chicago"}}, {"type": "Feature", "geometry": {"type": "Polygon", "coordinates": [[[-87.79350839017216, 41.943486997215764], [-87.79954724826852, 41.94167203204378], [-87.80017929114328, 41.93701707057275], [-87.79477363397477, 41.93417712839036], [-87.78873549661685, 41.93599163505479], [-87.7881022957206, 41.94064654235647], [-87.79350839017216, 41.943486997215764]]]}, "properties": {"light_n": 340, "light_t": 2, "light_top": 5, "crime_n": 24, "crime_t": 0, "crime_top": 75, "bv": "0-2", "crime_night_n": 12, "crime_night_t": 0, "crime_night_top": 73, "bv_night": "0-2", "nta": "Dunning", "boro": "Chicago"}}, {"type": "Feature", "geometry": {"type": "Polygon", "coordinates": [[[-87.67165700824543, 41.81946487070311], [-87.67768627087182, 41.81765963386916], [-87.67832906585585, 41.813011660982426], [-87.6729437496753, 41.81016898177794], [-87.66691520804414, 41.81197376255554], [-87.66627126163054, 41.81662167854151], [-87.67165700824543, 41.81946487070311]]]}, "properties": {"light_n": 384, "light_t": 2, "light_top": 2, "crime_n": 130, "crime_t": 2, "crime_top": 32, "bv": "2-2", "crime_night_n": 73, "crime_night_t": 2, "crime_night_top": 23, "bv_night": "2-2", "nta": "New City", "boro": "Chicago"}}, {"type": "Feature", "geometry": {"type": "Polygon", "coordinates": [[[-87.83929195727676, 41.94757983609604], [-87.84532885697415, 41.94576245664529], [-87.8459562668948, 41.94110728101339], [-87.84054793551748, 41.93826953794223], [-87.83451175512789, 41.940086458281336], [-87.83388318683905, 41.94474158075054], [-87.83929195727676, 41.94757983609604]]]}, "properties": {"light_n": 35, "light_t": 0, "light_top": 87, "crime_n": 5, "crime_t": 0, "crime_top": 91, "bv": "0-0", "crime_night_n": 1, "crime_night_t": 0, "crime_night_top": 100, "bv_night": "0-0", "nta": "O'Hare", "boro": "Chicago"}}, {"type": "Feature", "geometry": {"type": "Polygon", "coordinates": [[[-87.71348516341453, 41.851502985129116], [-87.71951634506941, 41.84969471849333], [-87.72015531037276, 41.84504493754135], [-87.71476424721732, 41.842203479142476], [-87.70873378614438, 41.844011288957724], [-87.70809366767695, 41.848661013939875], [-87.71348516341453, 41.851502985129116]]]}, "properties": {"light_n": 373, "light_t": 2, "light_top": 2, "crime_n": 373, "crime_t": 2, "crime_top": 5, "bv": "2-2", "crime_night_n": 167, "crime_night_t": 2, "crime_night_top": 4, "bv_night": "2-2", "nta": "South Lawndale", "boro": "Chicago"}}, {"type": "Feature", "geometry": {"type": "Polygon", "coordinates": [[[-87.67220610406157, 42.02450857531489], [-87.67826216643536, 42.02269734242949], [-87.67890776243134, 42.018037785902266], [-87.67349845778735, 42.015189519000195], [-87.66744312282064, 42.01700029430886], [-87.66679636512353, 42.02165979404355], [-87.67220610406157, 42.02450857531489]]]}, "properties": {"light_n": 168, "light_t": 1, "light_top": 54, "crime_n": 435, "crime_t": 2, "crime_top": 3, "bv": "2-1", "crime_night_n": 170, "crime_night_t": 2, "crime_night_top": 4, "bv_night": "2-1", "nta": "Rogers Park", "boro": "Chicago"}}, {"type": "Feature", "geometry": {"type": "Polygon", "coordinates": [[[-87.62769200190127, 41.886095964099425], [-87.6337323383963, 41.88429098895831], [-87.6343805565196, 41.87963923409843], [-87.62898959278748, 41.87679251215983], [-87.62294998085586, 41.87859703130793], [-87.62230060812564, 41.88324872833509], [-87.62769200190127, 41.886095964099425]]]}, "properties": {"light_n": 742, "light_t": 2, "light_top": 0, "crime_n": 1513, "crime_t": 2, "crime_top": 0, "bv": "2-2", "crime_night_n": 553, "crime_night_t": 2, "crime_night_top": 0, "bv_night": "2-2", "nta": "Loop", "boro": "Chicago"}}, {"type": "Feature", "geometry": {"type": "Polygon", "coordinates": [[[-87.66304957070612, 41.83986521570748], [-87.6690819597568, 41.83805981449485], [-87.66972591768136, 41.833410682905516], [-87.66433863900536, 41.8305670095559], [-87.65830697187712, 41.83237195466992], [-87.65766186153478, 41.837021029179674], [-87.66304957070612, 41.83986521570748]]]}, "properties": {"light_n": 153, "light_t": 1, "light_top": 60, "crime_n": 82, "crime_t": 1, "crime_top": 47, "bv": "1-1", "crime_night_n": 30, "crime_night_t": 1, "crime_night_top": 51, "bv_night": "1-1", "nta": "McKinley Park", "boro": "Chicago"}}, {"type": "Feature", "geometry": {"type": "Polygon", "coordinates": [[[-87.66779365206554, 41.8473588687131], [-87.67382676311263, 41.84555301128656], [-87.67447034053843, 41.840903455717566], [-87.6690819597568, 41.83805981449485], [-87.66304957070612, 41.83986521570748], [-87.66240484047299, 41.844514714304246], [-87.66779365206554, 41.8473588687131]]]}, "properties": {"light_n": 31, "light_t": 0, "light_top": 88, "crime_n": 4, "crime_t": 0, "crime_top": 93, "bv": "0-0", "crime_night_n": 2, "crime_night_t": 0, "crime_night_top": 94, "bv_night": "0-0", "nta": "Lower West Side", "boro": "Chicago"}}, {"type": "Feature", "geometry": {"type": "Polygon", "coordinates": [[[-87.56732109559684, 41.73934300750874], [-87.57334553252227, 41.73754532805877], [-87.5739978535312, 41.732901896699], [-87.56862688474166, 41.73005620395469], [-87.56260316982, 41.73185342925975], [-87.56194970171694, 41.736496801401756], [-87.56732109559684, 41.73934300750874]]]}, "properties": {"light_n": 265, "light_t": 2, "light_top": 19, "crime_n": 76, "crime_t": 1, "crime_top": 50, "bv": "1-2", "crime_night_n": 16, "crime_night_t": 1, "crime_night_top": 67, "bv_night": "1-2", "nta": "Calumet Heights", "boro": "Chicago"}}, {"type": "Feature", "geometry": {"type": "Polygon", "coordinates": [[[-87.80692886821576, 42.015394872772376], [-87.812976411944, 42.01357713239335], [-87.81360806290843, 42.00891812161521], [-87.80819333185397, 42.006076905000285], [-87.80214651065569, 42.007894186171015], [-87.80151369801352, 42.01255314311216], [-87.80692886821576, 42.015394872772376]]]}, "properties": {"light_n": 141, "light_t": 1, "light_top": 63, "crime_n": 8, "crime_t": 0, "crime_top": 87, "bv": "0-1", "crime_night_n": 2, "crime_night_t": 0, "crime_night_top": 94, "bv_night": "0-1", "nta": "Edison Park", "boro": "Chicago"}}, {"type": "Feature", "geometry": {"type": "Polygon", "coordinates": [[[-87.76776294397644, 42.00481543844805], [-87.77381123391415, 42.00299997387632], [-87.7744467563121, 41.99834154632839], [-87.76903514982604, 41.99549863800226], [-87.7629875834224, 41.99731364393624], [-87.76235090000266, 42.001972016781295], [-87.76776294397644, 42.00481543844805]]]}, "properties": {"light_n": 143, "light_t": 1, "light_top": 63, "crime_n": 9, "crime_t": 0, "crime_top": 86, "bv": "0-1", "crime_night_n": 6, "crime_night_t": 0, "crime_night_top": 84, "bv_night": "0-1", "nta": "Forest Glen", "boro": "Chicago"}}, {"type": "Feature", "geometry": {"type": "Polygon", "coordinates": [[[-87.80214651065569, 42.007894186171015], [-87.80819333185397, 42.006076905000285], [-87.80882537065924, 42.00141831485745], [-87.803411749583, 41.99857705977854], [-87.79736565084296, 42.00039388185651], [-87.79673245075253, 42.005052418053346], [-87.80214651065569, 42.007894186171015]]]}, "properties": {"light_n": 76, "light_t": 0, "light_top": 79, "crime_n": 4, "crime_t": 0, "crime_top": 93, "bv": "0-0", "crime_night_n": 3, "crime_night_t": 0, "crime_night_top": 90, "bv_night": "0-0", "nta": "Norwood Park", "boro": "Chicago"}}, {"type": "Feature", "geometry": {"type": "Polygon", "coordinates": [[[-87.76869105334944, 41.78590483829913], [-87.77471069417322, 41.784095732872586], [-87.7753431200361, 41.77944969138296], [-87.76995705517832, 41.77661281006215], [-87.76393813103158, 41.77842145846137], [-87.76330455509701, 41.78306744515628], [-87.76869105334944, 41.78590483829913]]]}, "properties": {"light_n": 246, "light_t": 2, "light_top": 25, "crime_n": 44, "crime_t": 1, "crime_top": 62, "bv": "1-2", "crime_night_n": 20, "crime_night_t": 1, "crime_night_top": 61, "bv_night": "1-2", "nta": "Clearing", "boro": "Chicago"}}, {"type": "Feature", "geometry": {"type": "Polygon", "coordinates": [[[-87.7658484532193, 41.933937304999624], [-87.77188756607399, 41.93212400572581], [-87.77252231031844, 41.927469574751676], [-87.76711909919545, 41.92462849777972], [-87.76108070772123, 41.926441338964096], [-87.7604448060213, 41.93109571515717], [-87.7658484532193, 41.933937304999624]]]}, "properties": {"light_n": 240, "light_t": 2, "light_top": 28, "crime_n": 144, "crime_t": 2, "crime_top": 30, "bv": "2-2", "crime_night_n": 56, "crime_night_t": 2, "crime_night_top": 31, "bv_night": "2-2", "nta": "Belmont Cragin", "boro": "Chicago"}}, {"type": "Feature", "geometry": {"type": "Polygon", "coordinates": [[[-87.79258628814058, 41.99289396022121], [-87.79863166449424, 41.99107759712048], [-87.79926447813344, 41.98641984866344], [-87.79385307595109, 41.9835785174182], [-87.78780842191196, 41.98539442165723], [-87.78717444777233, 41.99005211595044], [-87.79258628814058, 41.99289396022121]]]}, "properties": {"light_n": 179, "light_t": 1, "light_top": 51, "crime_n": 13, "crime_t": 0, "crime_top": 82, "bv": "0-1", "crime_night_n": 2, "crime_night_t": 0, "crime_night_top": 94, "bv_night": "0-1", "nta": "Norwood Park", "boro": "Chicago"}}, {"type": "Feature", "geometry": {"type": "Polygon", "coordinates": [[[-87.60316695024763, 41.81321633193136], [-87.60919908956272, 41.81141470688637], [-87.60984879177474, 41.806767079158014], [-87.6044675055923, 41.80392113482434], [-87.59843608938493, 41.80572230472475], [-87.59778523628503, 41.81036987405097], [-87.60316695024763, 41.81321633193136]]]}, "properties": {"light_n": 314, "light_t": 2, "light_top": 9, "crime_n": 274, "crime_t": 2, "crime_top": 11, "bv": "2-2", "crime_night_n": 95, "crime_night_t": 2, "crime_night_top": 15, "bv_night": "2-2", "nta": "Kenwood", "boro": "Chicago"}}, {"type": "Feature", "geometry": {"type": "Polygon", "coordinates": [[[-87.69423644481537, 41.991121949089816], [-87.70028693303732, 41.98931057792636], [-87.7009298042591, 41.98465290413057], [-87.6955233473859, 41.9818066577699], [-87.68947358477057, 41.98361757132395], [-87.68882955345426, 41.98827518879532], [-87.69423644481537, 41.991121949089816]]]}, "properties": {"light_n": 207, "light_t": 1, "light_top": 41, "crime_n": 81, "crime_t": 1, "crime_top": 48, "bv": "1-1", "crime_night_n": 32, "crime_night_t": 1, "crime_night_top": 49, "bv_night": "1-1", "nta": "West Ridge", "boro": "Chicago"}}, {"type": "Feature", "geometry": {"type": "Polygon", "coordinates": [[[-87.53784671298733, 41.74368362113751], [-87.54387329566734, 41.74188729014734], [-87.54452868311051, 41.73724361081151], [-87.53915863511317, 41.73439632227335], [-87.53313277556028, 41.736192199460426], [-87.5324762409107, 41.740835818936475], [-87.53784671298733, 41.74368362113751]]]}, "properties": {"light_n": 66, "light_t": 0, "light_top": 81, "crime_n": 15, "crime_t": 0, "crime_top": 81, "bv": "0-0", "crime_night_n": 9, "crime_night_t": 0, "crime_night_top": 77, "bv_night": "0-0", "nta": "South Chicago", "boro": "Chicago"}}, {"type": "Feature", "geometry": {"type": "Polygon", "coordinates": [[[-87.61873890528842, 41.70174369784709], [-87.62475568924916, 41.69994454573111], [-87.6254022429579, 41.69530326153538], [-87.62003315814576, 41.69246118751489], [-87.6140170932945, 41.69425988511381], [-87.6133693941783, 41.69890111119803], [-87.61873890528842, 41.70174369784709]]]}, "properties": {"light_n": 306, "light_t": 2, "light_top": 10, "crime_n": 153, "crime_t": 2, "crime_top": 27, "bv": "2-2", "crime_night_n": 68, "crime_night_t": 2, "crime_night_top": 26, "bv_night": "2-2", "nta": "Roseland", "boro": "Chicago"}}, {"type": "Feature", "geometry": {"type": "Polygon", "coordinates": [[[-87.59648313430478, 41.81966580405501], [-87.60251647486696, 41.81786432617994], [-87.60316695024763, 41.81321633193136], [-87.59778523628503, 41.81036987405097], [-87.59175261925736, 41.81217089681851], [-87.5911009926906, 41.81681883252155], [-87.59648313430478, 41.81966580405501]]]}, "properties": {"light_n": 174, "light_t": 1, "light_top": 52, "crime_n": 71, "crime_t": 1, "crime_top": 52, "bv": "1-1", "crime_night_n": 29, "crime_night_t": 1, "crime_night_top": 52, "bv_night": "1-1", "nta": "Kenwood", "boro": "Chicago"}}, {"type": "Feature", "geometry": {"type": "Polygon", "coordinates": [[[-87.72576367997637, 41.97274832121021], [-87.73181005000879, 41.97093590080812], [-87.7324494350536, 41.966279269016425], [-87.72704360937264, 41.963435113215276], [-87.72099796329803, 41.96524707574558], [-87.72035741897872, 41.969903651896104], [-87.72576367997637, 41.97274832121021]]]}, "properties": {"light_n": 219, "light_t": 1, "light_top": 36, "crime_n": 200, "crime_t": 2, "crime_top": 18, "bv": "2-1", "crime_night_n": 83, "crime_night_t": 2, "crime_night_top": 19, "bv_night": "2-1", "nta": "Albany Park", "boro": "Chicago"}}, {"type": "Feature", "geometry": {"type": "Polygon", "coordinates": [[[-87.66130154233943, 41.76911586870777], [-87.66732480161869, 41.76731262075905], [-87.66796795424818, 41.762667506326494], [-87.66258899652121, 41.759825696941164], [-87.65656645701729, 41.76162848933686], [-87.65592215549722, 41.76627354661854], [-87.66130154233943, 41.76911586870777]]]}, "properties": {"light_n": 222, "light_t": 1, "light_top": 34, "crime_n": 240, "crime_t": 2, "crime_top": 14, "bv": "2-1", "crime_night_n": 97, "crime_night_t": 2, "crime_night_top": 14, "bv_night": "2-1", "nta": "West Englewood", "boro": "Chicago"}}, {"type": "Feature", "geometry": {"type": "Polygon", "coordinates": [[[-87.6670909839912, 41.72731842464714], [-87.67310849144265, 41.72551611005128], [-87.67375047370149, 41.7208733760177], [-87.66837609537649, 41.71803301357167], [-87.66235930620645, 41.71983487285127], [-87.66171617711211, 41.724477549840856], [-87.6670909839912, 41.72731842464714]]]}, "properties": {"light_n": 131, "light_t": 1, "light_top": 66, "crime_n": 58, "crime_t": 1, "crime_top": 56, "bv": "1-1", "crime_night_n": 13, "crime_night_t": 0, "crime_night_top": 71, "bv_night": "0-1", "nta": "Beverly", "boro": "Chicago"}}, {"type": "Feature", "geometry": {"type": "Polygon", "coordinates": [[[-87.68947358477057, 41.98361757132395], [-87.6955233473859, 41.9818066577699], [-87.69616660235016, 41.9771494058632], [-87.69076125443311, 41.97430312389035], [-87.6847122173503, 41.97611357995052], [-87.68406780268444, 41.98077077542467], [-87.68947358477057, 41.98361757132395]]]}, "properties": {"light_n": 245, "light_t": 2, "light_top": 26, "crime_n": 107, "crime_t": 1, "crime_top": 39, "bv": "1-2", "crime_night_n": 53, "crime_night_t": 2, "crime_night_top": 33, "bv_night": "2-2", "nta": "Lincoln Square", "boro": "Chicago"}}, {"type": "Feature", "geometry": {"type": "Polygon", "coordinates": [[[-87.61263310940875, 41.82820556973815], [-87.61866669516459, 41.82640303405821], [-87.6193156408824, 41.821754556834364], [-87.61393215254384, 41.818908673426414], [-87.60789929004589, 41.82071075373124], [-87.60724919266131, 41.82535917276671], [-87.61263310940875, 41.82820556973815]]]}, "properties": {"light_n": 198, "light_t": 1, "light_top": 43, "crime_n": 183, "crime_t": 2, "crime_top": 21, "bv": "2-1", "crime_night_n": 58, "crime_night_t": 2, "crime_night_top": 29, "bv_night": "2-1", "nta": "Grand Boulevard", "boro": "Chicago"}}, {"type": "Feature", "geometry": {"type": "Polygon", "coordinates": [[[-87.69935218235355, 41.7443596647809], [-87.70537016653196, 41.742555240224476], [-87.70600909546762, 41.73791154262118], [-87.70063118804299, 41.735072325853125], [-87.69461392159032, 41.736876294560965], [-87.6939738448684, 41.74151993583312], [-87.69935218235355, 41.7443596647809]]]}, "properties": {"light_n": 177, "light_t": 1, "light_top": 52, "crime_n": 38, "crime_t": 1, "crime_top": 66, "bv": "1-1", "crime_night_n": 13, "crime_night_t": 0, "crime_night_top": 71, "bv_night": "0-1", "nta": "Ashburn", "boro": "Chicago"}}, {"type": "Feature", "geometry": {"type": "Polygon", "coordinates": [[[-87.69269330274996, 41.75080801199508], [-87.69871248535262, 41.749003731072456], [-87.69935218235355, 41.7443596647809], [-87.6939738448684, 41.74151993583312], [-87.68795538041566, 41.743323760943056], [-87.68731453533009, 41.74796777076112], [-87.69269330274996, 41.75080801199508]]]}, "properties": {"light_n": 243, "light_t": 2, "light_top": 26, "crime_n": 61, "crime_t": 1, "crime_top": 55, "bv": "1-2", "crime_night_n": 19, "crime_night_t": 1, "crime_night_top": 62, "bv_night": "1-2", "nta": "Ashburn", "boro": "Chicago"}}, {"type": "Feature", "geometry": {"type": "Polygon", "coordinates": [[[-87.80882537065924, 42.00141831485745], [-87.81487097917807, 41.99960088758307], [-87.81550224456147, 41.99494266441128], [-87.81008906243765, 41.99210192226378], [-87.80404417594646, 41.99391889040945], [-87.803411749583, 41.99857705977854], [-87.80882537065924, 42.00141831485745]]]}, "properties": {"light_n": 181, "light_t": 1, "light_top": 50, "crime_n": 15, "crime_t": 0, "crime_top": 81, "bv": "0-1", "crime_night_n": 7, "crime_night_t": 0, "crime_night_top": 81, "bv_night": "0-1", "nta": "Norwood Park", "boro": "Chicago"}}, {"type": "Feature", "geometry": {"type": "Polygon", "coordinates": [[[-87.62405128510923, 41.8292488866271], [-87.63008439195256, 41.82744574845436], [-87.6307321859128, 41.82279721329249], [-87.62534802481991, 41.819951874188945], [-87.6193156408824, 41.821754556834364], [-87.61866669516459, 41.82640303405821], [-87.62405128510923, 41.8292488866271]]]}, "properties": {"light_n": 281, "light_t": 2, "light_top": 15, "crime_n": 124, "crime_t": 2, "crime_top": 34, "bv": "2-2", "crime_night_n": 38, "crime_night_t": 1, "crime_night_top": 44, "bv_night": "1-2", "nta": "Douglas", "boro": "Chicago"}}, {"type": "Feature", "geometry": {"type": "Polygon", "coordinates": [[[-87.71074917147604, 41.745394426048264], [-87.71676667488734, 41.74358940213528], [-87.71740445594853, 41.738945648450404], [-87.71202588150466, 41.736106974707724], [-87.70600909546762, 41.73791154262118], [-87.70537016653196, 41.742555240224476], [-87.71074917147604, 41.745394426048264]]]}, "properties": {"light_n": 137, "light_t": 1, "light_top": 64, "crime_n": 30, "crime_t": 0, "crime_top": 71, "bv": "0-1", "crime_night_n": 13, "crime_night_t": 0, "crime_night_top": 71, "bv_night": "0-1", "nta": "Ashburn", "boro": "Chicago"}}, {"type": "Feature", "geometry": {"type": "Polygon", "coordinates": [[[-87.64989841700525, 41.76807619406722], [-87.65592215549722, 41.76627354661854], [-87.65656645701729, 41.76162848933686], [-87.65118816887872, 41.75878613685211], [-87.64516515051335, 41.760588328899274], [-87.64451970019225, 41.76523332878033], [-87.64989841700525, 41.76807619406722]]]}, "properties": {"light_n": 194, "light_t": 1, "light_top": 45, "crime_n": 223, "crime_t": 2, "crime_top": 16, "bv": "2-1", "crime_night_n": 99, "crime_night_t": 2, "crime_night_top": 14, "bv_night": "2-1", "nta": "Englewood", "boro": "Chicago"}}, {"type": "Feature", "geometry": {"type": "Polygon", "coordinates": [[[-87.67744324029213, 41.77764168665705], [-87.68346673936203, 41.77583738247824], [-87.68410836334522, 41.77119178634451], [-87.67872763765823, 41.768350551131206], [-87.67270485808564, 41.77015439949039], [-87.67206208473486, 41.77479993883012], [-87.67744324029213, 41.77764168665705]]]}, "properties": {"light_n": 166, "light_t": 1, "light_top": 55, "crime_n": 177, "crime_t": 2, "crime_top": 22, "bv": "2-1", "crime_night_n": 78, "crime_night_t": 2, "crime_night_top": 21, "bv_night": "2-1", "nta": "Chicago Lawn", "boro": "Chicago"}}, {"type": "Feature", "geometry": {"type": "Polygon", "coordinates": [[[-87.69900079812089, 41.998626712857146], [-87.70505201202344, 41.99681488396873], [-87.70569449922164, 41.99215678842164], [-87.70028693303732, 41.98931057792636], [-87.69423644481537, 41.991121949089816], [-87.69359279712954, 41.995779988420736], [-87.69900079812089, 41.998626712857146]]]}, "properties": {"light_n": 169, "light_t": 1, "light_top": 54, "crime_n": 180, "crime_t": 2, "crime_top": 21, "bv": "2-1", "crime_night_n": 73, "crime_night_t": 2, "crime_night_top": 23, "bv_night": "2-1", "nta": "West Ridge", "boro": "Chicago"}}, {"type": "Feature", "geometry": {"type": "Polygon", "coordinates": [[[-87.76013474938675, 41.80630134272433], [-87.76615751031491, 41.8044920661973], [-87.76679108859273, 41.79984486289543], [-87.76140305703383, 41.79700699103956], [-87.75538101370445, 41.79881581049505], [-87.75474628436673, 41.803462958825506], [-87.76013474938675, 41.80630134272433]]]}, "properties": {"light_n": 61, "light_t": 0, "light_top": 82, "crime_n": 10, "crime_t": 0, "crime_top": 85, "bv": "0-0", "crime_night_n": 5, "crime_night_t": 0, "crime_night_top": 86, "bv_night": "0-0", "nta": "Garfield Ridge", "boro": "Chicago"}}, {"type": "Feature", "geometry": {"type": "Polygon", "coordinates": [[[-87.67358692482487, 41.805521433199694], [-87.67961426505695, 41.80371650701564], [-87.6802566693529, 41.79906932601647], [-87.67487288419056, 41.79622712801406], [-87.6688462644539, 41.798031598220625], [-87.66820270941635, 41.80267872235467], [-87.67358692482487, 41.805521433199694]]]}, "properties": {"light_n": 299, "light_t": 2, "light_top": 11, "crime_n": 193, "crime_t": 2, "crime_top": 19, "bv": "2-2", "crime_night_n": 84, "crime_night_t": 2, "crime_night_top": 19, "bv_night": "2-2", "nta": "New City", "boro": "Chicago"}}, {"type": "Feature", "geometry": {"type": "Polygon", "coordinates": [[[-87.53706919567242, 41.70833603437328], [-87.54309121834439, 41.70654077086964], [-87.5437461850946, 41.70189910473114], [-87.53838027465837, 41.69905276193545], [-87.5323589740357, 41.70084757190684], [-87.531702861833, 41.70548917815395], [-87.53706919567242, 41.70833603437328]]]}, "properties": {"light_n": 338, "light_t": 2, "light_top": 6, "crime_n": 103, "crime_t": 1, "crime_top": 40, "bv": "1-2", "crime_night_n": 39, "crime_night_t": 1, "crime_night_top": 43, "bv_night": "1-2", "nta": "East Side", "boro": "Chicago"}}, {"type": "Feature", "geometry": {"type": "Polygon", "coordinates": [[[-87.560642368785, 41.745784338707374], [-87.5666680028425, 41.74398680581585], [-87.56732109559684, 41.73934300750874], [-87.56194970171694, 41.736496801401756], [-87.55592479008821, 41.738293880185445], [-87.55527054994351, 41.74293761913164], [-87.560642368785, 41.745784338707374]]]}, "properties": {"light_n": 425, "light_t": 2, "light_top": 1, "crime_n": 114, "crime_t": 1, "crime_top": 37, "bv": "1-2", "crime_night_n": 50, "crime_night_t": 1, "crime_night_top": 35, "bv_night": "1-2", "nta": "South Chicago", "boro": "Chicago"}}, {"type": "Feature", "geometry": {"type": "Polygon", "coordinates": [[[-87.70206200292971, 41.850468678409], [-87.70809366767695, 41.848661013939875], [-87.70873378614438, 41.844011288957724], [-87.7033433929719, 41.84116928461265], [-87.69731244916049, 41.842976492412745], [-87.6966711776178, 41.84762616117446], [-87.70206200292971, 41.850468678409]]]}, "properties": {"light_n": 545, "light_t": 2, "light_top": 0, "crime_n": 328, "crime_t": 2, "crime_top": 7, "bv": "2-2", "crime_night_n": 156, "crime_night_t": 2, "crime_night_top": 6, "bv_night": "2-2", "nta": "South Lawndale", "boro": "Chicago"}}, {"type": "Feature", "geometry": {"type": "Polygon", "coordinates": [[[-87.66462226821774, 41.9955167387078], [-87.6706749373407, 41.993706728895326], [-87.6713209057316, 41.98904880275325], [-87.66591536524906, 41.98620094334355], [-87.65986342287738, 41.98801049588883], [-87.65921629426963, 41.99266836505828], [-87.66462226821774, 41.9955167387078]]]}, "properties": {"light_n": 210, "light_t": 1, "light_top": 40, "crime_n": 125, "crime_t": 2, "crime_top": 33, "bv": "2-1", "crime_night_n": 23, "crime_night_t": 1, "crime_night_top": 58, "bv_night": "1-1", "nta": "Edgewater", "boro": "Chicago"}}, {"type": "Feature", "geometry": {"type": "Polygon", "coordinates": [[[-87.66691520804414, 41.81197376255554], [-87.6729437496753, 41.81016898177794], [-87.67358692482487, 41.805521433199694], [-87.66820270941635, 41.80267872235467], [-87.66217488870669, 41.804483047191155], [-87.6615305625163, 41.809130538761345], [-87.66691520804414, 41.81197376255554]]]}, "properties": {"light_n": 349, "light_t": 2, "light_top": 4, "crime_n": 447, "crime_t": 2, "crime_top": 3, "bv": "2-2", "crime_night_n": 181, "crime_night_t": 2, "crime_night_top": 4, "bv_night": "2-2", "nta": "New City", "boro": "Chicago"}}, {"type": "Feature", "geometry": {"type": "Polygon", "coordinates": [[[-87.5739978535312, 41.732901896699], [-87.58002109360493, 41.731104070967994], [-87.58067264327731, 41.72646100672683], [-87.57530209970669, 41.723615827239094], [-87.56927958121197, 41.72541319878821], [-87.56862688474166, 41.73005620395469], [-87.5739978535312, 41.732901896699]]]}, "properties": {"light_n": 372, "light_t": 2, "light_top": 3, "crime_n": 71, "crime_t": 1, "crime_top": 52, "bv": "1-2", "crime_night_n": 29, "crime_night_t": 1, "crime_night_top": 52, "bv_night": "1-2", "nta": "Calumet Heights", "boro": "Chicago"}}, {"type": "Feature", "geometry": {"type": "Polygon", "coordinates": [[[-87.6570478126495, 41.966533874105025], [-87.66309709206902, 41.96472508682917], [-87.6637434314177, 41.96006879266263], [-87.65834165011482, 41.957221342871584], [-87.65229309679147, 41.95902967318968], [-87.65164559870749, 41.96368591020391], [-87.6570478126495, 41.966533874105025]]]}, "properties": {"light_n": 242, "light_t": 2, "light_top": 27, "crime_n": 423, "crime_t": 2, "crime_top": 4, "bv": "2-2", "crime_night_n": 128, "crime_night_t": 2, "crime_night_top": 8, "bv_night": "2-2", "nta": "Uptown", "boro": "Chicago"}}, {"type": "Feature", "geometry": {"type": "Polygon", "coordinates": [[[-87.65423480139383, 41.94506253810498], [-87.66028142016879, 41.94325451606534], [-87.6609277473747, 41.93859943263906], [-87.6555286134869, 41.93575242842373], [-87.64948272022846, 41.937559993699494], [-87.64883523537394, 41.94221501990181], [-87.65423480139383, 41.94506253810498]]]}, "properties": {"light_n": 314, "light_t": 2, "light_top": 9, "crime_n": 345, "crime_t": 2, "crime_top": 6, "bv": "2-2", "crime_night_n": 196, "crime_night_t": 2, "crime_night_top": 3, "bv_night": "2-2", "nta": "Lake View", "boro": "Chicago"}}, {"type": "Feature", "geometry": {"type": "Polygon", "coordinates": [[[-87.60956762163414, 41.89150938521906], [-87.61560964346423, 41.88970516232462], [-87.61625979138677, 41.88505309949602], [-87.61086907232776, 41.88220531773676], [-87.6048277758432, 41.88400908482793], [-87.60417647310503, 41.88866108942908], [-87.60956762163414, 41.89150938521906]]]}, "properties": {"light_n": 39, "light_t": 0, "light_top": 86, "crime_n": 21, "crime_t": 0, "crime_top": 77, "bv": "0-0", "crime_night_n": 11, "crime_night_t": 0, "crime_night_top": 73, "bv_night": "0-0", "nta": "Loop", "boro": "Chicago"}}, {"type": "Feature", "geometry": {"type": "Polygon", "coordinates": [[[-87.66989663110303, 41.7487337491576], [-87.67591677347805, 41.746930667699566], [-87.67655876655955, 41.74228671460459], [-87.67118176520506, 41.739445899887926], [-87.66516234168236, 41.74124852583562], [-87.66451920069392, 41.74589242195798], [-87.66989663110303, 41.7487337491576]]]}, "properties": {"light_n": 180, "light_t": 1, "light_top": 51, "crime_n": 78, "crime_t": 1, "crime_top": 49, "bv": "1-1", "crime_night_n": 28, "crime_night_t": 1, "crime_night_top": 53, "bv_night": "1-1", "nta": "Auburn Gresham", "boro": "Chicago"}}, {"type": "Feature", "geometry": {"type": "Polygon", "coordinates": [[[-87.64948272022846, 41.937559993699494], [-87.6555286134869, 41.93575242842373], [-87.65617532236067, 41.931097767818656], [-87.65077729526512, 41.928250729768365], [-87.64473212744844, 41.930057838395705], [-87.6440842613182, 41.93471244166913], [-87.64948272022846, 41.937559993699494]]]}, "properties": {"light_n": 306, "light_t": 2, "light_top": 10, "crime_n": 169, "crime_t": 2, "crime_top": 24, "bv": "2-2", "crime_night_n": 60, "crime_night_t": 2, "crime_night_top": 28, "bv_night": "2-2", "nta": "Lake View", "boro": "Chicago"}}, {"type": "Feature", "geometry": {"type": "Polygon", "coordinates": [[[-87.65986342287738, 41.98801049588883], [-87.66591536524906, 41.98620094334355], [-87.66656171648401, 41.9815434392772], [-87.6611572852035, 41.97869554478402], [-87.65510606950836, 41.98050464017765], [-87.65445855844989, 41.9851620871634], [-87.65986342287738, 41.98801049588883]]]}, "properties": {"light_n": 254, "light_t": 2, "light_top": 22, "crime_n": 231, "crime_t": 2, "crime_top": 15, "bv": "2-2", "crime_night_n": 66, "crime_night_t": 2, "crime_night_top": 26, "bv_night": "2-2", "nta": "Edgewater", "boro": "Chicago"}}, {"type": "Feature", "geometry": {"type": "Polygon", "coordinates": [[[-87.6140170932945, 41.69425988511381], [-87.62003315814576, 41.69246118751489], [-87.62068008837463, 41.68782032957387], [-87.61531209880582, 41.68497822739747], [-87.60929675298974, 41.68677647059437], [-87.60864867773971, 41.69141727031746], [-87.6140170932945, 41.69425988511381]]]}, "properties": {"light_n": 197, "light_t": 1, "light_top": 44, "crime_n": 158, "crime_t": 2, "crime_top": 26, "bv": "2-1", "crime_night_n": 56, "crime_night_t": 2, "crime_night_top": 31, "bv_night": "2-1", "nta": "Roseland", "boro": "Chicago"}}, {"type": "Feature", "geometry": {"type": "Polygon", "coordinates": [[[-87.62963819073791, 41.87214118110679], [-87.63567659814618, 41.87033651425073], [-87.63632442172919, 41.86568554934438], [-87.6309349918529, 41.862839309037966], [-87.6248973085048, 41.86464351997936], [-87.6242483310055, 41.86929442708933], [-87.62963819073791, 41.87214118110679]]]}, "properties": {"light_n": 300, "light_t": 2, "light_top": 11, "crime_n": 530, "crime_t": 2, "crime_top": 1, "bv": "2-2", "crime_night_n": 210, "crime_night_t": 2, "crime_night_top": 2, "bv_night": "2-2", "nta": "Loop", "boro": "Chicago"}}, {"type": "Feature", "geometry": {"type": "Polygon", "coordinates": [[[-87.80495401233338, 41.944511937263584], [-87.810992381577, 41.94269636838322], [-87.81162326634318, 41.93804135299445], [-87.80621694000583, 41.93520196035109], [-87.80017929114328, 41.93701707057275], [-87.79954724826852, 41.94167203204378], [-87.80495401233338, 41.944511937263584]]]}, "properties": {"light_n": 219, "light_t": 1, "light_top": 36, "crime_n": 40, "crime_t": 1, "crime_top": 64, "bv": "1-1", "crime_night_n": 10, "crime_night_t": 0, "crime_night_top": 75, "bv_night": "0-1", "nta": "Dunning", "boro": "Chicago"}}, {"type": "Feature", "geometry": {"type": "Polygon", "coordinates": [[[-87.61347038938916, 41.863600341642716], [-87.61950855241903, 41.861796734134515], [-87.62015790918917, 41.85714625110373], [-87.61477025639707, 41.85429943368295], [-87.60873281770539, 41.8561025855442], [-87.60808230750042, 41.86075301042068], [-87.61347038938916, 41.863600341642716]]]}, "properties": {"light_n": 63, "light_t": 0, "light_top": 82, "crime_n": 57, "crime_t": 1, "crime_top": 57, "bv": "1-0", "crime_night_n": 32, "crime_night_t": 1, "crime_night_top": 49, "bv_night": "1-0", "nta": "Near South Side", "boro": "Chicago"}}, {"type": "Feature", "geometry": {"type": "Polygon", "coordinates": [[[-87.58148371396564, 41.76181412919312], [-87.58751031735531, 41.760015086617614], [-87.58816151032865, 41.75537037748516], [-87.58278724820308, 41.75252476977456], [-87.57676136704355, 41.754323357859725], [-87.57610902581224, 41.75896800809351], [-87.58148371396564, 41.76181412919312]]]}, "properties": {"light_n": 210, "light_t": 1, "light_top": 40, "crime_n": 257, "crime_t": 2, "crime_top": 12, "bv": "2-1", "crime_night_n": 91, "crime_night_t": 2, "crime_night_top": 16, "bv_night": "2-1", "nta": "South Shore", "boro": "Chicago"}}, {"type": "Feature", "geometry": {"type": "Polygon", "coordinates": [[[-87.75726335821103, 41.95437154130151], [-87.76330561128579, 41.95255807573383], [-87.76394151561489, 41.947902488615696], [-87.75853632535431, 41.945060421971554], [-87.75249479459073, 41.946873429406544], [-87.75185773180843, 41.95152896156568], [-87.75726335821103, 41.95437154130151]]]}, "properties": {"light_n": 227, "light_t": 2, "light_top": 32, "crime_n": 54, "crime_t": 1, "crime_top": 58, "bv": "1-2", "crime_night_n": 27, "crime_night_t": 1, "crime_night_top": 54, "bv_night": "1-2", "nta": "Portage Park", "boro": "Chicago"}}, {"type": "Feature", "geometry": {"type": "Polygon", "coordinates": [[[-87.79828277702944, 41.95098274408126], [-87.80432235593588, 41.949167320286314], [-87.80495401233338, 41.944511937263584], [-87.79954724826852, 41.94167203204378], [-87.79350839017216, 41.943486997215764], [-87.79287557536215, 41.948142326177795], [-87.79828277702944, 41.95098274408126]]]}, "properties": {"light_n": 226, "light_t": 2, "light_top": 33, "crime_n": 30, "crime_t": 0, "crime_top": 71, "bv": "0-2", "crime_night_n": 8, "crime_night_t": 0, "crime_night_top": 79, "bv_night": "0-2", "nta": "Dunning", "boro": "Chicago"}}, {"type": "Feature", "geometry": {"type": "Polygon", "coordinates": [[[-87.64753987079277, 41.95152586057502], [-87.65358769809468, 41.94971798709917], [-87.65423480139383, 41.94506253810498], [-87.64883523537394, 41.94221501990181], [-87.6427881340186, 41.94402243665089], [-87.64213987276928, 41.94867782827723], [-87.64753987079277, 41.95152586057502]]]}, "properties": {"light_n": 227, "light_t": 2, "light_top": 32, "crime_n": 517, "crime_t": 2, "crime_top": 2, "bv": "2-2", "crime_night_n": 318, "crime_night_t": 2, "crime_night_top": 1, "bv_night": "2-2", "nta": "Lake View", "boro": "Chicago"}}, {"type": "Feature", "geometry": {"type": "Polygon", "coordinates": [[[-87.6915363188867, 41.88483299969536], [-87.69757304102284, 41.8830248594695], [-87.69821471177828, 41.878373186045614], [-87.69282081518699, 41.87552970922949], [-87.68678481541605, 41.87733739266483], [-87.68614198990345, 41.88198900965424], [-87.6915363188867, 41.88483299969536]]]}, "properties": {"light_n": 345, "light_t": 2, "light_top": 5, "crime_n": 221, "crime_t": 2, "crime_top": 16, "bv": "2-2", "crime_night_n": 94, "crime_night_t": 2, "crime_night_top": 15, "bv_night": "2-2", "nta": "East Garfield Park", "boro": "Chicago"}}, {"type": "Feature", "geometry": {"type": "Polygon", "coordinates": [[[-87.68396363575181, 41.85589017575847], [-87.68999698691198, 41.85408325941309], [-87.69063903027435, 41.84943322338639], [-87.68524887579528, 41.84659016026671], [-87.67921624635184, 41.848396620131055], [-87.67857304970298, 41.853046599543624], [-87.68396363575181, 41.85589017575847]]]}, "properties": {"light_n": 348, "light_t": 2, "light_top": 4, "crime_n": 217, "crime_t": 2, "crime_top": 16, "bv": "2-2", "crime_night_n": 103, "crime_night_t": 2, "crime_night_top": 13, "bv_night": "2-2", "nta": "Lower West Side", "boro": "Chicago"}}, {"type": "Feature", "geometry": {"type": "Polygon", "coordinates": [[[-87.6173684089655, 41.83570077956562], [-87.62340271805425, 41.83389778839528], [-87.62405128510923, 41.8292488866271], [-87.61866669516459, 41.82640303405821], [-87.61263310940875, 41.82820556973815], [-87.61198339029733, 41.83285441342493], [-87.6173684089655, 41.83570077956562]]]}, "properties": {"light_n": 301, "light_t": 2, "light_top": 11, "crime_n": 310, "crime_t": 2, "crime_top": 8, "bv": "2-2", "crime_night_n": 96, "crime_night_t": 2, "crime_night_top": 15, "bv_night": "2-2", "nta": "Douglas", "boro": "Chicago"}}, {"type": "Feature", "geometry": {"type": "Polygon", "coordinates": [[[-87.70217358132011, 41.76577769590255], [-87.70819420044127, 41.763972503009164], [-87.70883313716988, 41.759327587084385], [-87.70345260366805, 41.75648792025967], [-87.69743270284258, 41.758292657110104], [-87.69679261725514, 41.76293751677582], [-87.70217358132011, 41.76577769590255]]]}, "properties": {"light_n": 199, "light_t": 1, "light_top": 43, "crime_n": 49, "crime_t": 1, "crime_top": 60, "bv": "1-1", "crime_night_n": 16, "crime_night_t": 1, "crime_night_top": 67, "bv_night": "1-1", "nta": "Chicago Lawn", "boro": "Chicago"}}, {"type": "Feature", "geometry": {"type": "Polygon", "coordinates": [[[-87.67447034053843, 41.840903455717566], [-87.68050224833881, 41.83909745221893], [-87.68114505375591, 41.83444826380048], [-87.67575710391239, 41.831605135657284], [-87.66972591768136, 41.833410682905516], [-87.6690819597568, 41.83805981449485], [-87.67447034053843, 41.840903455717566]]]}, "properties": {"light_n": 148, "light_t": 1, "light_top": 62, "crime_n": 41, "crime_t": 1, "crime_top": 64, "bv": "1-1", "crime_night_n": 18, "crime_night_t": 1, "crime_night_top": 64, "bv_night": "1-1", "nta": "McKinley Park", "boro": "Chicago"}}, {"type": "Feature", "geometry": {"type": "Polygon", "coordinates": [[[-87.72867434732493, 41.90938866455664], [-87.73471226762193, 41.90757794605354], [-87.7353504789025, 41.90292489208674], [-87.7299519260247, 41.900082612178956], [-87.72391472760268, 41.9018928732419], [-87.72327536021545, 41.906545871600166], [-87.72867434732493, 41.90938866455664]]]}, "properties": {"light_n": 328, "light_t": 2, "light_top": 7, "crime_n": 423, "crime_t": 2, "crime_top": 4, "bv": "2-2", "crime_night_n": 189, "crime_night_t": 2, "crime_night_top": 3, "bv_night": "2-2", "nta": "Humboldt Park", "boro": "Chicago"}}, {"type": "Feature", "geometry": {"type": "Polygon", "coordinates": [[[-87.67237296636482, 41.9396377185548], [-87.67841789367438, 41.93782894327419], [-87.67906228776376, 41.9331741687604], [-87.6736629120134, 41.93032822630315], [-87.66761870943515, 41.93213654463046], [-87.66697315790843, 41.936791262315644], [-87.67237296636482, 41.9396377185548]]]}, "properties": {"light_n": 158, "light_t": 1, "light_top": 58, "crime_n": 35, "crime_t": 0, "crime_top": 67, "bv": "0-1", "crime_night_n": 14, "crime_night_t": 0, "crime_night_top": 69, "bv_night": "0-1", "nta": "Lake View", "boro": "Chicago"}}, {"type": "Feature", "geometry": {"type": "Polygon", "coordinates": [[[-87.63328912560654, 41.92901675643254], [-87.63933477529343, 41.92721025279055], [-87.63998302241994, 41.922556072582935], [-87.6345867766659, 41.91970845365534], [-87.62854185270068, 41.92151450091696], [-87.62789244880058, 41.9261686234339], [-87.63328912560654, 41.92901675643254]]]}, "properties": {"light_n": 167, "light_t": 1, "light_top": 54, "crime_n": 47, "crime_t": 1, "crime_top": 61, "bv": "1-1", "crime_night_n": 15, "crime_night_t": 0, "crime_night_top": 68, "bv_night": "0-1", "nta": "Lincoln Park", "boro": "Chicago"}}, {"type": "Feature", "geometry": {"type": "Polygon", "coordinates": [[[-87.63523540450939, 41.91505469665031], [-87.64127912166693, 41.91324850097346], [-87.64192697386731, 41.90859510965344], [-87.63653226502389, 41.90574797161199], [-87.63048927308355, 41.907553710986754], [-87.62984026480216, 41.91220704465246], [-87.63523540450939, 41.91505469665031]]]}, "properties": {"light_n": 316, "light_t": 2, "light_top": 8, "crime_n": 304, "crime_t": 2, "crime_top": 8, "bv": "2-2", "crime_night_n": 137, "crime_night_t": 2, "crime_night_top": 7, "bv_night": "2-2", "nta": "Near North Side", "boro": "Chicago"}}, {"type": "Feature", "geometry": {"type": "Polygon", "coordinates": [[[-87.68884856417532, 41.778678586528606], [-87.69487158269277, 41.776873681877774], [-87.69551205721945, 41.7722280291999], [-87.69013066271724, 41.76938733766461], [-87.68410836334522, 41.77119178634451], [-87.68346673936203, 41.77583738247824], [-87.68884856417532, 41.778678586528606]]]}, "properties": {"light_n": 286, "light_t": 2, "light_top": 15, "crime_n": 199, "crime_t": 2, "crime_top": 19, "bv": "2-2", "crime_night_n": 79, "crime_night_t": 2, "crime_night_top": 20, "bv_night": "2-2", "nta": "Chicago Lawn", "boro": "Chicago"}}, {"type": "Feature", "geometry": {"type": "Polygon", "coordinates": [[[-87.6847122173503, 41.97611357995052], [-87.69076125443311, 41.97430312389035], [-87.69140489285893, 41.96964629401037], [-87.6860006535432, 41.966799976678494], [-87.67995234191875, 41.96860997536031], [-87.67930754418414, 41.973266748699636], [-87.6847122173503, 41.97611357995052]]]}, "properties": {"light_n": 217, "light_t": 1, "light_top": 37, "crime_n": 95, "crime_t": 1, "crime_top": 43, "bv": "1-1", "crime_night_n": 28, "crime_night_t": 1, "crime_night_top": 53, "bv_night": "1-1", "nta": "Lincoln Square", "boro": "Chicago"}}, {"type": "Feature", "geometry": {"type": "Polygon", "coordinates": [[[-87.66428791321013, 41.70590843010863], [-87.67030278800902, 41.70410688233559], [-87.67094475919141, 41.699465368184335], [-87.66557300137251, 41.6966254588691], [-87.65955884428476, 41.69842655151997], [-87.65891572733683, 41.70306800855596], [-87.66428791321013, 41.70590843010863]]]}, "properties": {"light_n": 241, "light_t": 2, "light_top": 28, "crime_n": 24, "crime_t": 0, "crime_top": 75, "bv": "0-2", "crime_night_n": 9, "crime_night_t": 0, "crime_night_top": 77, "bv_night": "0-2", "nta": "Beverly", "boro": "Chicago"}}, {"type": "Feature", "geometry": {"type": "Polygon", "coordinates": [[[-87.71439995282478, 41.88690245538403], [-87.72043570771578, 41.88509310885525], [-87.72107506868946, 41.880441323315424], [-87.71567982973956, 41.87759894018428], [-87.70964479650446, 41.879407829619005], [-87.70900428059542, 41.884059559226365], [-87.71439995282478, 41.88690245538403]]]}, "properties": {"light_n": 218, "light_t": 1, "light_top": 36, "crime_n": 327, "crime_t": 2, "crime_top": 7, "bv": "2-1", "crime_night_n": 146, "crime_night_t": 2, "crime_night_top": 7, "bv_night": "2-1", "nta": "East Garfield Park", "boro": "Chicago"}}, {"type": "Feature", "geometry": {"type": "Polygon", "coordinates": [[[-87.70974255479035, 41.79468814584442], [-87.71576653006666, 41.79288172822171], [-87.71640509333281, 41.78823517048516], [-87.7110208316753, 41.78539508639836], [-87.70499757533803, 41.78720104766855], [-87.70435786175115, 41.79184754932562], [-87.70974255479035, 41.79468814584442]]]}, "properties": {"light_n": 297, "light_t": 2, "light_top": 12, "crime_n": 97, "crime_t": 1, "crime_top": 42, "bv": "1-2", "crime_night_n": 43, "crime_night_t": 1, "crime_night_top": 41, "bv_night": "1-2", "nta": "Gage Park", "boro": "Chicago"}}, {"type": "Feature", "geometry": {"type": "Polygon", "coordinates": [[[-87.72774820692267, 41.873980412770464], [-87.73378155076067, 41.87217077498125], [-87.73441936822216, 41.867519724199596], [-87.72902499621027, 41.86467836680096], [-87.7229923731728, 41.8664875474237], [-87.72235340137863, 41.87113854255899], [-87.72774820692267, 41.873980412770464]]]}, "properties": {"light_n": 237, "light_t": 2, "light_top": 29, "crime_n": 350, "crime_t": 2, "crime_top": 5, "bv": "2-2", "crime_night_n": 146, "crime_night_t": 2, "crime_night_top": 7, "bv_night": "2-2", "nta": "West Garfield Park", "boro": "Chicago"}}, {"type": "Feature", "geometry": {"type": "Polygon", "coordinates": [[[-87.6210014671547, 41.892552912021245], [-87.62704300888564, 41.89074808490443], [-87.62769200190127, 41.886095964099425], [-87.62230060812564, 41.88324872833509], [-87.61625979138677, 41.88505309949602], [-87.61560964346423, 41.88970516232462], [-87.6210014671547, 41.892552912021245]]]}, "properties": {"light_n": 443, "light_t": 2, "light_top": 1, "crime_n": 577, "crime_t": 2, "crime_top": 0, "bv": "2-2", "crime_night_n": 240, "crime_night_t": 2, "crime_night_top": 1, "bv_night": "2-2", "nta": "Loop", "boro": "Chicago"}}, {"type": "Feature", "geometry": {"type": "Polygon", "coordinates": [[[-87.63998302241994, 41.922556072582935], [-87.64602746486962, 41.92074942048855], [-87.64667493624042, 41.91609560593671], [-87.64127912166693, 41.91324850097346], [-87.63523540450939, 41.91505469665031], [-87.6345867766659, 41.91970845365534], [-87.63998302241994, 41.922556072582935]]]}, "properties": {"light_n": 293, "light_t": 2, "light_top": 13, "crime_n": 73, "crime_t": 1, "crime_top": 51, "bv": "1-2", "crime_night_n": 31, "crime_night_t": 1, "crime_night_top": 50, "bv_night": "1-2", "nta": "Lincoln Park", "boro": "Chicago"}}, {"type": "Feature", "geometry": {"type": "Polygon", "coordinates": [[[-87.71431056279829, 41.97171546700498], [-87.72035741897872, 41.969903651896104], [-87.72099796329803, 41.96524707574558], [-87.7155928106545, 41.96240237054425], [-87.70954667878875, 41.964213727933426], [-87.70890497528411, 41.96887024819089], [-87.71431056279829, 41.97171546700498]]]}, "properties": {"light_n": 331, "light_t": 2, "light_top": 7, "crime_n": 250, "crime_t": 2, "crime_top": 13, "bv": "2-2", "crime_night_n": 102, "crime_night_t": 2, "crime_night_top": 13, "bv_night": "2-2", "nta": "Albany Park", "boro": "Chicago"}}, {"type": "Feature", "geometry": {"type": "Polygon", "coordinates": [[[-87.6662153506194, 41.69198437054606], [-87.67222831224873, 41.69018313451299], [-87.67286989420204, 41.685542415072874], [-87.66749965964073, 41.68270298869336], [-87.6614874152262, 41.68450376968333], [-87.6608446881902, 41.68914443204369], [-87.6662153506194, 41.69198437054606]]]}, "properties": {"light_n": 264, "light_t": 2, "light_top": 19, "crime_n": 98, "crime_t": 1, "crime_top": 42, "bv": "1-2", "crime_night_n": 35, "crime_night_t": 1, "crime_night_top": 46, "bv_night": "1-2", "nta": "Morgan Park", "boro": "Chicago"}}, {"type": "Feature", "geometry": {"type": "Polygon", "coordinates": [[[-87.60121512848934, 41.82716110586459], [-87.60724919266131, 41.82535917276671], [-87.60789929004589, 41.82071075373124], [-87.60251647486696, 41.81786432617994], [-87.59648313430478, 41.81966580405501], [-87.59583188534454, 41.82431416465176], [-87.60121512848934, 41.82716110586459]]]}, "properties": {"light_n": 195, "light_t": 1, "light_top": 44, "crime_n": 147, "crime_t": 2, "crime_top": 29, "bv": "2-1", "crime_night_n": 57, "crime_night_t": 2, "crime_night_top": 30, "bv_night": "2-1", "nta": "Oakland", "boro": "Chicago"}}, {"type": "Feature", "geometry": {"type": "Polygon", "coordinates": [[[-87.77538842030235, 41.94893039417644], [-87.7814289761344, 41.94711617837746], [-87.78206294926964, 41.94246090372783], [-87.77665752484225, 41.93961989938856], [-87.77061769053495, 41.94143365686724], [-87.769982559162, 41.94608887695278], [-87.77538842030235, 41.94893039417644]]]}, "properties": {"light_n": 196, "light_t": 1, "light_top": 44, "crime_n": 41, "crime_t": 1, "crime_top": 64, "bv": "1-1", "crime_night_n": 20, "crime_night_t": 1, "crime_night_top": 61, "bv_night": "1-1", "nta": "Portage Park", "boro": "Chicago"}}, {"type": "Feature", "geometry": {"type": "Polygon", "coordinates": [[[-87.75345892665608, 41.897491550168944], [-87.75949394761369, 41.89567993720399], [-87.7601294591285, 41.89102756275124], [-87.75473110530814, 41.888186856282076], [-87.74869680501348, 41.889998011583145], [-87.74806013790801, 41.894650330964666], [-87.75345892665608, 41.897491550168944]]]}, "properties": {"light_n": 268, "light_t": 2, "light_top": 18, "crime_n": 346, "crime_t": 2, "crime_top": 6, "bv": "2-2", "crime_night_n": 163, "crime_night_t": 2, "crime_night_top": 5, "bv_night": "2-2", "nta": "Austin", "boro": "Chicago"}}, {"type": "Feature", "geometry": {"type": "Polygon", "coordinates": [[[-87.66603810560662, 41.77660364244706], [-87.67206208473486, 41.77479993883012], [-87.67270485808564, 41.77015439949039], [-87.66732480161869, 41.76731262075905], [-87.66130154233943, 41.76911586870777], [-87.6606576197103, 41.773761351003685], [-87.66603810560662, 41.77660364244706]]]}, "properties": {"light_n": 173, "light_t": 1, "light_top": 53, "crime_n": 255, "crime_t": 2, "crime_top": 12, "bv": "2-1", "crime_night_n": 105, "crime_night_t": 2, "crime_night_top": 12, "bv_night": "2-1", "nta": "West Englewood", "boro": "Chicago"}}, {"type": "Feature", "geometry": {"type": "Polygon", "coordinates": [[[-87.70499757533803, 41.78720104766855], [-87.7110208316753, 41.78539508639836], [-87.71165977593787, 41.780748952976204], [-87.70627661382801, 41.777908836958744], [-87.700254076357, 41.77971434199161], [-87.69961398216152, 41.78436041922684], [-87.70499757533803, 41.78720104766855]]]}, "properties": {"light_n": 331, "light_t": 2, "light_top": 7, "crime_n": 168, "crime_t": 2, "crime_top": 24, "bv": "2-2", "crime_night_n": 84, "crime_night_t": 2, "crime_night_top": 19, "bv_night": "2-2", "nta": "Chicago Lawn", "boro": "Chicago"}}, {"type": "Feature", "geometry": {"type": "Polygon", "coordinates": [[[-87.71723695498163, 41.90835598654208], [-87.72327536021545, 41.906545871600166], [-87.72391472760268, 41.9018928732419], [-87.71851684580602, 41.899050045632755], [-87.71247916280261, 41.90085970328622], [-87.7118386393975, 41.905512645784675], [-87.71723695498163, 41.90835598654208]]]}, "properties": {"light_n": 198, "light_t": 1, "light_top": 43, "crime_n": 290, "crime_t": 2, "crime_top": 10, "bv": "2-1", "crime_night_n": 112, "crime_night_t": 2, "crime_night_top": 11, "bv_night": "2-1", "nta": "Humboldt Park", "boro": "Chicago"}}, {"type": "Feature", "geometry": {"type": "Polygon", "coordinates": [[[-87.5256803663465, 41.707283841512506], [-87.531702861833, 41.70548917815395], [-87.5323589740357, 41.70084757190684], [-87.52699373614533, 41.698000689106436], [-87.52097196305621, 41.69979489908504], [-87.52031470549322, 41.70443644519177], [-87.5256803663465, 41.707283841512506]]]}, "properties": {"light_n": 245, "light_t": 2, "light_top": 26, "crime_n": 39, "crime_t": 1, "crime_top": 66, "bv": "1-2", "crime_night_n": 17, "crime_night_t": 1, "crime_night_top": 66, "bv_night": "1-2", "nta": "East Side", "boro": "Chicago"}}, {"type": "Feature", "geometry": {"type": "Polygon", "coordinates": [[[-87.6427881340186, 41.94402243665089], [-87.64883523537394, 41.94221501990181], [-87.64948272022846, 41.937559993699494], [-87.6440842613182, 41.93471244166913], [-87.63803788583458, 41.93651940180691], [-87.63738924342222, 41.941174370533716], [-87.6427881340186, 41.94402243665089]]]}, "properties": {"light_n": 266, "light_t": 2, "light_top": 19, "crime_n": 166, "crime_t": 2, "crime_top": 24, "bv": "2-2", "crime_night_n": 73, "crime_night_t": 2, "crime_night_top": 23, "bv_night": "2-2", "nta": "Lake View", "boro": "Chicago"}}, {"type": "Feature", "geometry": {"type": "Polygon", "coordinates": [[[-87.70195001455035, 41.935245958693436], [-87.70799276552746, 41.933435826495476], [-87.70863407011284, 41.92878130542407], [-87.70323378106826, 41.925936972679914], [-87.69719175368176, 41.92774664758345], [-87.69654929178144, 41.93240111247292], [-87.70195001455035, 41.935245958693436]]]}, "properties": {"light_n": 405, "light_t": 2, "light_top": 2, "crime_n": 188, "crime_t": 2, "crime_top": 20, "bv": "2-2", "crime_night_n": 91, "crime_night_t": 2, "crime_night_top": 16, "bv_night": "2-2", "nta": "Logan Square", "boro": "Chicago"}}, {"type": "Feature", "geometry": {"type": "Polygon", "coordinates": [[[-87.70115734882829, 41.81508401901864], [-87.7071844464837, 41.81327743401384], [-87.70782416797552, 41.80862971591274], [-87.70243794315212, 41.80578863902138], [-87.69641156536014, 41.80759476763057], [-87.69577069256012, 41.81224242947429], [-87.70115734882829, 41.81508401901864]]]}, "properties": {"light_n": 327, "light_t": 2, "light_top": 7, "crime_n": 165, "crime_t": 2, "crime_top": 24, "bv": "2-2", "crime_night_n": 61, "crime_night_t": 2, "crime_night_top": 27, "bv_night": "2-2", "nta": "Brighton Park", "boro": "Chicago"}}, {"type": "Feature", "geometry": {"type": "Polygon", "coordinates": [[[-87.62379606648354, 41.91401263564914], [-87.62984026480216, 41.91220704465246], [-87.63048927308355, 41.907553710986754], [-87.6250952390691, 41.90470602617071], [-87.61905176632192, 41.906511161017896], [-87.61840160205055, 41.91116443677804], [-87.62379606648354, 41.91401263564914]]]}, "properties": {"light_n": 185, "light_t": 1, "light_top": 48, "crime_n": 56, "crime_t": 1, "crime_top": 57, "bv": "1-1", "crime_night_n": 21, "crime_night_t": 1, "crime_night_top": 59, "bv_night": "1-1", "nta": "Near North Side", "boro": "Chicago"}}, {"type": "Feature", "geometry": {"type": "Polygon", "coordinates": [[[-87.70376664532353, 42.00613186223476], [-87.70981858498062, 42.00431957550584], [-87.71046068787396, 41.99966105834526], [-87.70505201202344, 41.99681488396873], [-87.69900079812089, 41.998626712857146], [-87.69835753434667, 42.003285173909816], [-87.70376664532353, 42.00613186223476]]]}, "properties": {"light_n": 183, "light_t": 1, "light_top": 49, "crime_n": 57, "crime_t": 1, "crime_top": 57, "bv": "1-1", "crime_night_n": 27, "crime_night_t": 1, "crime_night_top": 54, "bv_night": "1-1", "nta": "West Ridge", "boro": "Chicago"}}, {"type": "Feature", "geometry": {"type": "Polygon", "coordinates": [[[-87.62818694684076, 41.716712516420635], [-87.63420516924312, 41.714912454925326], [-87.63485096908641, 41.71027031862316], [-87.62947969274012, 41.7074283016625], [-87.62346218959567, 41.709227908410625], [-87.62281524357195, 41.71386998681431], [-87.62818694684076, 41.716712516420635]]]}, "properties": {"light_n": 410, "light_t": 2, "light_top": 2, "crime_n": 96, "crime_t": 1, "crime_top": 42, "bv": "1-2", "crime_night_n": 42, "crime_night_t": 1, "crime_night_top": 41, "bv_night": "1-2", "nta": "Roseland", "boro": "Chicago"}}, {"type": "Feature", "geometry": {"type": "Polygon", "coordinates": [[[-87.52765022193672, 41.69335950980133], [-87.53367080058617, 41.691565153247126], [-87.53432651501399, 41.68692434091476], [-87.5289627955038, 41.6840779451875], [-87.52294293875144, 41.68587184843956], [-87.52228607964524, 41.69051260066884], [-87.52765022193672, 41.69335950980133]]]}, "properties": {"light_n": 132, "light_t": 1, "light_top": 66, "crime_n": 6, "crime_t": 0, "crime_top": 90, "bv": "0-1", "crime_night_n": 0, "crime_night_t": 0, "crime_night_top": null, "bv_night": "0-1", "nta": "East Side", "boro": "Chicago"}}, {"type": "Feature", "geometry": {"type": "Polygon", "coordinates": [[[-87.73922068696983, 41.790299981176425], [-87.74524249614674, 41.78849221884863], [-87.74587799008162, 41.78384591836558], [-87.7404928250684, 41.78100743559486], [-87.73447173369969, 41.782814741232315], [-87.73383508956769, 41.78746098627838], [-87.73922068696983, 41.790299981176425]]]}, "properties": {"light_n": 97, "light_t": 0, "light_top": 74, "crime_n": 76, "crime_t": 1, "crime_top": 50, "bv": "1-0", "crime_night_n": 33, "crime_night_t": 1, "crime_night_top": 47, "bv_night": "1-0", "nta": "West Elsdon", "boro": "Chicago"}}, {"type": "Feature", "geometry": {"type": "Polygon", "coordinates": [[[-87.79815364141025, 41.781502723507586], [-87.80417111163263, 41.77969227659012], [-87.80480047068698, 41.77504649583257], [-87.79941350949454, 41.77221121609278], [-87.79339675481773, 41.774021205646825], [-87.79276624581902, 41.77866693225165], [-87.79815364141025, 41.781502723507586]]]}, "properties": {"light_n": 74, "light_t": 0, "light_top": 79, "crime_n": 13, "crime_t": 0, "crime_top": 82, "bv": "0-0", "crime_night_n": 6, "crime_night_t": 0, "crime_night_top": 84, "bv_night": "0-0", "nta": "Clearing", "boro": "Chicago"}}, {"type": "Feature", "geometry": {"type": "Polygon", "coordinates": [[[-87.69821471177828, 41.878373186045614], [-87.70425022852984, 41.87656489956526], [-87.70489112672067, 41.871913593148335], [-87.6994976626483, 41.86907062945044], [-87.69346286783401, 41.8708784591038], [-87.69282081518699, 41.87552970922949], [-87.69821471177828, 41.878373186045614]]]}, "properties": {"light_n": 212, "light_t": 1, "light_top": 39, "crime_n": 526, "crime_t": 2, "crime_top": 2, "bv": "2-1", "crime_night_n": 197, "crime_night_t": 2, "crime_night_top": 2, "bv_night": "2-1", "nta": "East Garfield Park", "boro": "Chicago"}}, {"type": "Feature", "geometry": {"type": "Polygon", "coordinates": [[[-87.66656171648401, 41.9815434392772], [-87.67261244831995, 41.97973373773929], [-87.67325802259727, 41.975076598949684], [-87.6678540245923, 41.97222921858184], [-87.66180401900186, 41.974038462930956], [-87.6611572852035, 41.97869554478402], [-87.66656171648401, 41.9815434392772]]]}, "properties": {"light_n": 344, "light_t": 2, "light_top": 5, "crime_n": 92, "crime_t": 1, "crime_top": 44, "bv": "1-2", "crime_night_n": 21, "crime_night_t": 1, "crime_night_top": 59, "bv_night": "1-2", "nta": "Edgewater", "boro": "Chicago"}}, {"type": "Feature", "geometry": {"type": "Polygon", "coordinates": [[[-87.77919418687532, 41.921002066409265], [-87.78523088297146, 41.91918847641365], [-87.78586408359057, 41.91453478042346], [-87.78046174499445, 41.91169472887123], [-87.77442576942146, 41.91350786070555], [-87.77379141195304, 41.91816150220073], [-87.77919418687532, 41.921002066409265]]]}, "properties": {"light_n": 160, "light_t": 1, "light_top": 57, "crime_n": 56, "crime_t": 1, "crime_top": 57, "bv": "1-1", "crime_night_n": 18, "crime_night_t": 1, "crime_night_top": 64, "bv_night": "1-1", "nta": "Belmont Cragin", "boro": "Chicago"}}, {"type": "Feature", "geometry": {"type": "Polygon", "coordinates": [[[-87.7753431200361, 41.77944969138296], [-87.78136156003443, 41.7776404433865], [-87.7819932188912, 41.77299477118434], [-87.77660758755245, 41.770158401578826], [-87.77058986380652, 41.7719671925126], [-87.76995705517832, 41.77661281006215], [-87.7753431200361, 41.77944969138296]]]}, "properties": {"light_n": 144, "light_t": 1, "light_top": 62, "crime_n": 17, "crime_t": 0, "crime_top": 79, "bv": "0-1", "crime_night_n": 7, "crime_night_t": 0, "crime_night_top": 81, "bv_night": "0-1", "nta": "Clearing", "boro": "Chicago"}}, {"type": "Feature", "geometry": {"type": "Polygon", "coordinates": [[[-87.60038785760281, 41.79178117993516], [-87.60641735066581, 41.789980318246464], [-87.60706703573148, 41.78533390730435], [-87.60168837757868, 41.78248841647092], [-87.59565960704678, 41.78428882320852], [-87.59500877216927, 41.78893517567827], [-87.60038785760281, 41.79178117993516]]]}, "properties": {"light_n": 165, "light_t": 1, "light_top": 55, "crime_n": 48, "crime_t": 1, "crime_top": 61, "bv": "1-1", "crime_night_n": 14, "crime_night_t": 0, "crime_night_top": 69, "bv_night": "0-1", "nta": "Hyde Park", "boro": "Chicago"}}, {"type": "Feature", "geometry": {"type": "Polygon", "coordinates": [[[-87.72682348270747, 41.838587112572], [-87.7328522570149, 41.83677855600634], [-87.7334896811148, 41.83212951067056], [-87.72809948350192, 41.8292890775321], [-87.72207142892299, 41.831097177205095], [-87.72143285226032, 41.83574616685671], [-87.72682348270747, 41.838587112572]]]}, "properties": {"light_n": 150, "light_t": 1, "light_top": 61, "crime_n": 114, "crime_t": 1, "crime_top": 37, "bv": "1-1", "crime_night_n": 41, "crime_night_t": 1, "crime_night_top": 42, "bv_night": "1-1", "nta": "South Lawndale", "boro": "Chicago"}}, {"type": "Feature", "geometry": {"type": "Polygon", "coordinates": [[[-87.6440880642756, 41.80989452723621], [-87.65011756608097, 41.80809094972645], [-87.65076304322244, 41.80344351541449], [-87.64538016945218, 41.80059971606829], [-87.63935138927276, 41.802402837940484], [-87.6387047612701, 41.80705021474403], [-87.6440880642756, 41.80989452723621]]]}, "properties": {"light_n": 233, "light_t": 2, "light_top": 31, "crime_n": 92, "crime_t": 1, "crime_top": 44, "bv": "1-2", "crime_night_n": 34, "crime_night_t": 1, "crime_night_top": 46, "bv_night": "1-2", "nta": "New City", "boro": "Chicago"}}, {"type": "Feature", "geometry": {"type": "Polygon", "coordinates": [[[-87.62927882204447, 41.66746111889809], [-87.63529058530347, 41.66566244361059], [-87.63593558789317, 41.6610231175923], [-87.6305699710037, 41.658182524706326], [-87.62455892543709, 41.659980745597885], [-87.62391277909983, 41.66462001371916], [-87.62927882204447, 41.66746111889809]]]}, "properties": {"light_n": 189, "light_t": 1, "light_top": 46, "crime_n": 35, "crime_t": 0, "crime_top": 67, "bv": "0-1", "crime_night_n": 19, "crime_night_t": 1, "crime_night_top": 62, "bv_night": "1-1", "nta": "West Pullman", "boro": "Chicago"}}, {"type": "Feature", "geometry": {"type": "Polygon", "coordinates": [[[-87.69371715533418, 41.70153958109341], [-87.69972987643575, 41.6997366930897], [-87.70036878901148, 41.69509543459477], [-87.694996126163, 41.69225712052619], [-87.68898412164924, 41.69405955307], [-87.68834406342798, 41.698700755090016], [-87.69371715533418, 41.70153958109341]]]}, "properties": {"light_n": 84, "light_t": 0, "light_top": 78, "crime_n": 4, "crime_t": 0, "crime_top": 93, "bv": "0-0", "crime_night_n": 0, "crime_night_t": 0, "crime_night_top": null, "bv_night": "0-0", "nta": "Mount Greenwood", "boro": "Chicago"}}, {"type": "Feature", "geometry": {"type": "Polygon", "coordinates": [[[-87.60789929004589, 41.82071075373124], [-87.61393215254384, 41.818908673426414], [-87.61458147664727, 41.81426062088254], [-87.60919908956272, 41.81141470688637], [-87.60316695024763, 41.81321633193136], [-87.60251647486696, 41.81786432617994], [-87.60789929004589, 41.82071075373124]]]}, "properties": {"light_n": 267, "light_t": 2, "light_top": 18, "crime_n": 197, "crime_t": 2, "crime_top": 19, "bv": "2-2", "crime_night_n": 55, "crime_night_t": 2, "crime_night_top": 32, "bv_night": "2-2", "nta": "Grand Boulevard", "boro": "Chicago"}}, {"type": "Feature", "geometry": {"type": "Polygon", "coordinates": [[[-87.67430768827474, 41.92567387453206], [-87.68035068318325, 41.92386540848063], [-87.68099468459282, 41.919211422796494], [-87.67559684787031, 41.916365959903864], [-87.66955457718942, 41.918173969080584], [-87.66890941903584, 41.92282789797199], [-87.67430768827474, 41.92567387453206]]]}, "properties": {"light_n": 179, "light_t": 1, "light_top": 51, "crime_n": 69, "crime_t": 1, "crime_top": 52, "bv": "1-1", "crime_night_n": 31, "crime_night_t": 1, "crime_night_top": 50, "bv_night": "1-1", "nta": "Logan Square", "boro": "Chicago"}}, {"type": "Feature", "geometry": {"type": "Polygon", "coordinates": [[[-87.55434360629165, 41.6676201611159], [-87.56035940997042, 41.665825221027404], [-87.56101204302034, 41.661185878294525], [-87.55565001592403, 41.658341535129395], [-87.54963493244865, 41.660136021767606], [-87.548981155899, 41.664775304969055], [-87.55434360629165, 41.6676201611159]]]}, "properties": {"light_n": 187, "light_t": 1, "light_top": 48, "crime_n": 16, "crime_t": 0, "crime_top": 80, "bv": "0-1", "crime_night_n": 7, "crime_night_t": 0, "crime_night_top": 81, "bv_night": "0-1", "nta": "Hegewisch", "boro": "Chicago"}}, {"type": "Feature", "geometry": {"type": "Polygon", "coordinates": [[[-87.79448627658375, 41.97892119001144], [-87.80052971923462, 41.97710513977662], [-87.80116214677486, 41.97244817942888], [-87.79575229149972, 41.969607323392616], [-87.7897095706614, 41.97142291484527], [-87.78907598331732, 41.97607982106363], [-87.79448627658375, 41.97892119001144]]]}, "properties": {"light_n": 238, "light_t": 2, "light_top": 29, "crime_n": 15, "crime_t": 0, "crime_top": 81, "bv": "0-2", "crime_night_n": 3, "crime_night_t": 0, "crime_night_top": 90, "bv_night": "0-2", "nta": "Norwood Park", "boro": "Chicago"}}, {"type": "Feature", "geometry": {"type": "Polygon", "coordinates": [[[-87.72199623580042, 41.915852657903834], [-87.72803536333777, 41.91404208555806], [-87.72867434732493, 41.90938866455664], [-87.72327536021545, 41.906545871600166], [-87.71723695498163, 41.90835598654208], [-87.71659681458578, 41.91300935179171], [-87.72199623580042, 41.915852657903834]]]}, "properties": {"light_n": 181, "light_t": 1, "light_top": 50, "crime_n": 196, "crime_t": 2, "crime_top": 19, "bv": "2-1", "crime_night_n": 82, "crime_night_t": 2, "crime_night_top": 19, "bv_night": "2-1", "nta": "Humboldt Park", "boro": "Chicago"}}, {"type": "Feature", "geometry": {"type": "Polygon", "coordinates": [[[-87.54924444132757, 41.74473455111648], [-87.55527054994351, 41.74293761913164], [-87.55592479008821, 41.738293880185445], [-87.55055406894846, 41.73544713278217], [-87.54452868311051, 41.73724361081151], [-87.54387329566734, 41.74188729014734], [-87.54924444132757, 41.74473455111648]]]}, "properties": {"light_n": 318, "light_t": 2, "light_top": 8, "crime_n": 184, "crime_t": 2, "crime_top": 21, "bv": "2-2", "crime_night_n": 69, "crime_night_t": 2, "crime_night_top": 25, "bv_night": "2-2", "nta": "South Chicago", "boro": "Chicago"}}, {"type": "Feature", "geometry": {"type": "Polygon", "coordinates": [[[-87.72972426154121, 41.77532989307551], [-87.73574463517387, 41.77352304401327], [-87.73638089259404, 41.76887759192081], [-87.7309979258356, 41.76603904449033], [-87.72497826986678, 41.76784543709254], [-87.7243408630243, 41.77249083353288], [-87.72972426154121, 41.77532989307551]]]}, "properties": {"light_n": 129, "light_t": 0, "light_top": 67, "crime_n": 32, "crime_t": 0, "crime_top": 69, "bv": "0-0", "crime_night_n": 13, "crime_night_t": 0, "crime_night_top": 71, "bv_night": "0-0", "nta": "West Lawn", "boro": "Chicago"}}, {"type": "Feature", "geometry": {"type": "Polygon", "coordinates": [[[-87.5323589740357, 41.70084757190684], [-87.53838027465837, 41.69905276193545], [-87.53903561538439, 41.694411522633075], [-87.53367080058617, 41.691565153247126], [-87.52765022193672, 41.69335950980133], [-87.52699373614533, 41.698000689106436], [-87.5323589740357, 41.70084757190684]]]}, "properties": {"light_n": 359, "light_t": 2, "light_top": 4, "crime_n": 26, "crime_t": 0, "crime_top": 73, "bv": "0-2", "crime_night_n": 12, "crime_night_t": 0, "crime_night_top": 73, "bv_night": "0-2", "nta": "East Side", "boro": "Chicago"}}, {"type": "Feature", "geometry": {"type": "Polygon", "coordinates": [[[-87.54492772610504, 41.65265228362002], [-87.55094208945259, 41.65085825031707], [-87.55159546998651, 41.646219762147815], [-87.5462356299337, 41.64337536697245], [-87.54022198663844, 41.64516894705512], [-87.53956746337657, 41.64980737548132], [-87.54492772610504, 41.65265228362002]]]}, "properties": {"light_n": 170, "light_t": 1, "light_top": 53, "crime_n": 25, "crime_t": 0, "crime_top": 74, "bv": "0-1", "crime_night_n": 11, "crime_night_t": 0, "crime_night_top": 73, "bv_night": "0-1", "nta": "Hegewisch", "boro": "Chicago"}}, {"type": "Feature", "geometry": {"type": "Polygon", "coordinates": [[[-87.63826710403526, 41.85173423518383], [-87.64430238004425, 41.84992972973739], [-87.64494903601442, 41.84527992167113], [-87.63956156893495, 41.8424346766155], [-87.63352701605582, 41.84423872618874], [-87.63287920715887, 41.848888476638315], [-87.63826710403526, 41.85173423518383]]]}, "properties": {"light_n": 491, "light_t": 2, "light_top": 1, "crime_n": 66, "crime_t": 1, "crime_top": 53, "bv": "1-2", "crime_night_n": 39, "crime_night_t": 1, "crime_night_top": 43, "bv_night": "1-2", "nta": "Armour Square", "boro": "Chicago"}}, {"type": "Feature", "geometry": {"type": "Polygon", "coordinates": [[[-87.5842523741248, 41.78324259452372], [-87.5902816214603, 41.781442789365656], [-87.5909328333402, 41.77679686225248], [-87.58555594724938, 41.77395079907391], [-87.57952742272046, 41.77575014954829], [-87.57887506150864, 41.78039601783256], [-87.5842523741248, 41.78324259452372]]]}, "properties": {"light_n": 105, "light_t": 0, "light_top": 73, "crime_n": 144, "crime_t": 2, "crime_top": 30, "bv": "2-0", "crime_night_n": 46, "crime_night_t": 1, "crime_night_top": 38, "bv_night": "1-0", "nta": "Woodlawn", "boro": "Chicago"}}, {"type": "Feature", "geometry": {"type": "Polygon", "coordinates": [[[-87.64688821724553, 41.831332079164326], [-87.65292036477497, 41.82952773627439], [-87.6535658549487, 41.82487908598758], [-87.64818034956382, 41.82203483597551], [-87.64214892423547, 41.823838723033994], [-87.64150228212334, 41.828487315883535], [-87.64688821724553, 41.831332079164326]]]}, "properties": {"light_n": 255, "light_t": 2, "light_top": 22, "crime_n": 62, "crime_t": 1, "crime_top": 55, "bv": "1-2", "crime_night_n": 29, "crime_night_t": 1, "crime_night_top": 52, "bv_night": "1-2", "nta": "Bridgeport", "boro": "Chicago"}}, {"type": "Feature", "geometry": {"type": "Polygon", "coordinates": [[[-87.65269869010856, 41.78950279635805], [-87.6587250691967, 41.78769938305807], [-87.65936938317843, 41.78305310821914], [-87.65398846797963, 41.780210303957276], [-87.64796280959135, 41.7820132616618], [-87.64731734573432, 41.78665947917125], [-87.65269869010856, 41.78950279635805]]]}, "properties": {"light_n": 108, "light_t": 0, "light_top": 73, "crime_n": 163, "crime_t": 2, "crime_top": 25, "bv": "2-0", "crime_night_n": 62, "crime_night_t": 2, "crime_night_top": 27, "bv_night": "2-0", "nta": "Englewood", "boro": "Chicago"}}, {"type": "Feature", "geometry": {"type": "Polygon", "coordinates": [[[-87.64151302635896, 41.703828344603885], [-87.64752885672299, 41.70202799448137], [-87.64817311934735, 41.69738659480974], [-87.64280269722694, 41.6945456028218], [-87.6367875852736, 41.696345498124494], [-87.63614217706223, 41.7009868401827], [-87.64151302635896, 41.703828344603885]]]}, "properties": {"light_n": 233, "light_t": 2, "light_top": 31, "crime_n": 62, "crime_t": 1, "crime_top": 55, "bv": "1-2", "crime_night_n": 24, "crime_night_t": 1, "crime_night_top": 57, "bv_night": "1-2", "nta": "Roseland", "boro": "Chicago"}}, {"type": "Feature", "geometry": {"type": "Polygon", "coordinates": [[[-87.82595739493311, 41.960525616933936], [-87.8319967150863, 41.95870852647161], [-87.8326256668571, 41.95405261488654], [-87.82721645748332, 41.95121384715937], [-87.82117785749585, 41.95303047858102], [-87.82054774674779, 41.957686336717764], [-87.82595739493311, 41.960525616933936]]]}, "properties": {"light_n": 15, "light_t": 0, "light_top": 93, "crime_n": 1, "crime_t": 0, "crime_top": 100, "bv": "0-0", "crime_night_n": 0, "crime_night_t": 0, "crime_night_top": null, "bv_night": "0-0", "nta": "Dunning", "boro": "Chicago"}}, {"type": "Feature", "geometry": {"type": "Polygon", "coordinates": [[[-87.59483733689076, 41.748926846419266], [-87.60086154430745, 41.747127511337425], [-87.6015111943423, 41.7424835364443], [-87.59613778465743, 41.739638955193236], [-87.59011429862058, 41.741437835710926], [-87.58946350092143, 41.74608175199154], [-87.59483733689076, 41.748926846419266]]]}, "properties": {"light_n": 159, "light_t": 1, "light_top": 58, "crime_n": 111, "crime_t": 1, "crime_top": 38, "bv": "1-1", "crime_night_n": 48, "crime_night_t": 1, "crime_night_top": 36, "bv_night": "1-1", "nta": "Avalon Park", "boro": "Chicago"}}, {"type": "Feature", "geometry": {"type": "Polygon", "coordinates": [[[-87.77344545804414, 41.79338860882576], [-87.7794658156164, 41.79157904625672], [-87.78009785843577, 41.786932580962926], [-87.77471069417322, 41.784095732872586], [-87.76869105334944, 41.78590483829913], [-87.76805786007114, 41.790551248906056], [-87.77344545804414, 41.79338860882576]]]}, "properties": {"light_n": 290, "light_t": 2, "light_top": 14, "crime_n": 19, "crime_t": 0, "crime_top": 78, "bv": "0-2", "crime_night_n": 9, "crime_night_t": 0, "crime_night_top": 77, "bv_night": "0-2", "nta": "Garfield Ridge", "boro": "Chicago"}}, {"type": "Feature", "geometry": {"type": "Polygon", "coordinates": [[[-87.57676136704355, 41.754323357859725], [-87.58278724820308, 41.75252476977456], [-87.58343881746366, 41.74788048643168], [-87.57806565346745, 41.7450348501268], [-87.57204049446271, 41.74683298383681], [-87.57138777733222, 41.751477208174556], [-87.57676136704355, 41.754323357859725]]]}, "properties": {"light_n": 275, "light_t": 2, "light_top": 17, "crime_n": 169, "crime_t": 2, "crime_top": 24, "bv": "2-2", "crime_night_n": 55, "crime_night_t": 2, "crime_night_top": 32, "bv_night": "2-2", "nta": "South Chicago", "boro": "Chicago"}}, {"type": "Feature", "geometry": {"type": "Polygon", "coordinates": [[[-87.64516515051335, 41.760588328899274], [-87.65118816887872, 41.75878613685211], [-87.65183284901319, 41.75414150471978], [-87.64645565922797, 41.75129912208981], [-87.64043336091524, 41.75310085885061], [-87.63978753236742, 41.75774543347539], [-87.64516515051335, 41.760588328899274]]]}, "properties": {"light_n": 309, "light_t": 2, "light_top": 10, "crime_n": 299, "crime_t": 2, "crime_top": 9, "bv": "2-2", "crime_night_n": 130, "crime_night_t": 2, "crime_night_top": 8, "bv_night": "2-2", "nta": "Auburn Gresham", "boro": "Chicago"}}, {"type": "Feature", "geometry": {"type": "Polygon", "coordinates": [[[-87.6254022429579, 41.69530326153538], [-87.63141783160621, 41.69350396504021], [-87.63206361672391, 41.68886304913022], [-87.62669495833681, 41.686021487632146], [-87.62068008837463, 41.68782032957387], [-87.62003315814576, 41.69246118751489], [-87.6254022429579, 41.69530326153538]]]}, "properties": {"light_n": 279, "light_t": 2, "light_top": 16, "crime_n": 283, "crime_t": 2, "crime_top": 10, "bv": "2-2", "crime_night_n": 102, "crime_night_t": 2, "crime_night_top": 13, "bv_night": "2-2", "nta": "Roseland", "boro": "Chicago"}}, {"type": "Feature", "geometry": {"type": "Polygon", "coordinates": [[[-87.76871190901326, 41.955400105949046], [-87.77475367451449, 41.95358603600186], [-87.77538842030235, 41.94893039417644], [-87.769982559162, 41.94608887695278], [-87.76394151561489, 41.947902488615696], [-87.76330561128579, 41.95255807573383], [-87.76871190901326, 41.955400105949046]]]}, "properties": {"light_n": 183, "light_t": 1, "light_top": 49, "crime_n": 41, "crime_t": 1, "crime_top": 64, "bv": "1-1", "crime_night_n": 16, "crime_night_t": 1, "crime_night_top": 67, "bv_night": "1-1", "nta": "Portage Park", "boro": "Chicago"}}, {"type": "Feature", "geometry": {"type": "Polygon", "coordinates": [[[-87.63570304758427, 41.74561378430639], [-87.64172462591841, 41.74381250271683], [-87.64237006245277, 41.73916872128827], [-87.6369950683238, 41.73632627911814], [-87.63097420989419, 41.738127105651614], [-87.6303276257214, 41.74277082935901], [-87.63570304758427, 41.74561378430639]]]}, "properties": {"light_n": 255, "light_t": 2, "light_top": 22, "crime_n": 65, "crime_t": 1, "crime_top": 54, "bv": "1-2", "crime_night_n": 27, "crime_night_t": 1, "crime_night_top": 54, "bv_night": "1-2", "nta": "Auburn Gresham", "boro": "Chicago"}}, {"type": "Feature", "geometry": {"type": "Polygon", "coordinates": [[[-87.81072071548901, 41.98744411989508], [-87.81676439002074, 41.985627005961625], [-87.81739527017469, 41.980969570765865], [-87.81198363611139, 41.97812930321923], [-87.8059406831055, 41.979945958103634], [-87.80530864266859, 41.98460333953094], [-87.81072071548901, 41.98744411989508]]]}, "properties": {"light_n": 120, "light_t": 0, "light_top": 70, "crime_n": 55, "crime_t": 1, "crime_top": 58, "bv": "1-0", "crime_night_n": 25, "crime_night_t": 1, "crime_night_top": 56, "bv_night": "1-0", "nta": "Norwood Park", "boro": "Chicago"}}, {"type": "Feature", "geometry": {"type": "Polygon", "coordinates": [[[-87.63048927308355, 41.907553710986754], [-87.63653226502389, 41.90574797161199], [-87.6371804977748, 41.90109500366043], [-87.63178689430762, 41.89824783279282], [-87.62574462750953, 41.9000531159809], [-87.6250952390691, 41.90470602617071], [-87.63048927308355, 41.907553710986754]]]}, "properties": {"light_n": 403, "light_t": 2, "light_top": 2, "crime_n": 552, "crime_t": 2, "crime_top": 1, "bv": "2-2", "crime_night_n": 314, "crime_night_t": 2, "crime_night_top": 1, "bv_night": "2-2", "nta": "Near North Side", "boro": "Chicago"}}, {"type": "Feature", "geometry": {"type": "Polygon", "coordinates": [[[-87.58816151032865, 41.75537037748516], [-87.59418691559131, 41.7535711885177], [-87.59483733689076, 41.748926846419266], [-87.58946350092143, 41.74608175199154], [-87.58343881746366, 41.74788048643168], [-87.58278724820308, 41.75252476977456], [-87.58816151032865, 41.75537037748516]]]}, "properties": {"light_n": 225, "light_t": 2, "light_top": 33, "crime_n": 174, "crime_t": 2, "crime_top": 23, "bv": "2-2", "crime_night_n": 57, "crime_night_t": 2, "crime_night_top": 30, "bv_night": "2-2", "nta": "Avalon Park", "boro": "Chicago"}}, {"type": "Feature", "geometry": {"type": "Polygon", "coordinates": [[[-87.69616660235016, 41.9771494058632], [-87.70221515442852, 41.975338344083895], [-87.70285763345562, 41.97068145791519], [-87.69745271983545, 41.967835689761806], [-87.69140489285893, 41.96964629401037], [-87.69076125443311, 41.97430312389035], [-87.69616660235016, 41.9771494058632]]]}, "properties": {"light_n": 211, "light_t": 1, "light_top": 39, "crime_n": 51, "crime_t": 1, "crime_top": 59, "bv": "1-1", "crime_night_n": 16, "crime_night_t": 1, "crime_night_top": 67, "bv_night": "1-1", "nta": "Lincoln Square", "boro": "Chicago"}}, {"type": "Feature", "geometry": {"type": "Polygon", "coordinates": [[[-87.67801755520847, 41.9825810830161], [-87.68406780268444, 41.98077077542467], [-87.6847122173503, 41.97611357995052], [-87.67930754418414, 41.973266748699636], [-87.67325802259727, 41.975076598949684], [-87.67261244831995, 41.97973373773929], [-87.67801755520847, 41.9825810830161]]]}, "properties": {"light_n": 258, "light_t": 2, "light_top": 21, "crime_n": 40, "crime_t": 1, "crime_top": 64, "bv": "1-2", "crime_night_n": 12, "crime_night_t": 0, "crime_night_top": 73, "bv_night": "0-2", "nta": "Lincoln Square", "boro": "Chicago"}}, {"type": "Feature", "geometry": {"type": "Polygon", "coordinates": [[[-87.56340055565332, 41.76720976104159], [-87.56942883305872, 41.76541146649929], [-87.57008194667019, 41.760766449546104], [-87.56470793137241, 41.75791978637448], [-87.55868037697266, 41.7597176266158], [-87.55802611489798, 41.76436258427741], [-87.56340055565332, 41.76720976104159]]]}, "properties": {"light_n": 321, "light_t": 2, "light_top": 8, "crime_n": 312, "crime_t": 2, "crime_top": 8, "bv": "2-2", "crime_night_n": 119, "crime_night_t": 2, "crime_night_top": 9, "bv_night": "2-2", "nta": "South Shore", "boro": "Chicago"}}, {"type": "Feature", "geometry": {"type": "Polygon", "coordinates": [[[-87.55868037697266, 41.7597176266158], [-87.56470793137241, 41.75791978637448], [-87.56536142077024, 41.75327519528903], [-87.55998850387613, 41.75042850379048], [-87.55396167240623, 41.752225889845974], [-87.55330703493355, 41.756870421533534], [-87.55868037697266, 41.7597176266158]]]}, "properties": {"light_n": 258, "light_t": 2, "light_top": 21, "crime_n": 388, "crime_t": 2, "crime_top": 5, "bv": "2-2", "crime_night_n": 142, "crime_night_t": 2, "crime_night_top": 7, "bv_night": "2-2", "nta": "South Shore", "boro": "Chicago"}}, {"type": "Feature", "geometry": {"type": "Polygon", "coordinates": [[[-87.75347643973124, 41.812758047864584], [-87.75950040276503, 41.810948914774535], [-87.76013474938675, 41.80630134272433], [-87.75474628436673, 41.803462958825506], [-87.74872303935722, 41.805271634879595], [-87.74808754137506, 41.80991915181602], [-87.75347643973124, 41.812758047864584]]]}, "properties": {"light_n": 140, "light_t": 1, "light_top": 64, "crime_n": 11, "crime_t": 0, "crime_top": 84, "bv": "0-1", "crime_night_n": 3, "crime_night_t": 0, "crime_night_top": 90, "bv_night": "0-1", "nta": "Garfield Ridge", "boro": "Chicago"}}, {"type": "Feature", "geometry": {"type": "Polygon", "coordinates": [[[-87.63849548298165, 41.76703537563952], [-87.64451970019225, 41.76523332878033], [-87.64516515051335, 41.760588328899274], [-87.63978753236742, 41.75774543347539], [-87.63376403563447, 41.75954702508467], [-87.63311743660219, 41.7641919673154], [-87.63849548298165, 41.76703537563952]]]}, "properties": {"light_n": 258, "light_t": 2, "light_top": 21, "crime_n": 208, "crime_t": 2, "crime_top": 17, "bv": "2-2", "crime_night_n": 70, "crime_night_t": 2, "crime_night_top": 25, "bv_night": "2-2", "nta": "Englewood", "boro": "Chicago"}}, {"type": "Feature", "geometry": {"type": "Polygon", "coordinates": [[[-87.70285763345562, 41.97068145791519], [-87.70890497528411, 41.96887024819089], [-87.70954667878875, 41.964213727933426], [-87.7041421995931, 41.96136847349249], [-87.69809558243597, 41.963179225649284], [-87.69745271983545, 41.967835689761806], [-87.70285763345562, 41.97068145791519]]]}, "properties": {"light_n": 188, "light_t": 1, "light_top": 47, "crime_n": 116, "crime_t": 1, "crime_top": 36, "bv": "1-1", "crime_night_n": 43, "crime_night_t": 1, "crime_night_top": 41, "bv_night": "1-1", "nta": "Albany Park", "boro": "Chicago"}}, {"type": "Feature", "geometry": {"type": "Polygon", "coordinates": [[[-87.65483124874025, 41.69094506968743], [-87.6608446881902, 41.68914443204369], [-87.6614874152262, 41.68450376968333], [-87.65611784783806, 41.68166380224317], [-87.65010512595248, 41.68346398499485], [-87.64946125392277, 41.6881045900265], [-87.65483124874025, 41.69094506968743]]]}, "properties": {"light_n": 217, "light_t": 1, "light_top": 37, "crime_n": 89, "crime_t": 1, "crime_top": 45, "bv": "1-1", "crime_night_n": 31, "crime_night_t": 1, "crime_night_top": 50, "bv_night": "1-1", "nta": "Morgan Park", "boro": "Chicago"}}, {"type": "Feature", "geometry": {"type": "Polygon", "coordinates": [[[-87.62236311327868, 41.7585045779643], [-87.62838708788523, 41.75670358688209], [-87.6290340647565, 41.75205907001447], [-87.62365821528697, 41.74921560218353], [-87.61763496143452, 41.75101613828273], [-87.61698683633, 41.75566059714355], [-87.62236311327868, 41.7585045779643]]]}, "properties": {"light_n": 286, "light_t": 2, "light_top": 15, "crime_n": 501, "crime_t": 2, "crime_top": 2, "bv": "2-2", "crime_night_n": 249, "crime_night_t": 2, "crime_night_top": 1, "bv_night": "2-2", "nta": "Greater Grand Crossing", "boro": "Chicago"}}, {"type": "Feature", "geometry": {"type": "Polygon", "coordinates": [[[-87.65550154055038, 41.810934717949905], [-87.6615305625163, 41.809130538761345], [-87.66217488870669, 41.804483047191155], [-87.65679134391456, 41.80163979201533], [-87.65076304322244, 41.80344351541449], [-87.65011756608097, 41.80809094972645], [-87.65550154055038, 41.810934717949905]]]}, "properties": {"light_n": 521, "light_t": 2, "light_top": 0, "crime_n": 174, "crime_t": 2, "crime_top": 23, "bv": "2-2", "crime_night_n": 75, "crime_night_t": 2, "crime_night_top": 22, "bv_night": "2-2", "nta": "New City", "boro": "Chicago"}}, {"type": "Feature", "geometry": {"type": "Polygon", "coordinates": [[[-87.58897880195177, 41.790735435635234], [-87.59500877216927, 41.78893517567827], [-87.59565960704678, 41.78428882320852], [-87.5902816214603, 41.781442789365656], [-87.5842523741248, 41.78324259452372], [-87.58360038952657, 41.78788888827116], [-87.58897880195177, 41.790735435635234]]]}, "properties": {"light_n": 186, "light_t": 1, "light_top": 48, "crime_n": 49, "crime_t": 1, "crime_top": 60, "bv": "1-1", "crime_night_n": 18, "crime_night_t": 1, "crime_night_top": 64, "bv_night": "1-1", "nta": "Hyde Park", "boro": "Chicago"}}, {"type": "Feature", "geometry": {"type": "Polygon", "coordinates": [[[-87.61652865957919, 41.80031804618516], [-87.62255839724722, 41.79851612763519], [-87.62320655435384, 41.79386923346277], [-87.61782612411659, 41.7910243159035], [-87.61179710870343, 41.79282577923505], [-87.61114780130526, 41.79747261529188], [-87.61652865957919, 41.80031804618516]]]}, "properties": {"light_n": 162, "light_t": 1, "light_top": 57, "crime_n": 190, "crime_t": 2, "crime_top": 20, "bv": "2-1", "crime_night_n": 74, "crime_night_t": 2, "crime_night_top": 23, "bv_night": "2-1", "nta": "Washington Park", "boro": "Chicago"}}, {"type": "Feature", "geometry": {"type": "Polygon", "coordinates": [[[-87.72675700589203, 41.923349716982024], [-87.73279685580597, 41.92153868711699], [-87.73343545611301, 41.91688484360948], [-87.72803536333777, 41.91404208555806], [-87.72199623580042, 41.915852657903834], [-87.72135647869374, 41.92050644576765], [-87.72675700589203, 41.923349716982024]]]}, "properties": {"light_n": 255, "light_t": 2, "light_top": 22, "crime_n": 222, "crime_t": 2, "crime_top": 16, "bv": "2-2", "crime_night_n": 101, "crime_night_t": 2, "crime_night_top": 13, "bv_night": "2-2", "nta": "Hermosa", "boro": "Chicago"}}, {"type": "Feature", "geometry": {"type": "Polygon", "coordinates": [[[-87.7010437854088, 41.899825382288945], [-87.70708195249593, 41.898016328135895], [-87.70772285863062, 41.89336380852553], [-87.70232675324849, 41.890520399234525], [-87.69628930867361, 41.8923289963663], [-87.69564724700079, 41.89698145975776], [-87.7010437854088, 41.899825382288945]]]}, "properties": {"light_n": 217, "light_t": 1, "light_top": 37, "crime_n": 245, "crime_t": 2, "crime_top": 13, "bv": "2-1", "crime_night_n": 85, "crime_night_t": 2, "crime_night_top": 18, "bv_night": "2-1", "nta": "Humboldt Park", "boro": "Chicago"}}, {"type": "Feature", "geometry": {"type": "Polygon", "coordinates": [[[-87.77825717633098, 41.97039649531056], [-87.78430038595697, 41.968581508448416], [-87.78493435973061, 41.96392502355649], [-87.77952628323447, 41.961083579964075], [-87.77348379570695, 41.962898108311016], [-87.77284866260882, 41.96755453871285], [-87.77825717633098, 41.97039649531056]]]}, "properties": {"light_n": 249, "light_t": 2, "light_top": 24, "crime_n": 52, "crime_t": 1, "crime_top": 59, "bv": "1-2", "crime_night_n": 20, "crime_night_t": 1, "crime_night_top": 61, "bv_night": "1-2", "nta": "Portage Park", "boro": "Chicago"}}, {"type": "Feature", "geometry": {"type": "Polygon", "coordinates": [[[-87.6367875852736, 41.696345498124494], [-87.64280269722694, 41.6945456028218], [-87.64344733714375, 41.689904629191815], [-87.63807801034038, 41.687063608532284], [-87.63206361672391, 41.68886304913022], [-87.63141783160621, 41.69350396504021], [-87.6367875852736, 41.696345498124494]]]}, "properties": {"light_n": 266, "light_t": 2, "light_top": 19, "crime_n": 85, "crime_t": 1, "crime_top": 46, "bv": "1-2", "crime_night_n": 18, "crime_night_t": 1, "crime_night_top": 64, "bv_night": "1-2", "nta": "Roseland", "boro": "Chicago"}}, {"type": "Feature", "geometry": {"type": "Polygon", "coordinates": [[[-87.63352701605582, 41.84423872618874], [-87.63956156893495, 41.8424346766155], [-87.64020860451282, 41.83778529271484], [-87.63482223978103, 41.83494001605881], [-87.62878840995714, 41.83674360987417], [-87.62814022184237, 41.84139293605096], [-87.63352701605582, 41.84423872618874]]]}, "properties": {"light_n": 280, "light_t": 2, "light_top": 16, "crime_n": 87, "crime_t": 1, "crime_top": 45, "bv": "1-2", "crime_night_n": 46, "crime_night_t": 1, "crime_night_top": 38, "bv_night": "1-2", "nta": "Armour Square", "boro": "Chicago"}}, {"type": "Feature", "geometry": {"type": "Polygon", "coordinates": [[[-87.64903511005248, 41.732723881408006], [-87.6550542932411, 41.73092231041965], [-87.65569819107365, 41.72627926511321], [-87.65032405279354, 41.72343784817866], [-87.64430558866074, 41.72523896403821], [-87.64366054378449, 41.729881951908816], [-87.64903511005248, 41.732723881408006]]]}, "properties": {"light_n": 228, "light_t": 2, "light_top": 32, "crime_n": 61, "crime_t": 1, "crime_top": 55, "bv": "1-2", "crime_night_n": 25, "crime_night_t": 1, "crime_night_top": 56, "bv_night": "1-2", "nta": "Washington Heights", "boro": "Chicago"}}, {"type": "Feature", "geometry": {"type": "Polygon", "coordinates": [[[-87.62734112008586, 41.681380998004634], [-87.63335479543937, 41.67958201199643], [-87.63400018911591, 41.67494189085258], [-87.6286330519003, 41.672100813597666], [-87.62262009473577, 41.673899345131154], [-87.62197355663018, 41.67853940834204], [-87.62734112008586, 41.681380998004634]]]}, "properties": {"light_n": 289, "light_t": 2, "light_top": 14, "crime_n": 117, "crime_t": 1, "crime_top": 36, "bv": "1-2", "crime_night_n": 53, "crime_night_t": 2, "crime_night_top": 33, "bv_night": "2-2", "nta": "West Pullman", "boro": "Chicago"}}, {"type": "Feature", "geometry": {"type": "Polygon", "coordinates": [[[-87.62709274116712, 41.765993413495806], [-87.63311743660219, 41.7641919673154], [-87.63376403563447, 41.75954702508467], [-87.62838708788523, 41.75670358688209], [-87.62236311327868, 41.7585045779643], [-87.62171536562533, 41.763149462294976], [-87.62709274116712, 41.765993413495806]]]}, "properties": {"light_n": 214, "light_t": 1, "light_top": 38, "crime_n": 300, "crime_t": 2, "crime_top": 9, "bv": "2-1", "crime_night_n": 122, "crime_night_t": 2, "crime_night_top": 8, "bv_night": "2-1", "nta": "Greater Grand Crossing", "boro": "Chicago"}}, {"type": "Feature", "geometry": {"type": "Polygon", "coordinates": [[[-87.72115189162214, 41.795721780126975], [-87.7271753846529, 41.793914761910166], [-87.72781279751005, 41.78926814834416], [-87.72242786777726, 41.78642860877197], [-87.71640509333281, 41.78823517048516], [-87.71576653006666, 41.79288172822171], [-87.72115189162214, 41.795721780126975]]]}, "properties": {"light_n": 288, "light_t": 2, "light_top": 14, "crime_n": 82, "crime_t": 1, "crime_top": 47, "bv": "1-2", "crime_night_n": 39, "crime_night_t": 1, "crime_night_top": 43, "bv_night": "1-2", "nta": "West Elsdon", "boro": "Chicago"}}, {"type": "Feature", "geometry": {"type": "Polygon", "coordinates": [[[-87.71815574259074, 41.94377933057234], [-87.72419873201099, 41.94196813637069], [-87.72483849545357, 41.937313137058126], [-87.71943642730379, 41.93446938771686], [-87.71339416119163, 41.93628012435663], [-87.71275323995329, 41.940935067846866], [-87.71815574259074, 41.94377933057234]]]}, "properties": {"light_n": 243, "light_t": 2, "light_top": 26, "crime_n": 131, "crime_t": 2, "crime_top": 32, "bv": "2-2", "crime_night_n": 46, "crime_night_t": 1, "crime_night_top": 38, "bv_night": "1-2", "nta": "Avondale", "boro": "Chicago"}}, {"type": "Feature", "geometry": {"type": "Polygon", "coordinates": [[[-87.57008194667019, 41.760766449546104], [-87.57610902581224, 41.75896800809351], [-87.57676136704355, 41.754323357859725], [-87.57138777733222, 41.751477208174556], [-87.56536142077024, 41.75327519528903], [-87.56470793137241, 41.75791978637448], [-87.57008194667019, 41.760766449546104]]]}, "properties": {"light_n": 311, "light_t": 2, "light_top": 10, "crime_n": 204, "crime_t": 2, "crime_top": 18, "bv": "2-2", "crime_night_n": 86, "crime_night_t": 2, "crime_night_top": 18, "bv_night": "2-2", "nta": "South Shore", "boro": "Chicago"}}, {"type": "Feature", "geometry": {"type": "Polygon", "coordinates": [[[-87.63097420989419, 41.738127105651614], [-87.6369950683238, 41.73632627911814], [-87.63764088264404, 41.73168292324379], [-87.63226698581822, 41.72884045167849], [-87.62624684721897, 41.730640823271], [-87.62559988564755, 41.73528412131748], [-87.63097420989419, 41.738127105651614]]]}, "properties": {"light_n": 266, "light_t": 2, "light_top": 19, "crime_n": 99, "crime_t": 1, "crime_top": 41, "bv": "1-2", "crime_night_n": 27, "crime_night_t": 1, "crime_night_top": 54, "bv_night": "1-2", "nta": "Auburn Gresham", "boro": "Chicago"}}, {"type": "Feature", "geometry": {"type": "Polygon", "coordinates": [[[-87.71156556441122, 41.86545422145426], [-87.71759867124958, 41.86364564330117], [-87.7182380255471, 41.858995071413815], [-87.71284542689264, 41.85615313363205], [-87.70681304113639, 41.85796125488551], [-87.70617253298452, 41.86261177076781], [-87.71156556441122, 41.86545422145426]]]}, "properties": {"light_n": 269, "light_t": 2, "light_top": 18, "crime_n": 570, "crime_t": 2, "crime_top": 1, "bv": "2-2", "crime_night_n": 215, "crime_night_t": 2, "crime_night_top": 2, "bv_night": "2-2", "nta": "North Lawndale", "boro": "Chicago"}}, {"type": "Feature", "geometry": {"type": "Polygon", "coordinates": [[[-87.62262009473577, 41.673899345131154], [-87.6286330519003, 41.672100813597666], [-87.62927882204447, 41.66746111889809], [-87.62391277909983, 41.66462001371916], [-87.61790054005029, 41.66641809089294], [-87.61725362586273, 41.671057727553155], [-87.62262009473577, 41.673899345131154]]]}, "properties": {"light_n": 281, "light_t": 2, "light_top": 15, "crime_n": 50, "crime_t": 1, "crime_top": 60, "bv": "1-2", "crime_night_n": 16, "crime_night_t": 1, "crime_night_top": 67, "bv_night": "1-2", "nta": "West Pullman", "boro": "Chicago"}}, {"type": "Feature", "geometry": {"type": "Polygon", "coordinates": [[[-87.72291881494436, 41.95127892368111], [-87.72896252774598, 41.94946727180214], [-87.72960190716948, 41.9448118503162], [-87.72419873201099, 41.94196813637069], [-87.71815574259074, 41.94377933057234], [-87.71751520497975, 41.94843469634413], [-87.72291881494436, 41.95127892368111]]]}, "properties": {"light_n": 259, "light_t": 2, "light_top": 21, "crime_n": 77, "crime_t": 1, "crime_top": 49, "bv": "1-2", "crime_night_n": 27, "crime_night_t": 1, "crime_night_top": 54, "bv_night": "1-2", "nta": "Irving Park", "boro": "Chicago"}}, {"type": "Feature", "geometry": {"type": "Polygon", "coordinates": [[[-87.70307804569744, 41.801141345042396], [-87.7091032220896, 41.79933507178765], [-87.70974255479035, 41.79468814584442], [-87.70435786175115, 41.79184754932562], [-87.69833340472356, 41.793653366263854], [-87.69769292140255, 41.79830023598496], [-87.70307804569744, 41.801141345042396]]]}, "properties": {"light_n": 362, "light_t": 2, "light_top": 3, "crime_n": 214, "crime_t": 2, "crime_top": 17, "bv": "2-2", "crime_night_n": 90, "crime_night_t": 2, "crime_night_top": 17, "bv_night": "2-2", "nta": "Gage Park", "boro": "Chicago"}}, {"type": "Feature", "geometry": {"type": "Polygon", "coordinates": [[[-87.6198404986709, 41.65250077133484], [-87.62585082661903, 41.650703004724214], [-87.62649658154247, 41.64606453205153], [-87.62113315152706, 41.64322388404697], [-87.61512354112342, 41.64502119649161], [-87.61447664322296, 41.64965961105465], [-87.6198404986709, 41.65250077133484]]]}, "properties": {"light_n": 69, "light_t": 0, "light_top": 81, "crime_n": 9, "crime_t": 0, "crime_top": 86, "bv": "0-0", "crime_night_n": 3, "crime_night_t": 0, "crime_night_top": 90, "bv_night": "0-0", "nta": "Riverdale", "boro": "Chicago"}}, {"type": "Feature", "geometry": {"type": "Polygon", "coordinates": [[[-87.69050605643827, 41.93421064013809], [-87.69654929178144, 41.93240111247292], [-87.69719175368176, 41.92774664758345], [-87.69179213749665, 41.92490176673996], [-87.68574962609975, 41.926710837262796], [-87.685106006974, 41.93136524571882], [-87.69050605643827, 41.93421064013809]]]}, "properties": {"light_n": 160, "light_t": 1, "light_top": 57, "crime_n": 62, "crime_t": 1, "crime_top": 55, "bv": "1-1", "crime_night_n": 17, "crime_night_t": 1, "crime_night_top": 66, "bv_night": "1-1", "nta": "Logan Square", "boro": "Chicago"}}, {"type": "Feature", "geometry": {"type": "Polygon", "coordinates": [[[-87.65443434657124, 41.860270356138166], [-87.66046986496428, 41.858464791691404], [-87.66111498764171, 41.853814502336824], [-87.65572574536566, 41.85096983463522], [-87.64969094982376, 41.85277494294136], [-87.64904467373924, 41.85742517503721], [-87.65443434657124, 41.860270356138166]]]}, "properties": {"light_n": 412, "light_t": 2, "light_top": 1, "crime_n": 221, "crime_t": 2, "crime_top": 16, "bv": "2-2", "crime_night_n": 117, "crime_night_t": 2, "crime_night_top": 10, "bv_night": "2-2", "nta": "Lower West Side", "boro": "Chicago"}}, {"type": "Feature", "geometry": {"type": "Polygon", "coordinates": [[[-87.63485096908641, 41.71027031862316], [-87.64086799532906, 41.70847011267593], [-87.64151302635896, 41.703828344603885], [-87.63614217706223, 41.7009868401827], [-87.63012586965375, 41.702786591346374], [-87.62947969274012, 41.7074283016625], [-87.63485096908641, 41.71027031862316]]]}, "properties": {"light_n": 346, "light_t": 2, "light_top": 5, "crime_n": 50, "crime_t": 1, "crime_top": 60, "bv": "1-2", "crime_night_n": 23, "crime_night_t": 1, "crime_night_top": 58, "bv_night": "1-2", "nta": "Roseland", "boro": "Chicago"}}, {"type": "Feature", "geometry": {"type": "Polygon", "coordinates": [[[-87.66586021032953, 41.86130942703058], [-87.67189524740525, 41.85950325966199], [-87.6725392165856, 41.854852913299375], [-87.6671493022197, 41.852008791260864], [-87.66111498764171, 41.853814502336824], [-87.66046986496428, 41.858464791691404], [-87.66586021032953, 41.86130942703058]]]}, "properties": {"light_n": 438, "light_t": 2, "light_top": 1, "crime_n": 361, "crime_t": 2, "crime_top": 5, "bv": "2-2", "crime_night_n": 158, "crime_night_t": 2, "crime_night_top": 5, "bv_night": "2-2", "nta": "Lower West Side", "boro": "Chicago"}}, {"type": "Feature", "geometry": {"type": "Polygon", "coordinates": [[[-87.6073521341576, 41.700699664177634], [-87.6133693941783, 41.69890111119803], [-87.6140170932945, 41.69425988511381], [-87.60864867773971, 41.69141727031746], [-87.60263213717758, 41.6932153689315], [-87.60198329274414, 41.697856536655216], [-87.6073521341576, 41.700699664177634]]]}, "properties": {"light_n": 242, "light_t": 2, "light_top": 27, "crime_n": 119, "crime_t": 1, "crime_top": 36, "bv": "1-2", "crime_night_n": 36, "crime_night_t": 1, "crime_night_top": 45, "bv_night": "1-2", "nta": "Roseland", "boro": "Chicago"}}, {"type": "Feature", "geometry": {"type": "Polygon", "coordinates": [[[-87.58229602405848, 41.797182267609], [-87.58832719424326, 41.79538215471078], [-87.58897880195177, 41.790735435635234], [-87.58360038952657, 41.78788888827116], [-87.57756994265003, 41.789688546407575], [-87.5769171849233, 41.7943352066175], [-87.58229602405848, 41.797182267609]]]}, "properties": {"light_n": 188, "light_t": 1, "light_top": 47, "crime_n": 164, "crime_t": 2, "crime_top": 25, "bv": "2-1", "crime_night_n": 66, "crime_night_t": 2, "crime_night_top": 26, "bv_night": "2-1", "nta": "Hyde Park", "boro": "Chicago"}}, {"type": "Feature", "geometry": {"type": "Polygon", "coordinates": [[[-87.67463239743601, 41.756219367273346], [-87.68065325873675, 41.75441583018984], [-87.68129487259468, 41.749771451996324], [-87.67591677347805, 41.746930667699566], [-87.66989663110303, 41.7487337491576], [-87.66925386895099, 41.75337807048553], [-87.67463239743601, 41.756219367273346]]]}, "properties": {"light_n": 207, "light_t": 1, "light_top": 41, "crime_n": 118, "crime_t": 1, "crime_top": 36, "bv": "1-1", "crime_night_n": 47, "crime_night_t": 1, "crime_night_top": 37, "bv_night": "1-1", "nta": "Auburn Gresham", "boro": "Chicago"}}, {"type": "Feature", "geometry": {"type": "Polygon", "coordinates": [[[-87.568122209075, 41.77470229273873], [-87.57415120956179, 41.772903543780245], [-87.5748039471113, 41.768258101094105], [-87.56942883305872, 41.76541146649929], [-87.56340055565332, 41.76720976104159], [-87.56274666925205, 41.77185514454254], [-87.568122209075, 41.77470229273873]]]}, "properties": {"light_n": 152, "light_t": 1, "light_top": 60, "crime_n": 279, "crime_t": 2, "crime_top": 10, "bv": "2-1", "crime_night_n": 93, "crime_night_t": 2, "crime_night_top": 16, "bv_night": "2-1", "nta": "South Shore", "boro": "Chicago"}}, {"type": "Feature", "geometry": {"type": "Polygon", "coordinates": [[[-87.66568166120314, 41.946101486193214], [-87.67172779689798, 41.944292858953425], [-87.67237296636482, 41.9396377185548], [-87.66697315790843, 41.936791262315644], [-87.6609277473747, 41.93859943263906], [-87.66028142016879, 41.94325451606534], [-87.66568166120314, 41.946101486193214]]]}, "properties": {"light_n": 177, "light_t": 1, "light_top": 52, "crime_n": 83, "crime_t": 1, "crime_top": 46, "bv": "1-1", "crime_night_n": 33, "crime_night_t": 1, "crime_night_top": 47, "bv_night": "1-1", "nta": "Lake View", "boro": "Chicago"}}, {"type": "Feature", "geometry": {"type": "Polygon", "coordinates": [[[-87.69448855720582, 41.82153854500142], [-87.70051685697116, 41.819732104956074], [-87.70115734882829, 41.81508401901864], [-87.69577069256012, 41.81224242947429], [-87.6897431130843, 41.814048413160165], [-87.6891014696192, 41.818696442697394], [-87.69448855720582, 41.82153854500142]]]}, "properties": {"light_n": 305, "light_t": 2, "light_top": 10, "crime_n": 175, "crime_t": 2, "crime_top": 22, "bv": "2-2", "crime_night_n": 76, "crime_night_t": 2, "crime_night_top": 22, "bv_night": "2-2", "nta": "Brighton Park", "boro": "Chicago"}}, {"type": "Feature", "geometry": {"type": "Polygon", "coordinates": [[[-87.62041947682185, 41.772440023635404], [-87.626445371241, 41.77063872316135], [-87.62709274116712, 41.765993413495806], [-87.62171536562533, 41.763149462294976], [-87.61569019246, 41.76495030770748], [-87.61504167361515, 41.769595559330014], [-87.62041947682185, 41.772440023635404]]]}, "properties": {"light_n": 364, "light_t": 2, "light_top": 3, "crime_n": 514, "crime_t": 2, "crime_top": 2, "bv": "2-2", "crime_night_n": 236, "crime_night_t": 2, "crime_night_top": 2, "bv_night": "2-2", "nta": "Greater Grand Crossing", "boro": "Chicago"}}, {"type": "Feature", "geometry": {"type": "Polygon", "coordinates": [[[-87.66042952854785, 41.733763697692524], [-87.66644823329167, 41.73196152714005], [-87.6670909839912, 41.72731842464714], [-87.66171617711211, 41.724477549840856], [-87.65569819107365, 41.72627926511321], [-87.6550542932411, 41.73092231041965], [-87.66042952854785, 41.733763697692524]]]}, "properties": {"light_n": 322, "light_t": 2, "light_top": 7, "crime_n": 150, "crime_t": 2, "crime_top": 28, "bv": "2-2", "crime_night_n": 60, "crime_night_t": 2, "crime_night_top": 28, "bv_night": "2-2", "nta": "Washington Heights", "boro": "Chicago"}}, {"type": "Feature", "geometry": {"type": "Polygon", "coordinates": [[[-87.6632325281527, 41.75518100755096], [-87.66925386895099, 41.75337807048553], [-87.66989663110303, 41.7487337491576], [-87.66451920069392, 41.74589242195798], [-87.65849857917249, 41.747694903549274], [-87.6578546688155, 41.75233916776198], [-87.6632325281527, 41.75518100755096]]]}, "properties": {"light_n": 213, "light_t": 1, "light_top": 38, "crime_n": 412, "crime_t": 2, "crime_top": 4, "bv": "2-1", "crime_night_n": 156, "crime_night_t": 2, "crime_night_top": 6, "bv_night": "2-1", "nta": "Auburn Gresham", "boro": "Chicago"}}, {"type": "Feature", "geometry": {"type": "Polygon", "coordinates": [[[-87.65569819107365, 41.72627926511321], [-87.66171617711211, 41.724477549840856], [-87.66235930620645, 41.71983487285127], [-87.65698559604087, 41.71699396837506], [-87.65096832863422, 41.7187952284824], [-87.65032405279354, 41.72343784817866], [-87.65569819107365, 41.72627926511321]]]}, "properties": {"light_n": 176, "light_t": 1, "light_top": 52, "crime_n": 122, "crime_t": 1, "crime_top": 35, "bv": "1-1", "crime_night_n": 31, "crime_night_t": 1, "crime_night_top": 50, "bv_night": "1-1", "nta": "Washington Heights", "boro": "Chicago"}}, {"type": "Feature", "geometry": {"type": "Polygon", "coordinates": [[[-87.67148926554027, 41.9042137606482], [-87.67752960554198, 41.90240606085981], [-87.67817359646557, 41.89775328744804], [-87.67277840308004, 41.89490827063666], [-87.66673878672867, 41.896715513744375], [-87.6660936401449, 41.901368230291546], [-87.67148926554027, 41.9042137606482]]]}, "properties": {"light_n": 225, "light_t": 2, "light_top": 33, "crime_n": 171, "crime_t": 2, "crime_top": 23, "bv": "2-2", "crime_night_n": 56, "crime_night_t": 2, "crime_night_top": 31, "bv_night": "2-2", "nta": "West Town", "boro": "Chicago"}}, {"type": "Feature", "geometry": {"type": "Polygon", "coordinates": [[[-87.76965884273434, 41.90601404126809], [-87.77569409785609, 41.90420136747969], [-87.7763280689005, 41.899548515830524], [-87.7709279409234, 41.89670839262891], [-87.76489340618092, 41.898520608486756], [-87.76425827906792, 41.90317340542415], [-87.76965884273434, 41.90601404126809]]]}, "properties": {"light_n": 207, "light_t": 1, "light_top": 41, "crime_n": 191, "crime_t": 2, "crime_top": 20, "bv": "2-1", "crime_night_n": 92, "crime_night_t": 2, "crime_night_top": 16, "bv_night": "2-1", "nta": "Austin", "boro": "Chicago"}}, {"type": "Feature", "geometry": {"type": "Polygon", "coordinates": [[[-87.65249626556317, 41.87422311437861], [-87.6585337114088, 41.872417240620614], [-87.6591792268875, 41.86776616087397], [-87.65378845065047, 41.86492101212752], [-87.64775172815817, 41.866726429666315], [-87.6471050585821, 41.87137745211823], [-87.65249626556317, 41.87422311437861]]]}, "properties": {"light_n": 164, "light_t": 1, "light_top": 56, "crime_n": 94, "crime_t": 1, "crime_top": 43, "bv": "1-1", "crime_night_n": 43, "crime_night_t": 1, "crime_night_top": 41, "bv_night": "1-1", "nta": "Near West Side", "boro": "Chicago"}}, {"type": "Feature", "geometry": {"type": "Polygon", "coordinates": [[[-87.64861656147256, 41.90213574037889], [-87.65465786586928, 41.90032924871042], [-87.65530416802315, 41.89567658927901], [-87.64991032129258, 41.89283047883036], [-87.64386974125502, 41.89463651412265], [-87.64322228362144, 41.899289116187184], [-87.64861656147256, 41.90213574037889]]]}, "properties": {"light_n": 203, "light_t": 1, "light_top": 42, "crime_n": 67, "crime_t": 1, "crime_top": 53, "bv": "1-1", "crime_night_n": 29, "crime_night_t": 1, "crime_night_top": 52, "bv_night": "1-1", "nta": "West Town", "boro": "Chicago"}}, {"type": "Feature", "geometry": {"type": "Polygon", "coordinates": [[[-87.61012893340983, 41.72211121227775], [-87.61614882886876, 41.72031189519089], [-87.61679654441068, 41.715669448870194], [-87.61142551091304, 41.71282637787446], [-87.60540633548558, 41.71462524040218], [-87.60475747355677, 41.719267628432505], [-87.61012893340983, 41.72211121227775]]]}, "properties": {"light_n": 89, "light_t": 0, "light_top": 76, "crime_n": 12, "crime_t": 0, "crime_top": 83, "bv": "0-0", "crime_night_n": 4, "crime_night_t": 0, "crime_night_top": 87, "bv_night": "0-0", "nta": "Roseland", "boro": "Chicago"}}, {"type": "Feature", "geometry": {"type": "Polygon", "coordinates": [[[-87.63764088264404, 41.73168292324379], [-87.64366054378449, 41.729881951908816], [-87.64430558866074, 41.72523896403821], [-87.63893211938289, 41.7223970051355], [-87.6329131776485, 41.724197521493096], [-87.63226698581822, 41.72884045167849], [-87.63764088264404, 41.73168292324379]]]}, "properties": {"light_n": 293, "light_t": 2, "light_top": 13, "crime_n": 70, "crime_t": 1, "crime_top": 52, "bv": "1-2", "crime_night_n": 24, "crime_night_t": 1, "crime_night_top": 57, "bv_night": "1-2", "nta": "Washington Heights", "boro": "Chicago"}}, {"type": "Feature", "geometry": {"type": "Polygon", "coordinates": [[[-87.59761132098772, 41.77035135004352], [-87.60363817008557, 41.768551251676], [-87.6042878377586, 41.76390605834622], [-87.59891180510382, 41.761061021874106], [-87.5928856779611, 41.76286066548402], [-87.59223486155074, 41.76750580027131], [-87.59761132098772, 41.77035135004352]]]}, "properties": {"light_n": 130, "light_t": 1, "light_top": 67, "crime_n": 110, "crime_t": 1, "crime_top": 39, "bv": "1-1", "crime_night_n": 45, "crime_night_t": 1, "crime_night_top": 39, "bv_night": "1-1", "nta": "Greater Grand Crossing", "boro": "Chicago"}}, {"type": "Feature", "geometry": {"type": "Polygon", "coordinates": [[[-87.75152859466635, 41.99628458521587], [-87.75757664929083, 41.99447018484762], [-87.75821371869857, 41.98981223321161], [-87.75280389405458, 41.98696873695479], [-87.74675656324962, 41.988782678952695], [-87.74611833330113, 41.99344057552497], [-87.75152859466635, 41.99628458521587]]]}, "properties": {"light_n": 129, "light_t": 0, "light_top": 67, "crime_n": 12, "crime_t": 0, "crime_top": 83, "bv": "0-0", "crime_night_n": 3, "crime_night_t": 0, "crime_night_top": 90, "bv_night": "0-0", "nta": "Forest Glen", "boro": "Chicago"}}, {"type": "Feature", "geometry": {"type": "Polygon", "coordinates": [[[-87.78493435973061, 41.96392502355649], [-87.79097635882825, 41.962109890770535], [-87.79160955972928, 41.957453772996104], [-87.78620192058482, 41.95461284230177], [-87.78016064315597, 41.95642751653651], [-87.77952628323447, 41.961083579964075], [-87.78493435973061, 41.96392502355649]]]}, "properties": {"light_n": 256, "light_t": 2, "light_top": 22, "crime_n": 22, "crime_t": 0, "crime_top": 76, "bv": "0-2", "crime_night_n": 6, "crime_night_t": 0, "crime_night_top": 84, "bv_night": "0-2", "nta": "Portage Park", "boro": "Chicago"}}, {"type": "Feature", "geometry": {"type": "Polygon", "coordinates": [[[-87.6042878377586, 41.76390605834622], [-87.61031348815983, 41.762105813790605], [-87.6109623843439, 41.757460987609676], [-87.60558677859947, 41.754616464331434], [-87.59956184972798, 41.75641625409259], [-87.59891180510382, 41.761061021874106], [-87.6042878377586, 41.76390605834622]]]}, "properties": {"light_n": 197, "light_t": 1, "light_top": 44, "crime_n": 293, "crime_t": 2, "crime_top": 9, "bv": "2-1", "crime_night_n": 132, "crime_night_t": 2, "crime_night_top": 7, "bv_night": "2-1", "nta": "Greater Grand Crossing", "boro": "Chicago"}}, {"type": "Feature", "geometry": {"type": "Polygon", "coordinates": [[[-87.65955884428476, 41.69842655151997], [-87.66557300137251, 41.6966254588691], [-87.6662153506194, 41.69198437054606], [-87.6608446881902, 41.68914443204369], [-87.65483124874025, 41.69094506968743], [-87.6541877541138, 41.69558610078843], [-87.65955884428476, 41.69842655151997]]]}, "properties": {"light_n": 189, "light_t": 1, "light_top": 46, "crime_n": 86, "crime_t": 1, "crime_top": 46, "bv": "1-1", "crime_night_n": 39, "crime_night_t": 1, "crime_night_top": 43, "bv_night": "1-1", "nta": "Morgan Park", "boro": "Chicago"}}, {"type": "Feature", "geometry": {"type": "Polygon", "coordinates": [[[-87.65936938317843, 41.78305310821914], [-87.6653945621452, 41.781249549621904], [-87.66603810560662, 41.77660364244706], [-87.6606576197103, 41.773761351003685], [-87.65463316101787, 41.77556445396905], [-87.65398846797963, 41.780210303957276], [-87.65936938317843, 41.78305310821914]]]}, "properties": {"light_n": 250, "light_t": 2, "light_top": 24, "crime_n": 324, "crime_t": 2, "crime_top": 7, "bv": "2-2", "crime_night_n": 121, "crime_night_t": 2, "crime_night_top": 9, "bv_night": "2-2", "nta": "West Englewood", "boro": "Chicago"}}, {"type": "Feature", "geometry": {"type": "Polygon", "coordinates": [[[-87.70002338614557, 41.94921140955693], [-87.70606806960267, 41.9474009672607], [-87.70670976531197, 41.942745657454715], [-87.70130793560544, 41.93990084610977], [-87.69526397624217, 41.94171083103275], [-87.69462112252393, 41.94636608462126], [-87.70002338614557, 41.94921140955693]]]}, "properties": {"light_n": 280, "light_t": 2, "light_top": 16, "crime_n": 33, "crime_t": 0, "crime_top": 68, "bv": "0-2", "crime_night_n": 12, "crime_night_t": 0, "crime_night_top": 73, "bv_night": "0-2", "nta": "Avondale", "boro": "Chicago"}}, {"type": "Feature", "geometry": {"type": "Polygon", "coordinates": [[[-87.68514183022351, 41.721910737911145], [-87.6911576614432, 41.72010768055517], [-87.69179772904283, 41.71546525849882], [-87.6864231120814, 41.71262595039851], [-87.68040799836884, 41.71442855225118], [-87.6797667841425, 41.71907091765515], [-87.68514183022351, 41.721910737911145]]]}, "properties": {"light_n": 26, "light_t": 0, "light_top": 90, "crime_n": 2, "crime_t": 0, "crime_top": 97, "bv": "0-0", "crime_night_n": 1, "crime_night_t": 0, "crime_night_top": 100, "bv_night": "0-0", "nta": "Beverly", "boro": "Chicago"}}, {"type": "Feature", "geometry": {"type": "Polygon", "coordinates": [[[-87.65463316101787, 41.77556445396905], [-87.6606576197103, 41.773761351003685], [-87.66130154233943, 41.76911586870777], [-87.65592215549722, 41.76627354661854], [-87.64989841700525, 41.76807619406722], [-87.64925334518729, 41.77272161906945], [-87.65463316101787, 41.77556445396905]]]}, "properties": {"light_n": 210, "light_t": 1, "light_top": 40, "crime_n": 239, "crime_t": 2, "crime_top": 14, "bv": "2-1", "crime_night_n": 84, "crime_night_t": 2, "crime_night_top": 19, "bv_night": "2-1", "nta": "West Englewood", "boro": "Chicago"}}, {"type": "Feature", "geometry": {"type": "Polygon", "coordinates": [[[-87.6802566693529, 41.79906932601647], [-87.68628280846943, 41.79726425470381], [-87.68692444232194, 41.792617441454915], [-87.68154108753255, 41.789775756188575], [-87.67551566848557, 41.79158037148746], [-87.67487288419056, 41.79622712801406], [-87.6802566693529, 41.79906932601647]]]}, "properties": {"light_n": 263, "light_t": 2, "light_top": 20, "crime_n": 129, "crime_t": 2, "crime_top": 32, "bv": "2-2", "crime_night_n": 60, "crime_night_t": 2, "crime_night_top": 28, "bv_night": "2-2", "nta": "Gage Park", "boro": "Chicago"}}, {"type": "Feature", "geometry": {"type": "Polygon", "coordinates": [[[-87.700254076357, 41.77971434199161], [-87.70627661382801, 41.777908836958744], [-87.70691593880949, 41.77326312798658], [-87.7015338758971, 41.77042298028919], [-87.69551205721945, 41.7722280291999], [-87.69487158269277, 41.776873681877774], [-87.700254076357, 41.77971434199161]]]}, "properties": {"light_n": 288, "light_t": 2, "light_top": 14, "crime_n": 278, "crime_t": 2, "crime_top": 10, "bv": "2-2", "crime_night_n": 105, "crime_night_t": 2, "crime_night_top": 12, "bv_night": "2-2", "nta": "Chicago Lawn", "boro": "Chicago"}}, {"type": "Feature", "geometry": {"type": "Polygon", "coordinates": [[[-87.56536142077024, 41.75327519528903], [-87.57138777733222, 41.751477208174556], [-87.57204049446271, 41.74683298383681], [-87.5666680028425, 41.74398680581585], [-87.560642368785, 41.745784338707374], [-87.55998850387613, 41.75042850379048], [-87.56536142077024, 41.75327519528903]]]}, "properties": {"light_n": 239, "light_t": 2, "light_top": 29, "crime_n": 276, "crime_t": 2, "crime_top": 11, "bv": "2-2", "crime_night_n": 99, "crime_night_t": 2, "crime_night_top": 14, "bv_night": "2-2", "nta": "South Chicago", "boro": "Chicago"}}, {"type": "Feature", "geometry": {"type": "Polygon", "coordinates": [[[-87.70863407011284, 41.92878130542407], [-87.71467561299023, 41.92697102623073], [-87.71531614362958, 41.92231687167687], [-87.70991628843653, 41.919473052302195], [-87.70387546872045, 41.92128287416454], [-87.70323378106826, 41.925936972679914], [-87.70863407011284, 41.92878130542407]]]}, "properties": {"light_n": 337, "light_t": 2, "light_top": 6, "crime_n": 105, "crime_t": 1, "crime_top": 40, "bv": "1-2", "crime_night_n": 47, "crime_night_t": 1, "crime_night_top": 37, "bv_night": "1-2", "nta": "Logan Square", "boro": "Chicago"}}, {"type": "Feature", "geometry": {"type": "Polygon", "coordinates": [[[-87.5748039471113, 41.768258101094105], [-87.58083174890903, 41.766459205188205], [-87.58148371396564, 41.76181412919312], [-87.57610902581224, 41.75896800809351], [-87.57008194667019, 41.760766449546104], [-87.56942883305872, 41.76541146649929], [-87.5748039471113, 41.768258101094105]]]}, "properties": {"light_n": 340, "light_t": 2, "light_top": 5, "crime_n": 433, "crime_t": 2, "crime_top": 3, "bv": "2-2", "crime_night_n": 167, "crime_night_t": 2, "crime_night_top": 4, "bv_night": "2-2", "nta": "South Shore", "boro": "Chicago"}}, {"type": "Feature", "geometry": {"type": "Polygon", "coordinates": [[[-87.72391472760268, 41.9018928732419], [-87.7299519260247, 41.900082612178956], [-87.73059052081608, 41.89542998088424], [-87.72519307293348, 41.892587666316466], [-87.71915659631344, 41.89439747005463], [-87.71851684580602, 41.899050045632755], [-87.72391472760268, 41.9018928732419]]]}, "properties": {"light_n": 294, "light_t": 2, "light_top": 13, "crime_n": 571, "crime_t": 2, "crime_top": 1, "bv": "2-2", "crime_night_n": 228, "crime_night_t": 2, "crime_night_top": 2, "bv_night": "2-2", "nta": "Humboldt Park", "boro": "Chicago"}}, {"type": "Feature", "geometry": {"type": "Polygon", "coordinates": [[[-87.6704370644802, 41.95360392809143], [-87.6764839254106, 41.9517948438198], [-87.67712871253758, 41.947139280844866], [-87.67172779689798, 41.944292858953425], [-87.66568166120314, 41.946101486193214], [-87.66503571594485, 41.95075699230362], [-87.6704370644802, 41.95360392809143]]]}, "properties": {"light_n": 242, "light_t": 2, "light_top": 27, "crime_n": 62, "crime_t": 1, "crime_top": 55, "bv": "1-2", "crime_night_n": 18, "crime_night_t": 1, "crime_night_top": 64, "bv_night": "1-2", "nta": "Lake View", "boro": "Chicago"}}, {"type": "Feature", "geometry": {"type": "Polygon", "coordinates": [[[-87.65290037450937, 41.7048689575483], [-87.65891572733683, 41.70306800855596], [-87.65955884428476, 41.69842655151997], [-87.6541877541138, 41.69558610078843], [-87.64817311934735, 41.69738659480974], [-87.64752885672299, 41.70202799448137], [-87.65290037450937, 41.7048689575483]]]}, "properties": {"light_n": 162, "light_t": 1, "light_top": 57, "crime_n": 41, "crime_t": 1, "crime_top": 64, "bv": "1-1", "crime_night_n": 13, "crime_night_t": 0, "crime_night_top": 71, "bv_night": "0-1", "nta": "Morgan Park", "boro": "Chicago"}}, {"type": "Feature", "geometry": {"type": "Polygon", "coordinates": [[[-87.60818308337326, 41.73604044800882], [-87.61420489594109, 41.73424082153027], [-87.61485300467358, 41.729597581561066], [-87.60948044794151, 41.72675402634477], [-87.6034593559041, 41.72855319818568], [-87.6028101001009, 41.73319637982823], [-87.60818308337326, 41.73604044800882]]]}, "properties": {"light_n": 247, "light_t": 2, "light_top": 25, "crime_n": 139, "crime_t": 2, "crime_top": 31, "bv": "2-2", "crime_night_n": 44, "crime_night_t": 1, "crime_night_top": 40, "bv_night": "1-2", "nta": "Chatham", "boro": "Chicago"}}, {"type": "Feature", "geometry": {"type": "Polygon", "coordinates": [[[-87.71339416119163, 41.93628012435663], [-87.71943642730379, 41.93446938771686], [-87.7200765744849, 41.92981481071502], [-87.71467561299023, 41.92697102623073], [-87.70863407011284, 41.92878130542407], [-87.70799276552746, 41.933435826495476], [-87.71339416119163, 41.93628012435663]]]}, "properties": {"light_n": 291, "light_t": 2, "light_top": 13, "crime_n": 181, "crime_t": 2, "crime_top": 21, "bv": "2-2", "crime_night_n": 91, "crime_night_t": 2, "crime_night_top": 16, "bv_night": "2-2", "nta": "Logan Square", "boro": "Chicago"}}, {"type": "Feature", "geometry": {"type": "Polygon", "coordinates": [[[-87.62854185270068, 41.92151450091696], [-87.6345867766659, 41.91970845365534], [-87.63523540450939, 41.91505469665031], [-87.62984026480216, 41.91220704465246], [-87.62379606648354, 41.91401263564914], [-87.62314628225835, 41.91866633485601], [-87.62854185270068, 41.92151450091696]]]}, "properties": {"light_n": 112, "light_t": 0, "light_top": 72, "crime_n": 26, "crime_t": 0, "crime_top": 73, "bv": "0-0", "crime_night_n": 9, "crime_night_t": 0, "crime_night_top": 77, "bv_night": "0-0", "nta": "Lincoln Park", "boro": "Chicago"}}, {"type": "Feature", "geometry": {"type": "Polygon", "coordinates": [[[-87.74675656324962, 41.988782678952695], [-87.75280389405458, 41.98696873695479], [-87.75344134916847, 41.98231120666587], [-87.74803263365756, 41.979467673494405], [-87.74198602659926, 41.98128115723753], [-87.74134741133723, 41.98593863235414], [-87.74675656324962, 41.988782678952695]]]}, "properties": {"light_n": 114, "light_t": 0, "light_top": 71, "crime_n": 7, "crime_t": 0, "crime_top": 88, "bv": "0-0", "crime_night_n": 3, "crime_night_t": 0, "crime_night_top": 90, "bv_night": "0-0", "nta": "Forest Glen", "boro": "Chicago"}}, {"type": "Feature", "geometry": {"type": "Polygon", "coordinates": [[[-87.71247916280261, 41.90085970328622], [-87.71851684580602, 41.899050045632755], [-87.71915659631344, 41.89439747005463], [-87.7137598194768, 41.89155460804515], [-87.70772285863062, 41.89336380852553], [-87.70708195249593, 41.898016328135895], [-87.71247916280261, 41.90085970328622]]]}, "properties": {"light_n": 213, "light_t": 1, "light_top": 38, "crime_n": 451, "crime_t": 2, "crime_top": 2, "bv": "2-1", "crime_night_n": 149, "crime_night_t": 2, "crime_night_top": 6, "bv_night": "2-1", "nta": "Humboldt Park", "boro": "Chicago"}}, {"type": "Feature", "geometry": {"type": "Polygon", "coordinates": [[[-87.74487486228432, 41.91791587738142], [-87.7509130187387, 41.91610409770121], [-87.75154968964273, 41.9114505659502], [-87.74614936071005, 41.90860886907589], [-87.74011192584764, 41.910420191048956], [-87.73947409835783, 41.91507366755084], [-87.74487486228432, 41.91791587738142]]]}, "properties": {"light_n": 230, "light_t": 2, "light_top": 31, "crime_n": 204, "crime_t": 2, "crime_top": 18, "bv": "2-2", "crime_night_n": 96, "crime_night_t": 2, "crime_night_top": 15, "bv_night": "2-2", "nta": "Austin", "boro": "Chicago"}}, {"type": "Feature", "geometry": {"type": "Polygon", "coordinates": [[[-87.58262650173168, 41.71253340100138], [-87.58864662821291, 41.71073573779562], [-87.58929701223653, 41.70609383458233], [-87.58392841563024, 41.703249653417615], [-87.57790900980412, 41.70504686248286], [-87.5772574799619, 41.70968870680109], [-87.58262650173168, 41.71253340100138]]]}, "properties": {"light_n": 30, "light_t": 0, "light_top": 89, "crime_n": 21, "crime_t": 0, "crime_top": 77, "bv": "0-0", "crime_night_n": 8, "crime_night_t": 0, "crime_night_top": 79, "bv_night": "0-0", "nta": "South Deering", "boro": "Chicago"}}, {"type": "Feature", "geometry": {"type": "Polygon", "coordinates": [[[-87.6109623843439, 41.757460987609676], [-87.61698683633, 41.75566059714355], [-87.61763496143452, 41.75101613828273], [-87.61225978272836, 41.7481721280921], [-87.60623605184682, 41.74997206372702], [-87.60558677859947, 41.754616464331434], [-87.6109623843439, 41.757460987609676]]]}, "properties": {"light_n": 258, "light_t": 2, "light_top": 21, "crime_n": 330, "crime_t": 2, "crime_top": 7, "bv": "2-2", "crime_night_n": 121, "crime_night_t": 2, "crime_night_top": 9, "bv_night": "2-2", "nta": "Greater Grand Crossing", "boro": "Chicago"}}, {"type": "Feature", "geometry": {"type": "Polygon", "coordinates": [[[-87.75630212148586, 42.003786875635406], [-87.76235090000266, 42.001972016781295], [-87.7629875834224, 41.99731364393624], [-87.75757664929083, 41.99447018484762], [-87.75152859466635, 41.99628458521587], [-87.75089075031312, 42.000942903105795], [-87.75630212148586, 42.003786875635406]]]}, "properties": {"light_n": 58, "light_t": 0, "light_top": 82, "crime_n": 1, "crime_t": 0, "crime_top": 100, "bv": "0-0", "crime_night_n": 0, "crime_night_t": 0, "crime_night_top": null, "bv_night": "0-0", "nta": "Forest Glen", "boro": "Chicago"}}, {"type": "Feature", "geometry": {"type": "Polygon", "coordinates": [[[-87.65229309679147, 41.95902967318968], [-87.65834165011482, 41.957221342871584], [-87.65898837157874, 41.95256547122261], [-87.65358769809468, 41.94971798709917], [-87.64753987079277, 41.95152586057502], [-87.64689199098616, 41.95618167496388], [-87.65229309679147, 41.95902967318968]]]}, "properties": {"light_n": 184, "light_t": 1, "light_top": 49, "crime_n": 221, "crime_t": 2, "crime_top": 16, "bv": "2-1", "crime_night_n": 73, "crime_night_t": 2, "crime_night_top": 23, "bv_night": "2-1", "nta": "Lake View", "boro": "Chicago"}}, {"type": "Feature", "geometry": {"type": "Polygon", "coordinates": [[[-87.6307321859128, 41.82279721329249], [-87.63676409079376, 41.820993928395794], [-87.6374111120703, 41.81634576001216], [-87.6320273799572, 41.813500934267516], [-87.62599619755521, 41.81530376360005], [-87.62534802481991, 41.819951874188945], [-87.6307321859128, 41.82279721329249]]]}, "properties": {"light_n": 149, "light_t": 1, "light_top": 61, "crime_n": 161, "crime_t": 2, "crime_top": 25, "bv": "2-1", "crime_night_n": 65, "crime_night_t": 2, "crime_night_top": 27, "bv_night": "2-1", "nta": "Fuller Park", "boro": "Chicago"}}, {"type": "Feature", "geometry": {"type": "Polygon", "coordinates": [[[-87.76489340618092, 41.898520608486756], [-87.7709279409234, 41.89670839262891], [-87.77156229675974, 41.892055963356064], [-87.76616327356376, 41.889215804708556], [-87.7601294591285, 41.89102756275124], [-87.75949394761369, 41.89567993720399], [-87.76489340618092, 41.898520608486756]]]}, "properties": {"light_n": 269, "light_t": 2, "light_top": 18, "crime_n": 296, "crime_t": 2, "crime_top": 9, "bv": "2-2", "crime_night_n": 112, "crime_night_t": 2, "crime_night_top": 11, "bv_night": "2-2", "nta": "Austin", "boro": "Chicago"}}, {"type": "Feature", "geometry": {"type": "Polygon", "coordinates": [[[-87.6329131776485, 41.724197521493096], [-87.63893211938289, 41.7223970051355], [-87.63957754188046, 41.71775444298182], [-87.63420516924312, 41.714912454925326], [-87.62818694684076, 41.716712516420635], [-87.62754037777604, 41.72135502078244], [-87.6329131776485, 41.724197521493096]]]}, "properties": {"light_n": 230, "light_t": 2, "light_top": 31, "crime_n": 90, "crime_t": 1, "crime_top": 44, "bv": "1-2", "crime_night_n": 35, "crime_night_t": 1, "crime_night_top": 46, "bv_night": "1-2", "nta": "Roseland", "boro": "Chicago"}}, {"type": "Feature", "geometry": {"type": "Polygon", "coordinates": [[[-87.72781279751005, 41.78926814834416], [-87.73383508956769, 41.78746098627838], [-87.73447173369969, 41.782814741232315], [-87.72908723591515, 41.77997571388654], [-87.72306566201858, 41.781782419412856], [-87.72242786777726, 41.78642860877197], [-87.72781279751005, 41.78926814834416]]]}, "properties": {"light_n": 297, "light_t": 2, "light_top": 12, "crime_n": 81, "crime_t": 1, "crime_top": 48, "bv": "1-2", "crime_night_n": 32, "crime_night_t": 1, "crime_night_top": 49, "bv_night": "1-2", "nta": "West Lawn", "boro": "Chicago"}}, {"type": "Feature", "geometry": {"type": "Polygon", "coordinates": [[[-87.64494903601442, 41.84527992167113], [-87.65098310877944, 41.8434752693903], [-87.65162899173, 41.83882582801632], [-87.64624195457533, 41.83598109634403], [-87.64020860451282, 41.83778529271484], [-87.63956156893495, 41.8424346766155], [-87.64494903601442, 41.84527992167113]]]}, "properties": {"light_n": 297, "light_t": 2, "light_top": 12, "crime_n": 165, "crime_t": 2, "crime_top": 24, "bv": "2-2", "crime_night_n": 52, "crime_night_t": 2, "crime_night_top": 34, "bv_night": "2-2", "nta": "Bridgeport", "boro": "Chicago"}}, {"type": "Feature", "geometry": {"type": "Polygon", "coordinates": [[[-87.72398638225731, 41.81715179149888], [-87.73001251478695, 41.8153440041274], [-87.7306499333968, 41.810696174262326], [-87.725262370994, 41.80785618747312], [-87.71923695762142, 41.80966351814644], [-87.71859838752643, 41.81431129225466], [-87.72398638225731, 41.81715179149888]]]}, "properties": {"light_n": 180, "light_t": 1, "light_top": 51, "crime_n": 59, "crime_t": 1, "crime_top": 56, "bv": "1-1", "crime_night_n": 33, "crime_night_t": 1, "crime_night_top": 47, "bv_night": "1-1", "nta": "Archer Heights", "boro": "Chicago"}}, {"type": "Feature", "geometry": {"type": "Polygon", "coordinates": [[[-87.71631957338514, 41.87294757772704], [-87.72235340137863, 41.87113854255899], [-87.7229923731728, 41.8664875474237], [-87.71759867124958, 41.86364564330117], [-87.71156556441122, 41.86545422145426], [-87.71092543837295, 41.87010516069229], [-87.71631957338514, 41.87294757772704]]]}, "properties": {"light_n": 225, "light_t": 2, "light_top": 33, "crime_n": 546, "crime_t": 2, "crime_top": 1, "bv": "2-2", "crime_night_n": 220, "crime_night_t": 2, "crime_night_top": 2, "bv_night": "2-2", "nta": "North Lawndale", "boro": "Chicago"}}, {"type": "Feature", "geometry": {"type": "Polygon", "coordinates": [[[-87.66005281769654, 41.903175326065096], [-87.6660936401449, 41.901368230291546], [-87.66673878672867, 41.896715513744375], [-87.66134426646667, 41.89386995003392], [-87.65530416802315, 41.89567658927901], [-87.65465786586928, 41.90032924871042], [-87.66005281769654, 41.903175326065096]]]}, "properties": {"light_n": 263, "light_t": 2, "light_top": 20, "crime_n": 156, "crime_t": 2, "crime_top": 26, "bv": "2-2", "crime_night_n": 58, "crime_night_t": 2, "crime_night_top": 29, "bv_night": "2-2", "nta": "West Town", "boro": "Chicago"}}, {"type": "Feature", "geometry": {"type": "Polygon", "coordinates": [[[-87.70883313716988, 41.759327587084385], [-87.71485255701782, 41.75752225048542], [-87.71549072546104, 41.752877703192965], [-87.71011062264814, 41.750038548563744], [-87.70409192067129, 41.75184342908388], [-87.70345260366805, 41.75648792025967], [-87.70883313716988, 41.759327587084385]]]}, "properties": {"light_n": 166, "light_t": 1, "light_top": 55, "crime_n": 26, "crime_t": 0, "crime_top": 73, "bv": "0-1", "crime_night_n": 8, "crime_night_t": 0, "crime_night_top": 79, "bv_night": "0-1", "nta": "Ashburn", "boro": "Chicago"}}, {"type": "Feature", "geometry": {"type": "Polygon", "coordinates": [[[-87.81171272416043, 42.02289594126808], [-87.8177609904903, 42.02107774156519], [-87.81839225333106, 42.016418310290284], [-87.812976411944, 42.01357713239335], [-87.80692886821576, 42.015394872772376], [-87.80629644330452, 42.020054250319376], [-87.81171272416043, 42.02289594126808]]]}, "properties": {"light_n": 147, "light_t": 1, "light_top": 62, "crime_n": 4, "crime_t": 0, "crime_top": 93, "bv": "0-1", "crime_night_n": 0, "crime_night_t": 0, "crime_night_top": null, "bv_night": "0-1", "nta": "Edison Park", "boro": "Chicago"}}, {"type": "Feature", "geometry": {"type": "Polygon", "coordinates": [[[-87.77635254773628, 41.984367838943776], [-87.78239769077979, 41.98255253969056], [-87.78303205152075, 41.97789526655645], [-87.77762242927056, 41.975053347147515], [-87.77157800882772, 41.976868187806105], [-87.77094248806617, 41.9815254064155], [-87.77635254773628, 41.984367838943776]]]}, "properties": {"light_n": 188, "light_t": 1, "light_top": 47, "crime_n": 22, "crime_t": 0, "crime_top": 76, "bv": "0-1", "crime_night_n": 10, "crime_night_t": 0, "crime_night_top": 75, "bv_night": "0-1", "nta": "Jefferson Park", "boro": "Chicago"}}, {"type": "Feature", "geometry": {"type": "Polygon", "coordinates": [[[-87.66217488870669, 41.804483047191155], [-87.66820270941635, 41.80267872235467], [-87.6688462644539, 41.798031598220625], [-87.66346314946627, 41.79518885598591], [-87.6574360496043, 41.79699272499654], [-87.65679134391456, 41.80163979201533], [-87.66217488870669, 41.804483047191155]]]}, "properties": {"light_n": 165, "light_t": 1, "light_top": 55, "crime_n": 221, "crime_t": 2, "crime_top": 16, "bv": "2-1", "crime_night_n": 98, "crime_night_t": 2, "crime_night_top": 14, "bv_night": "2-1", "nta": "New City", "boro": "Chicago"}}, {"type": "Feature", "geometry": {"type": "Polygon", "coordinates": [[[-87.75060603099739, 41.8760426339752], [-87.75663840503455, 41.87423179121683], [-87.75727391356614, 41.8695806298951], [-87.75187820260128, 41.86674036642374], [-87.74584654865481, 41.86855075171296], [-87.74520988561426, 41.873201857890116], [-87.75060603099739, 41.8760426339752]]]}, "properties": {"light_n": 177, "light_t": 1, "light_top": 52, "crime_n": 158, "crime_t": 2, "crime_top": 26, "bv": "2-1", "crime_night_n": 69, "crime_night_t": 2, "crime_night_top": 25, "bv_night": "2-1", "nta": "Austin", "boro": "Chicago"}}, {"type": "Feature", "geometry": {"type": "Polygon", "coordinates": [[[-87.74678641579551, 41.90395575975178], [-87.7528226435622, 41.9021442921433], [-87.75345892665608, 41.897491550168944], [-87.74806013790801, 41.894650330964666], [-87.74202463123235, 41.89646134094527], [-87.7413871922456, 41.901114027705404], [-87.74678641579551, 41.90395575975178]]]}, "properties": {"light_n": 200, "light_t": 1, "light_top": 42, "crime_n": 250, "crime_t": 2, "crime_top": 13, "bv": "2-1", "crime_night_n": 92, "crime_night_t": 2, "crime_night_top": 16, "bv_night": "2-1", "nta": "Austin", "boro": "Chicago"}}, {"type": "Feature", "geometry": {"type": "Polygon", "coordinates": [[[-87.62068008837463, 41.68782032957387], [-87.62669495833681, 41.686021487632146], [-87.62734112008586, 41.681380998004634], [-87.62197355663018, 41.67853940834204], [-87.61595940527997, 41.68033779584536], [-87.61531209880582, 41.68497822739747], [-87.62068008837463, 41.68782032957387]]]}, "properties": {"light_n": 370, "light_t": 2, "light_top": 3, "crime_n": 162, "crime_t": 2, "crime_top": 25, "bv": "2-2", "crime_night_n": 68, "crime_night_t": 2, "crime_night_top": 26, "bv_night": "2-2", "nta": "West Pullman", "boro": "Chicago"}}, {"type": "Feature", "geometry": {"type": "Polygon", "coordinates": [[[-87.68960859632769, 41.89878991031961], [-87.69564724700079, 41.89698145975776], [-87.69628930867361, 41.8923289963663], [-87.69089387515442, 41.88948503995412], [-87.6848559473484, 41.89129303364659], [-87.68421273022678, 41.89594544056803], [-87.68960859632769, 41.89878991031961]]]}, "properties": {"light_n": 140, "light_t": 1, "light_top": 64, "crime_n": 148, "crime_t": 2, "crime_top": 29, "bv": "2-1", "crime_night_n": 56, "crime_night_t": 2, "crime_night_top": 31, "bv_night": "2-1", "nta": "West Town", "boro": "Chicago"}}, {"type": "Feature", "geometry": {"type": "Polygon", "coordinates": [[[-87.80404417594646, 41.99391889040945], [-87.81008906243765, 41.99210192226378], [-87.81072071548901, 41.98744411989508], [-87.80530864266859, 41.98460333953094], [-87.79926447813344, 41.98641984866344], [-87.79863166449424, 41.99107759712048], [-87.80404417594646, 41.99391889040945]]]}, "properties": {"light_n": 133, "light_t": 1, "light_top": 66, "crime_n": 10, "crime_t": 0, "crime_top": 85, "bv": "0-1", "crime_night_n": 4, "crime_night_t": 0, "crime_night_top": 87, "bv_night": "0-1", "nta": "Norwood Park", "boro": "Chicago"}}, {"type": "Feature", "geometry": {"type": "Polygon", "coordinates": [[[-87.67414443735798, 42.01053038410565], [-87.68019856020749, 42.008719459412085], [-87.68084376206755, 42.004060689531656], [-87.67543600211468, 42.001212901048525], [-87.66938260616574, 42.00302336824375], [-87.66873624330172, 42.00768208136769], [-87.67414443735798, 42.01053038410565]]]}, "properties": {"light_n": 173, "light_t": 1, "light_top": 53, "crime_n": 156, "crime_t": 2, "crime_top": 26, "bv": "2-1", "crime_night_n": 48, "crime_night_t": 1, "crime_night_top": 36, "bv_night": "1-1", "nta": "Rogers Park", "boro": "Chicago"}}, {"type": "Feature", "geometry": {"type": "Polygon", "coordinates": [[[-87.63803788583458, 41.93651940180691], [-87.6440842613182, 41.93471244166913], [-87.64473212744844, 41.930057838395705], [-87.63933477529343, 41.92721025279055], [-87.63328912560654, 41.92901675643254], [-87.63264010231066, 41.93367130212284], [-87.63803788583458, 41.93651940180691]]]}, "properties": {"light_n": 188, "light_t": 1, "light_top": 47, "crime_n": 106, "crime_t": 1, "crime_top": 39, "bv": "1-1", "crime_night_n": 53, "crime_night_t": 2, "crime_night_top": 33, "bv_night": "2-1", "nta": "Lincoln Park", "boro": "Chicago"}}, {"type": "Feature", "geometry": {"type": "Polygon", "coordinates": [[[-87.67077614744613, 41.78409181016894], [-87.67680084649696, 41.782287650768616], [-87.67744324029213, 41.77764168665705], [-87.67206208473486, 41.77479993883012], [-87.66603810560662, 41.77660364244706], [-87.6653945621452, 41.781249549621904], [-87.67077614744613, 41.78409181016894]]]}, "properties": {"light_n": 128, "light_t": 0, "light_top": 67, "crime_n": 163, "crime_t": 2, "crime_top": 25, "bv": "2-0", "crime_night_n": 67, "crime_night_t": 2, "crime_night_top": 26, "bv_night": "2-0", "nta": "West Englewood", "boro": "Chicago"}}, {"type": "Feature", "geometry": {"type": "Polygon", "coordinates": [[[-87.59175261925736, 41.81217089681851], [-87.59778523628503, 41.81036987405097], [-87.59843608938493, 41.80572230472475], [-87.59305547628666, 41.802875816765955], [-87.58702358271815, 41.80467638454122], [-87.58637157882158, 41.80932389521513], [-87.59175261925736, 41.81217089681851]]]}, "properties": {"light_n": 217, "light_t": 1, "light_top": 37, "crime_n": 104, "crime_t": 1, "crime_top": 40, "bv": "1-1", "crime_night_n": 38, "crime_night_t": 1, "crime_night_top": 44, "bv_night": "1-1", "nta": "Kenwood", "boro": "Chicago"}}, {"type": "Feature", "geometry": {"type": "Polygon", "coordinates": [[[-87.75822253737506, 41.90498547616835], [-87.76425827906792, 41.90317340542415], [-87.76489340618092, 41.898520608486756], [-87.75949394761369, 41.89567993720399], [-87.75345892665608, 41.897491550168944], [-87.7528226435622, 41.9021442921433], [-87.75822253737506, 41.90498547616835]]]}, "properties": {"light_n": 200, "light_t": 1, "light_top": 42, "crime_n": 227, "crime_t": 2, "crime_top": 15, "bv": "2-1", "crime_night_n": 99, "crime_night_t": 2, "crime_night_top": 14, "bv_night": "2-1", "nta": "Austin", "boro": "Chicago"}}, {"type": "Feature", "geometry": {"type": "Polygon", "coordinates": [[[-87.61207360302716, 41.70818435761842], [-87.61809158258093, 41.70638535015821], [-87.61873890528842, 41.70174369784709], [-87.6133693941783, 41.69890111119803], [-87.6073521341576, 41.700699664177634], [-87.60670366574637, 41.70534125823464], [-87.61207360302716, 41.70818435761842]]]}, "properties": {"light_n": 429, "light_t": 2, "light_top": 1, "crime_n": 102, "crime_t": 1, "crime_top": 40, "bv": "1-2", "crime_night_n": 40, "crime_night_t": 1, "crime_night_top": 42, "bv_night": "1-2", "nta": "Roseland", "boro": "Chicago"}}, {"type": "Feature", "geometry": {"type": "Polygon", "coordinates": [[[-87.72966319656483, 41.86002773915935], [-87.73569461493182, 41.85821841336038], [-87.73633204425839, 41.853568153384025], [-87.73093920889173, 41.85072727476544], [-87.72490851082529, 41.85253614347719], [-87.72426992785682, 41.857186347842195], [-87.72966319656483, 41.86002773915935]]]}, "properties": {"light_n": 211, "light_t": 1, "light_top": 39, "crime_n": 230, "crime_t": 2, "crime_top": 15, "bv": "2-1", "crime_night_n": 105, "crime_night_t": 2, "crime_night_top": 12, "bv_night": "2-1", "nta": "North Lawndale", "boro": "Chicago"}}, {"type": "Feature", "geometry": {"type": "Polygon", "coordinates": [[[-87.64300867452583, 41.859230136472156], [-87.64904467373924, 41.85742517503721], [-87.64969094982376, 41.85277494294136], [-87.64430238004425, 41.84992972973739], [-87.63826710403526, 41.85173423518383], [-87.63761967463391, 41.85638440977025], [-87.64300867452583, 41.859230136472156]]]}, "properties": {"light_n": 338, "light_t": 2, "light_top": 6, "crime_n": 210, "crime_t": 2, "crime_top": 17, "bv": "2-2", "crime_night_n": 84, "crime_night_t": 2, "crime_night_top": 19, "bv_night": "2-2", "nta": "Lower West Side", "boro": "Chicago"}}, {"type": "Feature", "geometry": {"type": "Polygon", "coordinates": [[[-87.62152095893292, 41.72315493754908], [-87.62754037777604, 41.72135502078244], [-87.62818694684076, 41.716712516420635], [-87.62281524357195, 41.71386998681431], [-87.61679654441068, 41.715669448870194], [-87.61614882886876, 41.72031189519089], [-87.62152095893292, 41.72315493754908]]]}, "properties": {"light_n": 265, "light_t": 2, "light_top": 19, "crime_n": 335, "crime_t": 2, "crime_top": 6, "bv": "2-2", "crime_night_n": 171, "crime_night_t": 2, "crime_night_top": 4, "bv_night": "2-2", "nta": "Roseland", "boro": "Chicago"}}, {"type": "Feature", "geometry": {"type": "Polygon", "coordinates": [[[-87.64473212744844, 41.930057838395705], [-87.65077729526512, 41.928250729768365], [-87.65142438552711, 41.92359649212146], [-87.64602746486962, 41.92074942048855], [-87.63998302241994, 41.922556072582935], [-87.63933477529343, 41.92721025279055], [-87.64473212744844, 41.930057838395705]]]}, "properties": {"light_n": 337, "light_t": 2, "light_top": 6, "crime_n": 149, "crime_t": 2, "crime_top": 28, "bv": "2-2", "crime_night_n": 85, "crime_night_t": 2, "crime_night_top": 18, "bv_night": "2-2", "nta": "Lincoln Park", "boro": "Chicago"}}, {"type": "Feature", "geometry": {"type": "Polygon", "coordinates": [[[-87.70681304113639, 41.85796125488551], [-87.71284542689264, 41.85615313363205], [-87.71348516341453, 41.851502985129116], [-87.70809366767695, 41.848661013939875], [-87.70206200292971, 41.850468678409], [-87.7014211129431, 41.85511877079918], [-87.70681304113639, 41.85796125488551]]]}, "properties": {"light_n": 337, "light_t": 2, "light_top": 6, "crime_n": 316, "crime_t": 2, "crime_top": 8, "bv": "2-2", "crime_night_n": 123, "crime_night_t": 2, "crime_night_top": 8, "bv_night": "2-2", "nta": "South Lawndale", "boro": "Chicago"}}, {"type": "Feature", "geometry": {"type": "Polygon", "coordinates": [[[-87.64344733714375, 41.689904629191815], [-87.64946125392277, 41.6881045900265], [-87.65010512595248, 41.68346398499485], [-87.64473622613978, 41.68062347665389], [-87.63872302727451, 41.68242306107825], [-87.63807801034038, 41.687063608532284], [-87.64344733714375, 41.689904629191815]]]}, "properties": {"light_n": 219, "light_t": 1, "light_top": 36, "crime_n": 127, "crime_t": 2, "crime_top": 33, "bv": "2-1", "crime_night_n": 47, "crime_night_t": 1, "crime_night_top": 37, "bv_night": "1-1", "nta": "West Pullman", "boro": "Chicago"}}, {"type": "Feature", "geometry": {"type": "Polygon", "coordinates": [[[-87.57238935105973, 41.66223459691612], [-87.57840348835897, 41.66043891308073], [-87.57905420878636, 41.65579987903399], [-87.57369193524335, 41.65295658791067], [-87.56767851737705, 41.65475181810727], [-87.56702665365347, 41.65939079301384], [-87.57238935105973, 41.66223459691612]]]}, "properties": {"light_n": 16, "light_t": 0, "light_top": 93, "crime_n": 0, "crime_t": 0, "crime_top": null, "bv": "0-0", "crime_night_n": 0, "crime_night_t": 0, "crime_night_top": null, "bv_night": "0-0", "nta": "Hegewisch", "boro": "Chicago"}}, {"type": "Feature", "geometry": {"type": "Polygon", "coordinates": [[[-87.67655876655955, 41.74228671460459], [-87.68257771079375, 41.74048348903094], [-87.6832189352134, 41.735839904339414], [-87.67784236303989, 41.73299960199931], [-87.6718241372337, 41.73480237202652], [-87.67118176520506, 41.739445899887926], [-87.67655876655955, 41.74228671460459]]]}, "properties": {"light_n": 126, "light_t": 0, "light_top": 69, "crime_n": 22, "crime_t": 0, "crime_top": 76, "bv": "0-0", "crime_night_n": 9, "crime_night_t": 0, "crime_night_top": 77, "bv_night": "0-0", "nta": "Auburn Gresham", "boro": "Chicago"}}, {"type": "Feature", "geometry": {"type": "Polygon", "coordinates": [[[-87.53903561538439, 41.694411522633075], [-87.54505572142226, 41.69261656632588], [-87.54571029107962, 41.687975694139304], [-87.54034589950255, 41.68512983806192], [-87.53432651501399, 41.68692434091476], [-87.53367080058617, 41.691565153247126], [-87.53903561538439, 41.694411522633075]]]}, "properties": {"light_n": 213, "light_t": 1, "light_top": 38, "crime_n": 23, "crime_t": 0, "crime_top": 76, "bv": "0-1", "crime_night_n": 8, "crime_night_t": 0, "crime_night_top": 79, "bv_night": "0-1", "nta": "East Side", "boro": "Chicago"}}, {"type": "Feature", "geometry": {"type": "Polygon", "coordinates": [[[-87.68114505375591, 41.83444826380048], [-87.68717575859377, 41.8326421145081], [-87.68781779241334, 41.827993293411836], [-87.68243027363486, 41.82515067824156], [-87.67640028993956, 41.82695637124709], [-87.67575710391239, 41.831605135657284], [-87.68114505375591, 41.83444826380048]]]}, "properties": {"light_n": 313, "light_t": 2, "light_top": 9, "crime_n": 101, "crime_t": 1, "crime_top": 41, "bv": "1-2", "crime_night_n": 38, "crime_night_t": 1, "crime_night_top": 44, "bv_night": "1-2", "nta": "McKinley Park", "boro": "Chicago"}}, {"type": "Feature", "geometry": {"type": "Polygon", "coordinates": [[[-87.68010478489077, 41.88379654659271], [-87.68614198990345, 41.88198900965424], [-87.68678481541605, 41.87733739266483], [-87.68139159061597, 41.87449336924672], [-87.67535510832283, 41.87630044954655], [-87.67471112814258, 41.88095200985056], [-87.68010478489077, 41.88379654659271]]]}, "properties": {"light_n": 314, "light_t": 2, "light_top": 9, "crime_n": 368, "crime_t": 2, "crime_top": 5, "bv": "2-2", "crime_night_n": 119, "crime_night_t": 2, "crime_night_top": 9, "bv_night": "2-2", "nta": "Near West Side", "boro": "Chicago"}}, {"type": "Feature", "geometry": {"type": "Polygon", "coordinates": [[[-87.70183761391817, 42.020109296945265], [-87.70789149195326, 42.018296700913616], [-87.70853398706004, 42.013637396831236], [-87.70312376574225, 42.01079074487129], [-87.69707061396724, 42.01260288298374], [-87.69642695728236, 42.01726213092257], [-87.70183761391817, 42.020109296945265]]]}, "properties": {"light_n": 138, "light_t": 1, "light_top": 64, "crime_n": 32, "crime_t": 0, "crime_top": 69, "bv": "0-1", "crime_night_n": 12, "crime_night_t": 0, "crime_night_top": 73, "bv_night": "0-1", "nta": "West Ridge", "boro": "Chicago"}}, {"type": "Feature", "geometry": {"type": "Polygon", "coordinates": [[[-87.69551205721945, 41.7722280291999], [-87.7015338758971, 41.77042298028919], [-87.70217358132011, 41.76577769590255], [-87.69679261725514, 41.76293751677582], [-87.69077151729795, 41.764742109679545], [-87.69013066271724, 41.76938733766461], [-87.69551205721945, 41.7722280291999]]]}, "properties": {"light_n": 132, "light_t": 1, "light_top": 66, "crime_n": 88, "crime_t": 1, "crime_top": 45, "bv": "1-1", "crime_night_n": 34, "crime_night_t": 1, "crime_night_top": 46, "bv_night": "1-1", "nta": "Chicago Lawn", "boro": "Chicago"}}, {"type": "Feature", "geometry": {"type": "Polygon", "coordinates": [[[-87.7563144534069, 41.91894575915093], [-87.76235212357292, 41.917133375940594], [-87.76298763780308, 41.912479789191806], [-87.7575866385729, 41.90963864059849], [-87.75154968964273, 41.9114505659502], [-87.7509130187387, 41.91610409770121], [-87.7563144534069, 41.91894575915093]]]}, "properties": {"light_n": 150, "light_t": 1, "light_top": 61, "crime_n": 109, "crime_t": 1, "crime_top": 39, "bv": "1-1", "crime_night_n": 44, "crime_night_t": 1, "crime_night_top": 40, "bv_night": "1-1", "nta": "Austin", "boro": "Chicago"}}, {"type": "Feature", "geometry": {"type": "Polygon", "coordinates": [[[-87.78206294926964, 41.94246090372783], [-87.7881022957206, 41.94064654235647], [-87.78873549661685, 41.93599163505479], [-87.78333050902795, 41.933151143492786], [-87.77729188367265, 41.934965046507884], [-87.77665752484225, 41.93961989938856], [-87.78206294926964, 41.94246090372783]]]}, "properties": {"light_n": 285, "light_t": 2, "light_top": 15, "crime_n": 39, "crime_t": 1, "crime_top": 66, "bv": "1-2", "crime_night_n": 14, "crime_night_t": 0, "crime_night_top": 69, "bv_night": "0-2", "nta": "Dunning", "boro": "Chicago"}}, {"type": "Feature", "geometry": {"type": "Polygon", "coordinates": [[[-87.65656645701729, 41.76162848933686], [-87.66258899652121, 41.759825696941164], [-87.6632325281527, 41.75518100755096], [-87.6578546688155, 41.75233916776198], [-87.65183284901319, 41.75414150471978], [-87.65118816887872, 41.75878613685211], [-87.65656645701729, 41.76162848933686]]]}, "properties": {"light_n": 186, "light_t": 1, "light_top": 48, "crime_n": 143, "crime_t": 2, "crime_top": 30, "bv": "2-1", "crime_night_n": 57, "crime_night_t": 2, "crime_night_top": 30, "bv_night": "2-1", "nta": "Auburn Gresham", "boro": "Chicago"}}, {"type": "Feature", "geometry": {"type": "Polygon", "coordinates": [[[-87.68307268817564, 41.820502281182115], [-87.6891014696192, 41.818696442697394], [-87.6897431130843, 41.814048413160165], [-87.68435712665692, 41.81120627870566], [-87.67832906585585, 41.813011660982426], [-87.67768627087182, 41.81765963386916], [-87.68307268817564, 41.820502281182115]]]}, "properties": {"light_n": 169, "light_t": 1, "light_top": 54, "crime_n": 71, "crime_t": 1, "crime_top": 52, "bv": "1-1", "crime_night_n": 33, "crime_night_t": 1, "crime_night_top": 47, "bv_night": "1-1", "nta": "Brighton Park", "boro": "Chicago"}}, {"type": "Feature", "geometry": {"type": "Polygon", "coordinates": [[[-87.70670976531197, 41.942745657454715], [-87.71275323995329, 41.940935067846866], [-87.71339416119163, 41.93628012435663], [-87.70799276552746, 41.933435826495476], [-87.70195001455035, 41.935245958693436], [-87.70130793560544, 41.93990084610977], [-87.70670976531197, 41.942745657454715]]]}, "properties": {"light_n": 230, "light_t": 2, "light_top": 31, "crime_n": 110, "crime_t": 1, "crime_top": 39, "bv": "1-2", "crime_night_n": 38, "crime_night_t": 1, "crime_night_top": 44, "bv_night": "1-2", "nta": "Avondale", "boro": "Chicago"}}, {"type": "Feature", "geometry": {"type": "Polygon", "coordinates": [[[-87.58539273429135, 41.73394922235204], [-87.59141549902341, 41.73215079628337], [-87.59206590180666, 41.72750767321685], [-87.58669468677968, 41.72466303499206], [-87.58067264327731, 41.72646100672683], [-87.58002109360493, 41.731104070967994], [-87.58539273429135, 41.73394922235204]]]}, "properties": {"light_n": 250, "light_t": 2, "light_top": 24, "crime_n": 120, "crime_t": 1, "crime_top": 35, "bv": "1-2", "crime_night_n": 48, "crime_night_t": 1, "crime_night_top": 36, "bv_night": "1-2", "nta": "Calumet Heights", "boro": "Chicago"}}, {"type": "Feature", "geometry": {"type": "Polygon", "coordinates": [[[-87.53510158275829, 41.722262927010675], [-87.54112552326822, 41.72046735654695], [-87.5417808874712, 41.71582489681769], [-87.53641345733246, 41.7129780674285], [-87.53039023937232, 41.71477318428207], [-87.52973372903422, 41.71941558408276], [-87.53510158275829, 41.722262927010675]]]}, "properties": {"light_n": 290, "light_t": 2, "light_top": 14, "crime_n": 78, "crime_t": 1, "crime_top": 49, "bv": "1-2", "crime_night_n": 33, "crime_night_t": 1, "crime_night_top": 47, "bv_night": "1-2", "nta": "East Side", "boro": "Chicago"}}, {"type": "Feature", "geometry": {"type": "Polygon", "coordinates": [[[-87.54452868311051, 41.73724361081151], [-87.55055406894846, 41.73544713278217], [-87.551208684054, 41.73080382010731], [-87.54583906026518, 41.72795704512602], [-87.53981439712928, 41.729753069315], [-87.53915863511317, 41.73439632227335], [-87.54452868311051, 41.73724361081151]]]}, "properties": {"light_n": 320, "light_t": 2, "light_top": 8, "crime_n": 149, "crime_t": 2, "crime_top": 28, "bv": "2-2", "crime_night_n": 44, "crime_night_t": 1, "crime_night_top": 40, "bv_night": "1-2", "nta": "South Chicago", "boro": "Chicago"}}, {"type": "Feature", "geometry": {"type": "Polygon", "coordinates": [[[-87.68795538041566, 41.743323760943056], [-87.6939738448684, 41.74151993583312], [-87.69461392159032, 41.736876294560965], [-87.6892366815892, 41.73403653492704], [-87.6832189352134, 41.735839904339414], [-87.68257771079375, 41.74048348903094], [-87.68795538041566, 41.743323760943056]]]}, "properties": {"light_n": 133, "light_t": 1, "light_top": 66, "crime_n": 17, "crime_t": 0, "crime_top": 79, "bv": "0-1", "crime_night_n": 1, "crime_night_t": 0, "crime_night_top": 100, "bv_night": "0-1", "nta": "Ashburn", "boro": "Chicago"}}, {"type": "Feature", "geometry": {"type": "Polygon", "coordinates": [[[-87.73157702094252, 41.846077438094284], [-87.73760651505103, 41.84426842452068], [-87.73824355659542, 41.83961895571477], [-87.7328522570149, 41.83677855600634], [-87.72682348270747, 41.838587112572], [-87.72618528821137, 41.843236525801544], [-87.73157702094252, 41.846077438094284]]]}, "properties": {"light_n": 290, "light_t": 2, "light_top": 14, "crime_n": 199, "crime_t": 2, "crime_top": 19, "bv": "2-2", "crime_night_n": 106, "crime_night_t": 2, "crime_night_top": 12, "bv_night": "2-2", "nta": "South Lawndale", "boro": "Chicago"}}, {"type": "Feature", "geometry": {"type": "Polygon", "coordinates": [[[-87.62294998085586, 41.87859703130793], [-87.62898959278748, 41.87679251215983], [-87.62963819073791, 41.87214118110679], [-87.6242483310055, 41.86929442708933], [-87.6182094435623, 41.87109849035979], [-87.61755969139581, 41.87574976347283], [-87.62294998085586, 41.87859703130793]]]}, "properties": {"light_n": 339, "light_t": 2, "light_top": 5, "crime_n": 390, "crime_t": 2, "crime_top": 4, "bv": "2-2", "crime_night_n": 148, "crime_night_t": 2, "crime_night_top": 6, "bv_night": "2-2", "nta": "Loop", "boro": "Chicago"}}, {"type": "Feature", "geometry": {"type": "Polygon", "coordinates": [[[-87.66286594111459, 41.924635759461445], [-87.66890941903584, 41.92282789797199], [-87.66955457718942, 41.918173969080584], [-87.6641574141081, 41.91532795867008], [-87.6581146607695, 41.91713536343711], [-87.6574683459621, 41.921789235284436], [-87.66286594111459, 41.924635759461445]]]}, "properties": {"light_n": 214, "light_t": 1, "light_top": 38, "crime_n": 31, "crime_t": 0, "crime_top": 70, "bv": "0-1", "crime_night_n": 15, "crime_night_t": 0, "crime_night_top": 68, "bv_night": "0-1", "nta": "Lincoln Park", "boro": "Chicago"}}, {"type": "Feature", "geometry": {"type": "Polygon", "coordinates": [[[-87.7324494350536, 41.966279269016425], [-87.73849459483742, 41.96446670143637], [-87.73913320538055, 41.95981043601615], [-87.7337278151432, 41.95696679362088], [-87.72768337888704, 41.958778903292654], [-87.72704360937264, 41.963435113215276], [-87.7324494350536, 41.966279269016425]]]}, "properties": {"light_n": 267, "light_t": 2, "light_top": 18, "crime_n": 73, "crime_t": 1, "crime_top": 51, "bv": "1-2", "crime_night_n": 29, "crime_night_t": 1, "crime_night_top": 52, "bv_night": "1-2", "nta": "Irving Park", "boro": "Chicago"}}, {"type": "Feature", "geometry": {"type": "Polygon", "coordinates": [[[-87.74393617181492, 41.88250486080029], [-87.74996975151899, 41.880694163047735], [-87.75060603099739, 41.8760426339752], [-87.74520988561426, 41.873201857890116], [-87.73917702642841, 41.87501209820947], [-87.73853959213929, 41.87966357199453], [-87.74393617181492, 41.88250486080029]]]}, "properties": {"light_n": 234, "light_t": 2, "light_top": 30, "crime_n": 573, "crime_t": 2, "crime_top": 1, "bv": "2-2", "crime_night_n": 258, "crime_night_t": 2, "crime_night_top": 1, "bv_night": "2-2", "nta": "Austin", "boro": "Chicago"}}, {"type": "Feature", "geometry": {"type": "Polygon", "coordinates": [[[-87.55396167240623, 41.752225889845974], [-87.55998850387613, 41.75042850379048], [-87.560642368785, 41.745784338707374], [-87.55527054994351, 41.74293761913164], [-87.54924444132757, 41.74473455111648], [-87.54858942873213, 41.74937865669542], [-87.55396167240623, 41.752225889845974]]]}, "properties": {"light_n": 341, "light_t": 2, "light_top": 5, "crime_n": 184, "crime_t": 2, "crime_top": 21, "bv": "2-2", "crime_night_n": 73, "crime_night_t": 2, "crime_night_top": 23, "bv_night": "2-2", "nta": "South Chicago", "boro": "Chicago"}}, {"type": "Feature", "geometry": {"type": "Polygon", "coordinates": [[[-87.78303205152075, 41.97789526655645], [-87.78907598331732, 41.97607982106363], [-87.7897095706614, 41.97142291484527], [-87.78430038595697, 41.968581508448416], [-87.77825717633098, 41.97039649531056], [-87.77762242927056, 41.975053347147515], [-87.78303205152075, 41.97789526655645]]]}, "properties": {"light_n": 209, "light_t": 1, "light_top": 40, "crime_n": 24, "crime_t": 0, "crime_top": 75, "bv": "0-1", "crime_night_n": 9, "crime_night_t": 0, "crime_night_top": 77, "bv_night": "0-1", "nta": "Jefferson Park", "boro": "Chicago"}}, {"type": "Feature", "geometry": {"type": "Polygon", "coordinates": [[[-87.71640509333281, 41.78823517048516], [-87.72242786777726, 41.78642860877197], [-87.72306566201858, 41.781782419412856], [-87.71768183186856, 41.778942847651464], [-87.71165977593787, 41.780748952976204], [-87.7110208316753, 41.78539508639836], [-87.71640509333281, 41.78823517048516]]]}, "properties": {"light_n": 252, "light_t": 2, "light_top": 23, "crime_n": 80, "crime_t": 1, "crime_top": 48, "bv": "1-2", "crime_night_n": 31, "crime_night_t": 1, "crime_night_top": 50, "bv_night": "1-2", "nta": "West Lawn", "boro": "Chicago"}}, {"type": "Feature", "geometry": {"type": "Polygon", "coordinates": [[[-87.71046068787396, 41.99966105834526], [-87.71651141570094, 41.997848623280554], [-87.71715274232179, 41.99319047176943], [-87.71174450172529, 41.99034481123427], [-87.70569449922164, 41.99215678842164], [-87.70505201202344, 41.99681488396873], [-87.71046068787396, 41.99966105834526]]]}, "properties": {"light_n": 105, "light_t": 0, "light_top": 73, "crime_n": 47, "crime_t": 1, "crime_top": 61, "bv": "1-0", "crime_night_n": 16, "crime_night_t": 1, "crime_night_top": 67, "bv_night": "1-0", "nta": "West Ridge", "boro": "Chicago"}}, {"type": "Feature", "geometry": {"type": "Polygon", "coordinates": [[[-87.62793992775819, 41.801361014840246], [-87.63396918692959, 41.799558494584495], [-87.63461619365411, 41.79491154254655], [-87.62923509162188, 41.79206716857746], [-87.62320655435384, 41.79386923346277], [-87.62255839724722, 41.79851612763519], [-87.62793992775819, 41.801361014840246]]]}, "properties": {"light_n": 140, "light_t": 1, "light_top": 64, "crime_n": 340, "crime_t": 2, "crime_top": 6, "bv": "2-1", "crime_night_n": 158, "crime_night_t": 2, "crime_night_top": 5, "bv_night": "2-1", "nta": "Fuller Park", "boro": "Chicago"}}, {"type": "Feature", "geometry": {"type": "Polygon", "coordinates": [[[-87.81639981484409, 41.94553572380411], [-87.82243769473689, 41.94371955130769], [-87.82306742130768, 41.93906448225288], [-87.81766042621244, 41.93622563930784], [-87.81162326634318, 41.93804135299445], [-87.810992381577, 41.94269636838322], [-87.81639981484409, 41.94553572380411]]]}, "properties": {"light_n": 333, "light_t": 2, "light_top": 6, "crime_n": 29, "crime_t": 0, "crime_top": 71, "bv": "0-2", "crime_night_n": 9, "crime_night_t": 0, "crime_night_top": 77, "bv_night": "0-2", "nta": "Dunning", "boro": "Chicago"}}, {"type": "Feature", "geometry": {"type": "Polygon", "coordinates": [[[-87.75249479459073, 41.946873429406544], [-87.75853632535431, 41.945060421971554], [-87.75917261487709, 41.94040525670179], [-87.75376853172993, 41.93756315388174], [-87.74772772320503, 41.93937570329949], [-87.7470902756205, 41.94403081350183], [-87.75249479459073, 41.946873429406544]]]}, "properties": {"light_n": 250, "light_t": 2, "light_top": 24, "crime_n": 76, "crime_t": 1, "crime_top": 50, "bv": "1-2", "crime_night_n": 27, "crime_night_t": 1, "crime_night_top": 54, "bv_night": "1-2", "nta": "Portage Park", "boro": "Chicago"}}, {"type": "Feature", "geometry": {"type": "Polygon", "coordinates": [[[-87.61790054005029, 41.66641809089294], [-87.62391277909983, 41.66462001371916], [-87.62455892543709, 41.659980745597885], [-87.61919397641495, 41.657139612743904], [-87.61318245540627, 41.65893723567298], [-87.6125351654112, 41.66357644564856], [-87.61790054005029, 41.66641809089294]]]}, "properties": {"light_n": 149, "light_t": 1, "light_top": 61, "crime_n": 28, "crime_t": 0, "crime_top": 71, "bv": "0-1", "crime_night_n": 8, "crime_night_t": 0, "crime_night_top": 79, "bv_night": "0-1", "nta": "West Pullman", "boro": "Chicago"}}, {"type": "Feature", "geometry": {"type": "Polygon", "coordinates": [[[-87.66955457718942, 41.918173969080584], [-87.67559684787031, 41.916365959903864], [-87.67624123128405, 41.911712397128554], [-87.6708445004019, 41.90886690037782], [-87.66480295387437, 41.910674452795234], [-87.6641574141081, 41.91532795867008], [-87.66955457718942, 41.918173969080584]]]}, "properties": {"light_n": 219, "light_t": 1, "light_top": 36, "crime_n": 87, "crime_t": 1, "crime_top": 45, "bv": "1-1", "crime_night_n": 46, "crime_night_t": 1, "crime_night_top": 38, "bv_night": "1-1", "nta": "West Town", "boro": "Chicago"}}, {"type": "Feature", "geometry": {"type": "Polygon", "coordinates": [[[-87.65510606950836, 41.98050464017765], [-87.6611572852035, 41.97869554478402], [-87.66180401900186, 41.974038462930956], [-87.65640069656817, 41.97119053360733], [-87.65035020747479, 41.97299917196487], [-87.64970231424604, 41.97765619662943], [-87.65510606950836, 41.98050464017765]]]}, "properties": {"light_n": 229, "light_t": 2, "light_top": 32, "crime_n": 385, "crime_t": 2, "crime_top": 5, "bv": "2-2", "crime_night_n": 122, "crime_night_t": 2, "crime_night_top": 8, "bv_night": "2-2", "nta": "Uptown", "boro": "Chicago"}}, {"type": "Feature", "geometry": {"type": "Polygon", "coordinates": [[[-87.72490851082529, 41.85253614347719], [-87.73093920889173, 41.85072727476544], [-87.73157702094252, 41.846077438094284], [-87.72618528821137, 41.843236525801544], [-87.72015531037276, 41.84504493754135], [-87.71951634506941, 41.84969471849333], [-87.72490851082529, 41.85253614347719]]]}, "properties": {"light_n": 295, "light_t": 2, "light_top": 12, "crime_n": 285, "crime_t": 2, "crime_top": 10, "bv": "2-2", "crime_night_n": 139, "crime_night_t": 2, "crime_night_top": 7, "bv_night": "2-2", "nta": "South Lawndale", "boro": "Chicago"}}, {"type": "Feature", "geometry": {"type": "Polygon", "coordinates": [[[-87.74867047419595, 41.97481056469054], [-87.75471587043289, 41.97299693397661], [-87.75535293666222, 41.96834019165839], [-87.74994576613861, 41.96549713513868], [-87.74390109314513, 41.967310307676954], [-87.74326286746374, 41.97196699485787], [-87.74867047419595, 41.97481056469054]]]}, "properties": {"light_n": 220, "light_t": 1, "light_top": 35, "crime_n": 43, "crime_t": 1, "crime_top": 63, "bv": "1-1", "crime_night_n": 25, "crime_night_t": 1, "crime_night_top": 56, "bv_night": "1-1", "nta": "Forest Glen", "boro": "Chicago"}}, {"type": "Feature", "geometry": {"type": "Polygon", "coordinates": [[[-87.75536700094467, 41.88353490445096], [-87.7614000951448, 41.88172360410812], [-87.76203521972454, 41.877072019999105], [-87.75663840503455, 41.87423179121683], [-87.75060603099739, 41.8760426339752], [-87.74996975151899, 41.880694163047735], [-87.75536700094467, 41.88353490445096]]]}, "properties": {"light_n": 259, "light_t": 2, "light_top": 21, "crime_n": 440, "crime_t": 2, "crime_top": 3, "bv": "2-2", "crime_night_n": 188, "crime_night_t": 2, "crime_night_top": 3, "bv_night": "2-2", "nta": "Austin", "boro": "Chicago"}}, {"type": "Feature", "geometry": {"type": "Polygon", "coordinates": [[[-87.72768337888704, 41.958778903292654], [-87.7337278151432, 41.95696679362088], [-87.73436681026695, 41.95231095009902], [-87.72896252774598, 41.94946727180214], [-87.72291881494436, 41.95127892368111], [-87.7222786612413, 41.95593471159707], [-87.72768337888704, 41.958778903292654]]]}, "properties": {"light_n": 297, "light_t": 2, "light_top": 12, "crime_n": 114, "crime_t": 1, "crime_top": 37, "bv": "1-2", "crime_night_n": 32, "crime_night_t": 1, "crime_night_top": 49, "bv_night": "1-2", "nta": "Irving Park", "boro": "Chicago"}}, {"type": "Feature", "geometry": {"type": "Polygon", "coordinates": [[[-87.80116214677486, 41.97244817942888], [-87.80720437832643, 41.970631983478036], [-87.80783603318855, 41.965975390361734], [-87.80242661603012, 41.96313504712976], [-87.79638510586128, 41.96495078426254], [-87.79575229149972, 41.969607323392616], [-87.80116214677486, 41.97244817942888]]]}, "properties": {"light_n": 68, "light_t": 0, "light_top": 81, "crime_n": 6, "crime_t": 0, "crime_top": 90, "bv": "0-0", "crime_night_n": 2, "crime_night_t": 0, "crime_night_top": 94, "bv_night": "0-0", "nta": "Norwood Park", "boro": "Chicago"}}, {"type": "Feature", "geometry": {"type": "Polygon", "coordinates": [[[-87.67519395784046, 41.96110675794383], [-87.68124154408072, 41.959297216524845], [-87.68188594858772, 41.95464123111086], [-87.6764839254106, 41.9517948438198], [-87.6704370644802, 41.95360392809143], [-87.66979150144957, 41.958259856748796], [-87.67519395784046, 41.96110675794383]]]}, "properties": {"light_n": 193, "light_t": 1, "light_top": 45, "crime_n": 64, "crime_t": 1, "crime_top": 54, "bv": "1-1", "crime_night_n": 29, "crime_night_t": 1, "crime_night_top": 52, "bv_night": "1-1", "nta": "North Center", "boro": "Chicago"}}, {"type": "Feature", "geometry": {"type": "Polygon", "coordinates": [[[-87.78586408359057, 41.91453478042346], [-87.79189957173887, 41.91272104548547], [-87.79253200116464, 41.90806771724504], [-87.78713009901996, 41.90522817824204], [-87.78109533096651, 41.90704145498292], [-87.78046174499445, 41.91169472887123], [-87.78586408359057, 41.91453478042346]]]}, "properties": {"light_n": 159, "light_t": 1, "light_top": 58, "crime_n": 33, "crime_t": 0, "crime_top": 68, "bv": "0-1", "crime_night_n": 10, "crime_night_t": 0, "crime_night_top": 75, "bv_night": "0-1", "nta": "Austin", "boro": "Chicago"}}, {"type": "Feature", "geometry": {"type": "Polygon", "coordinates": [[[-87.57595402495298, 41.71897318921934], [-87.58197534730088, 41.717175671703366], [-87.58262650173168, 41.71253340100138], [-87.5772574799619, 41.70968870680109], [-87.57123687869326, 41.711485770213365], [-87.57058457814792, 41.716127981877385], [-87.57595402495298, 41.71897318921934]]]}, "properties": {"light_n": 96, "light_t": 0, "light_top": 75, "crime_n": 24, "crime_t": 0, "crime_top": 75, "bv": "0-0", "crime_night_n": 9, "crime_night_t": 0, "crime_night_top": 77, "bv_night": "0-0", "nta": "South Deering", "boro": "Chicago"}}, {"type": "Feature", "geometry": {"type": "Polygon", "coordinates": [[[-87.68188594858772, 41.95464123111086], [-87.68793232558255, 41.95283154157725], [-87.6885759544881, 41.948175921989495], [-87.68317436465269, 41.945330048495485], [-87.67712871253758, 41.947139280844866], [-87.6764839254106, 41.9517948438198], [-87.68188594858772, 41.95464123111086]]]}, "properties": {"light_n": 206, "light_t": 1, "light_top": 41, "crime_n": 39, "crime_t": 1, "crime_top": 66, "bv": "1-1", "crime_night_n": 13, "crime_night_t": 0, "crime_night_top": 71, "bv_night": "0-1", "nta": "North Center", "boro": "Chicago"}}, {"type": "Feature", "geometry": {"type": "Polygon", "coordinates": [[[-87.63872302727451, 41.68242306107825], [-87.64473622613978, 41.68062347665389], [-87.64538047529766, 41.67598329782587], [-87.64001267014116, 41.67314276105416], [-87.63400018911591, 41.67494189085258], [-87.63335479543937, 41.67958201199643], [-87.63872302727451, 41.68242306107825]]]}, "properties": {"light_n": 215, "light_t": 1, "light_top": 37, "crime_n": 132, "crime_t": 2, "crime_top": 32, "bv": "2-1", "crime_night_n": 58, "crime_night_t": 2, "crime_night_top": 29, "bv_night": "2-1", "nta": "West Pullman", "boro": "Chicago"}}, {"type": "Feature", "geometry": {"type": "Polygon", "coordinates": [[[-87.63593558789317, 41.6610231175923], [-87.64194615752682, 41.65922429882681], [-87.64259039296878, 41.65458534165961], [-87.63722520226105, 41.651745260960475], [-87.63121534989742, 41.65354362529389], [-87.6305699710037, 41.658182524706326], [-87.63593558789317, 41.6610231175923]]]}, "properties": {"light_n": 92, "light_t": 0, "light_top": 75, "crime_n": 11, "crime_t": 0, "crime_top": 84, "bv": "0-0", "crime_night_n": 4, "crime_night_t": 0, "crime_night_top": 87, "bv_night": "0-0", "nta": "West Pullman", "boro": "Chicago"}}, {"type": "Feature", "geometry": {"type": "Polygon", "coordinates": [[[-87.6462399406043, 41.71131158818453], [-87.65225648945278, 41.70951078312715], [-87.65290037450937, 41.7048689575483], [-87.64752885672299, 41.70202799448137], [-87.64151302635896, 41.703828344603885], [-87.64086799532906, 41.70847011267593], [-87.6462399406043, 41.71131158818453]]]}, "properties": {"light_n": 277, "light_t": 2, "light_top": 16, "crime_n": 127, "crime_t": 2, "crime_top": 33, "bv": "2-2", "crime_night_n": 44, "crime_night_t": 1, "crime_night_top": 40, "bv_night": "1-2", "nta": "Washington Heights", "boro": "Chicago"}}, {"type": "Feature", "geometry": {"type": "Polygon", "coordinates": [[[-87.78485407963335, 41.79441586086547], [-87.79087395235018, 41.79260569839815], [-87.7915048446239, 41.787959178667535], [-87.78611701475775, 41.78512287578862], [-87.78009785843577, 41.786932580962926], [-87.7794658156164, 41.79157904625672], [-87.78485407963335, 41.79441586086547]]]}, "properties": {"light_n": 187, "light_t": 1, "light_top": 48, "crime_n": 42, "crime_t": 1, "crime_top": 63, "bv": "1-1", "crime_night_n": 8, "crime_night_t": 0, "crime_night_top": 79, "bv_night": "0-1", "nta": "Garfield Ridge", "boro": "Chicago"}}, {"type": "Feature", "geometry": {"type": "Polygon", "coordinates": [[[-87.67832906585585, 41.813011660982426], [-87.68435712665692, 41.81120627870566], [-87.68499915067629, 41.80655867336957], [-87.67961426505695, 41.80371650701564], [-87.67358692482487, 41.805521433199694], [-87.6729437496753, 41.81016898177794], [-87.67832906585585, 41.813011660982426]]]}, "properties": {"light_n": 294, "light_t": 2, "light_top": 13, "crime_n": 165, "crime_t": 2, "crime_top": 24, "bv": "2-2", "crime_night_n": 68, "crime_night_t": 2, "crime_night_top": 26, "bv_night": "2-2", "nta": "New City", "boro": "Chicago"}}, {"type": "Feature", "geometry": {"type": "Polygon", "coordinates": [[[-87.6641070841145, 41.79054215643169], [-87.67013298342935, 41.78873814208738], [-87.67077614744613, 41.78409181016894], [-87.6653945621452, 41.781249549621904], [-87.65936938317843, 41.78305310821914], [-87.6587250691967, 41.78769938305807], [-87.6641070841145, 41.79054215643169]]]}, "properties": {"light_n": 187, "light_t": 1, "light_top": 48, "crime_n": 227, "crime_t": 2, "crime_top": 15, "bv": "2-1", "crime_night_n": 104, "crime_night_t": 2, "crime_night_top": 13, "bv_night": "2-1", "nta": "West Englewood", "boro": "Chicago"}}, {"type": "Feature", "geometry": {"type": "Polygon", "coordinates": [[[-87.69333502299179, 41.95567738021058], [-87.69938091555134, 41.95386708550582], [-87.70002338614557, 41.94921140955693], [-87.69462112252393, 41.94636608462126], [-87.6885759544881, 41.948175921989495], [-87.68793232558255, 41.95283154157725], [-87.69333502299179, 41.95567738021058]]]}, "properties": {"light_n": 154, "light_t": 1, "light_top": 59, "crime_n": 33, "crime_t": 0, "crime_top": 68, "bv": "0-1", "crime_night_n": 17, "crime_night_t": 1, "crime_night_top": 66, "bv_night": "1-1", "nta": "North Center", "boro": "Chicago"}}, {"type": "Feature", "geometry": {"type": "Polygon", "coordinates": [[[-87.72306566201858, 41.781782419412856], [-87.72908723591515, 41.77997571388654], [-87.72972426154121, 41.77532989307551], [-87.7243408630243, 41.77249083353288], [-87.7183200072164, 41.77429708263493], [-87.71768183186856, 41.778942847651464], [-87.72306566201858, 41.781782419412856]]]}, "properties": {"light_n": 253, "light_t": 2, "light_top": 23, "crime_n": 93, "crime_t": 1, "crime_top": 43, "bv": "1-2", "crime_night_n": 31, "crime_night_t": 1, "crime_night_top": 50, "bv_night": "1-2", "nta": "West Lawn", "boro": "Chicago"}}, {"type": "Feature", "geometry": {"type": "Polygon", "coordinates": [[[-87.6343805565196, 41.87963923409843], [-87.64041968806289, 41.87783411121232], [-87.6410671317064, 41.87318272247019], [-87.63567659814618, 41.87033651425073], [-87.62963819073791, 41.87214118110679], [-87.62898959278748, 41.87679251215983], [-87.6343805565196, 41.87963923409843]]]}, "properties": {"light_n": 359, "light_t": 2, "light_top": 4, "crime_n": 318, "crime_t": 2, "crime_top": 7, "bv": "2-2", "crime_night_n": 130, "crime_night_t": 2, "crime_night_top": 8, "bv_night": "2-2", "nta": "Loop", "boro": "Chicago"}}, {"type": "Feature", "geometry": {"type": "Polygon", "coordinates": [[[-87.60540633548558, 41.71462524040218], [-87.61142551091304, 41.71282637787446], [-87.61207360302716, 41.70818435761842], [-87.60670366574637, 41.70534125823464], [-87.6006852102758, 41.7071396663183], [-87.60003597216163, 41.71178162817753], [-87.60540633548558, 41.71462524040218]]]}, "properties": {"light_n": 221, "light_t": 1, "light_top": 35, "crime_n": 103, "crime_t": 1, "crime_top": 40, "bv": "1-1", "crime_night_n": 25, "crime_night_t": 1, "crime_night_top": 56, "bv_night": "1-1", "nta": "Roseland", "boro": "Chicago"}}, {"type": "Feature", "geometry": {"type": "Polygon", "coordinates": [[[-87.69256437919837, 41.83548469728452], [-87.69859460214717, 41.83367794603814], [-87.69923548366995, 41.8290290685063], [-87.69384729457285, 41.82618699860394], [-87.68781779241334, 41.827993293411836], [-87.68717575859377, 41.8326421145081], [-87.69256437919837, 41.83548469728452]]]}, "properties": {"light_n": 132, "light_t": 1, "light_top": 66, "crime_n": 55, "crime_t": 1, "crime_top": 58, "bv": "1-1", "crime_night_n": 28, "crime_night_t": 1, "crime_night_top": 53, "bv_night": "1-1", "nta": "Brighton Park", "boro": "Chicago"}}, {"type": "Feature", "geometry": {"type": "Polygon", "coordinates": [[[-87.60706703573148, 41.78533390730435], [-87.61309532896462, 41.78353289907601], [-87.61374424190718, 41.77888685505463], [-87.60836601116344, 41.77604187753837], [-87.60233844003542, 41.77784243077871], [-87.60168837757868, 41.78248841647092], [-87.60706703573148, 41.78533390730435]]]}, "properties": {"light_n": 231, "light_t": 2, "light_top": 31, "crime_n": 334, "crime_t": 2, "crime_top": 7, "bv": "2-2", "crime_night_n": 114, "crime_night_t": 2, "crime_night_top": 10, "bv_night": "2-2", "nta": "Woodlawn", "boro": "Chicago"}}, {"type": "Feature", "geometry": {"type": "Polygon", "coordinates": [[[-87.71175364307949, 41.69613017620154], [-87.7177646885126, 41.694326547505256], [-87.71840168925043, 41.689685602235784], [-87.71302879002286, 41.68684834169419], [-87.70701846040438, 41.688651514744244], [-87.70638031423051, 41.69329240392987], [-87.71175364307949, 41.69613017620154]]]}, "properties": {"light_n": 178, "light_t": 1, "light_top": 51, "crime_n": 25, "crime_t": 0, "crime_top": 74, "bv": "0-1", "crime_night_n": 6, "crime_night_t": 0, "crime_night_top": 84, "bv_night": "0-1", "nta": "Mount Greenwood", "boro": "Chicago"}}, {"type": "Feature", "geometry": {"type": "Polygon", "coordinates": [[[-87.56260316982, 41.73185342925975], [-87.56862688474166, 41.73005620395469], [-87.56927958121197, 41.72541319878821], [-87.56390970950001, 41.722567478198535], [-87.55788671650654, 41.72436424947384], [-87.55723287332974, 41.729007195316306], [-87.56260316982, 41.73185342925975]]]}, "properties": {"light_n": 275, "light_t": 2, "light_top": 17, "crime_n": 72, "crime_t": 1, "crime_top": 51, "bv": "1-2", "crime_night_n": 32, "crime_night_t": 1, "crime_night_top": 49, "bv_night": "1-2", "nta": "Calumet Heights", "boro": "Chicago"}}, {"type": "Feature", "geometry": {"type": "Polygon", "coordinates": [[[-87.64020860451282, 41.83778529271484], [-87.64624195457533, 41.83598109634403], [-87.64688821724553, 41.831332079164326], [-87.64150228212334, 41.828487315883535], [-87.63546965468885, 41.83029105645966], [-87.63482223978103, 41.83494001605881], [-87.64020860451282, 41.83778529271484]]]}, "properties": {"light_n": 244, "light_t": 2, "light_top": 26, "crime_n": 131, "crime_t": 2, "crime_top": 32, "bv": "2-2", "crime_night_n": 49, "crime_night_t": 1, "crime_night_top": 35, "bv_night": "1-2", "nta": "Bridgeport", "boro": "Chicago"}}, {"type": "Feature", "geometry": {"type": "Polygon", "coordinates": [[[-87.68678481541605, 41.87733739266483], [-87.69282081518699, 41.87552970922949], [-87.69346286783401, 41.8708784591038], [-87.68807007510925, 41.86803494890303], [-87.6820347976299, 41.86984217566317], [-87.68139159061597, 41.87449336924672], [-87.68678481541605, 41.87733739266483]]]}, "properties": {"light_n": 315, "light_t": 2, "light_top": 9, "crime_n": 204, "crime_t": 2, "crime_top": 18, "bv": "2-2", "crime_night_n": 80, "crime_night_t": 2, "crime_night_top": 20, "bv_night": "2-2", "nta": "Near West Side", "boro": "Chicago"}}, {"type": "Feature", "geometry": {"type": "Polygon", "coordinates": [[[-87.78873549661685, 41.93599163505479], [-87.79477363397477, 41.93417712839036], [-87.7954060630454, 41.929522588608705], [-87.79000151242036, 41.9266826097168], [-87.78396409572922, 41.92849665798913], [-87.78333050902795, 41.933151143492786], [-87.78873549661685, 41.93599163505479]]]}, "properties": {"light_n": 205, "light_t": 1, "light_top": 42, "crime_n": 65, "crime_t": 1, "crime_top": 54, "bv": "1-1", "crime_night_n": 19, "crime_night_t": 1, "crime_night_top": 62, "bv_night": "1-1", "nta": "Belmont Cragin", "boro": "Chicago"}}, {"type": "Feature", "geometry": {"type": "Polygon", "coordinates": [[[-87.62210518934582, 41.84319638282699], [-87.62814022184237, 41.84139293605096], [-87.62878840995714, 41.83674360987417], [-87.62340271805425, 41.83389778839528], [-87.6173684089655, 41.83570077956562], [-87.6167190684045, 41.84035004776807], [-87.62210518934582, 41.84319638282699]]]}, "properties": {"light_n": 274, "light_t": 2, "light_top": 17, "crime_n": 151, "crime_t": 2, "crime_top": 27, "bv": "2-2", "crime_night_n": 59, "crime_night_t": 2, "crime_night_top": 28, "bv_night": "2-2", "nta": "Douglas", "boro": "Chicago"}}, {"type": "Feature", "geometry": {"type": "Polygon", "coordinates": [[[-87.77157800882772, 41.976868187806105], [-87.77762242927056, 41.975053347147515], [-87.77825717633098, 41.97039649531056], [-87.77284866260882, 41.96755453871285], [-87.76680496469436, 41.969368920892315], [-87.76616905800546, 41.97402571809588], [-87.77157800882772, 41.976868187806105]]]}, "properties": {"light_n": 150, "light_t": 1, "light_top": 61, "crime_n": 39, "crime_t": 1, "crime_top": 66, "bv": "1-1", "crime_night_n": 19, "crime_night_t": 1, "crime_night_top": 62, "bv_night": "1-1", "nta": "Jefferson Park", "boro": "Chicago"}}, {"type": "Feature", "geometry": {"type": "Polygon", "coordinates": [[[-87.60623605184682, 41.74997206372702], [-87.61225978272836, 41.7481721280921], [-87.61290828500812, 41.743528094835995], [-87.60753420419401, 41.74068405552547], [-87.6015111943423, 41.7424835364443], [-87.60086154430745, 41.747127511337425], [-87.60623605184682, 41.74997206372702]]]}, "properties": {"light_n": 208, "light_t": 1, "light_top": 40, "crime_n": 437, "crime_t": 2, "crime_top": 3, "bv": "2-1", "crime_night_n": 185, "crime_night_t": 2, "crime_night_top": 3, "bv_night": "2-1", "nta": "Chatham", "boro": "Chicago"}}, {"type": "Feature", "geometry": {"type": "Polygon", "coordinates": [[[-87.7229923731728, 41.8664875474237], [-87.72902499621027, 41.86467836680096], [-87.72966319656483, 41.86002773915935], [-87.72426992785682, 41.857186347842195], [-87.7182380255471, 41.858995071413815], [-87.71759867124958, 41.86364564330117], [-87.7229923731728, 41.8664875474237]]]}, "properties": {"light_n": 357, "light_t": 2, "light_top": 4, "crime_n": 376, "crime_t": 2, "crime_top": 5, "bv": "2-2", "crime_night_n": 147, "crime_night_t": 2, "crime_night_top": 6, "bv_night": "2-2", "nta": "North Lawndale", "boro": "Chicago"}}, {"type": "Feature", "geometry": {"type": "Polygon", "coordinates": [[[-87.67640028993956, 41.82695637124709], [-87.68243027363486, 41.82515067824156], [-87.68307268817564, 41.820502281182115], [-87.67768627087182, 41.81765963386916], [-87.67165700824543, 41.81946487070311], [-87.67101344188613, 41.82411321096911], [-87.67640028993956, 41.82695637124709]]]}, "properties": {"light_n": 45, "light_t": 0, "light_top": 85, "crime_n": 31, "crime_t": 0, "crime_top": 70, "bv": "0-0", "crime_night_n": 9, "crime_night_t": 0, "crime_night_top": 77, "bv_night": "0-0", "nta": "McKinley Park", "boro": "Chicago"}}, {"type": "Feature", "geometry": {"type": "Polygon", "coordinates": [[[-87.67728626489678, 41.862347349078675], [-87.68332082015826, 41.86054057887839], [-87.68396363575181, 41.85589017575847], [-87.67857304970298, 41.853046599543624], [-87.6725392165856, 41.854852913299375], [-87.67189524740525, 41.85950325966199], [-87.67728626489678, 41.862347349078675]]]}, "properties": {"light_n": 330, "light_t": 2, "light_top": 7, "crime_n": 124, "crime_t": 2, "crime_top": 34, "bv": "2-2", "crime_night_n": 60, "crime_night_t": 2, "crime_night_top": 28, "bv_night": "2-2", "nta": "Lower West Side", "boro": "Chicago"}}, {"type": "Feature", "geometry": {"type": "Polygon", "coordinates": [[[-87.61290828500812, 41.743528094835995], [-87.61893081818096, 41.74172801360469], [-87.61957854990213, 41.73708434786793], [-87.61420489594109, 41.73424082153027], [-87.60818308337326, 41.73604044800882], [-87.60753420419401, 41.74068405552547], [-87.61290828500812, 41.743528094835995]]]}, "properties": {"light_n": 290, "light_t": 2, "light_top": 14, "crime_n": 97, "crime_t": 1, "crime_top": 42, "bv": "1-2", "crime_night_n": 41, "crime_night_t": 1, "crime_night_top": 42, "bv_night": "1-2", "nta": "Chatham", "boro": "Chicago"}}, {"type": "Feature", "geometry": {"type": "Polygon", "coordinates": [[[-87.6848559473484, 41.89129303364659], [-87.69089387515442, 41.88948503995412], [-87.6915363188867, 41.88483299969536], [-87.68614198990345, 41.88198900965424], [-87.68010478489077, 41.88379654659271], [-87.67946118610031, 41.88844853027372], [-87.6848559473484, 41.89129303364659]]]}, "properties": {"light_n": 156, "light_t": 1, "light_top": 58, "crime_n": 182, "crime_t": 2, "crime_top": 21, "bv": "2-1", "crime_night_n": 83, "crime_night_t": 2, "crime_night_top": 19, "bv_night": "2-1", "nta": "Near West Side", "boro": "Chicago"}}, {"type": "Feature", "geometry": {"type": "Polygon", "coordinates": [[[-87.73256141431867, 41.79675426904223], [-87.7385844246097, 41.794946650321826], [-87.73922068696983, 41.790299981176425], [-87.73383508956769, 41.78746098627838], [-87.72781279751005, 41.78926814834416], [-87.7271753846529, 41.793914761910166], [-87.73256141431867, 41.79675426904223]]]}, "properties": {"light_n": 223, "light_t": 1, "light_top": 34, "crime_n": 65, "crime_t": 1, "crime_top": 54, "bv": "1-1", "crime_night_n": 32, "crime_night_t": 1, "crime_night_top": 49, "bv_night": "1-1", "nta": "West Elsdon", "boro": "Chicago"}}, {"type": "Feature", "geometry": {"type": "Polygon", "coordinates": [[[-87.71923695762142, 41.80966351814644], [-87.725262370994, 41.80785618747312], [-87.72590017143398, 41.803208781514996], [-87.72051370963011, 41.800368762042226], [-87.71448901534201, 41.80217563613264], [-87.71385006380517, 41.80682298622629], [-87.71923695762142, 41.80966351814644]]]}, "properties": {"light_n": 165, "light_t": 1, "light_top": 55, "crime_n": 90, "crime_t": 1, "crime_top": 44, "bv": "1-1", "crime_night_n": 38, "crime_night_t": 1, "crime_night_top": 44, "bv_night": "1-1", "nta": "Archer Heights", "boro": "Chicago"}}, {"type": "Feature", "geometry": {"type": "Polygon", "coordinates": [[[-87.78590611242308, 41.99936829232437], [-87.79195270088441, 41.997552075535374], [-87.79258628814058, 41.99289396022121], [-87.78717444777233, 41.99005211595044], [-87.78112858205597, 41.99186787391379], [-87.78049383399464, 41.996525934920776], [-87.78590611242308, 41.99936829232437]]]}, "properties": {"light_n": 217, "light_t": 1, "light_top": 37, "crime_n": 26, "crime_t": 0, "crime_top": 73, "bv": "0-1", "crime_night_n": 9, "crime_night_t": 0, "crime_night_top": 77, "bv_night": "0-1", "nta": "Norwood Park", "boro": "Chicago"}}, {"type": "Feature", "geometry": {"type": "Polygon", "coordinates": [[[-87.63267478012082, 41.808853190485436], [-87.6387047612701, 41.80705021474403], [-87.63935138927276, 41.802402837940484], [-87.63396918692959, 41.799558494584495], [-87.62793992775819, 41.801361014840246], [-87.62729214898461, 41.80600833388523], [-87.63267478012082, 41.808853190485436]]]}, "properties": {"light_n": 72, "light_t": 0, "light_top": 80, "crime_n": 52, "crime_t": 1, "crime_top": 59, "bv": "1-0", "crime_night_n": 25, "crime_night_t": 1, "crime_night_top": 56, "bv_night": "1-0", "nta": "Fuller Park", "boro": "Chicago"}}, {"type": "Feature", "geometry": {"type": "Polygon", "coordinates": [[[-87.6609277473747, 41.93859943263906], [-87.66697315790843, 41.936791262315644], [-87.66761870943515, 41.93213654463046], [-87.66222000780776, 41.92929005429615], [-87.65617532236067, 41.931097767818656], [-87.6555286134869, 41.93575242842373], [-87.6609277473747, 41.93859943263906]]]}, "properties": {"light_n": 204, "light_t": 1, "light_top": 42, "crime_n": 40, "crime_t": 1, "crime_top": 64, "bv": "1-1", "crime_night_n": 18, "crime_night_t": 1, "crime_night_top": 64, "bv_night": "1-1", "nta": "Lake View", "boro": "Chicago"}}, {"type": "Feature", "geometry": {"type": "Polygon", "coordinates": [[[-87.6251502380565, 41.77993013500823], [-87.63117685380408, 41.778128379357454], [-87.6318238457266, 41.773482644492084], [-87.626445371241, 41.77063872316135], [-87.62041947682185, 41.772440023635404], [-87.61977133559238, 41.77708570056456], [-87.6251502380565, 41.77993013500823]]]}, "properties": {"light_n": 153, "light_t": 1, "light_top": 60, "crime_n": 137, "crime_t": 2, "crime_top": 31, "bv": "2-1", "crime_night_n": 57, "crime_night_t": 2, "crime_night_top": 30, "bv_night": "2-1", "nta": "Greater Grand Crossing", "boro": "Chicago"}}, {"type": "Feature", "geometry": {"type": "Polygon", "coordinates": [[[-87.76679108859273, 41.79984486289543], [-87.77281264770038, 41.79803544320877], [-87.77344545804414, 41.79338860882576], [-87.76805786007114, 41.790551248906056], [-87.76203701813701, 41.79236021148565], [-87.76140305703383, 41.79700699103956], [-87.76679108859273, 41.79984486289543]]]}, "properties": {"light_n": 212, "light_t": 1, "light_top": 39, "crime_n": 31, "crime_t": 0, "crime_top": 70, "bv": "0-1", "crime_night_n": 7, "crime_night_t": 0, "crime_night_top": 81, "bv_night": "0-1", "nta": "Garfield Ridge", "boro": "Chicago"}}, {"type": "Feature", "geometry": {"type": "Polygon", "coordinates": [[[-87.61179710870343, 41.79282577923505], [-87.61782612411659, 41.7910243159035], [-87.61847465927947, 41.78637784673898], [-87.61309532896462, 41.78353289907601], [-87.60706703573148, 41.78533390730435], [-87.60641735066581, 41.789980318246464], [-87.61179710870343, 41.79282577923505]]]}, "properties": {"light_n": 149, "light_t": 1, "light_top": 61, "crime_n": 118, "crime_t": 1, "crime_top": 36, "bv": "1-1", "crime_night_n": 44, "crime_night_t": 1, "crime_night_top": 40, "bv_night": "1-1", "nta": "Washington Park", "boro": "Chicago"}}, {"type": "Feature", "geometry": {"type": "Polygon", "coordinates": [[[-87.64237006245277, 41.73916872128827], [-87.64839044307328, 41.73736729486082], [-87.64903511005248, 41.732723881408006], [-87.64366054378449, 41.729881951908816], [-87.63764088264404, 41.73168292324379], [-87.6369950683238, 41.73632627911814], [-87.64237006245277, 41.73916872128827]]]}, "properties": {"light_n": 384, "light_t": 2, "light_top": 2, "crime_n": 147, "crime_t": 2, "crime_top": 29, "bv": "2-2", "crime_night_n": 64, "crime_night_t": 2, "crime_night_top": 27, "bv_night": "2-2", "nta": "Auburn Gresham", "boro": "Chicago"}}, {"type": "Feature", "geometry": {"type": "Polygon", "coordinates": [[[-87.71147100660076, 41.950245743477325], [-87.71751520497975, 41.94843469634413], [-87.71815574259074, 41.94377933057234], [-87.71275323995329, 41.940935067846866], [-87.70670976531197, 41.942745657454715], [-87.70606806960267, 41.9474009672607], [-87.71147100660076, 41.950245743477325]]]}, "properties": {"light_n": 166, "light_t": 1, "light_top": 55, "crime_n": 66, "crime_t": 1, "crime_top": 53, "bv": "1-1", "crime_night_n": 31, "crime_night_t": 1, "crime_night_top": 50, "bv_night": "1-1", "nta": "Irving Park", "boro": "Chicago"}}, {"type": "Feature", "geometry": {"type": "Polygon", "coordinates": [[[-87.5928856779611, 41.76286066548402], [-87.59891180510382, 41.761061021874106], [-87.59956184972798, 41.75641625409259], [-87.59418691559131, 41.7535711885177], [-87.58816151032865, 41.75537037748516], [-87.58751031735531, 41.760015086617614], [-87.5928856779611, 41.76286066548402]]]}, "properties": {"light_n": 235, "light_t": 2, "light_top": 30, "crime_n": 163, "crime_t": 2, "crime_top": 25, "bv": "2-2", "crime_night_n": 74, "crime_night_t": 2, "crime_night_top": 23, "bv_night": "2-2", "nta": "South Shore", "boro": "Chicago"}}, {"type": "Feature", "geometry": {"type": "Polygon", "coordinates": [[[-87.6619897942167, 41.889217656805855], [-87.66802868699192, 41.887410870263416], [-87.66867344075082, 41.88275894341118], [-87.66328045664544, 41.879913860128624], [-87.65724228737217, 41.88172019022115], [-87.65659637873479, 41.8863720599936], [-87.6619897942167, 41.889217656805855]]]}, "properties": {"light_n": 220, "light_t": 1, "light_top": 35, "crime_n": 290, "crime_t": 2, "crime_top": 10, "bv": "2-1", "crime_night_n": 159, "crime_night_t": 2, "crime_night_top": 5, "bv_night": "2-1", "nta": "Near West Side", "boro": "Chicago"}}, {"type": "Feature", "geometry": {"type": "Polygon", "coordinates": [[[-87.74390109314513, 41.967310307676954], [-87.74994576613861, 41.96549713513868], [-87.75058321762172, 41.960840814472704], [-87.74517715520336, 41.957997721538035], [-87.73913320538055, 41.95981043601615], [-87.73849459483742, 41.96446670143637], [-87.74390109314513, 41.967310307676954]]]}, "properties": {"light_n": 152, "light_t": 1, "light_top": 60, "crime_n": 68, "crime_t": 1, "crime_top": 52, "bv": "1-1", "crime_night_n": 29, "crime_night_t": 1, "crime_night_top": 52, "bv_night": "1-1", "nta": "Irving Park", "boro": "Chicago"}}, {"type": "Feature", "geometry": {"type": "Polygon", "coordinates": [[[-87.63012586965375, 41.702786591346374], [-87.63614217706223, 41.7009868401827], [-87.6367875852736, 41.696345498124494], [-87.63141783160621, 41.69350396504021], [-87.6254022429579, 41.69530326153538], [-87.62475568924916, 41.69994454573111], [-87.63012586965375, 41.702786591346374]]]}, "properties": {"light_n": 273, "light_t": 2, "light_top": 17, "crime_n": 113, "crime_t": 1, "crime_top": 38, "bv": "1-2", "crime_night_n": 52, "crime_night_t": 2, "crime_night_top": 34, "bv_night": "2-2", "nta": "Roseland", "boro": "Chicago"}}, {"type": "Feature", "geometry": {"type": "Polygon", "coordinates": [[[-87.63206361672391, 41.68886304913022], [-87.63807801034038, 41.687063608532284], [-87.63872302727451, 41.68242306107825], [-87.63335479543937, 41.67958201199643], [-87.62734112008586, 41.681380998004634], [-87.62669495833681, 41.686021487632146], [-87.63206361672391, 41.68886304913022]]]}, "properties": {"light_n": 313, "light_t": 2, "light_top": 9, "crime_n": 105, "crime_t": 1, "crime_top": 40, "bv": "1-2", "crime_night_n": 39, "crime_night_t": 1, "crime_night_top": 43, "bv_night": "1-2", "nta": "West Pullman", "boro": "Chicago"}}, {"type": "Feature", "geometry": {"type": "Polygon", "coordinates": [[[-87.84030498230973, 41.983013329533314], [-87.84634646338588, 41.98119486125622], [-87.84697425084084, 41.97653768691125], [-87.8415617174022, 41.97369903391182], [-87.83552095670457, 41.97551704280184], [-87.83489200909835, 41.980174164025584], [-87.84030498230973, 41.983013329533314]]]}, "properties": {"light_n": 63, "light_t": 0, "light_top": 82, "crime_n": 47, "crime_t": 1, "crime_top": 61, "bv": "1-0", "crime_night_n": 19, "crime_night_t": 1, "crime_night_top": 62, "bv_night": "1-0", "nta": "O'Hare", "boro": "Chicago"}}, {"type": "Feature", "geometry": {"type": "Polygon", "coordinates": [[[-87.74296214341946, 41.93187836337082], [-87.74900222977833, 41.93006627185487], [-87.74963928884576, 41.925411950694375], [-87.74423741886551, 41.92256977628122], [-87.73819805460005, 41.92438141001082], [-87.73755983825336, 41.929035675887256], [-87.74296214341946, 41.93187836337082]]]}, "properties": {"light_n": 256, "light_t": 2, "light_top": 22, "crime_n": 112, "crime_t": 1, "crime_top": 38, "bv": "1-2", "crime_night_n": 43, "crime_night_t": 1, "crime_night_top": 41, "bv_night": "1-2", "nta": "Belmont Cragin", "boro": "Chicago"}}, {"type": "Feature", "geometry": {"type": "Polygon", "coordinates": [[[-87.68692444232194, 41.792617441454915], [-87.69294938060644, 41.79081222529132], [-87.69359024442552, 41.78616577996379], [-87.68820732013556, 41.783324607326975], [-87.68218310149501, 41.78512936744058], [-87.68154108753255, 41.789775756188575], [-87.68692444232194, 41.792617441454915]]]}, "properties": {"light_n": 212, "light_t": 1, "light_top": 39, "crime_n": 157, "crime_t": 2, "crime_top": 26, "bv": "2-1", "crime_night_n": 70, "crime_night_t": 2, "crime_night_top": 25, "bv_night": "2-1", "nta": "Gage Park", "boro": "Chicago"}}, {"type": "Feature", "geometry": {"type": "Polygon", "coordinates": [[[-87.56927958121197, 41.72541319878821], [-87.57530209970669, 41.723615827239094], [-87.57595402495298, 41.71897318921934], [-87.57058457814792, 41.716127981877385], [-87.56456278115681, 41.71792489935972], [-87.56390970950001, 41.722567478198535], [-87.56927958121197, 41.72541319878821]]]}, "properties": {"light_n": 230, "light_t": 2, "light_top": 31, "crime_n": 98, "crime_t": 1, "crime_top": 42, "bv": "1-2", "crime_night_n": 34, "crime_night_t": 1, "crime_night_top": 46, "bv_night": "1-2", "nta": "South Deering", "boro": "Chicago"}}, {"type": "Feature", "geometry": {"type": "Polygon", "coordinates": [[[-87.64386974125502, 41.89463651412265], [-87.64991032129258, 41.89283047883036], [-87.65055700422168, 41.88817824282558], [-87.64516426223445, 41.8853320995349], [-87.63912440648137, 41.887137678566404], [-87.63847656846363, 41.891789857096825], [-87.64386974125502, 41.89463651412265]]]}, "properties": {"light_n": 162, "light_t": 1, "light_top": 57, "crime_n": 190, "crime_t": 2, "crime_top": 20, "bv": "2-1", "crime_night_n": 89, "crime_night_t": 2, "crime_night_top": 17, "bv_night": "2-1", "nta": "West Town", "boro": "Chicago"}}, {"type": "Feature", "geometry": {"type": "Polygon", "coordinates": [[[-87.65617532236067, 41.931097767818656], [-87.66222000780776, 41.92929005429615], [-87.66286594111459, 41.924635759461445], [-87.6574683459621, 41.921789235284436], [-87.65142438552711, 41.92359649212146], [-87.65077729526512, 41.928250729768365], [-87.65617532236067, 41.931097767818656]]]}, "properties": {"light_n": 248, "light_t": 2, "light_top": 25, "crime_n": 157, "crime_t": 2, "crime_top": 26, "bv": "2-2", "crime_night_n": 67, "crime_night_t": 2, "crime_night_top": 26, "bv_night": "2-2", "nta": "Lincoln Park", "boro": "Chicago"}}, {"type": "Feature", "geometry": {"type": "Polygon", "coordinates": [[[-87.68560743042889, 42.0115672120519], [-87.69166106799193, 42.00975568060331], [-87.69230510875765, 42.00509685421868], [-87.68689667308722, 42.00224961573407], [-87.68084376206755, 42.004060689531656], [-87.68019856020749, 42.008719459412085], [-87.68560743042889, 42.0115672120519]]]}, "properties": {"light_n": 113, "light_t": 0, "light_top": 72, "crime_n": 51, "crime_t": 1, "crime_top": 59, "bv": "1-0", "crime_night_n": 21, "crime_night_t": 1, "crime_night_top": 59, "bv_night": "1-0", "nta": "West Ridge", "boro": "Chicago"}}, {"type": "Feature", "geometry": {"type": "Polygon", "coordinates": [[[-87.71907593944684, 41.97921759214453], [-87.72512352001543, 41.97740531920044], [-87.72576367997637, 41.97274832121021], [-87.72035741897872, 41.969903651896104], [-87.71431056279829, 41.97171546700498], [-87.71366924325957, 41.97637240921042], [-87.71907593944684, 41.97921759214453]]]}, "properties": {"light_n": 189, "light_t": 1, "light_top": 46, "crime_n": 40, "crime_t": 1, "crime_top": 64, "bv": "1-1", "crime_night_n": 17, "crime_night_t": 1, "crime_night_top": 66, "bv_night": "1-1", "nta": "Albany Park", "boro": "Chicago"}}, {"type": "Feature", "geometry": {"type": "Polygon", "coordinates": [[[-87.62624684721897, 41.730640823271], [-87.63226698581822, 41.72884045167849], [-87.6329131776485, 41.724197521493096], [-87.62754037777604, 41.72135502078244], [-87.62152095893292, 41.72315493754908], [-87.62087362023851, 41.72779780979996], [-87.62624684721897, 41.730640823271]]]}, "properties": {"light_n": 260, "light_t": 2, "light_top": 21, "crime_n": 141, "crime_t": 2, "crime_top": 31, "bv": "2-2", "crime_night_n": 50, "crime_night_t": 1, "crime_night_top": 35, "bv_night": "1-2", "nta": "Roseland", "boro": "Chicago"}}, {"type": "Feature", "geometry": {"type": "Polygon", "coordinates": [[[-87.58343881746366, 41.74788048643168], [-87.58946350092143, 41.74608175199154], [-87.59011429862058, 41.741437835710926], [-87.58474156046796, 41.73859271268018], [-87.57871759873986, 41.74039099270821], [-87.57806565346745, 41.7450348501268], [-87.58343881746366, 41.74788048643168]]]}, "properties": {"light_n": 241, "light_t": 2, "light_top": 28, "crime_n": 91, "crime_t": 1, "crime_top": 44, "bv": "1-2", "crime_night_n": 40, "crime_night_t": 1, "crime_night_top": 42, "bv_night": "1-2", "nta": "Avalon Park", "boro": "Chicago"}}, {"type": "Feature", "geometry": {"type": "Polygon", "coordinates": [[[-87.69243498207234, 41.920247724514496], [-87.6984762859419, 41.91843850678996], [-87.69911835638092, 41.9137848309677], [-87.69372027951489, 41.910940429215145], [-87.68767969908859, 41.9127491898761], [-87.68703647211736, 41.91740280930055], [-87.69243498207234, 41.920247724514496]]]}, "properties": {"light_n": 278, "light_t": 2, "light_top": 16, "crime_n": 154, "crime_t": 2, "crime_top": 27, "bv": "2-2", "crime_night_n": 70, "crime_night_t": 2, "crime_night_top": 25, "bv_night": "2-2", "nta": "Logan Square", "boro": "Chicago"}}, {"type": "Feature", "geometry": {"type": "Polygon", "coordinates": [[[-87.67094475919141, 41.699465368184335], [-87.67695843810871, 41.697663676993095], [-87.67759964188714, 41.69302253169706], [-87.67222831224873, 41.69018313451299], [-87.6662153506194, 41.69198437054606], [-87.66557300137251, 41.6966254588691], [-87.67094475919141, 41.699465368184335]]]}, "properties": {"light_n": 143, "light_t": 1, "light_top": 63, "crime_n": 30, "crime_t": 0, "crime_top": 71, "bv": "0-1", "crime_night_n": 7, "crime_night_t": 0, "crime_night_top": 81, "bv_night": "0-1", "nta": "Morgan Park", "boro": "Chicago"}}, {"type": "Feature", "geometry": {"type": "Polygon", "coordinates": [[[-87.61595940527997, 41.68033779584536], [-87.62197355663018, 41.67853940834204], [-87.62262009473577, 41.673899345131154], [-87.61725362586273, 41.671057727553155], [-87.61124019305029, 41.672855660733084], [-87.6105925106055, 41.67749566576221], [-87.61595940527997, 41.68033779584536]]]}, "properties": {"light_n": 159, "light_t": 1, "light_top": 58, "crime_n": 133, "crime_t": 2, "crime_top": 32, "bv": "2-1", "crime_night_n": 43, "crime_night_t": 1, "crime_night_top": 41, "bv_night": "1-1", "nta": "West Pullman", "boro": "Chicago"}}, {"type": "Feature", "geometry": {"type": "Polygon", "coordinates": [[[-87.69526397624217, 41.94171083103275], [-87.70130793560544, 41.93990084610977], [-87.70195001455035, 41.935245958693436], [-87.69654929178144, 41.93240111247292], [-87.69050605643827, 41.93421064013809], [-87.68986281987624, 41.93886547122894], [-87.69526397624217, 41.94171083103275]]]}, "properties": {"light_n": 262, "light_t": 2, "light_top": 20, "crime_n": 37, "crime_t": 1, "crime_top": 67, "bv": "1-2", "crime_night_n": 16, "crime_night_t": 1, "crime_night_top": 67, "bv_night": "1-2", "nta": "Avondale", "boro": "Chicago"}}, {"type": "Feature", "geometry": {"type": "Polygon", "coordinates": [[[-87.81839225333106, 42.016418310290284], [-87.82443930611983, 42.014599964411914], [-87.82506979531931, 42.0099409000492], [-87.81965439352648, 42.007100235096615], [-87.81360806290843, 42.00891812161521], [-87.812976411944, 42.01357713239335], [-87.81839225333106, 42.016418310290284]]]}, "properties": {"light_n": 142, "light_t": 1, "light_top": 63, "crime_n": 4, "crime_t": 0, "crime_top": 93, "bv": "0-1", "crime_night_n": 2, "crime_night_t": 0, "crime_night_top": 94, "bv_night": "0-1", "nta": "Edison Park", "boro": "Chicago"}}, {"type": "Feature", "geometry": {"type": "Polygon", "coordinates": [[[-87.57284533786478, 41.782195221322404], [-87.57887506150864, 41.78039601783256], [-87.57952742272046, 41.77575014954829], [-87.57415120956179, 41.772903543780245], [-87.568122209075, 41.77470229273873], [-87.56746869862275, 41.77934810194425], [-87.57284533786478, 41.782195221322404]]]}, "properties": {"light_n": 25, "light_t": 0, "light_top": 90, "crime_n": 38, "crime_t": 1, "crime_top": 66, "bv": "1-0", "crime_night_n": 17, "crime_night_t": 1, "crime_night_top": 66, "bv_night": "1-0", "nta": "Woodlawn", "boro": "Chicago"}}, {"type": "Feature", "geometry": {"type": "Polygon", "coordinates": [[[-87.7353504789025, 41.90292489208674], [-87.7413871922456, 41.901114027705404], [-87.74202463123235, 41.89646134094527], [-87.73662651271258, 41.89361957397928], [-87.73059052081608, 41.89542998088424], [-87.7299519260247, 41.900082612178956], [-87.7353504789025, 41.90292489208674]]]}, "properties": {"light_n": 180, "light_t": 1, "light_top": 51, "crime_n": 164, "crime_t": 2, "crime_top": 25, "bv": "2-1", "crime_night_n": 58, "crime_night_t": 2, "crime_night_top": 29, "bv_night": "2-1", "nta": "Humboldt Park", "boro": "Chicago"}}, {"type": "Feature", "geometry": {"type": "Polygon", "coordinates": [[[-87.68099468459282, 41.919211422796494], [-87.68703647211736, 41.91740280930055], [-87.68767969908859, 41.9127491898761], [-87.68228229501015, 41.9099042405441], [-87.67624123128405, 41.911712397128554], [-87.67559684787031, 41.916365959903864], [-87.68099468459282, 41.919211422796494]]]}, "properties": {"light_n": 237, "light_t": 2, "light_top": 29, "crime_n": 125, "crime_t": 2, "crime_top": 33, "bv": "2-2", "crime_night_n": 56, "crime_night_t": 2, "crime_night_top": 31, "bv_night": "2-2", "nta": "Logan Square", "boro": "Chicago"}}, {"type": "Feature", "geometry": {"type": "Polygon", "coordinates": [[[-87.57319298911699, 41.69756072286854], [-87.5792116743631, 41.695763967828746], [-87.57986280915937, 41.691122917573026], [-87.5744964037873, 41.68827868141232], [-87.56847843904596, 41.69007498254172], [-87.56782615920466, 41.69471597369], [-87.57319298911699, 41.69756072286854]]]}, "properties": {"light_n": 3, "light_t": 0, "light_top": 98, "crime_n": 0, "crime_t": 0, "crime_top": null, "bv": "0-0", "crime_night_n": 0, "crime_night_t": 0, "crime_night_top": null, "bv_night": "0-0", "nta": "South Deering", "boro": "Chicago"}}, {"type": "Feature", "geometry": {"type": "Polygon", "coordinates": [[[-87.61485300467358, 41.729597581561066], [-87.62087362023851, 41.72779780979996], [-87.62152095893292, 41.72315493754908], [-87.61614882886876, 41.72031189519089], [-87.61012893340983, 41.72211121227775], [-87.60948044794151, 41.72675402634477], [-87.61485300467358, 41.729597581561066]]]}, "properties": {"light_n": 287, "light_t": 2, "light_top": 14, "crime_n": 77, "crime_t": 1, "crime_top": 49, "bv": "1-2", "crime_night_n": 20, "crime_night_t": 1, "crime_night_top": 61, "bv_night": "1-2", "nta": "Roseland", "boro": "Chicago"}}, {"type": "Feature", "geometry": {"type": "Polygon", "coordinates": [[[-87.69063903027435, 41.84943322338639], [-87.6966711776178, 41.84762616117446], [-87.69731244916049, 41.842976492412745], [-87.6919227263781, 41.84013394228154], [-87.68589130032419, 41.84194054797606], [-87.68524887579528, 41.84659016026671], [-87.69063903027435, 41.84943322338639]]]}, "properties": {"light_n": 208, "light_t": 1, "light_top": 40, "crime_n": 160, "crime_t": 2, "crime_top": 26, "bv": "2-1", "crime_night_n": 72, "crime_night_t": 2, "crime_night_top": 24, "bv_night": "2-1", "nta": "South Lawndale", "boro": "Chicago"}}, {"type": "Feature", "geometry": {"type": "Polygon", "coordinates": [[[-87.6365564275843, 41.78097227056778], [-87.64258256489953, 41.77916991384545], [-87.64322840742489, 41.77452412129372], [-87.6378492620646, 41.77168074309831], [-87.6318238457266, 41.773482644492084], [-87.63117685380408, 41.778128379357454], [-87.6365564275843, 41.78097227056778]]]}, "properties": {"light_n": 183, "light_t": 1, "light_top": 49, "crime_n": 210, "crime_t": 2, "crime_top": 17, "bv": "2-1", "crime_night_n": 75, "crime_night_t": 2, "crime_night_top": 22, "bv_night": "2-1", "nta": "Englewood", "boro": "Chicago"}}, {"type": "Feature", "geometry": {"type": "Polygon", "coordinates": [[[-87.57204049446271, 41.74683298383681], [-87.57806565346745, 41.7450348501268], [-87.57871759873986, 41.74039099270821], [-87.57334553252227, 41.73754532805877], [-87.56732109559684, 41.73934300750874], [-87.5666680028425, 41.74398680581585], [-87.57204049446271, 41.74683298383681]]]}, "properties": {"light_n": 365, "light_t": 2, "light_top": 3, "crime_n": 47, "crime_t": 1, "crime_top": 61, "bv": "1-2", "crime_night_n": 18, "crime_night_t": 1, "crime_night_top": 64, "bv_night": "1-2", "nta": "South Chicago", "boro": "Chicago"}}, {"type": "Feature", "geometry": {"type": "Polygon", "coordinates": [[[-87.76203521972454, 41.877072019999105], [-87.76806710811658, 41.87526057489302], [-87.76870146205145, 41.87060935867761], [-87.76330508222267, 41.86776964240938], [-87.75727391356614, 41.8695806298951], [-87.75663840503455, 41.87423179121683], [-87.76203521972454, 41.877072019999105]]]}, "properties": {"light_n": 111, "light_t": 0, "light_top": 72, "crime_n": 148, "crime_t": 2, "crime_top": 29, "bv": "2-0", "crime_night_n": 64, "crime_night_t": 2, "crime_night_top": 27, "bv_night": "2-0", "nta": "Austin", "boro": "Chicago"}}, {"type": "Feature", "geometry": {"type": "Polygon", "coordinates": [[[-87.61679654441068, 41.715669448870194], [-87.62281524357195, 41.71386998681431], [-87.62346218959567, 41.709227908410625], [-87.61809158258093, 41.70638535015821], [-87.61207360302716, 41.70818435761842], [-87.61142551091304, 41.71282637787446], [-87.61679654441068, 41.715669448870194]]]}, "properties": {"light_n": 270, "light_t": 2, "light_top": 18, "crime_n": 112, "crime_t": 1, "crime_top": 38, "bv": "1-2", "crime_night_n": 39, "crime_night_t": 1, "crime_night_top": 43, "bv_night": "1-2", "nta": "Roseland", "boro": "Chicago"}}, {"type": "Feature", "geometry": {"type": "Polygon", "coordinates": [[[-87.64322840742489, 41.77452412129372], [-87.64925334518729, 41.77272161906945], [-87.64989841700525, 41.76807619406722], [-87.64451970019225, 41.76523332878033], [-87.63849548298165, 41.76703537563952], [-87.6378492620646, 41.77168074309831], [-87.64322840742489, 41.77452412129372]]]}, "properties": {"light_n": 191, "light_t": 1, "light_top": 45, "crime_n": 291, "crime_t": 2, "crime_top": 9, "bv": "2-1", "crime_night_n": 112, "crime_night_t": 2, "crime_night_top": 11, "bv_night": "2-1", "nta": "Englewood", "boro": "Chicago"}}, {"type": "Feature", "geometry": {"type": "Polygon", "coordinates": [[[-87.66516234168236, 41.74124852583562], [-87.67118176520506, 41.739445899887926], [-87.6718241372337, 41.73480237202652], [-87.66644823329167, 41.73196152714005], [-87.66042952854785, 41.733763697692524], [-87.65978600899929, 41.73840716847437], [-87.66516234168236, 41.74124852583562]]]}, "properties": {"light_n": 303, "light_t": 2, "light_top": 11, "crime_n": 105, "crime_t": 1, "crime_top": 40, "bv": "1-2", "crime_night_n": 37, "crime_night_t": 1, "crime_night_top": 45, "bv_night": "1-2", "nta": "Auburn Gresham", "boro": "Chicago"}}, {"type": "Feature", "geometry": {"type": "Polygon", "coordinates": [[[-87.58620753585556, 41.76930529745232], [-87.59223486155074, 41.76750580027131], [-87.5928856779611, 41.76286066548402], [-87.58751031735531, 41.760015086617614], [-87.58148371396564, 41.76181412919312], [-87.58083174890903, 41.766459205188205], [-87.58620753585556, 41.76930529745232]]]}, "properties": {"light_n": 298, "light_t": 2, "light_top": 12, "crime_n": 260, "crime_t": 2, "crime_top": 12, "bv": "2-2", "crime_night_n": 90, "crime_night_t": 2, "crime_night_top": 17, "bv_night": "2-2", "nta": "South Shore", "boro": "Chicago"}}, {"type": "Feature", "geometry": {"type": "Polygon", "coordinates": [[[-87.64710071770047, 41.746654915241905], [-87.65312181787496, 41.74485303360683], [-87.65376610668112, 41.74020919470661], [-87.64839044307328, 41.73736729486082], [-87.64237006245277, 41.73916872128827], [-87.64172462591841, 41.74381250271683], [-87.64710071770047, 41.746654915241905]]]}, "properties": {"light_n": 344, "light_t": 2, "light_top": 5, "crime_n": 143, "crime_t": 2, "crime_top": 30, "bv": "2-2", "crime_night_n": 70, "crime_night_t": 2, "crime_night_top": 25, "bv_night": "2-2", "nta": "Auburn Gresham", "boro": "Chicago"}}, {"type": "Feature", "geometry": {"type": "Polygon", "coordinates": [[[-87.75154968964273, 41.9114505659502], [-87.7575866385729, 41.90963864059849], [-87.75822253737506, 41.90498547616835], [-87.7528226435622, 41.9021442921433], [-87.74678641579551, 41.90395575975178], [-87.74614936071005, 41.90860886907589], [-87.75154968964273, 41.9114505659502]]]}, "properties": {"light_n": 189, "light_t": 1, "light_top": 46, "crime_n": 248, "crime_t": 2, "crime_top": 13, "bv": "2-1", "crime_night_n": 103, "crime_night_t": 2, "crime_night_top": 13, "bv_night": "2-1", "nta": "Austin", "boro": "Chicago"}}, {"type": "Feature", "geometry": {"type": "Polygon", "coordinates": [[[-87.6897431130843, 41.814048413160165], [-87.69577069256012, 41.81224242947429], [-87.69641156536014, 41.80759476763057], [-87.69102600993578, 41.80475314592791], [-87.68499915067629, 41.80655867336957], [-87.68435712665692, 41.81120627870566], [-87.6897431130843, 41.814048413160165]]]}, "properties": {"light_n": 304, "light_t": 2, "light_top": 11, "crime_n": 202, "crime_t": 2, "crime_top": 18, "bv": "2-2", "crime_night_n": 90, "crime_night_t": 2, "crime_night_top": 17, "bv_night": "2-2", "nta": "Brighton Park", "boro": "Chicago"}}, {"type": "Feature", "geometry": {"type": "Polygon", "coordinates": [[[-87.79160955972928, 41.957453772996104], [-87.79765034858707, 41.95563849456592], [-87.79828277702944, 41.95098274408126], [-87.79287557536215, 41.948142326177795], [-87.78683550774369, 41.949957146020836], [-87.78620192058482, 41.95461284230177], [-87.79160955972928, 41.957453772996104]]]}, "properties": {"light_n": 133, "light_t": 1, "light_top": 66, "crime_n": 31, "crime_t": 0, "crime_top": 70, "bv": "0-1", "crime_night_n": 5, "crime_night_t": 0, "crime_night_top": 86, "bv_night": "0-1", "nta": "Dunning", "boro": "Chicago"}}, {"type": "Feature", "geometry": {"type": "Polygon", "coordinates": [[[-87.69436273246099, 41.906287176222975], [-87.70040210607482, 41.90447826867637], [-87.7010437854088, 41.899825382288945], [-87.69564724700079, 41.89698145975776], [-87.68960859632769, 41.89878991031961], [-87.68896576115414, 41.90344274034481], [-87.69436273246099, 41.906287176222975]]]}, "properties": {"light_n": 241, "light_t": 2, "light_top": 28, "crime_n": 277, "crime_t": 2, "crime_top": 11, "bv": "2-2", "crime_night_n": 108, "crime_night_t": 2, "crime_night_top": 12, "bv_night": "2-2", "nta": "West Town", "boro": "Chicago"}}, {"type": "Feature", "geometry": {"type": "Polygon", "coordinates": [[[-87.75917261487709, 41.94040525670179], [-87.76521293654241, 41.93859210320769], [-87.7658484532193, 41.933937304999624], [-87.7604448060213, 41.93109571515717], [-87.75440520616542, 41.932908410597875], [-87.75376853172993, 41.93756315388174], [-87.75917261487709, 41.94040525670179]]]}, "properties": {"light_n": 210, "light_t": 1, "light_top": 40, "crime_n": 124, "crime_t": 2, "crime_top": 34, "bv": "2-1", "crime_night_n": 55, "crime_night_t": 2, "crime_night_top": 32, "bv_night": "2-1", "nta": "Belmont Cragin", "boro": "Chicago"}}, {"type": "Feature", "geometry": {"type": "Polygon", "coordinates": [[[-87.81360806290843, 42.00891812161521], [-87.81965439352648, 42.007100235096615], [-87.82028527095932, 42.00244159126011], [-87.81487097917807, 41.99960088758307], [-87.80882537065924, 42.00141831485745], [-87.80819333185397, 42.006076905000285], [-87.81360806290843, 42.00891812161521]]]}, "properties": {"light_n": 233, "light_t": 2, "light_top": 31, "crime_n": 30, "crime_t": 0, "crime_top": 71, "bv": "0-2", "crime_night_n": 19, "crime_night_t": 1, "crime_night_top": 62, "bv_night": "1-2", "nta": "Edison Park", "boro": "Chicago"}}, {"type": "Feature", "geometry": {"type": "Polygon", "coordinates": [[[-87.80684821135868, 41.93054736654302], [-87.81288465127565, 41.928732111550794], [-87.81351515151981, 41.92407788557754], [-87.8081103692925, 41.92123896842738], [-87.80207464925654, 41.92305376484064], [-87.80144299159831, 41.927707936930354], [-87.80684821135868, 41.93054736654302]]]}, "properties": {"light_n": 129, "light_t": 0, "light_top": 67, "crime_n": 37, "crime_t": 1, "crime_top": 67, "bv": "1-0", "crime_night_n": 16, "crime_night_t": 1, "crime_night_top": 67, "bv_night": "1-0", "nta": "Montclare", "boro": "Chicago"}}, {"type": "Feature", "geometry": {"type": "Polygon", "coordinates": [[[-87.77061769053495, 41.94143365686724], [-87.77665752484225, 41.93961989938856], [-87.77729188367265, 41.934965046507884], [-87.77188756607399, 41.93212400572581], [-87.7658484532193, 41.933937304999624], [-87.76521293654241, 41.93859210320769], [-87.77061769053495, 41.94143365686724]]]}, "properties": {"light_n": 248, "light_t": 2, "light_top": 25, "crime_n": 123, "crime_t": 1, "crime_top": 34, "bv": "1-2", "crime_night_n": 56, "crime_night_t": 2, "crime_night_top": 31, "bv_night": "2-2", "nta": "Belmont Cragin", "boro": "Chicago"}}, {"type": "Feature", "geometry": {"type": "Polygon", "coordinates": [[[-87.69719175368176, 41.92774664758345], [-87.70323378106826, 41.925936972679914], [-87.70387546872045, 41.92128287416454], [-87.6984762859419, 41.91843850678996], [-87.69243498207234, 41.920247724514496], [-87.69179213749665, 41.92490176673996], [-87.69719175368176, 41.92774664758345]]]}, "properties": {"light_n": 372, "light_t": 2, "light_top": 3, "crime_n": 212, "crime_t": 2, "crime_top": 17, "bv": "2-2", "crime_night_n": 91, "crime_night_t": 2, "crime_night_top": 16, "bv_night": "2-2", "nta": "Logan Square", "boro": "Chicago"}}, {"type": "Feature", "geometry": {"type": "Polygon", "coordinates": [[[-87.72497826986678, 41.76784543709254], [-87.7309979258356, 41.76603904449033], [-87.73163456458194, 41.76139401679663], [-87.72625269642633, 41.75855543741234], [-87.72023375804906, 41.760361373669674], [-87.71959597026758, 41.76500634560379], [-87.72497826986678, 41.76784543709254]]]}, "properties": {"light_n": 106, "light_t": 0, "light_top": 73, "crime_n": 21, "crime_t": 0, "crime_top": 77, "bv": "0-0", "crime_night_n": 9, "crime_night_t": 0, "crime_night_top": 77, "bv_night": "0-0", "nta": "West Lawn", "boro": "Chicago"}}, {"type": "Feature", "geometry": {"type": "Polygon", "coordinates": [[[-87.67375047370149, 41.7208733760177], [-87.6797667841425, 41.71907091765515], [-87.68040799836884, 41.71442855225118], [-87.67503404872414, 41.711588702059046], [-87.6690184561408, 41.7133907050693], [-87.66837609537649, 41.71803301357167], [-87.67375047370149, 41.7208733760177]]]}, "properties": {"light_n": 222, "light_t": 1, "light_top": 34, "crime_n": 2, "crime_t": 0, "crime_top": 97, "bv": "0-1", "crime_night_n": 0, "crime_night_t": 0, "crime_night_top": null, "bv_night": "0-1", "nta": "Beverly", "boro": "Chicago"}}, {"type": "Feature", "geometry": {"type": "Polygon", "coordinates": [[[-87.6574360496043, 41.79699272499654], [-87.66346314946627, 41.79518885598591], [-87.6641070841145, 41.79054215643169], [-87.6587250691967, 41.78769938305807], [-87.65269869010856, 41.78950279635805], [-87.65205360519667, 41.79414943868988], [-87.6574360496043, 41.79699272499654]]]}, "properties": {"light_n": 213, "light_t": 1, "light_top": 38, "crime_n": 228, "crime_t": 2, "crime_top": 15, "bv": "2-1", "crime_night_n": 80, "crime_night_t": 2, "crime_night_top": 20, "bv_night": "2-1", "nta": "West Englewood", "boro": "Chicago"}}, {"type": "Feature", "geometry": {"type": "Polygon", "coordinates": [[[-87.66761870943515, 41.93213654463046], [-87.6736629120134, 41.93032822630315], [-87.67430768827474, 41.92567387453206], [-87.66890941903584, 41.92282789797199], [-87.66286594111459, 41.924635759461445], [-87.66222000780776, 41.92929005429615], [-87.66761870943515, 41.93213654463046]]]}, "properties": {"light_n": 209, "light_t": 1, "light_top": 40, "crime_n": 80, "crime_t": 1, "crime_top": 48, "bv": "1-1", "crime_night_n": 29, "crime_night_t": 1, "crime_night_top": 52, "bv_night": "1-1", "nta": "Lincoln Park", "boro": "Chicago"}}, {"type": "Feature", "geometry": {"type": "Polygon", "coordinates": [[[-87.72107506868946, 41.880441323315424], [-87.7271096179111, 41.87863183101709], [-87.72774820692267, 41.873980412770464], [-87.72235340137863, 41.87113854255899], [-87.71631957338514, 41.87294757772704], [-87.71567982973956, 41.87759894018428], [-87.72107506868946, 41.880441323315424]]]}, "properties": {"light_n": 278, "light_t": 2, "light_top": 16, "crime_n": 572, "crime_t": 2, "crime_top": 1, "bv": "2-2", "crime_night_n": 248, "crime_night_t": 2, "crime_night_top": 1, "bv_night": "2-2", "nta": "West Garfield Park", "boro": "Chicago"}}, {"type": "Feature", "geometry": {"type": "Polygon", "coordinates": [[[-87.60233844003542, 41.77784243077871], [-87.60836601116344, 41.77604187753837], [-87.60901530160935, 41.77139625879527], [-87.60363817008557, 41.768551251676], [-87.59761132098772, 41.77035135004352], [-87.59696088141617, 41.774996910350765], [-87.60233844003542, 41.77784243077871]]]}, "properties": {"light_n": 247, "light_t": 2, "light_top": 25, "crime_n": 215, "crime_t": 2, "crime_top": 16, "bv": "2-2", "crime_night_n": 78, "crime_night_t": 2, "crime_night_top": 21, "bv_night": "2-2", "nta": "Woodlawn", "boro": "Chicago"}}, {"type": "Feature", "geometry": {"type": "Polygon", "coordinates": [[[-87.62599619755521, 41.81530376360005], [-87.6320273799572, 41.813500934267516], [-87.63267478012082, 41.808853190485436], [-87.62729214898461, 41.80600833388523], [-87.62126168898693, 41.807810707768844], [-87.62061313775378, 41.81245839364917], [-87.62599619755521, 41.81530376360005]]]}, "properties": {"light_n": 226, "light_t": 2, "light_top": 33, "crime_n": 274, "crime_t": 2, "crime_top": 11, "bv": "2-2", "crime_night_n": 130, "crime_night_t": 2, "crime_night_top": 8, "bv_night": "2-2", "nta": "Grand Boulevard", "boro": "Chicago"}}, {"type": "Feature", "geometry": {"type": "Polygon", "coordinates": [[[-87.76394151561489, 41.947902488615696], [-87.769982559162, 41.94608887695278], [-87.77061769053495, 41.94143365686724], [-87.76521293654241, 41.93859210320769], [-87.75917261487709, 41.94040525670179], [-87.75853632535431, 41.945060421971554], [-87.76394151561489, 41.947902488615696]]]}, "properties": {"light_n": 231, "light_t": 2, "light_top": 31, "crime_n": 89, "crime_t": 1, "crime_top": 45, "bv": "1-2", "crime_night_n": 33, "crime_night_t": 1, "crime_night_top": 47, "bv_night": "1-2", "nta": "Portage Park", "boro": "Chicago"}}, {"type": "Feature", "geometry": {"type": "Polygon", "coordinates": [[[-87.69140489285893, 41.96964629401037], [-87.69745271983545, 41.967835689761806], [-87.69809558243597, 41.963179225649284], [-87.69269177709852, 41.96033342212944], [-87.68664467514986, 41.96214356896279], [-87.6860006535432, 41.966799976678494], [-87.69140489285893, 41.96964629401037]]]}, "properties": {"light_n": 248, "light_t": 2, "light_top": 25, "crime_n": 123, "crime_t": 1, "crime_top": 34, "bv": "1-2", "crime_night_n": 35, "crime_night_t": 1, "crime_night_top": 46, "bv_night": "1-2", "nta": "Lincoln Square", "boro": "Chicago"}}, {"type": "Feature", "geometry": {"type": "Polygon", "coordinates": [[[-87.65162899173, 41.83882582801632], [-87.65766186153478, 41.837021029179674], [-87.65830697187712, 41.83237195466992], [-87.65292036477497, 41.82952773627439], [-87.64688821724553, 41.831332079164326], [-87.64624195457533, 41.83598109634403], [-87.65162899173, 41.83882582801632]]]}, "properties": {"light_n": 407, "light_t": 2, "light_top": 2, "crime_n": 83, "crime_t": 1, "crime_top": 46, "bv": "1-2", "crime_night_n": 45, "crime_night_t": 1, "crime_night_top": 39, "bv_night": "1-2", "nta": "Bridgeport", "boro": "Chicago"}}, {"type": "Feature", "geometry": {"type": "Polygon", "coordinates": [[[-87.67936964130783, 41.76370537979751], [-87.68539122160756, 41.76190138697337], [-87.68603245596529, 41.757256583816456], [-87.68065325873675, 41.75441583018984], [-87.67463239743601, 41.756219367273346], [-87.67399001439686, 41.76086411367175], [-87.67936964130783, 41.76370537979751]]]}, "properties": {"light_n": 193, "light_t": 1, "light_top": 45, "crime_n": 71, "crime_t": 1, "crime_top": 52, "bv": "1-1", "crime_night_n": 23, "crime_night_t": 1, "crime_night_top": 58, "bv_night": "1-1", "nta": "Chicago Lawn", "boro": "Chicago"}}, {"type": "Feature", "geometry": {"type": "Polygon", "coordinates": [[[-87.71540359457681, 41.83755412173988], [-87.72143285226032, 41.83574616685671], [-87.72207142892299, 41.831097177205095], [-87.71668190040847, 41.828256198318776], [-87.71065336280726, 41.83006369646058], [-87.7100136336702, 41.83471263017756], [-87.71540359457681, 41.83755412173988]]]}, "properties": {"light_n": 87, "light_t": 0, "light_top": 76, "crime_n": 18, "crime_t": 0, "crime_top": 79, "bv": "0-0", "crime_night_n": 15, "crime_night_t": 0, "crime_night_top": 68, "bv_night": "0-0", "nta": "South Lawndale", "boro": "Chicago"}}, {"type": "Feature", "geometry": {"type": "Polygon", "coordinates": [[[-87.69037259310164, 42.01907412013777], [-87.69642695728236, 42.01726213092257], [-87.69707061396724, 42.01260288298374], [-87.69166106799193, 42.00975568060331], [-87.68560743042889, 42.0115672120519], [-87.68496261225597, 42.01622640359477], [-87.69037259310164, 42.01907412013777]]]}, "properties": {"light_n": 203, "light_t": 1, "light_top": 42, "crime_n": 100, "crime_t": 1, "crime_top": 41, "bv": "1-1", "crime_night_n": 56, "crime_night_t": 2, "crime_night_top": 31, "bv_night": "2-1", "nta": "West Ridge", "boro": "Chicago"}}, {"type": "Feature", "geometry": {"type": "Polygon", "coordinates": [[[-87.72960190716948, 41.9448118503162], [-87.73564441086972, 41.94300005161199], [-87.73628301642758, 41.93834499672873], [-87.73088027620199, 41.93550179606768], [-87.72483849545357, 41.937313137058126], [-87.72419873201099, 41.94196813637069], [-87.72960190716948, 41.9448118503162]]]}, "properties": {"light_n": 223, "light_t": 1, "light_top": 34, "crime_n": 121, "crime_t": 1, "crime_top": 35, "bv": "1-1", "crime_night_n": 41, "crime_night_t": 1, "crime_night_top": 42, "bv_night": "1-1", "nta": "Irving Park", "boro": "Chicago"}}, {"type": "Feature", "geometry": {"type": "Polygon", "coordinates": [[[-87.5909328333402, 41.77679686225248], [-87.59696088141617, 41.774996910350765], [-87.59761132098772, 41.77035135004352], [-87.59223486155074, 41.76750580027131], [-87.58620753585556, 41.76930529745232], [-87.58555594724938, 41.77395079907391], [-87.5909328333402, 41.77679686225248]]]}, "properties": {"light_n": 134, "light_t": 1, "light_top": 65, "crime_n": 196, "crime_t": 2, "crime_top": 19, "bv": "2-1", "crime_night_n": 66, "crime_night_t": 2, "crime_night_top": 26, "bv_night": "2-1", "nta": "South Shore", "boro": "Chicago"}}, {"type": "Feature", "geometry": {"type": "Polygon", "coordinates": [[[-87.75538101370445, 41.79881581049505], [-87.76140305703383, 41.79700699103956], [-87.76203701813701, 41.79236021148565], [-87.75665008661458, 41.78952230641397], [-87.75062876081218, 41.79133066891311], [-87.74999364903681, 41.795977393387815], [-87.75538101370445, 41.79881581049505]]]}, "properties": {"light_n": 125, "light_t": 0, "light_top": 69, "crime_n": 39, "crime_t": 1, "crime_top": 66, "bv": "1-0", "crime_night_n": 16, "crime_night_t": 1, "crime_night_top": 67, "bv_night": "1-0", "nta": "Garfield Ridge", "boro": "Chicago"}}, {"type": "Feature", "geometry": {"type": "Polygon", "coordinates": [[[-87.6318238457266, 41.773482644492084], [-87.6378492620646, 41.77168074309831], [-87.63849548298165, 41.76703537563952], [-87.63311743660219, 41.7641919673154], [-87.62709274116712, 41.765993413495806], [-87.626445371241, 41.77063872316135], [-87.6318238457266, 41.773482644492084]]]}, "properties": {"light_n": 207, "light_t": 1, "light_top": 41, "crime_n": 190, "crime_t": 2, "crime_top": 20, "bv": "2-1", "crime_night_n": 81, "crime_night_t": 2, "crime_night_top": 20, "bv_night": "2-1", "nta": "Greater Grand Crossing", "boro": "Chicago"}}, {"type": "Feature", "geometry": {"type": "Polygon", "coordinates": [[[-87.72688971622142, 41.75391083425289], [-87.73290745546787, 41.752104754808045], [-87.7335437076854, 41.74746052059352], [-87.7281633690373, 41.74462242149615], [-87.72214634688578, 41.746428044675554], [-87.72150894631912, 41.751072223165366], [-87.72688971622142, 41.75391083425289]]]}, "properties": {"light_n": 179, "light_t": 1, "light_top": 51, "crime_n": 42, "crime_t": 1, "crime_top": 63, "bv": "1-1", "crime_night_n": 9, "crime_night_t": 0, "crime_night_top": 77, "bv_night": "0-1", "nta": "Ashburn", "boro": "Chicago"}}, {"type": "Feature", "geometry": {"type": "Polygon", "coordinates": [[[-87.69077151729795, 41.764742109679545], [-87.69679261725514, 41.76293751677582], [-87.69743270284258, 41.758292657110104], [-87.69205283727506, 41.75545244680456], [-87.68603245596529, 41.757256583816456], [-87.68539122160756, 41.76190138697337], [-87.69077151729795, 41.764742109679545]]]}, "properties": {"light_n": 268, "light_t": 2, "light_top": 18, "crime_n": 71, "crime_t": 1, "crime_top": 52, "bv": "1-2", "crime_night_n": 24, "crime_night_t": 1, "crime_night_top": 57, "bv_night": "1-2", "nta": "Chicago Lawn", "boro": "Chicago"}}, {"type": "Feature", "geometry": {"type": "Polygon", "coordinates": [[[-87.62320655435384, 41.79386923346277], [-87.62923509162188, 41.79206716857746], [-87.62988247679137, 41.787420641440505], [-87.62450247471877, 41.78457623710888], [-87.61847465927947, 41.78637784673898], [-87.61782612411659, 41.7910243159035], [-87.62320655435384, 41.79386923346277]]]}, "properties": {"light_n": 284, "light_t": 2, "light_top": 15, "crime_n": 244, "crime_t": 2, "crime_top": 13, "bv": "2-2", "crime_night_n": 111, "crime_night_t": 2, "crime_night_top": 11, "bv_night": "2-2", "nta": "Washington Park", "boro": "Chicago"}}, {"type": "Feature", "geometry": {"type": "Polygon", "coordinates": [[[-87.7029680418332, 41.88586830264906], [-87.70900428059542, 41.884059559226365], [-87.70964479650446, 41.879407829619005], [-87.70425022852984, 41.87656489956526], [-87.69821471177828, 41.878373186045614], [-87.69757304102284, 41.8830248594695], [-87.7029680418332, 41.88586830264906]]]}, "properties": {"light_n": 285, "light_t": 2, "light_top": 15, "crime_n": 428, "crime_t": 2, "crime_top": 3, "bv": "2-2", "crime_night_n": 167, "crime_night_t": 2, "crime_night_top": 4, "bv_night": "2-2", "nta": "East Garfield Park", "boro": "Chicago"}}, {"type": "Feature", "geometry": {"type": "Polygon", "coordinates": [[[-87.7601294591285, 41.89102756275124], [-87.76616327356376, 41.889215804708556], [-87.7667980139118, 41.88456379794914], [-87.7614000951448, 41.88172360410812], [-87.75536700094467, 41.88353490445096], [-87.75473110530814, 41.888186856282076], [-87.7601294591285, 41.89102756275124]]]}, "properties": {"light_n": 255, "light_t": 2, "light_top": 22, "crime_n": 454, "crime_t": 2, "crime_top": 2, "bv": "2-2", "crime_night_n": 195, "crime_night_t": 2, "crime_night_top": 3, "bv_night": "2-2", "nta": "Austin", "boro": "Chicago"}}, {"type": "Feature", "geometry": {"type": "Polygon", "coordinates": [[[-87.64430558866074, 41.72523896403821], [-87.65032405279354, 41.72343784817866], [-87.65096832863422, 41.7187952284824], [-87.64559528703124, 41.715953782135976], [-87.63957754188046, 41.71775444298182], [-87.63893211938289, 41.7223970051355], [-87.64430558866074, 41.72523896403821]]]}, "properties": {"light_n": 308, "light_t": 2, "light_top": 10, "crime_n": 90, "crime_t": 1, "crime_top": 44, "bv": "1-2", "crime_night_n": 28, "crime_night_t": 1, "crime_night_top": 53, "bv_night": "1-2", "nta": "Washington Heights", "boro": "Chicago"}}, {"type": "Feature", "geometry": {"type": "Polygon", "coordinates": [[[-87.63957754188046, 41.71775444298182], [-87.64559528703124, 41.715953782135976], [-87.6462399406043, 41.71131158818453], [-87.64086799532906, 41.70847011267593], [-87.63485096908641, 41.71027031862316], [-87.63420516924312, 41.714912454925326], [-87.63957754188046, 41.71775444298182]]]}, "properties": {"light_n": 358, "light_t": 2, "light_top": 4, "crime_n": 124, "crime_t": 2, "crime_top": 34, "bv": "2-2", "crime_night_n": 54, "crime_night_t": 2, "crime_night_top": 32, "bv_night": "2-2", "nta": "Washington Heights", "boro": "Chicago"}}, {"type": "Feature", "geometry": {"type": "Polygon", "coordinates": [[[-87.73447173369969, 41.782814741232315], [-87.7404928250684, 41.78100743559486], [-87.74112870088481, 41.77636155923927], [-87.73574463517387, 41.77352304401327], [-87.72972426154121, 41.77532989307551], [-87.72908723591515, 41.77997571388654], [-87.73447173369969, 41.782814741232315]]]}, "properties": {"light_n": 185, "light_t": 1, "light_top": 48, "crime_n": 52, "crime_t": 1, "crime_top": 59, "bv": "1-1", "crime_night_n": 27, "crime_night_t": 1, "crime_night_top": 54, "bv_night": "1-1", "nta": "West Lawn", "boro": "Chicago"}}, {"type": "Feature", "geometry": {"type": "Polygon", "coordinates": [[[-87.56456278115681, 41.71792489935972], [-87.57058457814792, 41.716127981877385], [-87.57123687869326, 41.711485770213365], [-87.56586852830358, 41.70864053526656], [-87.55984745274061, 41.710436998797235], [-87.55919400617204, 41.71507915117412], [-87.56456278115681, 41.71792489935972]]]}, "properties": {"light_n": 262, "light_t": 2, "light_top": 20, "crime_n": 81, "crime_t": 1, "crime_top": 48, "bv": "1-2", "crime_night_n": 22, "crime_night_t": 1, "crime_night_top": 59, "bv_night": "1-2", "nta": "South Deering", "boro": "Chicago"}}, {"type": "Feature", "geometry": {"type": "Polygon", "coordinates": [[[-87.62684345117964, 41.850692379135346], [-87.63287920715887, 41.848888476638315], [-87.63352701605582, 41.84423872618874], [-87.62814022184237, 41.84139293605096], [-87.62210518934582, 41.84319638282699], [-87.62145622761268, 41.84784607540931], [-87.62684345117964, 41.850692379135346]]]}, "properties": {"light_n": 188, "light_t": 1, "light_top": 47, "crime_n": 122, "crime_t": 1, "crime_top": 35, "bv": "1-1", "crime_night_n": 45, "crime_night_t": 1, "crime_night_top": 39, "bv_night": "1-1", "nta": "Douglas", "boro": "Chicago"}}, {"type": "Feature", "geometry": {"type": "Polygon", "coordinates": [[[-87.6614874152262, 41.68450376968333], [-87.66749965964073, 41.68270298869336], [-87.66814161949353, 41.67806269524357], [-87.66277247966093, 41.67522323991798], [-87.65676095238794, 41.677023565979844], [-87.65611784783806, 41.68166380224317], [-87.6614874152262, 41.68450376968333]]]}, "properties": {"light_n": 185, "light_t": 1, "light_top": 48, "crime_n": 46, "crime_t": 1, "crime_top": 62, "bv": "1-1", "crime_night_n": 17, "crime_night_t": 1, "crime_night_top": 66, "bv_night": "1-1", "nta": "West Pullman", "boro": "Chicago"}}, {"type": "Feature", "geometry": {"type": "Polygon", "coordinates": [[[-87.70954667878875, 41.964213727933426], [-87.7155928106545, 41.96240237054425], [-87.71623373905119, 41.95774621637107], [-87.71082969440747, 41.95490147553562], [-87.70478428678285, 41.95671237532058], [-87.7041421995931, 41.96136847349249], [-87.70954667878875, 41.964213727933426]]]}, "properties": {"light_n": 173, "light_t": 1, "light_top": 53, "crime_n": 119, "crime_t": 1, "crime_top": 36, "bv": "1-1", "crime_night_n": 51, "crime_night_t": 1, "crime_night_top": 34, "bv_night": "1-1", "nta": "Irving Park", "boro": "Chicago"}}, {"type": "Feature", "geometry": {"type": "Polygon", "coordinates": [[[-87.61068355678731, 41.84215289165741], [-87.6167190684045, 41.84035004776807], [-87.6173684089655, 41.83570077956562], [-87.61198339029733, 41.83285441342493], [-87.60594860244034, 41.8346568018609], [-87.60529810952404, 41.83930601183848], [-87.61068355678731, 41.84215289165741]]]}, "properties": {"light_n": 197, "light_t": 1, "light_top": 44, "crime_n": 99, "crime_t": 1, "crime_top": 41, "bv": "1-1", "crime_night_n": 57, "crime_night_t": 2, "crime_night_top": 30, "bv_night": "2-1", "nta": "Douglas", "boro": "Chicago"}}, {"type": "Feature", "geometry": {"type": "Polygon", "coordinates": [[[-87.59565960704678, 41.78428882320852], [-87.60168837757868, 41.78248841647092], [-87.60233844003542, 41.77784243077871], [-87.59696088141617, 41.774996910350765], [-87.5909328333402, 41.77679686225248], [-87.5902816214603, 41.781442789365656], [-87.59565960704678, 41.78428882320852]]]}, "properties": {"light_n": 130, "light_t": 1, "light_top": 67, "crime_n": 144, "crime_t": 2, "crime_top": 30, "bv": "2-1", "crime_night_n": 61, "crime_night_t": 2, "crime_night_top": 27, "bv_night": "2-1", "nta": "Woodlawn", "boro": "Chicago"}}, {"type": "Feature", "geometry": {"type": "Polygon", "coordinates": [[[-87.76680496469436, 41.969368920892315], [-87.77284866260882, 41.96755453871285], [-87.77348379570695, 41.962898108311016], [-87.768076390159, 41.9600561147779], [-87.76203341470058, 41.961870038593744], [-87.76139712236589, 41.96652641425359], [-87.76680496469436, 41.969368920892315]]]}, "properties": {"light_n": 205, "light_t": 1, "light_top": 42, "crime_n": 45, "crime_t": 1, "crime_top": 62, "bv": "1-1", "crime_night_n": 17, "crime_night_t": 1, "crime_night_top": 66, "bv_night": "1-1", "nta": "Portage Park", "boro": "Chicago"}}, {"type": "Feature", "geometry": {"type": "Polygon", "coordinates": [[[-87.71549072546104, 41.752877703192965], [-87.72150894631912, 41.751072223165366], [-87.72214634688578, 41.746428044675554], [-87.71676667488734, 41.74358940213528], [-87.71074917147604, 41.745394426048264], [-87.71011062264814, 41.750038548563744], [-87.71549072546104, 41.752877703192965]]]}, "properties": {"light_n": 191, "light_t": 1, "light_top": 45, "crime_n": 60, "crime_t": 1, "crime_top": 56, "bv": "1-1", "crime_night_n": 17, "crime_night_t": 1, "crime_night_top": 66, "bv_night": "1-1", "nta": "Ashburn", "boro": "Chicago"}}, {"type": "Feature", "geometry": {"type": "Polygon", "coordinates": [[[-87.8059406831055, 41.979945958103634], [-87.81198363611139, 41.97812930321923], [-87.81261490376052, 41.97347228899413], [-87.80720437832643, 41.970631983478036], [-87.80116214677486, 41.97244817942888], [-87.80052971923462, 41.97710513977662], [-87.8059406831055, 41.979945958103634]]]}, "properties": {"light_n": 169, "light_t": 1, "light_top": 54, "crime_n": 16, "crime_t": 0, "crime_top": 80, "bv": "0-1", "crime_night_n": 5, "crime_night_t": 0, "crime_night_top": 86, "bv_night": "0-1", "nta": "Norwood Park", "boro": "Chicago"}}, {"type": "Feature", "geometry": {"type": "Polygon", "coordinates": [[[-87.6193156408824, 41.821754556834364], [-87.62534802481991, 41.819951874188945], [-87.62599619755521, 41.81530376360005], [-87.62061313775378, 41.81245839364917], [-87.61458147664727, 41.81426062088254], [-87.61393215254384, 41.818908673426414], [-87.6193156408824, 41.821754556834364]]]}, "properties": {"light_n": 294, "light_t": 2, "light_top": 13, "crime_n": 189, "crime_t": 2, "crime_top": 20, "bv": "2-2", "crime_night_n": 76, "crime_night_t": 2, "crime_night_top": 22, "bv_night": "2-2", "nta": "Grand Boulevard", "boro": "Chicago"}}, {"type": "Feature", "geometry": {"type": "Polygon", "coordinates": [[[-87.64840613236362, 41.98697103332101], [-87.65445855844989, 41.9851620871634], [-87.65510606950836, 41.98050464017765], [-87.64970231424604, 41.97765619662943], [-87.6436506151926, 41.97946468578818], [-87.64300194440145, 41.98412207544131], [-87.64840613236362, 41.98697103332101]]]}, "properties": {"light_n": 57, "light_t": 0, "light_top": 82, "crime_n": 3, "crime_t": 0, "crime_top": 95, "bv": "0-0", "crime_night_n": 0, "crime_night_t": 0, "crime_night_top": null, "bv_night": "0-0", "nta": "Edgewater", "boro": "Chicago"}}, {"type": "Feature", "geometry": {"type": "Polygon", "coordinates": [[[-87.6637434314177, 41.96006879266263], [-87.66979150144957, 41.958259856748796], [-87.6704370644802, 41.95360392809143], [-87.66503571594485, 41.95075699230362], [-87.65898837157874, 41.95256547122261], [-87.65834165011482, 41.957221342871584], [-87.6637434314177, 41.96006879266263]]]}, "properties": {"light_n": 157, "light_t": 1, "light_top": 58, "crime_n": 70, "crime_t": 1, "crime_top": 52, "bv": "1-1", "crime_night_n": 24, "crime_night_t": 1, "crime_night_top": 57, "bv_night": "1-1", "nta": "Lake View", "boro": "Chicago"}}, {"type": "Feature", "geometry": {"type": "Polygon", "coordinates": [[[-87.72583205095582, 41.887935457830785], [-87.73186732147845, 41.88612550828681], [-87.73250552742807, 41.881473667065535], [-87.7271096179111, 41.87863183101709], [-87.72107506868946, 41.880441323315424], [-87.72043570771578, 41.88509310885525], [-87.72583205095582, 41.887935457830785]]]}, "properties": {"light_n": 183, "light_t": 1, "light_top": 49, "crime_n": 547, "crime_t": 2, "crime_top": 1, "bv": "2-1", "crime_night_n": 201, "crime_night_t": 2, "crime_night_top": 2, "bv_night": "2-1", "nta": "West Garfield Park", "boro": "Chicago"}}, {"type": "Feature", "geometry": {"type": "Polygon", "coordinates": [[[-87.6838183762902, 41.940674851376116], [-87.68986281987624, 41.93886547122894], [-87.69050605643827, 41.93421064013809], [-87.685106006974, 41.93136524571882], [-87.67906228776376, 41.9331741687604], [-87.67841789367438, 41.93782894327419], [-87.6838183762902, 41.940674851376116]]]}, "properties": {"light_n": 143, "light_t": 1, "light_top": 63, "crime_n": 61, "crime_t": 1, "crime_top": 55, "bv": "1-1", "crime_night_n": 20, "crime_night_t": 1, "crime_night_top": 61, "bv_night": "1-1", "nta": "North Center", "boro": "Chicago"}}, {"type": "Feature", "geometry": {"type": "Polygon", "coordinates": [[[-87.68425256198624, 41.686579921092985], [-87.69026384998492, 41.68477794389404], [-87.69090352017746, 41.68013753681798], [-87.68553304727756, 41.677299163577295], [-87.67952247572117, 41.6791006855464], [-87.67888166065423, 41.68374103593376], [-87.68425256198624, 41.686579921092985]]]}, "properties": {"light_n": 148, "light_t": 1, "light_top": 62, "crime_n": 5, "crime_t": 0, "crime_top": 91, "bv": "0-1", "crime_night_n": 1, "crime_night_t": 0, "crime_night_top": 100, "bv_night": "0-1", "nta": "Morgan Park", "boro": "Chicago"}}, {"type": "Feature", "geometry": {"type": "Polygon", "coordinates": [[[-87.75535293666222, 41.96834019165839], [-87.76139712236589, 41.96652641425359], [-87.76203341470058, 41.961870038593744], [-87.75662668051194, 41.959027495279855], [-87.75058321762172, 41.960840814472704], [-87.74994576613861, 41.96549713513868], [-87.75535293666222, 41.96834019165839]]]}, "properties": {"light_n": 168, "light_t": 1, "light_top": 54, "crime_n": 41, "crime_t": 1, "crime_top": 64, "bv": "1-1", "crime_night_n": 20, "crime_night_t": 1, "crime_night_top": 61, "bv_night": "1-1", "nta": "Portage Park", "boro": "Chicago"}}, {"type": "Feature", "geometry": {"type": "Polygon", "coordinates": [[[-87.80017929114328, 41.93701707057275], [-87.80621694000583, 41.93520196035109], [-87.80684821135868, 41.93054736654302], [-87.80144299159831, 41.927707936930354], [-87.7954060630454, 41.929522588608705], [-87.79477363397477, 41.93417712839036], [-87.80017929114328, 41.93701707057275]]]}, "properties": {"light_n": 338, "light_t": 2, "light_top": 6, "crime_n": 50, "crime_t": 1, "crime_top": 60, "bv": "1-2", "crime_night_n": 14, "crime_night_t": 0, "crime_night_top": 69, "bv_night": "0-2", "nta": "Montclare", "boro": "Chicago"}}, {"type": "Feature", "geometry": {"type": "Polygon", "coordinates": [[[-87.74019573313312, 41.74101043313845], [-87.74621107496851, 41.7392040681488], [-87.74684579325653, 41.734560572334296], [-87.7414663174919, 41.731723496897516], [-87.73545169190353, 41.7335294055506], [-87.73481582586432, 41.73817284592467], [-87.74019573313312, 41.74101043313845]]]}, "properties": {"light_n": 90, "light_t": 0, "light_top": 76, "crime_n": 9, "crime_t": 0, "crime_top": 86, "bv": "0-0", "crime_night_n": 2, "crime_night_t": 0, "crime_night_top": 94, "bv_night": "0-0", "nta": "Ashburn", "boro": "Chicago"}}, {"type": "Feature", "geometry": {"type": "Polygon", "coordinates": [[[-87.75727391356614, 41.8695806298951], [-87.76330508222267, 41.86776964240938], [-87.7639398202192, 41.86311884900989], [-87.75854454379815, 41.86027909804536], [-87.75251409480506, 41.86208962802605], [-87.75187820260128, 41.86674036642374], [-87.75727391356614, 41.8695806298951]]]}, "properties": {"light_n": 16, "light_t": 0, "light_top": 93, "crime_n": 8, "crime_t": 0, "crime_top": 87, "bv": "0-0", "crime_night_n": 2, "crime_night_t": 0, "crime_night_top": 94, "bv_night": "0-0", "nta": "Austin", "boro": "Chicago"}}, {"type": "Feature", "geometry": {"type": "Polygon", "coordinates": [[[-87.76967105860464, 41.990840631554654], [-87.77571741318386, 41.98902547882102], [-87.77635254773628, 41.984367838943776], [-87.77094248806617, 41.9815254064155], [-87.76489685651794, 41.98334010059069], [-87.7642605616407, 41.987997685799826], [-87.76967105860464, 41.990840631554654]]]}, "properties": {"light_n": 199, "light_t": 1, "light_top": 43, "crime_n": 18, "crime_t": 0, "crime_top": 79, "bv": "0-1", "crime_night_n": 10, "crime_night_t": 0, "crime_night_top": 75, "bv_night": "0-1", "nta": "Jefferson Park", "boro": "Chicago"}}, {"type": "Feature", "geometry": {"type": "Polygon", "coordinates": [[[-87.70409192067129, 41.75184342908388], [-87.71011062264814, 41.750038548563744], [-87.71074917147604, 41.745394426048264], [-87.70537016653196, 41.742555240224476], [-87.69935218235355, 41.7443596647809], [-87.69871248535262, 41.749003731072456], [-87.70409192067129, 41.75184342908388]]]}, "properties": {"light_n": 272, "light_t": 2, "light_top": 17, "crime_n": 81, "crime_t": 1, "crime_top": 48, "bv": "1-2", "crime_night_n": 31, "crime_night_t": 1, "crime_night_top": 50, "bv_night": "1-2", "nta": "Ashburn", "boro": "Chicago"}}, {"type": "Feature", "geometry": {"type": "Polygon", "coordinates": [[[-87.71238621276274, 41.98568708136617], [-87.71843500415507, 41.983874956160285], [-87.71907593944684, 41.97921759214453], [-87.71366924325957, 41.97637240921042], [-87.70762117668599, 41.97818407661776], [-87.7069790815132, 41.982841384705], [-87.71238621276274, 41.98568708136617]]]}, "properties": {"light_n": 182, "light_t": 1, "light_top": 49, "crime_n": 81, "crime_t": 1, "crime_top": 48, "bv": "1-1", "crime_night_n": 25, "crime_night_t": 1, "crime_night_top": 56, "bv_night": "1-1", "nta": "North Park", "boro": "Chicago"}}, {"type": "Feature", "geometry": {"type": "Polygon", "coordinates": [[[-87.67270485808564, 41.77015439949039], [-87.67872763765823, 41.768350551131206], [-87.67936964130783, 41.76370537979751], [-87.67399001439686, 41.76086411367175], [-87.66796795424818, 41.762667506326494], [-87.66732480161869, 41.76731262075905], [-87.67270485808564, 41.77015439949039]]]}, "properties": {"light_n": 255, "light_t": 2, "light_top": 22, "crime_n": 146, "crime_t": 2, "crime_top": 29, "bv": "2-2", "crime_night_n": 72, "crime_night_t": 2, "crime_night_top": 24, "bv_night": "2-2", "nta": "West Englewood", "boro": "Chicago"}}, {"type": "Feature", "geometry": {"type": "Polygon", "coordinates": [[[-87.74963928884576, 41.925411950694375], [-87.75567816696464, 41.923599713191614], [-87.7563144534069, 41.91894575915093], [-87.7509130187387, 41.91610409770121], [-87.74487486228432, 41.91791587738142], [-87.74423741886551, 41.92256977628122], [-87.74963928884576, 41.925411950694375]]]}, "properties": {"light_n": 213, "light_t": 1, "light_top": 38, "crime_n": 183, "crime_t": 2, "crime_top": 21, "bv": "2-1", "crime_night_n": 90, "crime_night_t": 2, "crime_night_top": 17, "bv_night": "2-1", "nta": "Belmont Cragin", "boro": "Chicago"}}, {"type": "Feature", "geometry": {"type": "Polygon", "coordinates": [[[-87.61957854990213, 41.73708434786793], [-87.62559988564755, 41.73528412131748], [-87.62624684721897, 41.730640823271], [-87.62087362023851, 41.72779780979996], [-87.61485300467358, 41.729597581561066], [-87.61420489594109, 41.73424082153027], [-87.61957854990213, 41.73708434786793]]]}, "properties": {"light_n": 272, "light_t": 2, "light_top": 17, "crime_n": 55, "crime_t": 1, "crime_top": 58, "bv": "1-2", "crime_night_n": 14, "crime_night_t": 0, "crime_night_top": 69, "bv_night": "0-2", "nta": "Chatham", "boro": "Chicago"}}, {"type": "Feature", "geometry": {"type": "Polygon", "coordinates": [[[-87.6688462644539, 41.798031598220625], [-87.67487288419056, 41.79622712801406], [-87.67551566848557, 41.79158037148746], [-87.67013298342935, 41.78873814208738], [-87.6641070841145, 41.79054215643169], [-87.66346314946627, 41.79518885598591], [-87.6688462644539, 41.798031598220625]]]}, "properties": {"light_n": 164, "light_t": 1, "light_top": 56, "crime_n": 292, "crime_t": 2, "crime_top": 9, "bv": "2-1", "crime_night_n": 125, "crime_night_t": 2, "crime_night_top": 8, "bv_night": "2-1", "nta": "New City", "boro": "Chicago"}}, {"type": "Feature", "geometry": {"type": "Polygon", "coordinates": [[[-87.65724228737217, 41.88172019022115], [-87.66328045664544, 41.879913860128624], [-87.6639255914036, 41.875262356760985], [-87.6585337114088, 41.872417240620614], [-87.65249626556317, 41.87422311437861], [-87.6518499763172, 41.87887456055895], [-87.65724228737217, 41.88172019022115]]]}, "properties": {"light_n": 198, "light_t": 1, "light_top": 43, "crime_n": 114, "crime_t": 1, "crime_top": 37, "bv": "1-1", "crime_night_n": 43, "crime_night_t": 1, "crime_night_top": 41, "bv_night": "1-1", "nta": "Near West Side", "boro": "Chicago"}}, {"type": "Feature", "geometry": {"type": "Polygon", "coordinates": [[[-87.67712871253758, 41.947139280844866], [-87.68317436465269, 41.945330048495485], [-87.6838183762902, 41.940674851376116], [-87.67841789367438, 41.93782894327419], [-87.67237296636482, 41.9396377185548], [-87.67172779689798, 41.944292858953425], [-87.67712871253758, 41.947139280844866]]]}, "properties": {"light_n": 294, "light_t": 2, "light_top": 13, "crime_n": 52, "crime_t": 1, "crime_top": 59, "bv": "1-2", "crime_night_n": 21, "crime_night_t": 1, "crime_night_top": 59, "bv_night": "1-2", "nta": "North Center", "boro": "Chicago"}}, {"type": "Feature", "geometry": {"type": "Polygon", "coordinates": [[[-87.79730257940301, 41.91556054827786], [-87.80333757962931, 41.91374621032818], [-87.8039688524217, 41.90909282798695], [-87.79856628165267, 41.90625383764355], [-87.79253200116464, 41.90806771724504], [-87.79189957173887, 41.91272104548547], [-87.79730257940301, 41.91556054827786]]]}, "properties": {"light_n": 251, "light_t": 2, "light_top": 24, "crime_n": 16, "crime_t": 0, "crime_top": 80, "bv": "0-2", "crime_night_n": 2, "crime_night_t": 0, "crime_night_top": 94, "bv_night": "0-2", "nta": "Austin", "boro": "Chicago"}}, {"type": "Feature", "geometry": {"type": "Polygon", "coordinates": [[[-87.68233086317277, 41.70050304473222], [-87.68834406342798, 41.698700755090016], [-87.68898412164924, 41.69405955307], [-87.68361212520436, 41.69122069736392], [-87.67759964188714, 41.69302253169706], [-87.67695843810871, 41.697663676993095], [-87.68233086317277, 41.70050304473222]]]}, "properties": {"light_n": 136, "light_t": 1, "light_top": 65, "crime_n": 26, "crime_t": 0, "crime_top": 73, "bv": "0-1", "crime_night_n": 7, "crime_night_t": 0, "crime_night_top": 81, "bv_night": "0-1", "nta": "Morgan Park", "boro": "Chicago"}}, {"type": "Feature", "geometry": {"type": "Polygon", "coordinates": [[[-87.68410836334522, 41.77119178634451], [-87.69013066271724, 41.76938733766461], [-87.69077151729795, 41.764742109679545], [-87.68539122160756, 41.76190138697337], [-87.67936964130783, 41.76370537979751], [-87.67872763765823, 41.768350551131206], [-87.68410836334522, 41.77119178634451]]]}, "properties": {"light_n": 279, "light_t": 2, "light_top": 16, "crime_n": 180, "crime_t": 2, "crime_top": 21, "bv": "2-2", "crime_night_n": 79, "crime_night_t": 2, "crime_night_top": 20, "bv_night": "2-2", "nta": "Chicago Lawn", "boro": "Chicago"}}, {"type": "Feature", "geometry": {"type": "Polygon", "coordinates": [[[-87.55984745274061, 41.710436998797235], [-87.56586852830358, 41.70864053526656], [-87.56652120387328, 41.70399875009251], [-87.56115394954898, 41.70115348779012], [-87.55513359533859, 41.7029494974842], [-87.55447977413282, 41.707591223265005], [-87.55984745274061, 41.710436998797235]]]}, "properties": {"light_n": 236, "light_t": 2, "light_top": 29, "crime_n": 114, "crime_t": 1, "crime_top": 37, "bv": "1-2", "crime_night_n": 38, "crime_night_t": 1, "crime_night_top": 44, "bv_night": "1-2", "nta": "South Deering", "boro": "Chicago"}}, {"type": "Feature", "geometry": {"type": "Polygon", "coordinates": [[[-87.77154664226033, 41.80732990458617], [-87.77756891861303, 41.80552002767725], [-87.77820134574382, 41.80087276965417], [-87.77281264770038, 41.79803544320877], [-87.76679108859273, 41.79984486289543], [-87.76615751031491, 41.8044920661973], [-87.77154664226033, 41.80732990458617]]]}, "properties": {"light_n": 27, "light_t": 0, "light_top": 90, "crime_n": 2, "crime_t": 0, "crime_top": 97, "bv": "0-0", "crime_night_n": 1, "crime_night_t": 0, "crime_night_top": 100, "bv_night": "0-0", "nta": "Garfield Ridge", "boro": "Chicago"}}, {"type": "Feature", "geometry": {"type": "Polygon", "coordinates": [[[-87.76108070772123, 41.926441338964096], [-87.76711909919545, 41.92462849777972], [-87.76775422857311, 41.919974488849576], [-87.76235212357292, 41.917133375940594], [-87.7563144534069, 41.91894575915093], [-87.75567816696464, 41.923599713191614], [-87.76108070772123, 41.926441338964096]]]}, "properties": {"light_n": 190, "light_t": 1, "light_top": 46, "crime_n": 126, "crime_t": 2, "crime_top": 33, "bv": "2-1", "crime_night_n": 47, "crime_night_t": 1, "crime_night_top": 37, "bv_night": "1-1", "nta": "Belmont Cragin", "boro": "Chicago"}}, {"type": "Feature", "geometry": {"type": "Polygon", "coordinates": [[[-87.7306499333968, 41.810696174262326], [-87.73667486381765, 41.80888824269266], [-87.73731151307264, 41.804240781120285], [-87.73192438312357, 41.80140130667937], [-87.72590017143398, 41.803208781514996], [-87.725262370994, 41.80785618747312], [-87.7306499333968, 41.810696174262326]]]}, "properties": {"light_n": 205, "light_t": 1, "light_top": 42, "crime_n": 93, "crime_t": 1, "crime_top": 43, "bv": "1-1", "crime_night_n": 36, "crime_night_t": 1, "crime_night_top": 45, "bv_night": "1-1", "nta": "Archer Heights", "boro": "Chicago"}}, {"type": "Feature", "geometry": {"type": "Polygon", "coordinates": [[[-87.60594860244034, 41.8346568018609], [-87.61198339029733, 41.83285441342493], [-87.61263310940875, 41.82820556973815], [-87.60724919266131, 41.82535917276671], [-87.60121512848934, 41.82716110586459], [-87.60056425741253, 41.83180989121956], [-87.60594860244034, 41.8346568018609]]]}, "properties": {"light_n": 133, "light_t": 1, "light_top": 66, "crime_n": 73, "crime_t": 1, "crime_top": 51, "bv": "1-1", "crime_night_n": 46, "crime_night_t": 1, "crime_night_top": 38, "bv_night": "1-1", "nta": "Oakland", "boro": "Chicago"}}, {"type": "Feature", "geometry": {"type": "Polygon", "coordinates": [[[-87.58702358271815, 41.80467638454122], [-87.59305547628666, 41.802875816765955], [-87.59370670682911, 41.79822867249743], [-87.58832719424326, 41.79538215471078], [-87.58229602405848, 41.797182267609], [-87.58164364310865, 41.80182935311852], [-87.58702358271815, 41.80467638454122]]]}, "properties": {"light_n": 241, "light_t": 2, "light_top": 28, "crime_n": 310, "crime_t": 2, "crime_top": 8, "bv": "2-2", "crime_night_n": 99, "crime_night_t": 2, "crime_night_top": 14, "bv_night": "2-2", "nta": "Hyde Park", "boro": "Chicago"}}, {"type": "Feature", "geometry": {"type": "Polygon", "coordinates": [[[-87.61569019246, 41.76495030770748], [-87.62171536562533, 41.763149462294976], [-87.62236311327868, 41.7585045779643], [-87.61698683633, 41.75566059714355], [-87.6109623843439, 41.757460987609676], [-87.61031348815983, 41.762105813790605], [-87.61569019246, 41.76495030770748]]]}, "properties": {"light_n": 208, "light_t": 1, "light_top": 40, "crime_n": 175, "crime_t": 2, "crime_top": 22, "bv": "2-1", "crime_night_n": 69, "crime_night_t": 2, "crime_night_top": 25, "bv_night": "2-1", "nta": "Greater Grand Crossing", "boro": "Chicago"}}, {"type": "Feature", "geometry": {"type": "Polygon", "coordinates": [[[-87.77729188367265, 41.934965046507884], [-87.78333050902795, 41.933151143492786], [-87.78396409572922, 41.92849665798913], [-87.77856021465004, 41.9256561299774], [-87.77252231031844, 41.927469574751676], [-87.77188756607399, 41.93212400572581], [-87.77729188367265, 41.934965046507884]]]}, "properties": {"light_n": 253, "light_t": 2, "light_top": 23, "crime_n": 74, "crime_t": 1, "crime_top": 50, "bv": "1-2", "crime_night_n": 27, "crime_night_t": 1, "crime_night_top": 54, "bv_night": "1-2", "nta": "Belmont Cragin", "boro": "Chicago"}}, {"type": "Feature", "geometry": {"type": "Polygon", "coordinates": [[[-87.70387546872045, 41.92128287416454], [-87.70991628843653, 41.919473052302195], [-87.71055720225394, 41.91481932033347], [-87.70515845300912, 41.91197546632093], [-87.69911835638092, 41.9137848309677], [-87.6984762859419, 41.91843850678996], [-87.70387546872045, 41.92128287416454]]]}, "properties": {"light_n": 243, "light_t": 2, "light_top": 26, "crime_n": 122, "crime_t": 1, "crime_top": 35, "bv": "1-2", "crime_night_n": 51, "crime_night_t": 1, "crime_night_top": 34, "bv_night": "1-2", "nta": "Logan Square", "boro": "Chicago"}}, {"type": "Feature", "geometry": {"type": "Polygon", "coordinates": [[[-87.60901530160935, 41.77139625879527], [-87.61504167361515, 41.769595559330014], [-87.61569019246, 41.76495030770748], [-87.61031348815983, 41.762105813790605], [-87.6042878377586, 41.76390605834622], [-87.60363817008557, 41.768551251676], [-87.60901530160935, 41.77139625879527]]]}, "properties": {"light_n": 302, "light_t": 2, "light_top": 11, "crime_n": 330, "crime_t": 2, "crime_top": 7, "bv": "2-2", "crime_night_n": 120, "crime_night_t": 2, "crime_night_top": 9, "bv_night": "2-2", "nta": "Greater Grand Crossing", "boro": "Chicago"}}, {"type": "Feature", "geometry": {"type": "Polygon", "coordinates": [[[-87.6684999815455, 41.967572502035054], [-87.67454877731764, 41.96576310901088], [-87.67519395784046, 41.96110675794383], [-87.66979150144957, 41.958259856748796], [-87.6637434314177, 41.96006879266263], [-87.66309709206902, 41.96472508682917], [-87.6684999815455, 41.967572502035054]]]}, "properties": {"light_n": 270, "light_t": 2, "light_top": 18, "crime_n": 77, "crime_t": 1, "crime_top": 49, "bv": "1-2", "crime_night_n": 24, "crime_night_t": 1, "crime_night_top": 57, "bv_night": "1-2", "nta": "Uptown", "boro": "Chicago"}}, {"type": "Feature", "geometry": {"type": "Polygon", "coordinates": [[[-87.72023375804906, 41.760361373669674], [-87.72625269642633, 41.75855543741234], [-87.72688971622142, 41.75391083425289], [-87.72150894631912, 41.751072223165366], [-87.71549072546104, 41.752877703192965], [-87.71485255701782, 41.75752225048542], [-87.72023375804906, 41.760361373669674]]]}, "properties": {"light_n": 187, "light_t": 1, "light_top": 48, "crime_n": 26, "crime_t": 0, "crime_top": 73, "bv": "0-1", "crime_night_n": 6, "crime_night_t": 0, "crime_night_top": 84, "bv_night": "0-1", "nta": "Ashburn", "boro": "Chicago"}}, {"type": "Feature", "geometry": {"type": "Polygon", "coordinates": [[[-87.77442576942146, 41.91350786070555], [-87.78046174499445, 41.91169472887123], [-87.78109533096651, 41.90704145498292], [-87.77569409785609, 41.90420136747969], [-87.76965884273434, 41.90601404126809], [-87.7690241003034, 41.910667260552984], [-87.77442576942146, 41.91350786070555]]]}, "properties": {"light_n": 241, "light_t": 2, "light_top": 28, "crime_n": 110, "crime_t": 1, "crime_top": 39, "bv": "1-2", "crime_night_n": 54, "crime_night_t": 2, "crime_night_top": 32, "bv_night": "2-2", "nta": "Austin", "boro": "Chicago"}}, {"type": "Feature", "geometry": {"type": "Polygon", "coordinates": [[[-87.65096832863422, 41.7187952284824], [-87.65698559604087, 41.71699396837506], [-87.65762910325418, 41.712351717023544], [-87.65225648945278, 41.70951078312715], [-87.6462399406043, 41.71131158818453], [-87.64559528703124, 41.715953782135976], [-87.65096832863422, 41.7187952284824]]]}, "properties": {"light_n": 332, "light_t": 2, "light_top": 6, "crime_n": 58, "crime_t": 1, "crime_top": 56, "bv": "1-2", "crime_night_n": 22, "crime_night_t": 1, "crime_night_top": 59, "bv_night": "1-2", "nta": "Washington Heights", "boro": "Chicago"}}, {"type": "Feature", "geometry": {"type": "Polygon", "coordinates": [[[-87.77156229675974, 41.892055963356064], [-87.77759562483877, 41.8902436026633], [-87.7782292098107, 41.885591541226646], [-87.77283062211136, 41.88275189510739], [-87.7667980139118, 41.88456379794914], [-87.76616327356376, 41.889215804708556], [-87.77156229675974, 41.892055963356064]]]}, "properties": {"light_n": 187, "light_t": 1, "light_top": 48, "crime_n": 132, "crime_t": 2, "crime_top": 32, "bv": "2-1", "crime_night_n": 59, "crime_night_t": 2, "crime_night_top": 28, "bv_night": "2-1", "nta": "Austin", "boro": "Chicago"}}, {"type": "Feature", "geometry": {"type": "Polygon", "coordinates": [[[-87.62126168898693, 41.807810707768844], [-87.62729214898461, 41.80600833388523], [-87.62793992775819, 41.801361014840246], [-87.62255839724722, 41.79851612763519], [-87.61652865957919, 41.80031804618516], [-87.61587973012513, 41.80496530722143], [-87.62126168898693, 41.807810707768844]]]}, "properties": {"light_n": 241, "light_t": 2, "light_top": 28, "crime_n": 255, "crime_t": 2, "crime_top": 12, "bv": "2-2", "crime_night_n": 102, "crime_night_t": 2, "crime_night_top": 13, "bv_night": "2-2", "nta": "Grand Boulevard", "boro": "Chicago"}}, {"type": "Feature", "geometry": {"type": "Polygon", "coordinates": [[[-87.62346218959567, 41.709227908410625], [-87.62947969274012, 41.7074283016625], [-87.63012586965375, 41.702786591346374], [-87.62475568924916, 41.69994454573111], [-87.61873890528842, 41.70174369784709], [-87.61809158258093, 41.70638535015821], [-87.62346218959567, 41.709227908410625]]]}, "properties": {"light_n": 316, "light_t": 2, "light_top": 8, "crime_n": 199, "crime_t": 2, "crime_top": 19, "bv": "2-2", "crime_night_n": 83, "crime_night_t": 2, "crime_night_top": 19, "bv_night": "2-2", "nta": "Roseland", "boro": "Chicago"}}, {"type": "Feature", "geometry": {"type": "Polygon", "coordinates": [[[-87.74011192584764, 41.910420191048956], [-87.74614936071005, 41.90860886907589], [-87.74678641579551, 41.90395575975178], [-87.7413871922456, 41.901114027705404], [-87.7353504789025, 41.90292489208674], [-87.73471226762193, 41.90757794605354], [-87.74011192584764, 41.910420191048956]]]}, "properties": {"light_n": 70, "light_t": 0, "light_top": 80, "crime_n": 75, "crime_t": 1, "crime_top": 50, "bv": "1-0", "crime_night_n": 22, "crime_night_t": 1, "crime_night_top": 59, "bv_night": "1-0", "nta": "Humboldt Park", "boro": "Chicago"}}, {"type": "Feature", "geometry": {"type": "Polygon", "coordinates": [[[-87.52097196305621, 41.69979489908504], [-87.52699373614533, 41.698000689106436], [-87.52765022193672, 41.69335950980133], [-87.52228607964524, 41.69051260066884], [-87.51626502887719, 41.69230635738257], [-87.51560739811269, 41.696947476441466], [-87.52097196305621, 41.69979489908504]]]}, "properties": {"light_n": 82, "light_t": 0, "light_top": 78, "crime_n": 2, "crime_t": 0, "crime_top": 97, "bv": "0-0", "crime_night_n": 1, "crime_night_t": 0, "crime_night_top": 100, "bv_night": "0-0", "nta": "East Side", "boro": "Chicago"}}, {"type": "Feature", "geometry": {"type": "Polygon", "coordinates": [[[-87.53432651501399, 41.68692434091476], [-87.54034589950255, 41.68512983806192], [-87.54100084297463, 41.680489392873284], [-87.53563754637484, 41.67764351044535], [-87.52961888335959, 41.67943755995893], [-87.5289627955038, 41.6840779451875], [-87.53432651501399, 41.68692434091476]]]}, "properties": {"light_n": 160, "light_t": 1, "light_top": 57, "crime_n": 23, "crime_t": 0, "crime_top": 76, "bv": "0-1", "crime_night_n": 6, "crime_night_t": 0, "crime_night_top": 84, "bv_night": "0-1", "nta": "Hegewisch", "boro": "Chicago"}}, {"type": "Feature", "geometry": {"type": "Polygon", "coordinates": [[[-87.6034593559041, 41.72855319818568], [-87.60948044794151, 41.72675402634477], [-87.61012893340983, 41.72211121227775], [-87.60475747355677, 41.719267628432505], [-87.59873710197505, 41.7210663457509], [-87.59808746982326, 41.72570910138477], [-87.6034593559041, 41.72855319818568]]]}, "properties": {"light_n": 185, "light_t": 1, "light_top": 48, "crime_n": 113, "crime_t": 1, "crime_top": 38, "bv": "1-1", "crime_night_n": 39, "crime_night_t": 1, "crime_night_top": 43, "bv_night": "1-1", "nta": "Chatham", "boro": "Chicago"}}, {"type": "Feature", "geometry": {"type": "Polygon", "coordinates": [[[-87.65035020747479, 41.97299917196487], [-87.65640069656817, 41.97119053360733], [-87.6570478126495, 41.966533874105025], [-87.65164559870749, 41.96368591020391], [-87.64559583614094, 41.965494091640856], [-87.64494756102228, 41.970150693846826], [-87.65035020747479, 41.97299917196487]]]}, "properties": {"light_n": 223, "light_t": 1, "light_top": 34, "crime_n": 266, "crime_t": 2, "crime_top": 12, "bv": "2-1", "crime_night_n": 86, "crime_night_t": 2, "crime_night_top": 18, "bv_night": "2-1", "nta": "Uptown", "boro": "Chicago"}}, {"type": "Feature", "geometry": {"type": "Polygon", "coordinates": [[[-87.79736565084296, 42.00039388185651], [-87.803411749583, 41.99857705977854], [-87.80404417594646, 41.99391889040945], [-87.79863166449424, 41.99107759712048], [-87.79258628814058, 41.99289396022121], [-87.79195270088441, 41.997552075535374], [-87.79736565084296, 42.00039388185651]]]}, "properties": {"light_n": 247, "light_t": 2, "light_top": 25, "crime_n": 15, "crime_t": 0, "crime_top": 81, "bv": "0-2", "crime_night_n": 10, "crime_night_t": 0, "crime_night_top": 75, "bv_night": "0-2", "nta": "Norwood Park", "boro": "Chicago"}}, {"type": "Feature", "geometry": {"type": "Polygon", "coordinates": [[[-87.70964479650446, 41.879407829619005], [-87.71567982973956, 41.87759894018428], [-87.71631957338514, 41.87294757772704], [-87.71092543837295, 41.87010516069229], [-87.70489112672067, 41.871913593148335], [-87.70425022852984, 41.87656489956526], [-87.70964479650446, 41.879407829619005]]]}, "properties": {"light_n": 190, "light_t": 1, "light_top": 46, "crime_n": 348, "crime_t": 2, "crime_top": 6, "bv": "2-1", "crime_night_n": 163, "crime_night_t": 2, "crime_night_top": 5, "bv_night": "2-1", "nta": "East Garfield Park", "boro": "Chicago"}}, {"type": "Feature", "geometry": {"type": "Polygon", "coordinates": [[[-87.80973022725006, 41.95200718829033], [-87.81576931694613, 41.9501911606358], [-87.81639981484409, 41.94553572380411], [-87.810992381577, 41.94269636838322], [-87.80495401233338, 41.944511937263584], [-87.80432235593588, 41.949167320286314], [-87.80973022725006, 41.95200718829033]]]}, "properties": {"light_n": 242, "light_t": 2, "light_top": 27, "crime_n": 27, "crime_t": 0, "crime_top": 72, "bv": "0-2", "crime_night_n": 17, "crime_night_t": 1, "crime_night_top": 66, "bv_night": "1-2", "nta": "Dunning", "boro": "Chicago"}}, {"type": "Feature", "geometry": {"type": "Polygon", "coordinates": [[[-87.66673878672867, 41.896715513744375], [-87.67277840308004, 41.89490827063666], [-87.67342277556082, 41.89025592043637], [-87.66802868699192, 41.887410870263416], [-87.6619897942167, 41.889217656805855], [-87.66134426646667, 41.89386995003392], [-87.66673878672867, 41.896715513744375]]]}, "properties": {"light_n": 263, "light_t": 2, "light_top": 20, "crime_n": 123, "crime_t": 1, "crime_top": 34, "bv": "1-2", "crime_night_n": 52, "crime_night_t": 2, "crime_night_top": 34, "bv_night": "2-2", "nta": "West Town", "boro": "Chicago"}}, {"type": "Feature", "geometry": {"type": "Polygon", "coordinates": [[[-87.71915659631344, 41.89439747005463], [-87.72519307293348, 41.892587666316466], [-87.72583205095582, 41.887935457830785], [-87.72043570771578, 41.88509310885525], [-87.71439995282478, 41.88690245538403], [-87.7137598194768, 41.89155460804515], [-87.71915659631344, 41.89439747005463]]]}, "properties": {"light_n": 120, "light_t": 0, "light_top": 70, "crime_n": 235, "crime_t": 2, "crime_top": 14, "bv": "2-0", "crime_night_n": 101, "crime_night_t": 2, "crime_night_top": 13, "bv_night": "2-0", "nta": "Humboldt Park", "boro": "Chicago"}}, {"type": "Feature", "geometry": {"type": "Polygon", "coordinates": [[[-87.69179772904283, 41.71546525849882], [-87.69781236339259, 41.71366205789333], [-87.69845166366534, 41.70902000477897], [-87.69307747594922, 41.706181208727926], [-87.68706355868315, 41.707983953794255], [-87.6864231120814, 41.71262595039851], [-87.69179772904283, 41.71546525849882]]]}, "properties": {"light_n": 126, "light_t": 0, "light_top": 69, "crime_n": 3, "crime_t": 0, "crime_top": 95, "bv": "0-0", "crime_night_n": 1, "crime_night_t": 0, "crime_night_top": 100, "bv_night": "0-0", "nta": "Beverly", "boro": "Chicago"}}, {"type": "Feature", "geometry": {"type": "Polygon", "coordinates": [[[-87.57871759873986, 41.74039099270821], [-87.58474156046796, 41.73859271268018], [-87.58539273429135, 41.73394922235204], [-87.58002109360493, 41.731104070967994], [-87.5739978535312, 41.732901896699], [-87.57334553252227, 41.73754532805877], [-87.57871759873986, 41.74039099270821]]]}, "properties": {"light_n": 271, "light_t": 2, "light_top": 17, "crime_n": 100, "crime_t": 1, "crime_top": 41, "bv": "1-2", "crime_night_n": 32, "crime_night_t": 1, "crime_night_top": 49, "bv_night": "1-2", "nta": "Calumet Heights", "boro": "Chicago"}}, {"type": "Feature", "geometry": {"type": "Polygon", "coordinates": [[[-87.7183200072164, 41.77429708263493], [-87.7243408630243, 41.77249083353288], [-87.72497826986678, 41.76784543709254], [-87.71959597026758, 41.76500634560379], [-87.71357583247591, 41.766812138396716], [-87.71293727629904, 41.77145747893512], [-87.7183200072164, 41.77429708263493]]]}, "properties": {"light_n": 167, "light_t": 1, "light_top": 54, "crime_n": 54, "crime_t": 1, "crime_top": 58, "bv": "1-1", "crime_night_n": 23, "crime_night_t": 1, "crime_night_top": 58, "bv_night": "1-1", "nta": "West Lawn", "boro": "Chicago"}}, {"type": "Feature", "geometry": {"type": "Polygon", "coordinates": [[[-87.65376610668112, 41.74020919470661], [-87.65978600899929, 41.73840716847437], [-87.66042952854785, 41.733763697692524], [-87.6550542932411, 41.73092231041965], [-87.64903511005248, 41.732723881408006], [-87.64839044307328, 41.73736729486082], [-87.65376610668112, 41.74020919470661]]]}, "properties": {"light_n": 176, "light_t": 1, "light_top": 52, "crime_n": 145, "crime_t": 2, "crime_top": 30, "bv": "2-1", "crime_night_n": 49, "crime_night_t": 1, "crime_night_top": 35, "bv_night": "1-1", "nta": "Auburn Gresham", "boro": "Chicago"}}, {"type": "Feature", "geometry": {"type": "Polygon", "coordinates": [[[-87.70489112672067, 41.871913593148335], [-87.71092543837295, 41.87010516069229], [-87.71156556441122, 41.86545422145426], [-87.70617253298452, 41.86261177076781], [-87.70013894284182, 41.864419746360504], [-87.6994976626483, 41.86907062945044], [-87.70489112672067, 41.871913593148335]]]}, "properties": {"light_n": 199, "light_t": 1, "light_top": 43, "crime_n": 362, "crime_t": 2, "crime_top": 5, "bv": "2-1", "crime_night_n": 127, "crime_night_t": 2, "crime_night_top": 8, "bv_night": "2-1", "nta": "North Lawndale", "boro": "Chicago"}}, {"type": "Feature", "geometry": {"type": "Polygon", "coordinates": [[[-87.77820134574382, 41.80087276965417], [-87.78422242013592, 41.799062749827456], [-87.78485407963335, 41.79441586086547], [-87.7794658156164, 41.79157904625672], [-87.77344545804414, 41.79338860882576], [-87.77281264770038, 41.79803544320877], [-87.77820134574382, 41.80087276965417]]]}, "properties": {"light_n": 244, "light_t": 2, "light_top": 26, "crime_n": 23, "crime_t": 0, "crime_top": 76, "bv": "0-2", "crime_night_n": 6, "crime_night_t": 0, "crime_night_top": 84, "bv_night": "0-2", "nta": "Garfield Ridge", "boro": "Chicago"}}, {"type": "Feature", "geometry": {"type": "Polygon", "coordinates": [[[-87.65316314107557, 41.9944777683303], [-87.65921629426963, 41.99266836505828], [-87.65986342287738, 41.98801049588883], [-87.65445855844989, 41.9851620871634], [-87.64840613236362, 41.98697103332101], [-87.64775784362982, 41.99162884526572], [-87.65316314107557, 41.9944777683303]]]}, "properties": {"light_n": 109, "light_t": 0, "light_top": 72, "crime_n": 171, "crime_t": 2, "crime_top": 23, "bv": "2-0", "crime_night_n": 59, "crime_night_t": 2, "crime_night_top": 28, "bv_night": "2-0", "nta": "Edgewater", "boro": "Chicago"}}, {"type": "Feature", "geometry": {"type": "Polygon", "coordinates": [[[-87.67995234191875, 41.96860997536031], [-87.6860006535432, 41.966799976678494], [-87.68664467514986, 41.96214356896279], [-87.68124154408072, 41.959297216524845], [-87.67519395784046, 41.96110675794383], [-87.67454877731764, 41.96576310901088], [-87.67995234191875, 41.96860997536031]]]}, "properties": {"light_n": 234, "light_t": 2, "light_top": 30, "crime_n": 62, "crime_t": 1, "crime_top": 55, "bv": "1-2", "crime_night_n": 20, "crime_night_t": 1, "crime_night_top": 61, "bv_night": "1-2", "nta": "Lincoln Square", "boro": "Chicago"}}, {"type": "Feature", "geometry": {"type": "Polygon", "coordinates": [[[-87.70772285863062, 41.89336380852553], [-87.7137598194768, 41.89155460804515], [-87.71439995282478, 41.88690245538403], [-87.70900428059542, 41.884059559226365], [-87.7029680418332, 41.88586830264906], [-87.70232675324849, 41.890520399234525], [-87.70772285863062, 41.89336380852553]]]}, "properties": {"light_n": 110, "light_t": 0, "light_top": 72, "crime_n": 285, "crime_t": 2, "crime_top": 10, "bv": "2-0", "crime_night_n": 95, "crime_night_t": 2, "crime_night_top": 15, "bv_night": "2-0", "nta": "Humboldt Park", "boro": "Chicago"}}, {"type": "Feature", "geometry": {"type": "Polygon", "coordinates": [[[-87.74872303935722, 41.805271634879595], [-87.75474628436673, 41.803462958825506], [-87.75538101370445, 41.79881581049505], [-87.74999364903681, 41.795977393387815], [-87.7439711219796, 41.797785612521174], [-87.74333524166936, 41.802432705630046], [-87.74872303935722, 41.805271634879595]]]}, "properties": {"light_n": 268, "light_t": 2, "light_top": 18, "crime_n": 39, "crime_t": 1, "crime_top": 66, "bv": "1-2", "crime_night_n": 18, "crime_night_t": 1, "crime_night_top": 64, "bv_night": "1-2", "nta": "Garfield Ridge", "boro": "Chicago"}}, {"type": "Feature", "geometry": {"type": "Polygon", "coordinates": [[[-87.79926447813344, 41.98641984866344], [-87.80530864266859, 41.98460333953094], [-87.8059406831055, 41.979945958103634], [-87.80052971923462, 41.97710513977662], [-87.79448627658375, 41.97892119001144], [-87.79385307595109, 41.9835785174182], [-87.79926447813344, 41.98641984866344]]]}, "properties": {"light_n": 212, "light_t": 1, "light_top": 39, "crime_n": 5, "crime_t": 0, "crime_top": 91, "bv": "0-1", "crime_night_n": 3, "crime_night_t": 0, "crime_night_top": 90, "bv_night": "0-1", "nta": "Norwood Park", "boro": "Chicago"}}, {"type": "Feature", "geometry": {"type": "Polygon", "coordinates": [[[-87.71623373905119, 41.95774621637107], [-87.7222786612413, 41.95593471159707], [-87.72291881494436, 41.95127892368111], [-87.71751520497975, 41.94843469634413], [-87.71147100660076, 41.950245743477325], [-87.71082969440747, 41.95490147553562], [-87.71623373905119, 41.95774621637107]]]}, "properties": {"light_n": 298, "light_t": 2, "light_top": 12, "crime_n": 91, "crime_t": 1, "crime_top": 44, "bv": "1-2", "crime_night_n": 33, "crime_night_t": 1, "crime_night_top": 47, "bv_night": "1-2", "nta": "Irving Park", "boro": "Chicago"}}, {"type": "Feature", "geometry": {"type": "Polygon", "coordinates": [[[-87.64129048736761, 41.788462291337304], [-87.64731734573432, 41.78665947917125], [-87.64796280959135, 41.7820132616618], [-87.64258256489953, 41.77916991384545], [-87.6365564275843, 41.78097227056778], [-87.63590981394184, 41.78561843049779], [-87.64129048736761, 41.788462291337304]]]}, "properties": {"light_n": 164, "light_t": 1, "light_top": 56, "crime_n": 173, "crime_t": 2, "crime_top": 23, "bv": "2-1", "crime_night_n": 53, "crime_night_t": 2, "crime_night_top": 33, "bv_night": "2-1", "nta": "Englewood", "boro": "Chicago"}}, {"type": "Feature", "geometry": {"type": "Polygon", "coordinates": [[[-87.66268163566737, 42.00949239921523], [-87.66873624330172, 42.00768208136769], [-87.66938260616574, 42.00302336824375], [-87.66397552234142, 42.00017502992335], [-87.65792164196463, 42.00198489042534], [-87.65727411818735, 42.00664354654051], [-87.66268163566737, 42.00949239921523]]]}, "properties": {"light_n": 214, "light_t": 1, "light_top": 38, "crime_n": 312, "crime_t": 2, "crime_top": 8, "bv": "2-1", "crime_night_n": 135, "crime_night_t": 2, "crime_night_top": 7, "bv_night": "2-1", "nta": "Rogers Park", "boro": "Chicago"}}, {"type": "Feature", "geometry": {"type": "Polygon", "coordinates": [[[-87.74006979095614, 41.99525437023553], [-87.74611833330113, 41.99344057552497], [-87.74675656324962, 41.988782678952695], [-87.74134741133723, 41.98593863235414], [-87.73529959316956, 41.98775196884635], [-87.73466020276904, 41.99240981010269], [-87.74006979095614, 41.99525437023553]]]}, "properties": {"light_n": 153, "light_t": 1, "light_top": 60, "crime_n": 8, "crime_t": 0, "crime_top": 87, "bv": "0-1", "crime_night_n": 2, "crime_night_t": 0, "crime_night_top": 94, "bv_night": "0-1", "nta": "Forest Glen", "boro": "Chicago"}}, {"type": "Feature", "geometry": {"type": "Polygon", "coordinates": [[[-87.55592479008821, 41.738293880185445], [-87.56194970171694, 41.736496801401756], [-87.56260316982, 41.73185342925975], [-87.55723287332974, 41.729007195316306], [-87.551208684054, 41.73080382010731], [-87.55055406894846, 41.73544713278217], [-87.55592479008821, 41.738293880185445]]]}, "properties": {"light_n": 274, "light_t": 2, "light_top": 17, "crime_n": 240, "crime_t": 2, "crime_top": 14, "bv": "2-2", "crime_night_n": 70, "crime_night_t": 2, "crime_night_top": 25, "bv_night": "2-2", "nta": "South Chicago", "boro": "Chicago"}}, {"type": "Feature", "geometry": {"type": "Polygon", "coordinates": [[[-87.66480295387437, 41.910674452795234], [-87.6708445004019, 41.90886690037782], [-87.67148926554027, 41.9042137606482], [-87.6660936401449, 41.901368230291546], [-87.66005281769654, 41.903175326065096], [-87.6594068965969, 41.90782840878658], [-87.66480295387437, 41.910674452795234]]]}, "properties": {"light_n": 252, "light_t": 2, "light_top": 23, "crime_n": 225, "crime_t": 2, "crime_top": 15, "bv": "2-2", "crime_night_n": 104, "crime_night_t": 2, "crime_night_top": 13, "bv_night": "2-2", "nta": "West Town", "boro": "Chicago"}}, {"type": "Feature", "geometry": {"type": "Polygon", "coordinates": [[[-87.60511758563607, 41.799273932046894], [-87.61114780130526, 41.79747261529188], [-87.61179710870343, 41.79282577923505], [-87.60641735066581, 41.789980318246464], [-87.60038785760281, 41.79178117993516], [-87.59973740000392, 41.79642795762638], [-87.60511758563607, 41.799273932046894]]]}, "properties": {"light_n": 209, "light_t": 1, "light_top": 40, "crime_n": 81, "crime_t": 1, "crime_top": 48, "bv": "1-1", "crime_night_n": 32, "crime_night_t": 1, "crime_night_top": 49, "bv_night": "1-1", "nta": "Hyde Park", "boro": "Chicago"}}, {"type": "Feature", "geometry": {"type": "Polygon", "coordinates": [[[-87.8459562668948, 41.94110728101339], [-87.8519919567981, 41.93928975748705], [-87.8526185964137, 41.93463495008929], [-87.84721070422088, 41.931797719185155], [-87.84117573319676, 41.93361478356447], [-87.84054793551748, 41.93826953794223], [-87.8459562668948, 41.94110728101339]]]}, "properties": {"light_n": 22, "light_t": 0, "light_top": 91, "crime_n": 0, "crime_t": 0, "crime_top": null, "bv": "0-0", "crime_night_n": 0, "crime_night_t": 0, "crime_night_top": null, "bv_night": "0-0", "nta": "O'Hare", "boro": "Chicago"}}, {"type": "Feature", "geometry": {"type": "Polygon", "coordinates": [[[-87.67624123128405, 41.911712397128554], [-87.68228229501015, 41.9099042405441], [-87.68292590409729, 41.905251044057586], [-87.67752960554198, 41.90240606085981], [-87.67148926554027, 41.9042137606482], [-87.6708445004019, 41.90886690037782], [-87.67624123128405, 41.911712397128554]]]}, "properties": {"light_n": 303, "light_t": 2, "light_top": 11, "crime_n": 309, "crime_t": 2, "crime_top": 8, "bv": "2-2", "crime_night_n": 165, "crime_night_t": 2, "crime_night_top": 4, "bv_night": "2-2", "nta": "West Town", "boro": "Chicago"}}, {"type": "Feature", "geometry": {"type": "Polygon", "coordinates": [[[-87.64538047529766, 41.67598329782587], [-87.65139247969236, 41.67418356985127], [-87.65203596148106, 41.66954375981922], [-87.64666858312965, 41.66670373525141], [-87.6406572961523, 41.66850300856395], [-87.64001267014116, 41.67314276105416], [-87.64538047529766, 41.67598329782587]]]}, "properties": {"light_n": 153, "light_t": 1, "light_top": 60, "crime_n": 48, "crime_t": 1, "crime_top": 61, "bv": "1-1", "crime_night_n": 18, "crime_night_t": 1, "crime_night_top": 64, "bv_night": "1-1", "nta": "West Pullman", "boro": "Chicago"}}, {"type": "Feature", "geometry": {"type": "Polygon", "coordinates": [[[-87.67551566848557, 41.79158037148746], [-87.68154108753255, 41.789775756188575], [-87.68218310149501, 41.78512936744058], [-87.67680084649696, 41.782287650768616], [-87.67077614744613, 41.78409181016894], [-87.67013298342935, 41.78873814208738], [-87.67551566848557, 41.79158037148746]]]}, "properties": {"light_n": 117, "light_t": 0, "light_top": 70, "crime_n": 64, "crime_t": 1, "crime_top": 54, "bv": "1-0", "crime_night_n": 27, "crime_night_t": 1, "crime_night_top": 54, "bv_night": "1-0", "nta": "West Englewood", "boro": "Chicago"}}, {"type": "Feature", "geometry": {"type": "Polygon", "coordinates": [[[-87.68574962609975, 41.926710837262796], [-87.69179213749665, 41.92490176673996], [-87.69243498207234, 41.920247724514496], [-87.68703647211736, 41.91740280930055], [-87.68099468459282, 41.919211422796494], [-87.68035068318325, 41.92386540848063], [-87.68574962609975, 41.926710837262796]]]}, "properties": {"light_n": 180, "light_t": 1, "light_top": 51, "crime_n": 114, "crime_t": 1, "crime_top": 37, "bv": "1-1", "crime_night_n": 44, "crime_night_t": 1, "crime_night_top": 40, "bv_night": "1-1", "nta": "Logan Square", "boro": "Chicago"}}, {"type": "Feature", "geometry": {"type": "Polygon", "coordinates": [[[-87.79063432740574, 41.92202849176213], [-87.79667053572054, 41.920214298511674], [-87.79730257940301, 41.91556054827786], [-87.79189957173887, 41.91272104548547], [-87.78586408359057, 41.91453478042346], [-87.78523088297146, 41.91918847641365], [-87.79063432740574, 41.92202849176213]]]}, "properties": {"light_n": 218, "light_t": 1, "light_top": 36, "crime_n": 37, "crime_t": 1, "crime_top": 67, "bv": "1-1", "crime_night_n": 12, "crime_night_t": 0, "crime_night_top": 73, "bv_night": "0-1", "nta": "Austin", "boro": "Chicago"}}, {"type": "Feature", "geometry": {"type": "Polygon", "coordinates": [[[-87.59843608938493, 41.80572230472475], [-87.6044675055923, 41.80392113482434], [-87.60511758563607, 41.799273932046894], [-87.59973740000392, 41.79642795762638], [-87.59370670682911, 41.79822867249743], [-87.59305547628666, 41.802875816765955], [-87.59843608938493, 41.80572230472475]]]}, "properties": {"light_n": 227, "light_t": 2, "light_top": 32, "crime_n": 142, "crime_t": 2, "crime_top": 31, "bv": "2-2", "crime_night_n": 70, "crime_night_t": 2, "crime_night_top": 25, "bv_night": "2-2", "nta": "Hyde Park", "boro": "Chicago"}}, {"type": "Feature", "geometry": {"type": "Polygon", "coordinates": [[[-87.72483849545357, 41.937313137058126], [-87.73088027620199, 41.93550179606768], [-87.73151926588986, 41.93084716338696], [-87.72611763235463, 41.928003927322905], [-87.7200765744849, 41.92981481071502], [-87.71943642730379, 41.93446938771686], [-87.72483849545357, 41.937313137058126]]]}, "properties": {"light_n": 187, "light_t": 1, "light_top": 48, "crime_n": 117, "crime_t": 1, "crime_top": 36, "bv": "1-1", "crime_night_n": 46, "crime_night_t": 1, "crime_night_top": 38, "bv_night": "1-1", "nta": "Avondale", "boro": "Chicago"}}, {"type": "Feature", "geometry": {"type": "Polygon", "coordinates": [[[-87.67817359646557, 41.89775328744804], [-87.68421273022678, 41.89594544056803], [-87.6848559473484, 41.89129303364659], [-87.67946118610031, 41.88844853027372], [-87.67342277556082, 41.89025592043637], [-87.67277840308004, 41.89490827063666], [-87.67817359646557, 41.89775328744804]]]}, "properties": {"light_n": 238, "light_t": 2, "light_top": 29, "crime_n": 122, "crime_t": 1, "crime_top": 35, "bv": "1-2", "crime_night_n": 50, "crime_night_t": 1, "crime_night_top": 35, "bv_night": "1-2", "nta": "West Town", "boro": "Chicago"}}, {"type": "Feature", "geometry": {"type": "Polygon", "coordinates": [[[-87.73250552742807, 41.881473667065535], [-87.73853959213929, 41.87966357199453], [-87.73917702642841, 41.87501209820947], [-87.73378155076067, 41.87217077498125], [-87.72774820692267, 41.873980412770464], [-87.7271096179111, 41.87863183101709], [-87.73250552742807, 41.881473667065535]]]}, "properties": {"light_n": 250, "light_t": 2, "light_top": 24, "crime_n": 480, "crime_t": 2, "crime_top": 2, "bv": "2-2", "crime_night_n": 173, "crime_night_t": 2, "crime_night_top": 4, "bv_night": "2-2", "nta": "West Garfield Park", "boro": "Chicago"}}, {"type": "Feature", "geometry": {"type": "Polygon", "coordinates": [[[-87.64214892423547, 41.823838723033994], [-87.64818034956382, 41.82203483597551], [-87.64882621929127, 41.81738661004742], [-87.64344181527193, 41.81454232866984], [-87.6374111120703, 41.81634576001216], [-87.63676409079376, 41.820993928395794], [-87.64214892423547, 41.823838723033994]]]}, "properties": {"light_n": 233, "light_t": 2, "light_top": 31, "crime_n": 49, "crime_t": 1, "crime_top": 60, "bv": "1-2", "crime_night_n": 18, "crime_night_t": 1, "crime_night_top": 64, "bv_night": "1-2", "nta": "New City", "boro": "Chicago"}}, {"type": "Feature", "geometry": {"type": "Polygon", "coordinates": [[[-87.75440520616542, 41.932908410597875], [-87.7604448060213, 41.93109571515717], [-87.76108070772123, 41.926441338964096], [-87.75567816696464, 41.923599713191614], [-87.74963928884576, 41.925411950694375], [-87.74900222977833, 41.93006627185487], [-87.75440520616542, 41.932908410597875]]]}, "properties": {"light_n": 205, "light_t": 1, "light_top": 42, "crime_n": 127, "crime_t": 2, "crime_top": 33, "bv": "2-1", "crime_night_n": 54, "crime_night_t": 2, "crime_night_top": 32, "bv_night": "2-1", "nta": "Belmont Cragin", "boro": "Chicago"}}, {"type": "Feature", "geometry": {"type": "Polygon", "coordinates": [[[-87.68084376206755, 42.004060689531656], [-87.68689667308722, 42.00224961573407], [-87.6875410976524, 41.99759121104156], [-87.6821337719313, 41.99474393670626], [-87.67608158738068, 41.99655455296839], [-87.67543600211468, 42.001212901048525], [-87.68084376206755, 42.004060689531656]]]}, "properties": {"light_n": 81, "light_t": 0, "light_top": 78, "crime_n": 132, "crime_t": 2, "crime_top": 32, "bv": "2-0", "crime_night_n": 46, "crime_night_t": 1, "crime_night_top": 38, "bv_night": "1-0", "nta": "West Ridge", "boro": "Chicago"}}, {"type": "Feature", "geometry": {"type": "Polygon", "coordinates": [[[-87.69230510875765, 42.00509685421868], [-87.69835753434667, 42.003285173909816], [-87.69900079812089, 41.998626712857146], [-87.69359279712954, 41.995779988420736], [-87.6875410976524, 41.99759121104156], [-87.68689667308722, 42.00224961573407], [-87.69230510875765, 42.00509685421868]]]}, "properties": {"light_n": 216, "light_t": 1, "light_top": 37, "crime_n": 194, "crime_t": 2, "crime_top": 19, "bv": "2-1", "crime_night_n": 94, "crime_night_t": 2, "crime_night_top": 15, "bv_night": "2-1", "nta": "West Ridge", "boro": "Chicago"}}, {"type": "Feature", "geometry": {"type": "Polygon", "coordinates": [[[-87.67759964188714, 41.69302253169706], [-87.68361212520436, 41.69122069736392], [-87.68425256198624, 41.686579921092985], [-87.67888166065423, 41.68374103593376], [-87.67286989420204, 41.685542415072874], [-87.67222831224873, 41.69018313451299], [-87.67759964188714, 41.69302253169706]]]}, "properties": {"light_n": 171, "light_t": 1, "light_top": 53, "crime_n": 25, "crime_t": 0, "crime_top": 74, "bv": "0-1", "crime_night_n": 9, "crime_night_t": 0, "crime_night_top": 77, "bv_night": "0-1", "nta": "Morgan Park", "boro": "Chicago"}}, {"type": "Feature", "geometry": {"type": "Polygon", "coordinates": [[[-87.6591792268875, 41.86776616087397], [-87.66521546820596, 41.86596014017127], [-87.66586021032953, 41.86130942703058], [-87.66046986496428, 41.858464791691404], [-87.65443434657124, 41.860270356138166], [-87.65378845065047, 41.86492101212752], [-87.6591792268875, 41.86776616087397]]]}, "properties": {"light_n": 233, "light_t": 2, "light_top": 31, "crime_n": 268, "crime_t": 2, "crime_top": 12, "bv": "2-2", "crime_night_n": 113, "crime_night_t": 2, "crime_night_top": 10, "bv_night": "2-2", "nta": "Near West Side", "boro": "Chicago"}}, {"type": "Feature", "geometry": {"type": "Polygon", "coordinates": [[[-87.6713209057316, 41.98904880275325], [-87.67737236388766, 41.987238643911], [-87.67801755520847, 41.9825810830161], [-87.67261244831995, 41.97973373773929], [-87.66656171648401, 41.9815434392772], [-87.66591536524906, 41.98620094334355], [-87.6713209057316, 41.98904880275325]]]}, "properties": {"light_n": 178, "light_t": 1, "light_top": 51, "crime_n": 69, "crime_t": 1, "crime_top": 52, "bv": "1-1", "crime_night_n": 20, "crime_night_t": 1, "crime_night_top": 61, "bv_night": "1-1", "nta": "Edgewater", "boro": "Chicago"}}, {"type": "Feature", "geometry": {"type": "Polygon", "coordinates": [[[-87.74869680501348, 41.889998011583145], [-87.75473110530814, 41.888186856282076], [-87.75536700094467, 41.88353490445096], [-87.74996975151899, 41.880694163047735], [-87.74393617181492, 41.88250486080029], [-87.74329912097778, 41.887156757452], [-87.74869680501348, 41.889998011583145]]]}, "properties": {"light_n": 236, "light_t": 2, "light_top": 29, "crime_n": 440, "crime_t": 2, "crime_top": 3, "bv": "2-2", "crime_night_n": 190, "crime_night_t": 2, "crime_night_top": 3, "bv_night": "2-2", "nta": "Austin", "boro": "Chicago"}}, {"type": "Feature", "geometry": {"type": "Polygon", "coordinates": [[[-87.7335437076854, 41.74746052059352], [-87.73956024808456, 41.74565429823795], [-87.74019573313312, 41.74101043313845], [-87.73481582586432, 41.73817284592467], [-87.72880000213603, 41.73997861197918], [-87.7281633690373, 41.74462242149615], [-87.7335437076854, 41.74746052059352]]]}, "properties": {"light_n": 243, "light_t": 2, "light_top": 26, "crime_n": 26, "crime_t": 0, "crime_top": 73, "bv": "0-2", "crime_night_n": 6, "crime_night_t": 0, "crime_night_top": 84, "bv_night": "0-2", "nta": "Ashburn", "boro": "Chicago"}}, {"type": "Feature", "geometry": {"type": "Polygon", "coordinates": [[[-87.66180401900186, 41.974038462930956], [-87.6678540245923, 41.97222921858184], [-87.6684999815455, 41.967572502035054], [-87.66309709206902, 41.96472508682917], [-87.6570478126495, 41.966533874105025], [-87.65640069656817, 41.97119053360733], [-87.66180401900186, 41.974038462930956]]]}, "properties": {"light_n": 240, "light_t": 2, "light_top": 28, "crime_n": 229, "crime_t": 2, "crime_top": 15, "bv": "2-2", "crime_night_n": 82, "crime_night_t": 2, "crime_night_top": 19, "bv_night": "2-2", "nta": "Uptown", "boro": "Chicago"}}, {"type": "Feature", "geometry": {"type": "Polygon", "coordinates": [[[-87.57952742272046, 41.77575014954829], [-87.58555594724938, 41.77395079907391], [-87.58620753585556, 41.76930529745232], [-87.58083174890903, 41.766459205188205], [-87.5748039471113, 41.768258101094105], [-87.57415120956179, 41.772903543780245], [-87.57952742272046, 41.77575014954829]]]}, "properties": {"light_n": 181, "light_t": 1, "light_top": 50, "crime_n": 295, "crime_t": 2, "crime_top": 9, "bv": "2-1", "crime_night_n": 107, "crime_night_t": 2, "crime_night_top": 12, "bv_night": "2-1", "nta": "South Shore", "boro": "Chicago"}}, {"type": "Feature", "geometry": {"type": "Polygon", "coordinates": [[[-87.64084295487154, 41.95798939959578], [-87.64689199098616, 41.95618167496388], [-87.64753987079277, 41.95152586057502], [-87.64213987276928, 41.94867782827723], [-87.63609156303158, 41.95048509621957], [-87.6354425249732, 41.95514085309659], [-87.64084295487154, 41.95798939959578]]]}, "properties": {"light_n": 90, "light_t": 0, "light_top": 76, "crime_n": 89, "crime_t": 1, "crime_top": 45, "bv": "1-0", "crime_night_n": 30, "crime_night_t": 1, "crime_night_top": 51, "bv_night": "1-0", "nta": "Lake View", "boro": "Chicago"}}, {"type": "Feature", "geometry": {"type": "Polygon", "coordinates": [[[-87.64775172815817, 41.866726429666315], [-87.65378845065047, 41.86492101212752], [-87.65443434657124, 41.860270356138166], [-87.64904467373924, 41.85742517503721], [-87.64300867452583, 41.859230136472156], [-87.64236162489804, 41.863880735059396], [-87.64775172815817, 41.866726429666315]]]}, "properties": {"light_n": 265, "light_t": 2, "light_top": 19, "crime_n": 136, "crime_t": 2, "crime_top": 31, "bv": "2-2", "crime_night_n": 69, "crime_night_t": 2, "crime_night_top": 25, "bv_night": "2-2", "nta": "Near West Side", "boro": "Chicago"}}, {"type": "Feature", "geometry": {"type": "Polygon", "coordinates": [[[-87.7182380255471, 41.858995071413815], [-87.72426992785682, 41.857186347842195], [-87.72490851082529, 41.85253614347719], [-87.71951634506941, 41.84969471849333], [-87.71348516341453, 41.851502985129116], [-87.71284542689264, 41.85615313363205], [-87.7182380255471, 41.858995071413815]]]}, "properties": {"light_n": 333, "light_t": 2, "light_top": 6, "crime_n": 284, "crime_t": 2, "crime_top": 10, "bv": "2-2", "crime_night_n": 115, "crime_night_t": 2, "crime_night_top": 10, "bv_night": "2-2", "nta": "North Lawndale", "boro": "Chicago"}}, {"type": "Feature", "geometry": {"type": "Polygon", "coordinates": [[[-87.60929675298974, 41.68677647059437], [-87.61531209880582, 41.68497822739747], [-87.61595940527997, 41.68033779584536], [-87.6105925106055, 41.67749566576221], [-87.60457788375021, 41.67929345467212], [-87.60392943264104, 41.68393382789994], [-87.60929675298974, 41.68677647059437]]]}, "properties": {"light_n": 94, "light_t": 0, "light_top": 75, "crime_n": 33, "crime_t": 0, "crime_top": 68, "bv": "0-0", "crime_night_n": 9, "crime_night_t": 0, "crime_night_top": 77, "bv_night": "0-0", "nta": "West Pullman", "boro": "Chicago"}}, {"type": "Feature", "geometry": {"type": "Polygon", "coordinates": [[[-87.65142438552711, 41.92359649212146], [-87.6574683459621, 41.921789235284436], [-87.6581146607695, 41.91713536343711], [-87.65271817173792, 41.914288805669685], [-87.64667493624042, 41.91609560593671], [-87.64602746486962, 41.92074942048855], [-87.65142438552711, 41.92359649212146]]]}, "properties": {"light_n": 317, "light_t": 2, "light_top": 8, "crime_n": 84, "crime_t": 1, "crime_top": 46, "bv": "1-2", "crime_night_n": 35, "crime_night_t": 1, "crime_night_top": 46, "bv_night": "1-2", "nta": "Lincoln Park", "boro": "Chicago"}}, {"type": "Feature", "geometry": {"type": "Polygon", "coordinates": [[[-87.54256212284884, 41.75117544160385], [-87.54858942873213, 41.74937865669542], [-87.54924444132757, 41.74473455111648], [-87.54387329566734, 41.74188729014734], [-87.53784671298733, 41.74368362113751], [-87.53719055279734, 41.74832766696278], [-87.54256212284884, 41.75117544160385]]]}, "properties": {"light_n": 153, "light_t": 1, "light_top": 60, "crime_n": 64, "crime_t": 1, "crime_top": 54, "bv": "1-1", "crime_night_n": 20, "crime_night_t": 1, "crime_night_top": 61, "bv_night": "1-1", "nta": "South Chicago", "boro": "Chicago"}}, {"type": "Feature", "geometry": {"type": "Polygon", "coordinates": [[[-87.67848396651723, 41.728356442569314], [-87.68450099488908, 41.72655352873941], [-87.68514183022351, 41.721910737911145], [-87.6797667841425, 41.71907091765515], [-87.67375047370149, 41.7208733760177], [-87.67310849144265, 41.72551611005128], [-87.67848396651723, 41.728356442569314]]]}, "properties": {"light_n": 161, "light_t": 1, "light_top": 57, "crime_n": 25, "crime_t": 0, "crime_top": 74, "bv": "0-1", "crime_night_n": 3, "crime_night_t": 0, "crime_night_top": 90, "bv_night": "0-1", "nta": "Beverly", "boro": "Chicago"}}, {"type": "Feature", "geometry": {"type": "Polygon", "coordinates": [[[-87.78396409572922, 41.92849665798913], [-87.79000151242036, 41.9266826097168], [-87.79063432740574, 41.92202849176213], [-87.78523088297146, 41.91918847641365], [-87.77919418687532, 41.921002066409265], [-87.77856021465004, 41.9256561299774], [-87.78396409572922, 41.92849665798913]]]}, "properties": {"light_n": 181, "light_t": 1, "light_top": 50, "crime_n": 81, "crime_t": 1, "crime_top": 48, "bv": "1-1", "crime_night_n": 36, "crime_night_t": 1, "crime_night_top": 45, "bv_night": "1-1", "nta": "Belmont Cragin", "boro": "Chicago"}}, {"type": "Feature", "geometry": {"type": "Polygon", "coordinates": [[[-87.551208684054, 41.73080382010731], [-87.55723287332974, 41.729007195316306], [-87.55788671650654, 41.72436424947384], [-87.55251751705532, 41.72151798794339], [-87.54649405005675, 41.723314158856844], [-87.54583906026518, 41.72795704512602], [-87.551208684054, 41.73080382010731]]]}, "properties": {"light_n": 328, "light_t": 2, "light_top": 7, "crime_n": 142, "crime_t": 2, "crime_top": 31, "bv": "2-2", "crime_night_n": 50, "crime_night_t": 1, "crime_night_top": 35, "bv_night": "1-2", "nta": "South Chicago", "boro": "Chicago"}}, {"type": "Feature", "geometry": {"type": "Polygon", "coordinates": [[[-87.78674829046219, 41.78047677975425], [-87.79276624581902, 41.77866693225165], [-87.79339675481773, 41.774021205646825], [-87.78801045834895, 41.771185380894856], [-87.7819932188912, 41.77299477118434], [-87.78136156003443, 41.7776404433865], [-87.78674829046219, 41.78047677975425]]]}, "properties": {"light_n": 114, "light_t": 0, "light_top": 71, "crime_n": 33, "crime_t": 0, "crime_top": 68, "bv": "0-0", "crime_night_n": 8, "crime_night_t": 0, "crime_night_top": 79, "bv_night": "0-0", "nta": "Clearing", "boro": "Chicago"}}, {"type": "Feature", "geometry": {"type": "Polygon", "coordinates": [[[-87.82885003687991, 41.98199202793128], [-87.83489200909835, 41.980174164025584], [-87.83552095670457, 41.97551704280184], [-87.83010909218854, 41.97267783880431], [-87.82406784070743, 41.97449524347401], [-87.82343773303639, 41.97915231132446], [-87.82885003687991, 41.98199202793128]]]}, "properties": {"light_n": 53, "light_t": 0, "light_top": 83, "crime_n": 3, "crime_t": 0, "crime_top": 95, "bv": "0-0", "crime_night_n": 2, "crime_night_t": 0, "crime_night_top": 94, "bv_night": "0-0", "nta": "Norwood Park", "boro": "Chicago"}}, {"type": "Feature", "geometry": {"type": "Polygon", "coordinates": [[[-87.73441936822216, 41.867519724199596], [-87.7404515069623, 41.86570994119809], [-87.74108855328552, 41.86105925805303], [-87.73569461493182, 41.85821841336038], [-87.72966319656483, 41.86002773915935], [-87.72902499621027, 41.86467836680096], [-87.73441936822216, 41.867519724199596]]]}, "properties": {"light_n": 176, "light_t": 1, "light_top": 52, "crime_n": 191, "crime_t": 2, "crime_top": 20, "bv": "2-1", "crime_night_n": 80, "crime_night_t": 2, "crime_night_top": 20, "bv_night": "2-1", "nta": "North Lawndale", "boro": "Chicago"}}, {"type": "Feature", "geometry": {"type": "Polygon", "coordinates": [[[-87.789611784257, 41.8018995307034], [-87.79563237343983, 41.800088910827874], [-87.79626288200427, 41.79544196753708], [-87.79087395235018, 41.79260569839815], [-87.78485407963335, 41.79441586086547], [-87.78422242013592, 41.799062749827456], [-87.789611784257, 41.8018995307034]]]}, "properties": {"light_n": 261, "light_t": 2, "light_top": 20, "crime_n": 10, "crime_t": 0, "crime_top": 85, "bv": "0-2", "crime_night_n": 3, "crime_night_t": 0, "crime_night_top": 90, "bv_night": "0-2", "nta": "Garfield Ridge", "boro": "Chicago"}}, {"type": "Feature", "geometry": {"type": "Polygon", "coordinates": [[[-87.65010512595248, 41.68346398499485], [-87.65611784783806, 41.68166380224317], [-87.65676095238794, 41.677023565979844], [-87.65139247969236, 41.67418356985127], [-87.64538047529766, 41.67598329782587], [-87.64473622613978, 41.68062347665389], [-87.65010512595248, 41.68346398499485]]]}, "properties": {"light_n": 93, "light_t": 0, "light_top": 75, "crime_n": 61, "crime_t": 1, "crime_top": 55, "bv": "1-0", "crime_night_n": 24, "crime_night_t": 1, "crime_night_top": 57, "bv_night": "1-0", "nta": "West Pullman", "boro": "Chicago"}}, {"type": "Feature", "geometry": {"type": "Polygon", "coordinates": [[[-87.7667980139118, 41.88456379794914], [-87.77283062211136, 41.88275189510739], [-87.77346459170477, 41.87810025621288], [-87.76806710811658, 41.87526057489302], [-87.76203521972454, 41.877072019999105], [-87.7614000951448, 41.88172360410812], [-87.7667980139118, 41.88456379794914]]]}, "properties": {"light_n": 211, "light_t": 1, "light_top": 39, "crime_n": 392, "crime_t": 2, "crime_top": 4, "bv": "2-1", "crime_night_n": 161, "crime_night_t": 2, "crime_night_top": 5, "bv_night": "2-1", "nta": "Austin", "boro": "Chicago"}}, {"type": "Feature", "geometry": {"type": "Polygon", "coordinates": [[[-87.61905176632192, 41.906511161017896], [-87.6250952390691, 41.90470602617071], [-87.62574462750953, 41.9000531159809], [-87.62035169883396, 41.897205398598636], [-87.61430895158297, 41.89901007741175], [-87.61365840754418, 41.90366292958864], [-87.61905176632192, 41.906511161017896]]]}, "properties": {"light_n": 200, "light_t": 1, "light_top": 42, "crime_n": 71, "crime_t": 1, "crime_top": 52, "bv": "1-1", "crime_night_n": 23, "crime_night_t": 1, "crime_night_top": 58, "bv_night": "1-1", "nta": "Near North Side", "boro": "Chicago"}}, {"type": "Feature", "geometry": {"type": "Polygon", "coordinates": [[[-87.6460260257043, 41.79595270641487], [-87.65205360519667, 41.79414943868988], [-87.65269869010856, 41.78950279635805], [-87.64731734573432, 41.78665947917125], [-87.64129048736761, 41.788462291337304], [-87.64064425228187, 41.793108876196705], [-87.6460260257043, 41.79595270641487]]]}, "properties": {"light_n": 195, "light_t": 1, "light_top": 44, "crime_n": 213, "crime_t": 2, "crime_top": 17, "bv": "2-1", "crime_night_n": 76, "crime_night_t": 2, "crime_night_top": 22, "bv_night": "2-1", "nta": "Englewood", "boro": "Chicago"}}, {"type": "Feature", "geometry": {"type": "Polygon", "coordinates": [[[-87.60984879177474, 41.806767079158014], [-87.61587973012513, 41.80496530722143], [-87.61652865957919, 41.80031804618516], [-87.61114780130526, 41.79747261529188], [-87.60511758563607, 41.799273932046894], [-87.6044675055923, 41.80392113482434], [-87.60984879177474, 41.806767079158014]]]}, "properties": {"light_n": 151, "light_t": 1, "light_top": 60, "crime_n": 152, "crime_t": 2, "crime_top": 27, "bv": "2-1", "crime_night_n": 61, "crime_night_t": 2, "crime_night_top": 27, "bv_night": "2-1", "nta": "Grand Boulevard", "boro": "Chicago"}}, {"type": "Feature", "geometry": {"type": "Polygon", "coordinates": [[[-87.72880000213603, 41.73997861197918], [-87.73481582586432, 41.73817284592467], [-87.73545169190353, 41.7335294055506], [-87.7300728819098, 41.730691786868604], [-87.7240577747803, 41.73249709673716], [-87.72342076107738, 41.73714048142132], [-87.72880000213603, 41.73997861197918]]]}, "properties": {"light_n": 162, "light_t": 1, "light_top": 57, "crime_n": 11, "crime_t": 0, "crime_top": 84, "bv": "0-1", "crime_night_n": 3, "crime_night_t": 0, "crime_night_top": 90, "bv_night": "0-1", "nta": "Ashburn", "boro": "Chicago"}}, {"type": "Feature", "geometry": {"type": "Polygon", "coordinates": [[[-87.65183284901319, 41.75414150471978], [-87.6578546688155, 41.75233916776198], [-87.65849857917249, 41.747694903549274], [-87.65312181787496, 41.74485303360683], [-87.64710071770047, 41.746654915241905], [-87.64645565922797, 41.75129912208981], [-87.65183284901319, 41.75414150471978]]]}, "properties": {"light_n": 223, "light_t": 1, "light_top": 34, "crime_n": 277, "crime_t": 2, "crime_top": 11, "bv": "2-1", "crime_night_n": 125, "crime_night_t": 2, "crime_night_top": 8, "bv_night": "2-1", "nta": "Auburn Gresham", "boro": "Chicago"}}, {"type": "Feature", "geometry": {"type": "Polygon", "coordinates": [[[-87.71740445594853, 41.738945648450404], [-87.72342076107738, 41.73714048142132], [-87.7240577747803, 41.73249709673716], [-87.71867963096201, 41.7296589349691], [-87.71266404278352, 41.73146364596295], [-87.71202588150466, 41.736106974707724], [-87.71740445594853, 41.738945648450404]]]}, "properties": {"light_n": 98, "light_t": 0, "light_top": 74, "crime_n": 12, "crime_t": 0, "crime_top": 83, "bv": "0-0", "crime_night_n": 7, "crime_night_t": 0, "crime_night_top": 81, "bv_night": "0-0", "nta": "Ashburn", "boro": "Chicago"}}, {"type": "Feature", "geometry": {"type": "Polygon", "coordinates": [[[-87.69911835638092, 41.9137848309677], [-87.70515845300912, 41.91197546632093], [-87.70579974972469, 41.90732215707439], [-87.70040210607482, 41.90447826867637], [-87.69436273246099, 41.906287176222975], [-87.69372027951489, 41.910940429215145], [-87.69911835638092, 41.9137848309677]]]}, "properties": {"light_n": 157, "light_t": 1, "light_top": 58, "crime_n": 149, "crime_t": 2, "crime_top": 28, "bv": "2-1", "crime_night_n": 51, "crime_night_t": 1, "crime_night_top": 34, "bv_night": "1-1", "nta": "West Town", "boro": "Chicago"}}, {"type": "Feature", "geometry": {"type": "Polygon", "coordinates": [[[-87.58033848457745, 41.811124315616304], [-87.58637157882158, 41.80932389521513], [-87.58702358271815, 41.80467638454122], [-87.58164364310865, 41.80182935311852], [-87.5756112726749, 41.80362931867983], [-87.57495811807318, 41.8082767704513], [-87.58033848457745, 41.811124315616304]]]}, "properties": {"light_n": 51, "light_t": 0, "light_top": 83, "crime_n": 33, "crime_t": 0, "crime_top": 68, "bv": "0-0", "crime_night_n": 16, "crime_night_t": 1, "crime_night_top": 67, "bv_night": "1-0", "nta": "Kenwood", "boro": "Chicago"}}, {"type": "Feature", "geometry": {"type": "Polygon", "coordinates": [[[-87.7009298042591, 41.98465290413057], [-87.7069790815132, 41.982841384705], [-87.70762117668599, 41.97818407661776], [-87.70221515442852, 41.975338344083895], [-87.69616660235016, 41.9771494058632], [-87.6955233473859, 41.9818066577699], [-87.7009298042591, 41.98465290413057]]]}, "properties": {"light_n": 127, "light_t": 0, "light_top": 68, "crime_n": 21, "crime_t": 0, "crime_top": 77, "bv": "0-0", "crime_night_n": 7, "crime_night_t": 0, "crime_night_top": 81, "bv_night": "0-0", "nta": "Lincoln Square", "boro": "Chicago"}}, {"type": "Feature", "geometry": {"type": "Polygon", "coordinates": [[[-87.73731151307264, 41.804240781120285], [-87.74333524166936, 41.802432705630046], [-87.7439711219796, 41.797785612521174], [-87.7385844246097, 41.794946650321826], [-87.73256141431867, 41.79675426904223], [-87.73192438312357, 41.80140130667937], [-87.73731151307264, 41.804240781120285]]]}, "properties": {"light_n": 165, "light_t": 1, "light_top": 55, "crime_n": 67, "crime_t": 1, "crime_top": 53, "bv": "1-1", "crime_night_n": 28, "crime_night_t": 1, "crime_night_top": 53, "bv_night": "1-1", "nta": "Garfield Ridge", "boro": "Chicago"}}, {"type": "Feature", "geometry": {"type": "Polygon", "coordinates": [[[-87.71357583247591, 41.766812138396716], [-87.71959597026758, 41.76500634560379], [-87.72023375804906, 41.760361373669674], [-87.71485255701782, 41.75752225048542], [-87.70883313716988, 41.759327587084385], [-87.70819420044127, 41.763972503009164], [-87.71357583247591, 41.766812138396716]]]}, "properties": {"light_n": 183, "light_t": 1, "light_top": 49, "crime_n": 39, "crime_t": 1, "crime_top": 66, "bv": "1-1", "crime_night_n": 15, "crime_night_t": 0, "crime_night_top": 68, "bv_night": "0-1", "nta": "West Lawn", "boro": "Chicago"}}, {"type": "Feature", "geometry": {"type": "Polygon", "coordinates": [[[-87.63546965468885, 41.83029105645966], [-87.64150228212334, 41.828487315883535], [-87.64214892423547, 41.823838723033994], [-87.63676409079376, 41.820993928395794], [-87.6307321859128, 41.82279721329249], [-87.63008439195256, 41.82744574845436], [-87.63546965468885, 41.83029105645966]]]}, "properties": {"light_n": 132, "light_t": 1, "light_top": 66, "crime_n": 155, "crime_t": 2, "crime_top": 27, "bv": "2-1", "crime_night_n": 76, "crime_night_t": 2, "crime_night_top": 22, "bv_night": "2-1", "nta": "Armour Square", "boro": "Chicago"}}, {"type": "Feature", "geometry": {"type": "Polygon", "coordinates": [[[-87.61374424190718, 41.77888685505463], [-87.61977133559238, 41.77708570056456], [-87.62041947682185, 41.772440023635404], [-87.61504167361515, 41.769595559330014], [-87.60901530160935, 41.77139625879527], [-87.60836601116344, 41.77604187753837], [-87.61374424190718, 41.77888685505463]]]}, "properties": {"light_n": 213, "light_t": 1, "light_top": 38, "crime_n": 390, "crime_t": 2, "crime_top": 4, "bv": "2-1", "crime_night_n": 151, "crime_night_t": 2, "crime_night_top": 6, "bv_night": "2-1", "nta": "Woodlawn", "boro": "Chicago"}}, {"type": "Feature", "geometry": {"type": "Polygon", "coordinates": [[[-87.62430556972113, 41.74457151081394], [-87.6303276257214, 41.74277082935901], [-87.63097420989419, 41.738127105651614], [-87.62559988564755, 41.73528412131748], [-87.61957854990213, 41.73708434786793], [-87.61893081818096, 41.74172801360469], [-87.62430556972113, 41.74457151081394]]]}, "properties": {"light_n": 236, "light_t": 2, "light_top": 29, "crime_n": 243, "crime_t": 2, "crime_top": 13, "bv": "2-2", "crime_night_n": 95, "crime_night_t": 2, "crime_night_top": 15, "bv_night": "2-2", "nta": "Chatham", "boro": "Chicago"}}, {"type": "Feature", "geometry": {"type": "Polygon", "coordinates": [[[-87.68781779241334, 41.827993293411836], [-87.69384729457285, 41.82618699860394], [-87.69448855720582, 41.82153854500142], [-87.6891014696192, 41.818696442697394], [-87.68307268817564, 41.820502281182115], [-87.68243027363486, 41.82515067824156], [-87.68781779241334, 41.827993293411836]]]}, "properties": {"light_n": 214, "light_t": 1, "light_top": 38, "crime_n": 113, "crime_t": 1, "crime_top": 38, "bv": "1-1", "crime_night_n": 43, "crime_night_t": 1, "crime_night_top": 41, "bv_night": "1-1", "nta": "Brighton Park", "boro": "Chicago"}}, {"type": "Feature", "geometry": {"type": "Polygon", "coordinates": [[[-87.76489685651794, 41.98334010059069], [-87.77094248806617, 41.9815254064155], [-87.77157800882772, 41.976868187806105], [-87.76616905800546, 41.97402571809588], [-87.76012414941576, 41.975839953828114], [-87.75948746872166, 41.98049711766077], [-87.76489685651794, 41.98334010059069]]]}, "properties": {"light_n": 198, "light_t": 1, "light_top": 43, "crime_n": 49, "crime_t": 1, "crime_top": 60, "bv": "1-1", "crime_night_n": 19, "crime_night_t": 1, "crime_night_top": 62, "bv_night": "1-1", "nta": "Jefferson Park", "boro": "Chicago"}}, {"type": "Feature", "geometry": {"type": "Polygon", "coordinates": [[[-87.78683550774369, 41.949957146020836], [-87.79287557536215, 41.948142326177795], [-87.79350839017216, 41.943486997215764], [-87.7881022957206, 41.94064654235647], [-87.78206294926964, 41.94246090372783], [-87.7814289761344, 41.94711617837746], [-87.78683550774369, 41.949957146020836]]]}, "properties": {"light_n": 300, "light_t": 2, "light_top": 11, "crime_n": 31, "crime_t": 0, "crime_top": 70, "bv": "0-2", "crime_night_n": 13, "crime_night_t": 0, "crime_night_top": 71, "bv_night": "0-2", "nta": "Dunning", "boro": "Chicago"}}, {"type": "Feature", "geometry": {"type": "Polygon", "coordinates": [[[-87.65055700422168, 41.88817824282558], [-87.65659637873479, 41.8863720599936], [-87.65724228737217, 41.88172019022115], [-87.6518499763172, 41.87887456055895], [-87.64581132566005, 41.880680287093256], [-87.64516426223445, 41.8853320995349], [-87.65055700422168, 41.88817824282558]]]}, "properties": {"light_n": 244, "light_t": 2, "light_top": 26, "crime_n": 417, "crime_t": 2, "crime_top": 4, "bv": "2-2", "crime_night_n": 242, "crime_night_t": 2, "crime_night_top": 1, "bv_night": "2-2", "nta": "Near West Side", "boro": "Chicago"}}, {"type": "Feature", "geometry": {"type": "Polygon", "coordinates": [[[-87.68664467514986, 41.96214356896279], [-87.69269177709852, 41.96033342212944], [-87.69333502299179, 41.95567738021058], [-87.68793232558255, 41.95283154157725], [-87.68188594858772, 41.95464123111086], [-87.68124154408072, 41.959297216524845], [-87.68664467514986, 41.96214356896279]]]}, "properties": {"light_n": 221, "light_t": 1, "light_top": 35, "crime_n": 59, "crime_t": 1, "crime_top": 56, "bv": "1-1", "crime_night_n": 22, "crime_night_t": 1, "crime_night_top": 59, "bv_night": "1-1", "nta": "North Center", "boro": "Chicago"}}, {"type": "Feature", "geometry": {"type": "Polygon", "coordinates": [[[-87.80305865782327, 41.958478875260305], [-87.80909895761135, 41.95666299272694], [-87.80973022725006, 41.95200718829033], [-87.80432235593588, 41.949167320286314], [-87.79828277702944, 41.95098274408126], [-87.79765034858707, 41.95563849456592], [-87.80305865782327, 41.958478875260305]]]}, "properties": {"light_n": 100, "light_t": 0, "light_top": 74, "crime_n": 21, "crime_t": 0, "crime_top": 77, "bv": "0-0", "crime_night_n": 5, "crime_night_t": 0, "crime_night_top": 86, "bv_night": "0-0", "nta": "Dunning", "boro": "Chicago"}}, {"type": "Feature", "geometry": {"type": "Polygon", "coordinates": [[[-87.76298763780308, 41.912479789191806], [-87.7690241003034, 41.910667260552984], [-87.76965884273434, 41.90601404126809], [-87.76425827906792, 41.90317340542415], [-87.75822253737506, 41.90498547616835], [-87.7575866385729, 41.90963864059849], [-87.76298763780308, 41.912479789191806]]]}, "properties": {"light_n": 289, "light_t": 2, "light_top": 14, "crime_n": 268, "crime_t": 2, "crime_top": 12, "bv": "2-2", "crime_night_n": 109, "crime_night_t": 2, "crime_night_top": 11, "bv_night": "2-2", "nta": "Austin", "boro": "Chicago"}}, {"type": "Feature", "geometry": {"type": "Polygon", "coordinates": [[[-87.57123687869326, 41.711485770213365], [-87.5772574799619, 41.70968870680109], [-87.57790900980412, 41.70504686248286], [-87.57254108413798, 41.702202140668824], [-87.56652120387328, 41.70399875009251], [-87.56586852830358, 41.70864053526656], [-87.57123687869326, 41.711485770213365]]]}, "properties": {"light_n": 84, "light_t": 0, "light_top": 78, "crime_n": 19, "crime_t": 0, "crime_top": 78, "bv": "0-0", "crime_night_n": 6, "crime_night_t": 0, "crime_night_top": 84, "bv_night": "0-0", "nta": "South Deering", "boro": "Chicago"}}, {"type": "Feature", "geometry": {"type": "Polygon", "coordinates": [[[-87.6182094435623, 41.87109849035979], [-87.6242483310055, 41.86929442708933], [-87.6248973085048, 41.86464351997936], [-87.61950855241903, 41.861796734134515], [-87.61347038938916, 41.863600341642716], [-87.6128202580645, 41.868251190705486], [-87.6182094435623, 41.87109849035979]]]}, "properties": {"light_n": 139, "light_t": 1, "light_top": 64, "crime_n": 172, "crime_t": 2, "crime_top": 23, "bv": "2-1", "crime_night_n": 77, "crime_night_t": 2, "crime_night_top": 21, "bv_night": "2-1", "nta": "Near South Side", "boro": "Chicago"}}, {"type": "Feature", "geometry": {"type": "Polygon", "coordinates": [[[-87.65849857917249, 41.747694903549274], [-87.66451920069392, 41.74589242195798], [-87.66516234168236, 41.74124852583562], [-87.65978600899929, 41.73840716847437], [-87.65376610668112, 41.74020919470661], [-87.65312181787496, 41.74485303360683], [-87.65849857917249, 41.747694903549274]]]}, "properties": {"light_n": 251, "light_t": 2, "light_top": 24, "crime_n": 186, "crime_t": 2, "crime_top": 20, "bv": "2-2", "crime_night_n": 76, "crime_night_t": 2, "crime_night_top": 22, "bv_night": "2-2", "nta": "Auburn Gresham", "boro": "Chicago"}}, {"type": "Feature", "geometry": {"type": "Polygon", "coordinates": [[[-87.75344134916847, 41.98231120666587], [-87.75948746872166, 41.98049711766077], [-87.76012414941576, 41.975839953828114], [-87.75471587043289, 41.97299693397661], [-87.74867047419595, 41.97481056469054], [-87.74803263365756, 41.979467673494405], [-87.75344134916847, 41.98231120666587]]]}, "properties": {"light_n": 175, "light_t": 1, "light_top": 52, "crime_n": 29, "crime_t": 0, "crime_top": 71, "bv": "0-1", "crime_night_n": 11, "crime_night_t": 0, "crime_night_top": 73, "bv_night": "0-1", "nta": "Forest Glen", "boro": "Chicago"}}, {"type": "Feature", "geometry": {"type": "Polygon", "coordinates": [[[-87.54649405005675, 41.723314158856844], [-87.55251751705532, 41.72151798794339], [-87.55317173503111, 41.71687546853476], [-87.54780363226851, 41.714029179666696], [-87.5417808874712, 41.71582489681769], [-87.54112552326822, 41.72046735654695], [-87.54649405005675, 41.723314158856844]]]}, "properties": {"light_n": 281, "light_t": 2, "light_top": 15, "crime_n": 21, "crime_t": 0, "crime_top": 77, "bv": "0-2", "crime_night_n": 6, "crime_night_t": 0, "crime_night_top": 84, "bv_night": "0-2", "nta": "South Deering", "boro": "Chicago"}}, {"type": "Feature", "geometry": {"type": "Polygon", "coordinates": [[[-87.7792239502768, 42.005842844520046], [-87.78527175113499, 42.0040267743229], [-87.78590611242308, 41.99936829232437], [-87.78049383399464, 41.996525934920776], [-87.7744467563121, 41.99834154632839], [-87.77381123391415, 42.00299997387632], [-87.7792239502768, 42.005842844520046]]]}, "properties": {"light_n": 42, "light_t": 0, "light_top": 86, "crime_n": 0, "crime_t": 0, "crime_top": null, "bv": "0-0", "crime_night_n": 0, "crime_night_t": 0, "crime_night_top": null, "bv_night": "0-0", "nta": "Forest Glen", "boro": "Chicago"}}, {"type": "Feature", "geometry": {"type": "Polygon", "coordinates": [[[-87.60263213717758, 41.6932153689315], [-87.60864867773971, 41.69141727031746], [-87.60929675298974, 41.68677647059437], [-87.60392943264104, 41.68393382789994], [-87.59791361146294, 41.685731472263505], [-87.59726439128202, 41.69037221351974], [-87.60263213717758, 41.6932153689315]]]}, "properties": {"light_n": 96, "light_t": 0, "light_top": 75, "crime_n": 19, "crime_t": 0, "crime_top": 78, "bv": "0-0", "crime_night_n": 10, "crime_night_t": 0, "crime_night_top": 75, "bv_night": "0-0", "nta": "Pullman", "boro": "Chicago"}}, {"type": "Feature", "geometry": {"type": "Polygon", "coordinates": [[[-87.63376403563447, 41.75954702508467], [-87.63978753236742, 41.75774543347539], [-87.64043336091524, 41.75310085885061], [-87.63505684108597, 41.750257933539935], [-87.6290340647565, 41.75205907001447], [-87.62838708788523, 41.75670358688209], [-87.63376403563447, 41.75954702508467]]]}, "properties": {"light_n": 153, "light_t": 1, "light_top": 60, "crime_n": 211, "crime_t": 2, "crime_top": 17, "bv": "2-1", "crime_night_n": 78, "crime_night_t": 2, "crime_night_top": 21, "bv_night": "2-1", "nta": "Greater Grand Crossing", "boro": "Chicago"}}, {"type": "Feature", "geometry": {"type": "Polygon", "coordinates": [[[-87.76870146205145, 41.87060935867761], [-87.7747321449219, 41.86879776908673], [-87.77536572862364, 41.864146920936314], [-87.76996978378135, 41.861307717075135], [-87.7639398202192, 41.86311884900989], [-87.76330508222267, 41.86776964240938], [-87.76870146205145, 41.87060935867761]]]}, "properties": {"light_n": 76, "light_t": 0, "light_top": 79, "crime_n": 77, "crime_t": 1, "crime_top": 49, "bv": "1-0", "crime_night_n": 26, "crime_night_t": 1, "crime_night_top": 54, "bv_night": "1-0", "nta": "Austin", "boro": "Chicago"}}, {"type": "Feature", "geometry": {"type": "Polygon", "coordinates": [[[-87.60399672788017, 41.84860522245155], [-87.61003344230888, 41.846802526121905], [-87.61068355678731, 41.84215289165741], [-87.60529810952404, 41.83930601183848], [-87.59926211928308, 41.84110825275185], [-87.59861085215047, 41.84575782884795], [-87.60399672788017, 41.84860522245155]]]}, "properties": {"light_n": 8, "light_t": 0, "light_top": 95, "crime_n": 5, "crime_t": 0, "crime_top": 91, "bv": "0-0", "crime_night_n": 4, "crime_night_t": 0, "crime_night_top": 87, "bv_night": "0-0", "nta": "Douglas", "boro": "Chicago"}}, {"type": "Feature", "geometry": {"type": "Polygon", "coordinates": [[[-87.73726433532063, 41.88896730992012], [-87.74329912097778, 41.887156757452], [-87.74393617181492, 41.88250486080029], [-87.73853959213929, 41.87966357199453], [-87.73250552742807, 41.881473667065535], [-87.73186732147845, 41.88612550828681], [-87.73726433532063, 41.88896730992012]]]}, "properties": {"light_n": 99, "light_t": 0, "light_top": 74, "crime_n": 254, "crime_t": 2, "crime_top": 12, "bv": "2-0", "crime_night_n": 112, "crime_night_t": 2, "crime_night_top": 11, "bv_night": "2-0", "nta": "West Garfield Park", "boro": "Chicago"}}, {"type": "Feature", "geometry": {"type": "Polygon", "coordinates": [[[-87.6875410976524, 41.99759121104156], [-87.69359279712954, 41.995779988420736], [-87.69423644481537, 41.991121949089816], [-87.68882955345426, 41.98827518879532], [-87.68277858001481, 41.99008595384369], [-87.6821337719313, 41.99474393670626], [-87.6875410976524, 41.99759121104156]]]}, "properties": {"light_n": 127, "light_t": 0, "light_top": 68, "crime_n": 149, "crime_t": 2, "crime_top": 28, "bv": "2-0", "crime_night_n": 54, "crime_night_t": 2, "crime_night_top": 32, "bv_night": "2-0", "nta": "West Ridge", "boro": "Chicago"}}, {"type": "Feature", "geometry": {"type": "Polygon", "coordinates": [[[-87.74112870088481, 41.77636155923927], [-87.74714859184881, 41.77455411030733], [-87.74778369975898, 41.769908602812635], [-87.74240006624679, 41.76707059959972], [-87.73638089259404, 41.76887759192081], [-87.73574463517387, 41.77352304401327], [-87.74112870088481, 41.77636155923927]]]}, "properties": {"light_n": 82, "light_t": 0, "light_top": 78, "crime_n": 19, "crime_t": 0, "crime_top": 78, "bv": "0-0", "crime_night_n": 7, "crime_night_t": 0, "crime_night_top": 81, "bv_night": "0-0", "nta": "Clearing", "boro": "Chicago"}}, {"type": "Feature", "geometry": {"type": "Polygon", "coordinates": [[[-87.63400018911591, 41.67494189085258], [-87.64001267014116, 41.67314276105416], [-87.6406572961523, 41.66850300856395], [-87.63529058530347, 41.66566244361059], [-87.62927882204447, 41.66746111889809], [-87.6286330519003, 41.672100813597666], [-87.63400018911591, 41.67494189085258]]]}, "properties": {"light_n": 221, "light_t": 1, "light_top": 35, "crime_n": 87, "crime_t": 1, "crime_top": 45, "bv": "1-1", "crime_night_n": 35, "crime_night_t": 1, "crime_night_top": 46, "bv_night": "1-1", "nta": "West Pullman", "boro": "Chicago"}}, {"type": "Feature", "geometry": {"type": "Polygon", "coordinates": [[[-87.65076304322244, 41.80344351541449], [-87.65679134391456, 41.80163979201533], [-87.6574360496043, 41.79699272499654], [-87.65205360519667, 41.79414943868988], [-87.6460260257043, 41.79595270641487], [-87.64538016945218, 41.80059971606829], [-87.65076304322244, 41.80344351541449]]]}, "properties": {"light_n": 244, "light_t": 2, "light_top": 26, "crime_n": 123, "crime_t": 1, "crime_top": 34, "bv": "1-2", "crime_night_n": 52, "crime_night_t": 2, "crime_night_top": 34, "bv_night": "2-2", "nta": "New City", "boro": "Chicago"}}, {"type": "Feature", "geometry": {"type": "Polygon", "coordinates": [[[-87.68218310149501, 41.78512936744058], [-87.68820732013556, 41.783324607326975], [-87.68884856417532, 41.778678586528606], [-87.68346673936203, 41.77583738247824], [-87.67744324029213, 41.77764168665705], [-87.67680084649696, 41.782287650768616], [-87.68218310149501, 41.78512936744058]]]}, "properties": {"light_n": 222, "light_t": 1, "light_top": 34, "crime_n": 291, "crime_t": 2, "crime_top": 9, "bv": "2-1", "crime_night_n": 95, "crime_night_t": 2, "crime_night_top": 15, "bv_night": "2-1", "nta": "Chicago Lawn", "boro": "Chicago"}}, {"type": "Feature", "geometry": {"type": "Polygon", "coordinates": [[[-87.54727900577089, 41.75866766047535], [-87.55330703493355, 41.756870421533534], [-87.55396167240623, 41.752225889845974], [-87.54858942873213, 41.74937865669542], [-87.54256212284884, 41.75117544160385], [-87.54190633739333, 41.75581991364391], [-87.54727900577089, 41.75866766047535]]]}, "properties": {"light_n": 88, "light_t": 0, "light_top": 76, "crime_n": 115, "crime_t": 1, "crime_top": 36, "bv": "1-0", "crime_night_n": 36, "crime_night_t": 1, "crime_night_top": 45, "bv_night": "1-0", "nta": "South Chicago", "boro": "Chicago"}}, {"type": "Feature", "geometry": {"type": "Polygon", "coordinates": [[[-87.70510363478098, 41.70257497719787], [-87.71111587623743, 41.70077149092233], [-87.71175364307949, 41.69613017620154], [-87.70638031423051, 41.69329240392987], [-87.70036878901148, 41.69509543459477], [-87.69972987643575, 41.6997366930897], [-87.70510363478098, 41.70257497719787]]]}, "properties": {"light_n": 108, "light_t": 0, "light_top": 73, "crime_n": 15, "crime_t": 0, "crime_top": 81, "bv": "0-0", "crime_night_n": 2, "crime_night_t": 0, "crime_night_top": 94, "bv_night": "0-0", "nta": "Mount Greenwood", "boro": "Chicago"}}, {"type": "Feature", "geometry": {"type": "Polygon", "coordinates": [[[-87.74581499165903, 41.95334182266205], [-87.75185773180843, 41.95152896156568], [-87.75249479459073, 41.946873429406544], [-87.7470902756205, 41.94403081350183], [-87.7410482581392, 41.945843216617206], [-87.740410036992, 41.95049869356559], [-87.74581499165903, 41.95334182266205]]]}, "properties": {"light_n": 221, "light_t": 1, "light_top": 35, "crime_n": 76, "crime_t": 1, "crime_top": 50, "bv": "1-1", "crime_night_n": 28, "crime_night_t": 1, "crime_night_top": 53, "bv_night": "1-1", "nta": "Portage Park", "boro": "Chicago"}}, {"type": "Feature", "geometry": {"type": "Polygon", "coordinates": [[[-87.56652120387328, 41.70399875009251], [-87.57254108413798, 41.702202140668824], [-87.57319298911699, 41.69756072286854], [-87.56782615920466, 41.69471597369], [-87.56180699986855, 41.69651212924014], [-87.56115394954898, 41.70115348779012], [-87.56652120387328, 41.70399875009251]]]}, "properties": {"light_n": 59, "light_t": 0, "light_top": 82, "crime_n": 61, "crime_t": 1, "crime_top": 55, "bv": "1-0", "crime_night_n": 22, "crime_night_t": 1, "crime_night_top": 59, "bv_night": "1-0", "nta": "South Deering", "boro": "Chicago"}}, {"type": "Feature", "geometry": {"type": "Polygon", "coordinates": [[[-87.81739527017469, 41.980969570765865], [-87.82343773303639, 41.97915231132446], [-87.82406784070743, 41.97449524347401], [-87.8186566455263, 41.97165548863754], [-87.81261490376052, 41.97347228899413], [-87.81198363611139, 41.97812930321923], [-87.81739527017469, 41.980969570765865]]]}, "properties": {"light_n": 167, "light_t": 1, "light_top": 54, "crime_n": 8, "crime_t": 0, "crime_top": 87, "bv": "0-1", "crime_night_n": 7, "crime_night_t": 0, "crime_night_top": 81, "bv_night": "0-1", "nta": "Norwood Park", "boro": "Chicago"}}, {"type": "Feature", "geometry": {"type": "Polygon", "coordinates": [[[-87.63912440648137, 41.887137678566404], [-87.64516426223445, 41.8853320995349], [-87.64581132566005, 41.880680287093256], [-87.64041968806289, 41.87783411121232], [-87.6343805565196, 41.87963923409843], [-87.6337323383963, 41.88429098895831], [-87.63912440648137, 41.887137678566404]]]}, "properties": {"light_n": 369, "light_t": 2, "light_top": 3, "crime_n": 335, "crime_t": 2, "crime_top": 6, "bv": "2-2", "crime_night_n": 111, "crime_night_t": 2, "crime_night_top": 11, "bv_night": "2-2", "nta": "Near West Side", "boro": "Chicago"}}, {"type": "Feature", "geometry": {"type": "Polygon", "coordinates": [[[-87.76393813103158, 41.77842145846137], [-87.76995705517832, 41.77661281006215], [-87.77058986380652, 41.7719671925126], [-87.76520489800397, 41.76913027821231], [-87.75918669046277, 41.77093846969933], [-87.75855273215002, 41.7755840323464], [-87.76393813103158, 41.77842145846137]]]}, "properties": {"light_n": 77, "light_t": 0, "light_top": 79, "crime_n": 20, "crime_t": 0, "crime_top": 77, "bv": "0-0", "crime_night_n": 10, "crime_night_t": 0, "crime_night_top": 75, "bv_night": "0-0", "nta": "Clearing", "boro": "Chicago"}}, {"type": "Feature", "geometry": {"type": "Polygon", "coordinates": [[[-87.76775422857311, 41.919974488849576], [-87.77379141195304, 41.91816150220073], [-87.77442576942146, 41.91350786070555], [-87.7690241003034, 41.910667260552984], [-87.76298763780308, 41.912479789191806], [-87.76235212357292, 41.917133375940594], [-87.76775422857311, 41.919974488849576]]]}, "properties": {"light_n": 133, "light_t": 1, "light_top": 66, "crime_n": 94, "crime_t": 1, "crime_top": 43, "bv": "1-1", "crime_night_n": 44, "crime_night_t": 1, "crime_night_top": 40, "bv_night": "1-1", "nta": "Austin", "boro": "Chicago"}}, {"type": "Feature", "geometry": {"type": "Polygon", "coordinates": [[[-87.6374111120703, 41.81634576001216], [-87.64344181527193, 41.81454232866984], [-87.6440880642756, 41.80989452723621], [-87.6387047612701, 41.80705021474403], [-87.63267478012082, 41.808853190485436], [-87.6320273799572, 41.813500934267516], [-87.6374111120703, 41.81634576001216]]]}, "properties": {"light_n": 228, "light_t": 2, "light_top": 32, "crime_n": 93, "crime_t": 1, "crime_top": 43, "bv": "1-2", "crime_night_n": 35, "crime_night_t": 1, "crime_night_top": 46, "bv_night": "1-2", "nta": "New City", "boro": "Chicago"}}, {"type": "Feature", "geometry": {"type": "Polygon", "coordinates": [[[-87.6406572961523, 41.66850300856395], [-87.64666858312965, 41.66670373525141], [-87.64731244188232, 41.66206435158477], [-87.64194615752682, 41.65922429882681], [-87.63593558789317, 41.6610231175923], [-87.63529058530347, 41.66566244361059], [-87.6406572961523, 41.66850300856395]]]}, "properties": {"light_n": 279, "light_t": 2, "light_top": 16, "crime_n": 53, "crime_t": 1, "crime_top": 58, "bv": "1-2", "crime_night_n": 20, "crime_night_t": 1, "crime_night_top": 61, "bv_night": "1-2", "nta": "West Pullman", "boro": "Chicago"}}, {"type": "Feature", "geometry": {"type": "Polygon", "coordinates": [[[-87.70036878901148, 41.69509543459477], [-87.70638031423051, 41.69329240392987], [-87.70701846040438, 41.688651514744244], [-87.70164622673909, 41.685813712504114], [-87.69563541768498, 41.68761628767343], [-87.694996126163, 41.69225712052619], [-87.70036878901148, 41.69509543459477]]]}, "properties": {"light_n": 164, "light_t": 1, "light_top": 56, "crime_n": 32, "crime_t": 0, "crime_top": 69, "bv": "0-1", "crime_night_n": 18, "crime_night_t": 1, "crime_night_top": 64, "bv_night": "1-1", "nta": "Mount Greenwood", "boro": "Chicago"}}, {"type": "Feature", "geometry": {"type": "Polygon", "coordinates": [[[-87.67060691701289, 41.86880474289646], [-87.67664267666034, 41.86699811911993], [-87.67728626489678, 41.862347349078675], [-87.67189524740525, 41.85950325966199], [-87.66586021032953, 41.86130942703058], [-87.66521546820596, 41.86596014017127], [-87.67060691701289, 41.86880474289646]]]}, "properties": {"light_n": 128, "light_t": 0, "light_top": 67, "crime_n": 85, "crime_t": 1, "crime_top": 46, "bv": "1-0", "crime_night_n": 16, "crime_night_t": 1, "crime_night_top": 67, "bv_night": "1-0", "nta": "Near West Side", "boro": "Chicago"}}, {"type": "Feature", "geometry": {"type": "Polygon", "coordinates": [[[-87.66796795424818, 41.762667506326494], [-87.67399001439686, 41.76086411367175], [-87.67463239743601, 41.756219367273346], [-87.66925386895099, 41.75337807048553], [-87.6632325281527, 41.75518100755096], [-87.66258899652121, 41.759825696941164], [-87.66796795424818, 41.762667506326494]]]}, "properties": {"light_n": 138, "light_t": 1, "light_top": 64, "crime_n": 147, "crime_t": 2, "crime_top": 29, "bv": "2-1", "crime_night_n": 55, "crime_night_t": 2, "crime_night_top": 32, "bv_night": "2-1", "nta": "Auburn Gresham", "boro": "Chicago"}}, {"type": "Feature", "geometry": {"type": "Polygon", "coordinates": [[[-87.84218989324478, 41.9690422803486], [-87.84822944271123, 41.96722412675374], [-87.84885684720426, 41.962567741023086], [-87.84344586171684, 41.959729561922], [-87.83740703212865, 41.96154725620978], [-87.83677846818085, 41.96620358885299], [-87.84218989324478, 41.9690422803486]]]}, "properties": {"light_n": 163, "light_t": 1, "light_top": 56, "crime_n": 3, "crime_t": 0, "crime_top": 95, "bv": "0-1", "crime_night_n": 1, "crime_night_t": 0, "crime_night_top": 100, "bv_night": "0-1", "nta": "O'Hare", "boro": "Chicago"}}, {"type": "Feature", "geometry": {"type": "Polygon", "coordinates": [[[-87.6015111943423, 41.7424835364443], [-87.60753420419401, 41.74068405552547], [-87.60818308337326, 41.73604044800882], [-87.6028101001009, 41.73319637982823], [-87.59678781120418, 41.734995406146126], [-87.59613778465743, 41.739638955193236], [-87.6015111943423, 41.7424835364443]]]}, "properties": {"light_n": 240, "light_t": 2, "light_top": 28, "crime_n": 148, "crime_t": 2, "crime_top": 29, "bv": "2-2", "crime_night_n": 54, "crime_night_t": 2, "crime_night_top": 32, "bv_night": "2-2", "nta": "Chatham", "boro": "Chicago"}}, {"type": "Feature", "geometry": {"type": "Polygon", "coordinates": [[[-87.58067264327731, 41.72646100672683], [-87.58669468677968, 41.72466303499206], [-87.58734546552424, 41.72002033804061], [-87.58197534730088, 41.717175671703366], [-87.57595402495298, 41.71897318921934], [-87.57530209970669, 41.723615827239094], [-87.58067264327731, 41.72646100672683]]]}, "properties": {"light_n": 130, "light_t": 1, "light_top": 67, "crime_n": 113, "crime_t": 1, "crime_top": 38, "bv": "1-1", "crime_night_n": 44, "crime_night_t": 1, "crime_night_top": 40, "bv_night": "1-1", "nta": "South Deering", "boro": "Chicago"}}, {"type": "Feature", "geometry": {"type": "Polygon", "coordinates": [[[-87.76203341470058, 41.961870038593744], [-87.768076390159, 41.9600561147779], [-87.76871190901326, 41.955400105949046], [-87.76330561128579, 41.95255807573383], [-87.75726335821103, 41.95437154130151], [-87.75662668051194, 41.959027495279855], [-87.76203341470058, 41.961870038593744]]]}, "properties": {"light_n": 172, "light_t": 1, "light_top": 53, "crime_n": 60, "crime_t": 1, "crime_top": 56, "bv": "1-1", "crime_night_n": 25, "crime_night_t": 1, "crime_night_top": 56, "bv_night": "1-1", "nta": "Portage Park", "boro": "Chicago"}}, {"type": "Feature", "geometry": {"type": "Polygon", "coordinates": [[[-87.68367258202308, 42.0255455732421], [-87.68972815889731, 42.02373373320509], [-87.69037259310164, 42.01907412013777], [-87.68496261225597, 42.01622640359477], [-87.67890776243134, 42.018037785902266], [-87.67826216643536, 42.02269734242949], [-87.68367258202308, 42.0255455732421]]]}, "properties": {"light_n": 41, "light_t": 0, "light_top": 86, "crime_n": 52, "crime_t": 1, "crime_top": 59, "bv": "1-0", "crime_night_n": 16, "crime_night_t": 1, "crime_night_top": 67, "bv_night": "1-0", "nta": "Rogers Park", "boro": "Chicago"}}, {"type": "Feature", "geometry": {"type": "Polygon", "coordinates": [[[-87.69346286783401, 41.8708784591038], [-87.6994976626483, 41.86907062945044], [-87.70013894284182, 41.864419746360504], [-87.69474658231938, 41.86157674927032], [-87.68871250936893, 41.863384122212025], [-87.68807007510925, 41.86803494890303], [-87.69346286783401, 41.8708784591038]]]}, "properties": {"light_n": 143, "light_t": 1, "light_top": 63, "crime_n": 146, "crime_t": 2, "crime_top": 29, "bv": "2-1", "crime_night_n": 53, "crime_night_t": 2, "crime_night_top": 33, "bv_night": "2-1", "nta": "North Lawndale", "boro": "Chicago"}}, {"type": "Feature", "geometry": {"type": "Polygon", "coordinates": [[[-87.65637124831869, 41.846319969202916], [-87.66240484047299, 41.844514714304246], [-87.66304957070612, 41.83986521570748], [-87.65766186153478, 41.837021029179674], [-87.65162899173, 41.83882582801632], [-87.65098310877944, 41.8434752693903], [-87.65637124831869, 41.846319969202916]]]}, "properties": {"light_n": 318, "light_t": 2, "light_top": 8, "crime_n": 53, "crime_t": 1, "crime_top": 58, "bv": "1-2", "crime_night_n": 19, "crime_night_t": 1, "crime_night_top": 62, "bv_night": "1-2", "nta": "Bridgeport", "boro": "Chicago"}}, {"type": "Feature", "geometry": {"type": "Polygon", "coordinates": [[[-87.70762117668599, 41.97818407661776], [-87.71366924325957, 41.97637240921042], [-87.71431056279829, 41.97171546700498], [-87.70890497528411, 41.96887024819089], [-87.70285763345562, 41.97068145791519], [-87.70221515442852, 41.975338344083895], [-87.70762117668599, 41.97818407661776]]]}, "properties": {"light_n": 183, "light_t": 1, "light_top": 49, "crime_n": 112, "crime_t": 1, "crime_top": 38, "bv": "1-1", "crime_night_n": 32, "crime_night_t": 1, "crime_night_top": 49, "bv_night": "1-1", "nta": "North Park", "boro": "Chicago"}}, {"type": "Feature", "geometry": {"type": "Polygon", "coordinates": [[[-87.6410671317064, 41.87318272247019], [-87.6471050585821, 41.87137745211823], [-87.64775172815817, 41.866726429666315], [-87.64236162489804, 41.863880735059396], [-87.63632442172919, 41.86568554934438], [-87.63567659814618, 41.87033651425073], [-87.6410671317064, 41.87318272247019]]]}, "properties": {"light_n": 147, "light_t": 1, "light_top": 62, "crime_n": 262, "crime_t": 2, "crime_top": 12, "bv": "2-1", "crime_night_n": 117, "crime_night_t": 2, "crime_night_top": 10, "bv_night": "2-1", "nta": "Near West Side", "boro": "Chicago"}}, {"type": "Feature", "geometry": {"type": "Polygon", "coordinates": [[[-87.64731244188232, 41.66206435158477], [-87.65332253509222, 41.66026493503406], [-87.65396562699314, 41.65562592036069], [-87.64859976925729, 41.652786379692], [-87.64259039296878, 41.65458534165961], [-87.64194615752682, 41.65922429882681], [-87.64731244188232, 41.66206435158477]]]}, "properties": {"light_n": 50, "light_t": 0, "light_top": 84, "crime_n": 11, "crime_t": 0, "crime_top": 84, "bv": "0-0", "crime_night_n": 5, "crime_night_t": 0, "crime_night_top": 86, "bv_night": "0-0", "nta": "West Pullman", "boro": "Chicago"}}, {"type": "Feature", "geometry": {"type": "Polygon", "coordinates": [[[-87.71448901534201, 41.80217563613264], [-87.72051370963011, 41.800368762042226], [-87.72115189162214, 41.795721780126975], [-87.71576653006666, 41.79288172822171], [-87.70974255479035, 41.79468814584442], [-87.7091032220896, 41.79933507178765], [-87.71448901534201, 41.80217563613264]]]}, "properties": {"light_n": 181, "light_t": 1, "light_top": 50, "crime_n": 38, "crime_t": 1, "crime_top": 66, "bv": "1-1", "crime_night_n": 18, "crime_night_t": 1, "crime_night_top": 64, "bv_night": "1-1", "nta": "West Elsdon", "boro": "Chicago"}}, {"type": "Feature", "geometry": {"type": "Polygon", "coordinates": [[[-87.67286989420204, 41.685542415072874], [-87.67888166065423, 41.68374103593376], [-87.67952247572117, 41.6791006855464], [-87.67415266915371, 41.676261771183476], [-87.66814161949353, 41.67806269524357], [-87.66749965964073, 41.68270298869336], [-87.67286989420204, 41.685542415072874]]]}, "properties": {"light_n": 217, "light_t": 1, "light_top": 37, "crime_n": 32, "crime_t": 0, "crime_top": 69, "bv": "0-1", "crime_night_n": 12, "crime_night_t": 0, "crime_night_top": 73, "bv_night": "0-1", "nta": "Morgan Park", "boro": "Chicago"}}, {"type": "Feature", "geometry": {"type": "Polygon", "coordinates": [[[-87.75058321762172, 41.960840814472704], [-87.75662668051194, 41.959027495279855], [-87.75726335821103, 41.95437154130151], [-87.75185773180843, 41.95152896156568], [-87.74581499165903, 41.95334182266205], [-87.74517715520336, 41.957997721538035], [-87.75058321762172, 41.960840814472704]]]}, "properties": {"light_n": 241, "light_t": 2, "light_top": 28, "crime_n": 70, "crime_t": 1, "crime_top": 52, "bv": "1-2", "crime_night_n": 24, "crime_night_t": 1, "crime_night_top": 57, "bv_night": "1-2", "nta": "Portage Park", "boro": "Chicago"}}, {"type": "Feature", "geometry": {"type": "Polygon", "coordinates": [[[-87.66744312282064, 42.01700029430886], [-87.67349845778735, 42.015189519000195], [-87.67414443735798, 42.01053038410565], [-87.66873624330172, 42.00768208136769], [-87.66268163566737, 42.00949239921523], [-87.66203449478962, 42.01415147720909], [-87.66744312282064, 42.01700029430886]]]}, "properties": {"light_n": 251, "light_t": 2, "light_top": 24, "crime_n": 175, "crime_t": 2, "crime_top": 22, "bv": "2-2", "crime_night_n": 53, "crime_night_t": 2, "crime_night_top": 33, "bv_night": "2-2", "nta": "Rogers Park", "boro": "Chicago"}}, {"type": "Feature", "geometry": {"type": "Polygon", "coordinates": [[[-87.67325802259727, 41.975076598949684], [-87.67930754418414, 41.973266748699636], [-87.67995234191875, 41.96860997536031], [-87.67454877731764, 41.96576310901088], [-87.6684999815455, 41.967572502035054], [-87.6678540245923, 41.97222921858184], [-87.67325802259727, 41.975076598949684]]]}, "properties": {"light_n": 223, "light_t": 1, "light_top": 34, "crime_n": 57, "crime_t": 1, "crime_top": 57, "bv": "1-1", "crime_night_n": 22, "crime_night_t": 1, "crime_night_top": 59, "bv_night": "1-1", "nta": "Uptown", "boro": "Chicago"}}, {"type": "Feature", "geometry": {"type": "Polygon", "coordinates": [[[-87.70853398706004, 42.013637396831236], [-87.71458665254558, 42.011824652146224], [-87.71522837085253, 42.00716571351013], [-87.70981858498062, 42.00431957550584], [-87.70376664532353, 42.00613186223476], [-87.70312376574225, 42.01079074487129], [-87.70853398706004, 42.013637396831236]]]}, "properties": {"light_n": 47, "light_t": 0, "light_top": 85, "crime_n": 9, "crime_t": 0, "crime_top": 86, "bv": "0-0", "crime_night_n": 3, "crime_night_t": 0, "crime_night_top": 90, "bv_night": "0-0", "nta": "West Ridge", "boro": "Chicago"}}, {"type": "Feature", "geometry": {"type": "Polygon", "coordinates": [[[-87.59956184972798, 41.75641625409259], [-87.60558677859947, 41.754616464331434], [-87.60623605184682, 41.74997206372702], [-87.60086154430745, 41.747127511337425], [-87.59483733689076, 41.748926846419266], [-87.59418691559131, 41.7535711885177], [-87.59956184972798, 41.75641625409259]]]}, "properties": {"light_n": 181, "light_t": 1, "light_top": 50, "crime_n": 462, "crime_t": 2, "crime_top": 2, "bv": "2-1", "crime_night_n": 181, "crime_night_t": 2, "crime_night_top": 4, "bv_night": "2-1", "nta": "Chatham", "boro": "Chicago"}}, {"type": "Feature", "geometry": {"type": "Polygon", "coordinates": [[[-87.7763280689005, 41.899548515830524], [-87.78236211693083, 41.89773569717138], [-87.78299531700117, 41.89308321332962], [-87.77759562483877, 41.8902436026633], [-87.77156229675974, 41.892055963356064], [-87.7709279409234, 41.89670839262891], [-87.7763280689005, 41.899548515830524]]]}, "properties": {"light_n": 117, "light_t": 0, "light_top": 70, "crime_n": 59, "crime_t": 1, "crime_top": 56, "bv": "1-0", "crime_night_n": 25, "crime_night_t": 1, "crime_night_top": 56, "bv_night": "1-0", "nta": "Austin", "boro": "Chicago"}}, {"type": "Feature", "geometry": {"type": "Polygon", "coordinates": [[[-87.6006852102758, 41.7071396663183], [-87.60670366574637, 41.70534125823464], [-87.6073521341576, 41.700699664177634], [-87.60198329274414, 41.697856536655216], [-87.5959655571558, 41.699654490409884], [-87.59531594313124, 41.704296025963714], [-87.6006852102758, 41.7071396663183]]]}, "properties": {"light_n": 81, "light_t": 0, "light_top": 78, "crime_n": 35, "crime_t": 0, "crime_top": 67, "bv": "0-0", "crime_night_n": 13, "crime_night_t": 0, "crime_night_top": 71, "bv_night": "0-0", "nta": "Pullman", "boro": "Chicago"}}, {"type": "Feature", "geometry": {"type": "Polygon", "coordinates": [[[-87.5437461850946, 41.70189910473114], [-87.54976701275767, 41.700103694854555], [-87.55042120832633, 41.695462395803865], [-87.54505572142226, 41.69261656632588], [-87.53903561538439, 41.694411522633075], [-87.53838027465837, 41.69905276193545], [-87.5437461850946, 41.70189910473114]]]}, "properties": {"light_n": 154, "light_t": 1, "light_top": 59, "crime_n": 23, "crime_t": 0, "crime_top": 76, "bv": "0-1", "crime_night_n": 6, "crime_night_t": 0, "crime_night_top": 84, "bv_night": "0-1", "nta": "East Side", "boro": "Chicago"}}, {"type": "Feature", "geometry": {"type": "Polygon", "coordinates": [[[-87.73917702642841, 41.87501209820947], [-87.74520988561426, 41.873201857890116], [-87.74584654865481, 41.86855075171296], [-87.7404515069623, 41.86570994119809], [-87.73441936822216, 41.867519724199596], [-87.73378155076067, 41.87217077498125], [-87.73917702642841, 41.87501209820947]]]}, "properties": {"light_n": 230, "light_t": 2, "light_top": 31, "crime_n": 398, "crime_t": 2, "crime_top": 4, "bv": "2-2", "crime_night_n": 200, "crime_night_t": 2, "crime_night_top": 2, "bv_night": "2-2", "nta": "Austin", "boro": "Chicago"}}, {"type": "Feature", "geometry": {"type": "Polygon", "coordinates": [[[-87.59401632096085, 41.71357989108849], [-87.60003597216163, 41.71178162817753], [-87.6006852102758, 41.7071396663183], [-87.59531594313124, 41.704296025963714], [-87.58929701223653, 41.70609383458233], [-87.58864662821291, 41.71073573779562], [-87.59401632096085, 41.71357989108849]]]}, "properties": {"light_n": 39, "light_t": 0, "light_top": 86, "crime_n": 23, "crime_t": 0, "crime_top": 76, "bv": "0-0", "crime_night_n": 10, "crime_night_t": 0, "crime_night_top": 75, "bv_night": "0-0", "nta": "Pullman", "boro": "Chicago"}}, {"type": "Feature", "geometry": {"type": "Polygon", "coordinates": [[[-87.64817311934735, 41.69738659480974], [-87.6541877541138, 41.69558610078843], [-87.65483124874025, 41.69094506968743], [-87.64946125392277, 41.6881045900265], [-87.64344733714375, 41.689904629191815], [-87.64280269722694, 41.6945456028218], [-87.64817311934735, 41.69738659480974]]]}, "properties": {"light_n": 241, "light_t": 2, "light_top": 28, "crime_n": 67, "crime_t": 1, "crime_top": 53, "bv": "1-2", "crime_night_n": 31, "crime_night_t": 1, "crime_night_top": 50, "bv_night": "1-2", "nta": "Morgan Park", "boro": "Chicago"}}, {"type": "Feature", "geometry": {"type": "Polygon", "coordinates": [[[-87.64581132566005, 41.880680287093256], [-87.6518499763172, 41.87887456055895], [-87.65249626556317, 41.87422311437861], [-87.6471050585821, 41.87137745211823], [-87.6410671317064, 41.87318272247019], [-87.64041968806289, 41.87783411121232], [-87.64581132566005, 41.880680287093256]]]}, "properties": {"light_n": 253, "light_t": 2, "light_top": 23, "crime_n": 285, "crime_t": 2, "crime_top": 10, "bv": "2-2", "crime_night_n": 89, "crime_night_t": 2, "crime_night_top": 17, "bv_night": "2-2", "nta": "Near West Side", "boro": "Chicago"}}, {"type": "Feature", "geometry": {"type": "Polygon", "coordinates": [[[-87.70579974972469, 41.90732215707439], [-87.7118386393975, 41.905512645784675], [-87.71247916280261, 41.90085970328622], [-87.70708195249593, 41.898016328135895], [-87.7010437854088, 41.899825382288945], [-87.70040210607482, 41.90447826867637], [-87.70579974972469, 41.90732215707439]]]}, "properties": {"light_n": 131, "light_t": 1, "light_top": 66, "crime_n": 127, "crime_t": 2, "crime_top": 33, "bv": "2-1", "crime_night_n": 45, "crime_night_t": 1, "crime_night_top": 39, "bv_night": "1-1", "nta": "Humboldt Park", "boro": "Chicago"}}, {"type": "Feature", "geometry": {"type": "Polygon", "coordinates": [[[-87.71649030061833, 41.70360923297588], [-87.72250206193829, 41.701805148518346], [-87.72313868295882, 41.6971637778208], [-87.7177646885126, 41.694326547505256], [-87.71175364307949, 41.69613017620154], [-87.71111587623743, 41.70077149092233], [-87.71649030061833, 41.70360923297588]]]}, "properties": {"light_n": 147, "light_t": 1, "light_top": 62, "crime_n": 5, "crime_t": 0, "crime_top": 91, "bv": "0-1", "crime_night_n": 1, "crime_night_t": 0, "crime_night_top": 100, "bv_night": "0-1", "nta": "Mount Greenwood", "boro": "Chicago"}}, {"type": "Feature", "geometry": {"type": "Polygon", "coordinates": [[[-87.59873710197505, 41.7210663457509], [-87.60475747355677, 41.719267628432505], [-87.60540633548558, 41.71462524040218], [-87.60003597216163, 41.71178162817753], [-87.59401632096085, 41.71357989108849], [-87.59336631273564, 41.71822222057924], [-87.59873710197505, 41.7210663457509]]]}, "properties": {"light_n": 190, "light_t": 1, "light_top": 46, "crime_n": 35, "crime_t": 0, "crime_top": 67, "bv": "0-1", "crime_night_n": 17, "crime_night_t": 1, "crime_night_top": 66, "bv_night": "1-1", "nta": "Pullman", "boro": "Chicago"}}, {"type": "Feature", "geometry": {"type": "Polygon", "coordinates": [[[-87.66073981775233, 42.023470419686284], [-87.66679636512353, 42.02165979404355], [-87.66744312282064, 42.01700029430886], [-87.66203449478962, 42.01415147720909], [-87.65597867518278, 42.01596164542798], [-87.65533075587534, 42.02062108811771], [-87.66073981775233, 42.023470419686284]]]}, "properties": {"light_n": 50, "light_t": 0, "light_top": 84, "crime_n": 46, "crime_t": 1, "crime_top": 62, "bv": "1-0", "crime_night_n": 11, "crime_night_t": 0, "crime_night_top": 73, "bv_night": "0-0", "nta": "Rogers Park", "boro": "Chicago"}}, {"type": "Feature", "geometry": {"type": "Polygon", "coordinates": [[[-87.67535510832283, 41.87630044954655], [-87.68139159061597, 41.87449336924672], [-87.6820347976299, 41.86984217566317], [-87.67664267666034, 41.86699811911993], [-87.67060691701289, 41.86880474289646], [-87.66996255572164, 41.87345587968699], [-87.67535510832283, 41.87630044954655]]]}, "properties": {"light_n": 125, "light_t": 0, "light_top": 69, "crime_n": 138, "crime_t": 2, "crime_top": 31, "bv": "2-0", "crime_night_n": 48, "crime_night_t": 1, "crime_night_top": 36, "bv_night": "1-0", "nta": "Near West Side", "boro": "Chicago"}}, {"type": "Feature", "geometry": {"type": "Polygon", "coordinates": [[[-87.6885759544881, 41.948175921989495], [-87.69462112252393, 41.94636608462126], [-87.69526397624217, 41.94171083103275], [-87.68986281987624, 41.93886547122894], [-87.6838183762902, 41.940674851376116], [-87.68317436465269, 41.945330048495485], [-87.6885759544881, 41.948175921989495]]]}, "properties": {"light_n": 136, "light_t": 1, "light_top": 65, "crime_n": 56, "crime_t": 1, "crime_top": 57, "bv": "1-1", "crime_night_n": 28, "crime_night_t": 1, "crime_night_top": 53, "bv_night": "1-1", "nta": "North Center", "boro": "Chicago"}}, {"type": "Feature", "geometry": {"type": "Polygon", "coordinates": [[[-87.60846584018101, 41.651456779854016], [-87.61447664322296, 41.64965961105465], [-87.61512354112342, 41.64502119649161], [-87.60976077890147, 41.642180009033936], [-87.60375069375202, 41.64397672381857], [-87.60310265296438, 41.64861508002343], [-87.60846584018101, 41.651456779854016]]]}, "properties": {"light_n": 21, "light_t": 0, "light_top": 92, "crime_n": 6, "crime_t": 0, "crime_top": 90, "bv": "0-0", "crime_night_n": 1, "crime_night_t": 0, "crime_night_top": 100, "bv_night": "0-0", "nta": "Riverdale", "boro": "Chicago"}}, {"type": "Feature", "geometry": {"type": "Polygon", "coordinates": [[[-87.6832189352134, 41.735839904339414], [-87.6892366815892, 41.73403653492704], [-87.68987713775553, 41.72939331880935], [-87.68450099488908, 41.72655352873941], [-87.67848396651723, 41.728356442569314], [-87.67784236303989, 41.73299960199931], [-87.6832189352134, 41.735839904339414]]]}, "properties": {"light_n": 79, "light_t": 0, "light_top": 79, "crime_n": 9, "crime_t": 0, "crime_top": 86, "bv": "0-0", "crime_night_n": 1, "crime_night_t": 0, "crime_night_top": 100, "bv_night": "0-0", "nta": "Beverly", "boro": "Chicago"}}, {"type": "Feature", "geometry": {"type": "Polygon", "coordinates": [[[-87.69731244916049, 41.842976492412745], [-87.7033433929719, 41.84116928461265], [-87.70398389310621, 41.836519983287566], [-87.69859460214717, 41.83367794603814], [-87.69256437919837, 41.83548469728452], [-87.6919227263781, 41.84013394228154], [-87.69731244916049, 41.842976492412745]]]}, "properties": {"light_n": 80, "light_t": 0, "light_top": 78, "crime_n": 47, "crime_t": 1, "crime_top": 61, "bv": "1-0", "crime_night_n": 18, "crime_night_t": 1, "crime_night_top": 64, "bv_night": "1-0", "nta": "South Lawndale", "boro": "Chicago"}}, {"type": "Feature", "geometry": {"type": "Polygon", "coordinates": [[[-87.7200765744849, 41.92981481071502], [-87.72611763235463, 41.928003927322905], [-87.72675700589203, 41.923349716982024], [-87.72135647869374, 41.92050644576765], [-87.71531614362958, 41.92231687167687], [-87.71467561299023, 41.92697102623073], [-87.7200765744849, 41.92981481071502]]]}, "properties": {"light_n": 228, "light_t": 2, "light_top": 32, "crime_n": 137, "crime_t": 2, "crime_top": 31, "bv": "2-2", "crime_night_n": 55, "crime_night_t": 2, "crime_night_top": 32, "bv_night": "2-2", "nta": "Logan Square", "boro": "Chicago"}}, {"type": "Feature", "geometry": {"type": "Polygon", "coordinates": [[[-87.81550224456147, 41.99494266441128], [-87.82154664069051, 41.99312509131329], [-87.82217713306693, 41.988467235285114], [-87.81676439002074, 41.985627005961625], [-87.81072071548901, 41.98744411989508], [-87.81008906243765, 41.99210192226378], [-87.81550224456147, 41.99494266441128]]]}, "properties": {"light_n": 94, "light_t": 0, "light_top": 75, "crime_n": 4, "crime_t": 0, "crime_top": 93, "bv": "0-0", "crime_night_n": 2, "crime_night_t": 0, "crime_night_top": 94, "bv_night": "0-0", "nta": "Norwood Park", "boro": "Chicago"}}, {"type": "Feature", "geometry": {"type": "Polygon", "coordinates": [[[-87.68706355868315, 41.707983953794255], [-87.69307747594922, 41.706181208727926], [-87.69371715533418, 41.70153958109341], [-87.68834406342798, 41.698700755090016], [-87.68233086317277, 41.70050304473222], [-87.68169003784479, 41.70514461574968], [-87.68706355868315, 41.707983953794255]]]}, "properties": {"light_n": 165, "light_t": 1, "light_top": 55, "crime_n": 11, "crime_t": 0, "crime_top": 84, "bv": "0-1", "crime_night_n": 5, "crime_night_t": 0, "crime_night_top": 86, "bv_night": "0-1", "nta": "Beverly", "boro": "Chicago"}}, {"type": "Feature", "geometry": {"type": "Polygon", "coordinates": [[[-87.74484148371778, 42.002757156150224], [-87.75089075031312, 42.000942903105795], [-87.75152859466635, 41.99628458521587], [-87.74611833330113, 41.99344057552497], [-87.74006979095614, 41.99525437023553], [-87.73943078575807, 41.99991263291807], [-87.74484148371778, 42.002757156150224]]]}, "properties": {"light_n": 69, "light_t": 0, "light_top": 81, "crime_n": 1, "crime_t": 0, "crime_top": 100, "bv": "0-0", "crime_night_n": 1, "crime_night_t": 0, "crime_night_top": 100, "bv_night": "0-0", "nta": "Forest Glen", "boro": "Chicago"}}, {"type": "Feature", "geometry": {"type": "Polygon", "coordinates": [[[-87.69707061396724, 42.01260288298374], [-87.70312376574225, 42.01079074487129], [-87.70376664532353, 42.00613186223476], [-87.69835753434667, 42.003285173909816], [-87.69230510875765, 42.00509685421868], [-87.69166106799193, 42.00975568060331], [-87.69707061396724, 42.01260288298374]]]}, "properties": {"light_n": 151, "light_t": 1, "light_top": 60, "crime_n": 48, "crime_t": 1, "crime_top": 61, "bv": "1-1", "crime_night_n": 17, "crime_night_t": 1, "crime_night_top": 66, "bv_night": "1-1", "nta": "West Ridge", "boro": "Chicago"}}, {"type": "Feature", "geometry": {"type": "Polygon", "coordinates": [[[-87.82028527095932, 42.00244159126011], [-87.82633038875707, 42.00062355888204], [-87.82696049307339, 41.99596528215981], [-87.82154664069051, 41.99312509131329], [-87.81550224456147, 41.99494266441128], [-87.81487097917807, 41.99960088758307], [-87.82028527095932, 42.00244159126011]]]}, "properties": {"light_n": 107, "light_t": 0, "light_top": 73, "crime_n": 6, "crime_t": 0, "crime_top": 90, "bv": "0-0", "crime_night_n": 3, "crime_night_t": 0, "crime_night_top": 90, "bv_night": "0-0", "nta": "Edison Park", "boro": "Chicago"}}, {"type": "Feature", "geometry": {"type": "Polygon", "coordinates": [[[-87.55317173503111, 41.71687546853476], [-87.55919400617204, 41.71507915117412], [-87.55984745274061, 41.710436998797235], [-87.55447977413282, 41.707591223265005], [-87.54845822476871, 41.70938708682608], [-87.54780363226851, 41.714029179666696], [-87.55317173503111, 41.71687546853476]]]}, "properties": {"light_n": 111, "light_t": 0, "light_top": 72, "crime_n": 27, "crime_t": 0, "crime_top": 72, "bv": "0-0", "crime_night_n": 7, "crime_night_t": 0, "crime_night_top": 81, "bv_night": "0-0", "nta": "South Deering", "boro": "Chicago"}}, {"type": "Feature", "geometry": {"type": "Polygon", "coordinates": [[[-87.74681615893103, 41.81921497786803], [-87.75284132435556, 41.81740598849248], [-87.75347643973124, 41.812758047864584], [-87.74808754137506, 41.80991915181602], [-87.7420630944005, 41.8117276841913], [-87.74142682736384, 41.816375569562936], [-87.74681615893103, 41.81921497786803]]]}, "properties": {"light_n": 144, "light_t": 1, "light_top": 62, "crime_n": 43, "crime_t": 1, "crime_top": 63, "bv": "1-1", "crime_night_n": 15, "crime_night_t": 0, "crime_night_top": 68, "bv_night": "0-1", "nta": "Garfield Ridge", "boro": "Chicago"}}, {"type": "Feature", "geometry": {"type": "Polygon", "coordinates": [[[-87.7744467563121, 41.99834154632839], [-87.78049383399464, 41.996525934920776], [-87.78112858205597, 41.99186787391379], [-87.77571741318386, 41.98902547882102], [-87.76967105860464, 41.990840631554654], [-87.76903514982604, 41.99549863800226], [-87.7744467563121, 41.99834154632839]]]}, "properties": {"light_n": 108, "light_t": 0, "light_top": 73, "crime_n": 2, "crime_t": 0, "crime_top": 97, "bv": "0-0", "crime_night_n": 1, "crime_night_t": 0, "crime_night_top": 100, "bv_night": "0-0", "nta": "Jefferson Park", "boro": "Chicago"}}, {"type": "Feature", "geometry": {"type": "Polygon", "coordinates": [[[-87.70590461443426, 41.82257366209104], [-87.7119324320261, 41.820766620575355], [-87.71257177218644, 41.81611847848806], [-87.7071844464837, 41.81327743401384], [-87.70115734882829, 41.81508401901864], [-87.70051685697116, 41.819732104956074], [-87.70590461443426, 41.82257366209104]]]}, "properties": {"light_n": 135, "light_t": 1, "light_top": 65, "crime_n": 73, "crime_t": 1, "crime_top": 51, "bv": "1-1", "crime_night_n": 31, "crime_night_t": 1, "crime_night_top": 50, "bv_night": "1-1", "nta": "Brighton Park", "boro": "Chicago"}}, {"type": "Feature", "geometry": {"type": "Polygon", "coordinates": [[[-87.60678089108409, 41.870054650300794], [-87.6128202580645, 41.868251190705486], [-87.61347038938916, 41.863600341642716], [-87.60808230750042, 41.86075301042068], [-87.60204366528632, 41.8625560144062], [-87.6013923802275, 41.86720680517102], [-87.60678089108409, 41.870054650300794]]]}, "properties": {"light_n": 18, "light_t": 0, "light_top": 92, "crime_n": 33, "crime_t": 0, "crime_top": 68, "bv": "0-0", "crime_night_n": 19, "crime_night_t": 1, "crime_night_top": 62, "bv_night": "1-0", "nta": "Near South Side", "boro": "Chicago"}}, {"type": "Feature", "geometry": {"type": "Polygon", "coordinates": [[[-87.72313868295882, 41.6971637778208], [-87.7291492481149, 41.69535955118299], [-87.72978510332902, 41.690718550078685], [-87.72441153894238, 41.68788183139473], [-87.71840168925043, 41.689685602235784], [-87.7177646885126, 41.694326547505256], [-87.72313868295882, 41.6971637778208]]]}, "properties": {"light_n": 45, "light_t": 0, "light_top": 85, "crime_n": 4, "crime_t": 0, "crime_top": 93, "bv": "0-0", "crime_night_n": 2, "crime_night_t": 0, "crime_night_top": 94, "bv_night": "0-0", "nta": "Mount Greenwood", "boro": "Chicago"}}, {"type": "Feature", "geometry": {"type": "Polygon", "coordinates": [[[-87.68040799836884, 41.71442855225118], [-87.6864231120814, 41.71262595039851], [-87.68706355868315, 41.707983953794255], [-87.68169003784479, 41.70514461574968], [-87.67567564156639, 41.706946762214095], [-87.67503404872414, 41.711588702059046], [-87.68040799836884, 41.71442855225118]]]}, "properties": {"light_n": 159, "light_t": 1, "light_top": 58, "crime_n": 31, "crime_t": 0, "crime_top": 70, "bv": "0-1", "crime_night_n": 10, "crime_night_t": 0, "crime_night_top": 75, "bv_night": "0-1", "nta": "Beverly", "boro": "Chicago"}}, {"type": "Feature", "geometry": {"type": "Polygon", "coordinates": [[[-87.61458147664727, 41.81426062088254], [-87.62061313775378, 41.81245839364917], [-87.62126168898693, 41.807810707768844], [-87.61587973012513, 41.80496530722143], [-87.60984879177474, 41.806767079158014], [-87.60919908956272, 41.81141470688637], [-87.61458147664727, 41.81426062088254]]]}, "properties": {"light_n": 251, "light_t": 2, "light_top": 24, "crime_n": 244, "crime_t": 2, "crime_top": 13, "bv": "2-2", "crime_night_n": 109, "crime_night_t": 2, "crime_night_top": 11, "bv_night": "2-2", "nta": "Grand Boulevard", "boro": "Chicago"}}, {"type": "Feature", "geometry": {"type": "Polygon", "coordinates": [[[-87.68292590409729, 41.905251044057586], [-87.68896576115414, 41.90344274034481], [-87.68960859632769, 41.89878991031961], [-87.68421273022678, 41.89594544056803], [-87.67817359646557, 41.89775328744804], [-87.67752960554198, 41.90240606085981], [-87.68292590409729, 41.905251044057586]]]}, "properties": {"light_n": 252, "light_t": 2, "light_top": 23, "crime_n": 123, "crime_t": 1, "crime_top": 34, "bv": "1-2", "crime_night_n": 48, "crime_night_t": 1, "crime_night_top": 36, "bv_night": "1-2", "nta": "West Town", "boro": "Chicago"}}, {"type": "Feature", "geometry": {"type": "Polygon", "coordinates": [[[-87.6690184561408, 41.7133907050693], [-87.67503404872414, 41.711588702059046], [-87.67567564156639, 41.706946762214095], [-87.67030278800902, 41.70410688233559], [-87.66428791321013, 41.70590843010863], [-87.66364517421619, 41.710550312945095], [-87.6690184561408, 41.7133907050693]]]}, "properties": {"light_n": 161, "light_t": 1, "light_top": 57, "crime_n": 19, "crime_t": 0, "crime_top": 78, "bv": "0-1", "crime_night_n": 5, "crime_night_t": 0, "crime_night_top": 86, "bv_night": "0-1", "nta": "Beverly", "boro": "Chicago"}}, {"type": "Feature", "geometry": {"type": "Polygon", "coordinates": [[[-87.64882621929127, 41.81738661004742], [-87.65485644279678, 41.81558257678483], [-87.65550154055038, 41.810934717949905], [-87.65011756608097, 41.80809094972645], [-87.6440880642756, 41.80989452723621], [-87.64344181527193, 41.81454232866984], [-87.64882621929127, 41.81738661004742]]]}, "properties": {"light_n": 71, "light_t": 0, "light_top": 80, "crime_n": 20, "crime_t": 0, "crime_top": 77, "bv": "0-0", "crime_night_n": 7, "crime_night_t": 0, "crime_night_top": 81, "bv_night": "0-0", "nta": "New City", "boro": "Chicago"}}, {"type": "Feature", "geometry": {"type": "Polygon", "coordinates": [[[-87.76012414941576, 41.975839953828114], [-87.76616905800546, 41.97402571809588], [-87.76680496469436, 41.969368920892315], [-87.76139712236589, 41.96652641425359], [-87.75535293666222, 41.96834019165839], [-87.75471587043289, 41.97299693397661], [-87.76012414941576, 41.975839953828114]]]}, "properties": {"light_n": 130, "light_t": 1, "light_top": 67, "crime_n": 149, "crime_t": 2, "crime_top": 28, "bv": "2-1", "crime_night_n": 54, "crime_night_t": 2, "crime_night_top": 32, "bv_night": "2-1", "nta": "Jefferson Park", "boro": "Chicago"}}, {"type": "Feature", "geometry": {"type": "Polygon", "coordinates": [[[-87.78780842191196, 41.98539442165723], [-87.79385307595109, 41.9835785174182], [-87.79448627658375, 41.97892119001144], [-87.78907598331732, 41.97607982106363], [-87.78303205152075, 41.97789526655645], [-87.78239769077979, 41.98255253969056], [-87.78780842191196, 41.98539442165723]]]}, "properties": {"light_n": 173, "light_t": 1, "light_top": 53, "crime_n": 19, "crime_t": 0, "crime_top": 78, "bv": "0-1", "crime_night_n": 4, "crime_night_t": 0, "crime_night_top": 87, "bv_night": "0-1", "nta": "Norwood Park", "boro": "Chicago"}}, {"type": "Feature", "geometry": {"type": "Polygon", "coordinates": [[[-87.63461619365411, 41.79491154254655], [-87.64064425228187, 41.793108876196705], [-87.64129048736761, 41.788462291337304], [-87.63590981394184, 41.78561843049779], [-87.62988247679137, 41.787420641440505], [-87.62923509162188, 41.79206716857746], [-87.63461619365411, 41.79491154254655]]]}, "properties": {"light_n": 115, "light_t": 0, "light_top": 71, "crime_n": 49, "crime_t": 1, "crime_top": 60, "bv": "1-0", "crime_night_n": 18, "crime_night_t": 1, "crime_night_top": 64, "bv_night": "1-0", "nta": "Englewood", "boro": "Chicago"}}, {"type": "Feature", "geometry": {"type": "Polygon", "coordinates": [[[-87.73053088972165, 41.980249952374145], [-87.73657798378511, 41.97843707398476], [-87.73721698407918, 41.9737800204617], [-87.73181005000879, 41.97093590080812], [-87.72576367997637, 41.97274832121021], [-87.72512352001543, 41.97740531920044], [-87.73053088972165, 41.980249952374145]]]}, "properties": {"light_n": 70, "light_t": 0, "light_top": 80, "crime_n": 67, "crime_t": 1, "crime_top": 53, "bv": "1-0", "crime_night_n": 19, "crime_night_t": 1, "crime_night_top": 62, "bv_night": "1-0", "nta": "Albany Park", "boro": "Chicago"}}, {"type": "Feature", "geometry": {"type": "Polygon", "coordinates": [[[-87.67342277556082, 41.89025592043637], [-87.67946118610031, 41.88844853027372], [-87.68010478489077, 41.88379654659271], [-87.67471112814258, 41.88095200985056], [-87.66867344075082, 41.88275894341118], [-87.66802868699192, 41.887410870263416], [-87.67342277556082, 41.89025592043637]]]}, "properties": {"light_n": 122, "light_t": 0, "light_top": 69, "crime_n": 231, "crime_t": 2, "crime_top": 15, "bv": "2-0", "crime_night_n": 104, "crime_night_t": 2, "crime_night_top": 13, "bv_night": "2-0", "nta": "Near West Side", "boro": "Chicago"}}, {"type": "Feature", "geometry": {"type": "Polygon", "coordinates": [[[-87.65676095238794, 41.677023565979844], [-87.66277247966093, 41.67522323991798], [-87.66341481713803, 41.67058337259282], [-87.65804677168582, 41.66774388857043], [-87.65203596148106, 41.66954375981922], [-87.65139247969236, 41.67418356985127], [-87.65676095238794, 41.677023565979844]]]}, "properties": {"light_n": 113, "light_t": 0, "light_top": 72, "crime_n": 15, "crime_t": 0, "crime_top": 81, "bv": "0-0", "crime_night_n": 8, "crime_night_t": 0, "crime_night_top": 79, "bv_night": "0-0", "nta": "West Pullman", "boro": "Chicago"}}, {"type": "Feature", "geometry": {"type": "Polygon", "coordinates": [[[-87.55788671650654, 41.72436424947384], [-87.56390970950001, 41.722567478198535], [-87.56456278115681, 41.71792489935972], [-87.55919400617204, 41.71507915117412], [-87.55317173503111, 41.71687546853476], [-87.55251751705532, 41.72151798794339], [-87.55788671650654, 41.72436424947384]]]}, "properties": {"light_n": 194, "light_t": 1, "light_top": 45, "crime_n": 39, "crime_t": 1, "crime_top": 66, "bv": "1-1", "crime_night_n": 8, "crime_night_t": 0, "crime_night_top": 79, "bv_night": "0-1", "nta": "South Deering", "boro": "Chicago"}}, {"type": "Feature", "geometry": {"type": "Polygon", "coordinates": [[[-87.5519973623799, 41.7661602773678], [-87.55802611489798, 41.76436258427741], [-87.55868037697266, 41.7597176266158], [-87.55330703493355, 41.756870421533534], [-87.54727900577089, 41.75866766047535], [-87.54662359532492, 41.7633125585957], [-87.5519973623799, 41.7661602773678]]]}, "properties": {"light_n": 27, "light_t": 0, "light_top": 90, "crime_n": 87, "crime_t": 1, "crime_top": 45, "bv": "1-0", "crime_night_n": 38, "crime_night_t": 1, "crime_night_top": 44, "bv_night": "1-0", "nta": "South Shore", "boro": "Chicago"}}, {"type": "Feature", "geometry": {"type": "Polygon", "coordinates": [[[-87.6639255914036, 41.875262356760985], [-87.66996255572164, 41.87345587968699], [-87.67060691701289, 41.86880474289646], [-87.66521546820596, 41.86596014017127], [-87.6591792268875, 41.86776616087397], [-87.6585337114088, 41.872417240620614], [-87.6639255914036, 41.875262356760985]]]}, "properties": {"light_n": 119, "light_t": 0, "light_top": 70, "crime_n": 176, "crime_t": 2, "crime_top": 22, "bv": "2-0", "crime_night_n": 75, "crime_night_t": 2, "crime_night_top": 22, "bv_night": "2-0", "nta": "Near West Side", "boro": "Chicago"}}, {"type": "Feature", "geometry": {"type": "Polygon", "coordinates": [[[-87.53629286338783, 41.67300349238842], [-87.54231033294455, 41.671209296890076], [-87.54296487952223, 41.66656964617557], [-87.53760310027879, 41.663724250830114], [-87.531586351696, 41.6655179930671], [-87.53093066141568, 41.67015758385871], [-87.53629286338783, 41.67300349238842]]]}, "properties": {"light_n": 29, "light_t": 0, "light_top": 89, "crime_n": 7, "crime_t": 0, "crime_top": 88, "bv": "0-0", "crime_night_n": 0, "crime_night_t": 0, "crime_night_top": null, "bv_night": "0-0", "nta": "Hegewisch", "boro": "Chicago"}}, {"type": "Feature", "geometry": {"type": "Polygon", "coordinates": [[[-87.65792164196463, 42.00198489042534], [-87.66397552234142, 42.00017502992335], [-87.66462226821774, 41.9955167387078], [-87.65921629426963, 41.99266836505828], [-87.65316314107557, 41.9944777683303], [-87.65251523467964, 41.99913600242906], [-87.65792164196463, 42.00198489042534]]]}, "properties": {"light_n": 115, "light_t": 0, "light_top": 71, "crime_n": 198, "crime_t": 2, "crime_top": 19, "bv": "2-0", "crime_night_n": 71, "crime_night_t": 2, "crime_night_top": 24, "bv_night": "2-0", "nta": "Edgewater", "boro": "Chicago"}}, {"type": "Feature", "geometry": {"type": "Polygon", "coordinates": [[[-87.64043336091524, 41.75310085885061], [-87.64645565922797, 41.75129912208981], [-87.64710071770047, 41.746654915241905], [-87.64172462591841, 41.74381250271683], [-87.63570304758427, 41.74561378430639], [-87.63505684108597, 41.750257933539935], [-87.64043336091524, 41.75310085885061]]]}, "properties": {"light_n": 194, "light_t": 1, "light_top": 45, "crime_n": 238, "crime_t": 2, "crime_top": 14, "bv": "2-1", "crime_night_n": 94, "crime_night_t": 2, "crime_night_top": 15, "bv_night": "2-1", "nta": "Auburn Gresham", "boro": "Chicago"}}, {"type": "Feature", "geometry": {"type": "Polygon", "coordinates": [[[-87.65762910325418, 41.712351717023544], [-87.66364517421619, 41.710550312945095], [-87.66428791321013, 41.70590843010863], [-87.65891572733683, 41.70306800855596], [-87.65290037450937, 41.7048689575483], [-87.65225648945278, 41.70951078312715], [-87.65762910325418, 41.712351717023544]]]}, "properties": {"light_n": 240, "light_t": 2, "light_top": 28, "crime_n": 37, "crime_t": 1, "crime_top": 67, "bv": "1-2", "crime_night_n": 12, "crime_night_t": 0, "crime_night_top": 73, "bv_night": "0-2", "nta": "Beverly", "boro": "Chicago"}}, {"type": "Feature", "geometry": {"type": "Polygon", "coordinates": [[[-87.60873281770539, 41.8561025855442], [-87.61477025639707, 41.85429943368295], [-87.61541999216018, 41.84964937486735], [-87.61003344230888, 41.846802526121905], [-87.60399672788017, 41.84860522245155], [-87.60334583907263, 41.85325522300577], [-87.60873281770539, 41.8561025855442]]]}, "properties": {"light_n": 16, "light_t": 0, "light_top": 93, "crime_n": 6, "crime_t": 0, "crime_top": 90, "bv": "0-0", "crime_night_n": 1, "crime_night_t": 0, "crime_night_top": 100, "bv_night": "0-0", "nta": "Near South Side", "boro": "Chicago"}}, {"type": "Feature", "geometry": {"type": "Polygon", "coordinates": [[[-87.79068513947418, 42.00686909378355], [-87.79673245075253, 42.005052418053346], [-87.79736565084296, 42.00039388185651], [-87.79195270088441, 41.997552075535374], [-87.78590611242308, 41.99936829232437], [-87.78527175113499, 42.0040267743229], [-87.79068513947418, 42.00686909378355]]]}, "properties": {"light_n": 47, "light_t": 0, "light_top": 85, "crime_n": 1, "crime_t": 0, "crime_top": 100, "bv": "0-0", "crime_night_n": 1, "crime_night_t": 0, "crime_night_top": 100, "bv_night": "0-0", "nta": "Norwood Park", "boro": "Chicago"}}, {"type": "Feature", "geometry": {"type": "Polygon", "coordinates": [[[-87.64559583614094, 41.965494091640856], [-87.65164559870749, 41.96368591020391], [-87.65229309679147, 41.95902967318968], [-87.64689199098616, 41.95618167496388], [-87.64084295487154, 41.95798939959578], [-87.64019429814306, 41.962645579205855], [-87.64559583614094, 41.965494091640856]]]}, "properties": {"light_n": 212, "light_t": 1, "light_top": 39, "crime_n": 99, "crime_t": 1, "crime_top": 41, "bv": "1-1", "crime_night_n": 44, "crime_night_t": 1, "crime_night_top": 40, "bv_night": "1-1", "nta": "Uptown", "boro": "Chicago"}}, {"type": "Feature", "geometry": {"type": "Polygon", "coordinates": [[[-87.76203701813701, 41.79236021148565], [-87.76805786007114, 41.790551248906056], [-87.76869105334944, 41.78590483829913], [-87.76330455509701, 41.78306744515628], [-87.7572844302648, 41.78487595074399], [-87.75665008661458, 41.78952230641397], [-87.76203701813701, 41.79236021148565]]]}, "properties": {"light_n": 190, "light_t": 1, "light_top": 46, "crime_n": 9, "crime_t": 0, "crime_top": 86, "bv": "0-1", "crime_night_n": 2, "crime_night_t": 0, "crime_night_top": 94, "bv_night": "0-1", "nta": "Garfield Ridge", "boro": "Chicago"}}, {"type": "Feature", "geometry": {"type": "Polygon", "coordinates": [[[-87.67952247572117, 41.6791006855464], [-87.68553304727756, 41.677299163577295], [-87.68617309586514, 41.672659182412374], [-87.6808037174173, 41.669820779959785], [-87.67479386223039, 41.671621846814034], [-87.67415266915371, 41.676261771183476], [-87.67952247572117, 41.6791006855464]]]}, "properties": {"light_n": 33, "light_t": 0, "light_top": 88, "crime_n": 10, "crime_t": 0, "crime_top": 85, "bv": "0-0", "crime_night_n": 3, "crime_night_t": 0, "crime_night_top": 90, "bv_night": "0-0", "nta": "Morgan Park", "boro": "Chicago"}}, {"type": "Feature", "geometry": {"type": "Polygon", "coordinates": [[[-87.78112858205597, 41.99186787391379], [-87.78717444777233, 41.99005211595044], [-87.78780842191196, 41.98539442165723], [-87.78239769077979, 41.98255253969056], [-87.77635254773628, 41.984367838943776], [-87.77571741318386, 41.98902547882102], [-87.78112858205597, 41.99186787391379]]]}, "properties": {"light_n": 224, "light_t": 2, "light_top": 33, "crime_n": 40, "crime_t": 1, "crime_top": 64, "bv": "1-2", "crime_night_n": 13, "crime_night_t": 0, "crime_night_top": 71, "bv_night": "0-2", "nta": "Norwood Park", "boro": "Chicago"}}, {"type": "Feature", "geometry": {"type": "Polygon", "coordinates": [[[-87.7915048446239, 41.787959178667535], [-87.79752351595083, 41.78614887383668], [-87.79815364141025, 41.781502723507586], [-87.79276624581902, 41.77866693225165], [-87.78674829046219, 41.78047677975425], [-87.78611701475775, 41.78512287578862], [-87.7915048446239, 41.787959178667535]]]}, "properties": {"light_n": 189, "light_t": 1, "light_top": 46, "crime_n": 17, "crime_t": 0, "crime_top": 79, "bv": "0-1", "crime_night_n": 8, "crime_night_t": 0, "crime_night_top": 79, "bv_night": "0-1", "nta": "Clearing", "boro": "Chicago"}}, {"type": "Feature", "geometry": {"type": "Polygon", "coordinates": [[[-87.63158319509724, 41.858188768103574], [-87.63761967463391, 41.85638440977025], [-87.63826710403526, 41.85173423518383], [-87.63287920715887, 41.848888476638315], [-87.62684345117964, 41.850692379135346], [-87.626194868552, 41.85534249596168], [-87.63158319509724, 41.858188768103574]]]}, "properties": {"light_n": 317, "light_t": 2, "light_top": 8, "crime_n": 348, "crime_t": 2, "crime_top": 6, "bv": "2-2", "crime_night_n": 161, "crime_night_t": 2, "crime_night_top": 5, "bv_night": "2-2", "nta": "Armour Square", "boro": "Chicago"}}, {"type": "Feature", "geometry": {"type": "Polygon", "coordinates": [[[-87.60652245106226, 41.66537392462013], [-87.6125351654112, 41.66357644564856], [-87.61318245540627, 41.65893723567298], [-87.60781817465264, 41.65609556301112], [-87.60180617869288, 41.657892587889314], [-87.60115774513, 41.66253173947056], [-87.60652245106226, 41.66537392462013]]]}, "properties": {"light_n": 78, "light_t": 0, "light_top": 79, "crime_n": 107, "crime_t": 1, "crime_top": 39, "bv": "1-0", "crime_night_n": 37, "crime_night_t": 1, "crime_night_top": 45, "bv_night": "1-0", "nta": "Riverdale", "boro": "Chicago"}}, {"type": "Feature", "geometry": {"type": "Polygon", "coordinates": [[[-87.80874125595133, 41.91658516420139], [-87.8147757677584, 41.91477022333211], [-87.81540588383059, 41.91011678714149], [-87.81000264484732, 41.907278345616874], [-87.8039688524217, 41.90909282798695], [-87.80333757962931, 41.91374621032818], [-87.80874125595133, 41.91658516420139]]]}, "properties": {"light_n": 50, "light_t": 0, "light_top": 84, "crime_n": 4, "crime_t": 0, "crime_top": 93, "bv": "0-0", "crime_night_n": 1, "crime_night_t": 0, "crime_night_top": 100, "bv_night": "0-0", "nta": "Austin", "boro": "Chicago"}}, {"type": "Feature", "geometry": {"type": "Polygon", "coordinates": [[[-87.58506717456049, 41.81861970787786], [-87.5911009926906, 41.81681883252155], [-87.59175261925736, 41.81217089681851], [-87.58637157882158, 41.80932389521513], [-87.58033848457745, 41.811124315616304], [-87.57968570691601, 41.81577219252359], [-87.58506717456049, 41.81861970787786]]]}, "properties": {"light_n": 24, "light_t": 0, "light_top": 91, "crime_n": 0, "crime_t": 0, "crime_top": null, "bv": "0-0", "crime_night_n": 0, "crime_night_t": 0, "crime_night_top": null, "bv_night": "0-0", "nta": "Kenwood", "boro": "Chicago"}}, {"type": "Feature", "geometry": {"type": "Polygon", "coordinates": [[[-87.54963493244865, 41.660136021767606], [-87.55565001592403, 41.658341535129395], [-87.55630302285272, 41.65370261961156], [-87.55094208945259, 41.65085825031707], [-87.54492772610504, 41.65265228362002], [-87.54427357606261, 41.657291139500586], [-87.54963493244865, 41.660136021767606]]]}, "properties": {"light_n": 294, "light_t": 2, "light_top": 13, "crime_n": 58, "crime_t": 1, "crime_top": 56, "bv": "1-2", "crime_night_n": 13, "crime_night_t": 0, "crime_night_top": 71, "bv_night": "0-2", "nta": "Hegewisch", "boro": "Chicago"}}, {"type": "Feature", "geometry": {"type": "Polygon", "coordinates": [[[-87.73436681026695, 41.95231095009902], [-87.740410036992, 41.95049869356559], [-87.7410482581392, 41.945843216617206], [-87.73564441086972, 41.94300005161199], [-87.72960190716948, 41.9448118503162], [-87.72896252774598, 41.94946727180214], [-87.73436681026695, 41.95231095009902]]]}, "properties": {"light_n": 189, "light_t": 1, "light_top": 46, "crime_n": 45, "crime_t": 1, "crime_top": 62, "bv": "1-1", "crime_night_n": 17, "crime_night_t": 1, "crime_night_top": 66, "bv_night": "1-1", "nta": "Irving Park", "boro": "Chicago"}}, {"type": "Feature", "geometry": {"type": "Polygon", "coordinates": [[[-87.77253980099744, 42.01231761635506], [-87.77858881454168, 42.010501693030044], [-87.7792239502768, 42.005842844520046], [-87.77381123391415, 42.00299997387632], [-87.76776294397644, 42.00481543844805], [-87.76712664682671, 42.009474232363964], [-87.77253980099744, 42.01231761635506]]]}, "properties": {"light_n": 114, "light_t": 0, "light_top": 71, "crime_n": 2, "crime_t": 0, "crime_top": 97, "bv": "0-0", "crime_night_n": 0, "crime_night_t": 0, "crime_night_top": null, "bv_night": "0-0", "nta": "Forest Glen", "boro": "Chicago"}}, {"type": "Feature", "geometry": {"type": "Polygon", "coordinates": [[[-87.59678781120418, 41.734995406146126], [-87.6028101001009, 41.73319637982823], [-87.6034593559041, 41.72855319818568], [-87.59808746982326, 41.72570910138477], [-87.59206590180666, 41.72750767321685], [-87.59141549902341, 41.73215079628337], [-87.59678781120418, 41.734995406146126]]]}, "properties": {"light_n": 139, "light_t": 1, "light_top": 64, "crime_n": 57, "crime_t": 1, "crime_top": 57, "bv": "1-1", "crime_night_n": 22, "crime_night_t": 1, "crime_night_top": 59, "bv_night": "1-1", "nta": "Burnside", "boro": "Chicago"}}, {"type": "Feature", "geometry": {"type": "Polygon", "coordinates": [[[-87.82217713306693, 41.988467235285114], [-87.82822031709586, 41.98664951664339], [-87.82885003687991, 41.98199202793128], [-87.82343773303639, 41.97915231132446], [-87.81739527017469, 41.980969570765865], [-87.81676439002074, 41.985627005961625], [-87.82217713306693, 41.988467235285114]]]}, "properties": {"light_n": 127, "light_t": 0, "light_top": 68, "crime_n": 15, "crime_t": 0, "crime_top": 81, "bv": "0-0", "crime_night_n": 4, "crime_night_t": 0, "crime_night_top": 87, "bv_night": "0-0", "nta": "Norwood Park", "boro": "Chicago"}}, {"type": "Feature", "geometry": {"type": "Polygon", "coordinates": [[[-87.70478428678285, 41.95671237532058], [-87.71082969440747, 41.95490147553562], [-87.71147100660076, 41.950245743477325], [-87.70606806960267, 41.9474009672607], [-87.70002338614557, 41.94921140955693], [-87.69938091555134, 41.95386708550582], [-87.70478428678285, 41.95671237532058]]]}, "properties": {"light_n": 170, "light_t": 1, "light_top": 53, "crime_n": 98, "crime_t": 1, "crime_top": 42, "bv": "1-1", "crime_night_n": 49, "crime_night_t": 1, "crime_night_top": 35, "bv_night": "1-1", "nta": "Irving Park", "boro": "Chicago"}}, {"type": "Feature", "geometry": {"type": "Polygon", "coordinates": [[[-87.83451175512789, 41.940086458281336], [-87.84054793551748, 41.93826953794223], [-87.84117573319676, 41.93361478356447], [-87.83576850849536, 41.93077700274473], [-87.82973304734288, 41.93259346408761], [-87.82910409168595, 41.93724816519373], [-87.83451175512789, 41.940086458281336]]]}, "properties": {"light_n": 59, "light_t": 0, "light_top": 82, "crime_n": 10, "crime_t": 0, "crime_top": 85, "bv": "0-0", "crime_night_n": 5, "crime_night_t": 0, "crime_night_top": 86, "bv_night": "0-0", "nta": "Dunning", "boro": "Chicago"}}, {"type": "Feature", "geometry": {"type": "Polygon", "coordinates": [[[-87.66867344075082, 41.88275894341118], [-87.67471112814258, 41.88095200985056], [-87.67535510832283, 41.87630044954655], [-87.66996255572164, 41.87345587968699], [-87.6639255914036, 41.875262356760985], [-87.66328045664544, 41.879913860128624], [-87.66867344075082, 41.88275894341118]]]}, "properties": {"light_n": 172, "light_t": 1, "light_top": 53, "crime_n": 179, "crime_t": 2, "crime_top": 21, "bv": "2-1", "crime_night_n": 77, "crime_night_t": 2, "crime_night_top": 21, "bv_night": "2-1", "nta": "Near West Side", "boro": "Chicago"}}, {"type": "Feature", "geometry": {"type": "Polygon", "coordinates": [[[-87.6248973085048, 41.86464351997936], [-87.6309349918529, 41.862839309037966], [-87.63158319509724, 41.858188768103574], [-87.626194868552, 41.85534249596168], [-87.62015790918917, 41.85714625110373], [-87.61950855241903, 41.861796734134515], [-87.6248973085048, 41.86464351997936]]]}, "properties": {"light_n": 254, "light_t": 2, "light_top": 22, "crime_n": 160, "crime_t": 2, "crime_top": 26, "bv": "2-2", "crime_night_n": 73, "crime_night_t": 2, "crime_night_top": 23, "bv_night": "2-2", "nta": "Near South Side", "boro": "Chicago"}}, {"type": "Feature", "geometry": {"type": "Polygon", "coordinates": [[[-87.71531614362958, 41.92231687167687], [-87.72135647869374, 41.92050644576765], [-87.72199623580042, 41.915852657903834], [-87.71659681458578, 41.91300935179171], [-87.71055720225394, 41.91481932033347], [-87.70991628843653, 41.919473052302195], [-87.71531614362958, 41.92231687167687]]]}, "properties": {"light_n": 224, "light_t": 2, "light_top": 33, "crime_n": 176, "crime_t": 2, "crime_top": 22, "bv": "2-2", "crime_night_n": 90, "crime_night_t": 2, "crime_night_top": 17, "bv_night": "2-2", "nta": "Logan Square", "boro": "Chicago"}}, {"type": "Feature", "geometry": {"type": "Polygon", "coordinates": [[[-87.73529959316956, 41.98775196884635], [-87.74134741133723, 41.98593863235414], [-87.74198602659926, 41.98128115723753], [-87.73657798378511, 41.97843707398476], [-87.73053088972165, 41.980249952374145], [-87.72989111440023, 41.98490737206637], [-87.73529959316956, 41.98775196884635]]]}, "properties": {"light_n": 52, "light_t": 0, "light_top": 83, "crime_n": 3, "crime_t": 0, "crime_top": 95, "bv": "0-0", "crime_night_n": 0, "crime_night_t": 0, "crime_night_top": null, "bv_night": "0-0", "nta": "North Park", "boro": "Chicago"}}, {"type": "Feature", "geometry": {"type": "Polygon", "coordinates": [[[-87.7897095706614, 41.97142291484527], [-87.79575229149972, 41.969607323392616], [-87.79638510586128, 41.96495078426254], [-87.79097635882825, 41.962109890770535], [-87.78493435973061, 41.96392502355649], [-87.78430038595697, 41.968581508448416], [-87.7897095706614, 41.97142291484527]]]}, "properties": {"light_n": 47, "light_t": 0, "light_top": 85, "crime_n": 6, "crime_t": 0, "crime_top": 90, "bv": "0-0", "crime_night_n": 1, "crime_night_t": 0, "crime_night_top": 100, "bv_night": "0-0", "nta": "Portage Park", "boro": "Chicago"}}, {"type": "Feature", "geometry": {"type": "Polygon", "coordinates": [[[-87.6371804977748, 41.90109500366043], [-87.64322228362144, 41.899289116187184], [-87.64386974125502, 41.89463651412265], [-87.63847656846363, 41.891789857096825], [-87.63243550733023, 41.893595288346305], [-87.63178689430762, 41.89824783279282], [-87.6371804977748, 41.90109500366043]]]}, "properties": {"light_n": 188, "light_t": 1, "light_top": 47, "crime_n": 341, "crime_t": 2, "crime_top": 6, "bv": "2-1", "crime_night_n": 186, "crime_night_t": 2, "crime_night_top": 3, "bv_night": "2-1", "nta": "Near North Side", "boro": "Chicago"}}, {"type": "Feature", "geometry": {"type": "Polygon", "coordinates": [[[-87.73338103158477, 42.00172628006095], [-87.73943078575807, 41.99991263291807], [-87.74006979095614, 41.99525437023553], [-87.73466020276904, 41.99240981010269], [-87.72861117320393, 41.99422299906377], [-87.72797100724989, 41.99888120628671], [-87.73338103158477, 42.00172628006095]]]}, "properties": {"light_n": 54, "light_t": 0, "light_top": 83, "crime_n": 11, "crime_t": 0, "crime_top": 84, "bv": "0-0", "crime_night_n": 6, "crime_night_t": 0, "crime_night_top": 84, "bv_night": "0-0", "nta": "Forest Glen", "boro": "Chicago"}}, {"type": "Feature", "geometry": {"type": "Polygon", "coordinates": [[[-87.59011429862058, 41.741437835710926], [-87.59613778465743, 41.739638955193236], [-87.59678781120418, 41.734995406146126], [-87.59141549902341, 41.73215079628337], [-87.58539273429135, 41.73394922235204], [-87.58474156046796, 41.73859271268018], [-87.59011429862058, 41.741437835710926]]]}, "properties": {"light_n": 208, "light_t": 1, "light_top": 40, "crime_n": 78, "crime_t": 1, "crime_top": 49, "bv": "1-1", "crime_night_n": 32, "crime_night_t": 1, "crime_night_top": 49, "bv_night": "1-1", "nta": "Avalon Park", "boro": "Chicago"}}, {"type": "Feature", "geometry": {"type": "Polygon", "coordinates": [[[-87.65530416802315, 41.89567658927901], [-87.66134426646667, 41.89386995003392], [-87.6619897942167, 41.889217656805855], [-87.65659637873479, 41.8863720599936], [-87.65055700422168, 41.88817824282558], [-87.64991032129258, 41.89283047883036], [-87.65530416802315, 41.89567658927901]]]}, "properties": {"light_n": 199, "light_t": 1, "light_top": 43, "crime_n": 122, "crime_t": 1, "crime_top": 35, "bv": "1-1", "crime_night_n": 55, "crime_night_t": 2, "crime_night_top": 32, "bv_night": "2-1", "nta": "West Town", "boro": "Chicago"}}, {"type": "Feature", "geometry": {"type": "Polygon", "coordinates": [[[-87.68898412164924, 41.69405955307], [-87.694996126163, 41.69225712052619], [-87.69563541768498, 41.68761628767343], [-87.69026384998492, 41.68477794389404], [-87.68425256198624, 41.686579921092985], [-87.68361212520436, 41.69122069736392], [-87.68898412164924, 41.69405955307]]]}, "properties": {"light_n": 92, "light_t": 0, "light_top": 75, "crime_n": 9, "crime_t": 0, "crime_top": 86, "bv": "0-0", "crime_night_n": 3, "crime_night_t": 0, "crime_night_top": 90, "bv_night": "0-0", "nta": "Morgan Park", "boro": "Chicago"}}, {"type": "Feature", "geometry": {"type": "Polygon", "coordinates": [[[-87.6388965889266, 41.97195872612227], [-87.64494756102228, 41.970150693846826], [-87.64559583614094, 41.965494091640856], [-87.64019429814306, 41.962645579205855], [-87.63414405293001, 41.96445315471352], [-87.63349461886502, 41.96910969937127], [-87.6388965889266, 41.97195872612227]]]}, "properties": {"light_n": 37, "light_t": 0, "light_top": 87, "crime_n": 47, "crime_t": 1, "crime_top": 61, "bv": "1-0", "crime_night_n": 19, "crime_night_t": 1, "crime_night_top": 62, "bv_night": "1-0", "nta": "Uptown", "boro": "Chicago"}}, {"type": "Feature", "geometry": {"type": "Polygon", "coordinates": [[[-87.67608158738068, 41.99655455296839], [-87.6821337719313, 41.99474393670626], [-87.68277858001481, 41.99008595384369], [-87.67737236388766, 41.987238643911], [-87.6713209057316, 41.98904880275325], [-87.6706749373407, 41.993706728895326], [-87.67608158738068, 41.99655455296839]]]}, "properties": {"light_n": 124, "light_t": 0, "light_top": 69, "crime_n": 87, "crime_t": 1, "crime_top": 45, "bv": "1-0", "crime_night_n": 40, "crime_night_t": 1, "crime_night_top": 42, "bv_night": "1-0", "nta": "West Ridge", "boro": "Chicago"}}, {"type": "Feature", "geometry": {"type": "Polygon", "coordinates": [[[-87.71330282396752, 42.02114331625495], [-87.7193562153553, 42.01933011349828], [-87.71999754879423, 42.014670753524726], [-87.71458665254558, 42.011824652146224], [-87.70853398706004, 42.013637396831236], [-87.70789149195326, 42.018296700913616], [-87.71330282396752, 42.02114331625495]]]}, "properties": {"light_n": 6, "light_t": 0, "light_top": 96, "crime_n": 0, "crime_t": 0, "crime_top": null, "bv": "0-0", "crime_night_n": 0, "crime_night_t": 0, "crime_night_top": null, "bv_night": "0-0", "nta": "West Ridge", "boro": "Chicago"}}, {"type": "Feature", "geometry": {"type": "Polygon", "coordinates": [[[-87.62659324510146, 41.935477657032514], [-87.63264010231066, 41.93367130212284], [-87.63328912560654, 41.92901675643254], [-87.62789244880058, 41.9261686234339], [-87.62184631774288, 41.92797452200046], [-87.62119613737246, 41.93262900985615], [-87.62659324510146, 41.935477657032514]]]}, "properties": {"light_n": 13, "light_t": 0, "light_top": 94, "crime_n": 1, "crime_t": 0, "crime_top": 100, "bv": "0-0", "crime_night_n": 0, "crime_night_t": 0, "crime_night_top": null, "bv_night": "0-0", "nta": "Lincoln Park", "boro": "Chicago"}}, {"type": "Feature", "geometry": {"type": "Polygon", "coordinates": [[[-87.59206590180666, 41.72750767321685], [-87.59808746982326, 41.72570910138477], [-87.59873710197505, 41.7210663457509], [-87.59336631273564, 41.71822222057924], [-87.58734546552424, 41.72002033804061], [-87.58669468677968, 41.72466303499206], [-87.59206590180666, 41.72750767321685]]]}, "properties": {"light_n": 125, "light_t": 0, "light_top": 69, "crime_n": 43, "crime_t": 1, "crime_top": 63, "bv": "1-0", "crime_night_n": 15, "crime_night_t": 0, "crime_night_top": 68, "bv_night": "0-0", "nta": "Burnside", "boro": "Chicago"}}, {"type": "Feature", "geometry": {"type": "Polygon", "coordinates": [[[-87.53825802023663, 41.65908502740875], [-87.54427357606261, 41.657291139500586], [-87.54492772610504, 41.65265228362002], [-87.53956746337657, 41.64980737548132], [-87.53355262802562, 41.65160081020613], [-87.53289733496102, 41.656239606200856], [-87.53825802023663, 41.65908502740875]]]}, "properties": {"light_n": 202, "light_t": 1, "light_top": 42, "crime_n": 24, "crime_t": 0, "crime_top": 75, "bv": "0-1", "crime_night_n": 12, "crime_night_t": 0, "crime_night_top": 73, "bv_night": "0-1", "nta": "Hegewisch", "boro": "Chicago"}}, {"type": "Feature", "geometry": {"type": "Polygon", "coordinates": [[[-87.67890776243134, 42.018037785902266], [-87.68496261225597, 42.01622640359477], [-87.68560743042889, 42.0115672120519], [-87.68019856020749, 42.008719459412085], [-87.67414443735798, 42.01053038410565], [-87.67349845778735, 42.015189519000195], [-87.67890776243134, 42.018037785902266]]]}, "properties": {"light_n": 152, "light_t": 1, "light_top": 60, "crime_n": 170, "crime_t": 2, "crime_top": 23, "bv": "2-1", "crime_night_n": 49, "crime_night_t": 1, "crime_night_top": 35, "bv_night": "1-1", "nta": "Rogers Park", "boro": "Chicago"}}, {"type": "Feature", "geometry": {"type": "Polygon", "coordinates": [[[-87.73721698407918, 41.9737800204617], [-87.74326286746374, 41.97196699485787], [-87.74390109314513, 41.967310307676954], [-87.73849459483742, 41.96446670143637], [-87.7324494350536, 41.966279269016425], [-87.73181005000879, 41.97093590080812], [-87.73721698407918, 41.9737800204617]]]}, "properties": {"light_n": 113, "light_t": 0, "light_top": 72, "crime_n": 52, "crime_t": 1, "crime_top": 59, "bv": "1-0", "crime_night_n": 24, "crime_night_t": 1, "crime_night_top": 57, "bv_night": "1-0", "nta": "Albany Park", "boro": "Chicago"}}, {"type": "Feature", "geometry": {"type": "Polygon", "coordinates": [[[-87.72099796329803, 41.96524707574558], [-87.72704360937264, 41.963435113215276], [-87.72768337888704, 41.958778903292654], [-87.7222786612413, 41.95593471159707], [-87.71623373905119, 41.95774621637107], [-87.7155928106545, 41.96240237054425], [-87.72099796329803, 41.96524707574558]]]}, "properties": {"light_n": 261, "light_t": 2, "light_top": 20, "crime_n": 99, "crime_t": 1, "crime_top": 41, "bv": "1-2", "crime_night_n": 39, "crime_night_t": 1, "crime_night_top": 43, "bv_night": "1-2", "nta": "Irving Park", "boro": "Chicago"}}, {"type": "Feature", "geometry": {"type": "Polygon", "coordinates": [[[-87.73059052081608, 41.89542998088424], [-87.73662651271258, 41.89361957397928], [-87.73726433532063, 41.88896730992012], [-87.73186732147845, 41.88612550828681], [-87.72583205095582, 41.887935457830785], [-87.72519307293348, 41.892587666316466], [-87.73059052081608, 41.89542998088424]]]}, "properties": {"light_n": 36, "light_t": 0, "light_top": 87, "crime_n": 25, "crime_t": 0, "crime_top": 74, "bv": "0-0", "crime_night_n": 9, "crime_night_t": 0, "crime_night_top": 77, "bv_night": "0-0", "nta": "Humboldt Park", "boro": "Chicago"}}, {"type": "Feature", "geometry": {"type": "Polygon", "coordinates": [[[-87.67567564156639, 41.706946762214095], [-87.68169003784479, 41.70514461574968], [-87.68233086317277, 41.70050304473222], [-87.67695843810871, 41.697663676993095], [-87.67094475919141, 41.699465368184335], [-87.67030278800902, 41.70410688233559], [-87.67567564156639, 41.706946762214095]]]}, "properties": {"light_n": 149, "light_t": 1, "light_top": 61, "crime_n": 9, "crime_t": 0, "crime_top": 86, "bv": "0-1", "crime_night_n": 2, "crime_night_t": 0, "crime_night_top": 94, "bv_night": "0-1", "nta": "Beverly", "boro": "Chicago"}}, {"type": "Feature", "geometry": {"type": "Polygon", "coordinates": [[[-87.5570942660548, 41.689025908039426], [-87.56311270453779, 41.687230206247754], [-87.56376535896712, 41.682589641885464], [-87.55840071951351, 41.67974483872505], [-87.55238300180821, 41.68154008687331], [-87.55172920281169, 41.68618059177318], [-87.5570942660548, 41.689025908039426]]]}, "properties": {"light_n": 25, "light_t": 0, "light_top": 90, "crime_n": 1, "crime_t": 0, "crime_top": 100, "bv": "0-0", "crime_night_n": 0, "crime_night_t": 0, "crime_night_top": null, "bv_night": "0-0", "nta": "South Deering", "boro": "Chicago"}}, {"type": "Feature", "geometry": {"type": "Polygon", "coordinates": [[[-87.73540117813937, 41.81818395798185], [-87.74142682736384, 41.816375569562936], [-87.7420630944005, 41.8117276841913], [-87.73667486381765, 41.80888824269266], [-87.7306499333968, 41.810696174262326], [-87.73001251478695, 41.8153440041274], [-87.73540117813937, 41.81818395798185]]]}, "properties": {"light_n": 72, "light_t": 0, "light_top": 80, "crime_n": 8, "crime_t": 0, "crime_top": 87, "bv": "0-0", "crime_night_n": 2, "crime_night_t": 0, "crime_night_top": 94, "bv_night": "0-0", "nta": "Garfield Ridge", "boro": "Chicago"}}, {"type": "Feature", "geometry": {"type": "Polygon", "coordinates": [[[-87.68603245596529, 41.757256583816456], [-87.69205283727506, 41.75545244680456], [-87.69269330274996, 41.75080801199508], [-87.68731453533009, 41.74796777076112], [-87.68129487259468, 41.749771451996324], [-87.68065325873675, 41.75441583018984], [-87.68603245596529, 41.757256583816456]]]}, "properties": {"light_n": 72, "light_t": 0, "light_top": 80, "crime_n": 77, "crime_t": 1, "crime_top": 49, "bv": "1-0", "crime_night_n": 25, "crime_night_t": 1, "crime_night_top": 56, "bv_night": "1-0", "nta": "Ashburn", "boro": "Chicago"}}, {"type": "Feature", "geometry": {"type": "Polygon", "coordinates": [[[-87.68129487259468, 41.749771451996324], [-87.68731453533009, 41.74796777076112], [-87.68795538041566, 41.743323760943056], [-87.68257771079375, 41.74048348903094], [-87.67655876655955, 41.74228671460459], [-87.67591677347805, 41.746930667699566], [-87.68129487259468, 41.749771451996324]]]}, "properties": {"light_n": 132, "light_t": 1, "light_top": 66, "crime_n": 40, "crime_t": 1, "crime_top": 64, "bv": "1-1", "crime_night_n": 13, "crime_night_t": 0, "crime_night_top": 71, "bv_night": "0-1", "nta": "Ashburn", "boro": "Chicago"}}, {"type": "Feature", "geometry": {"type": "Polygon", "coordinates": [[[-87.70782416797552, 41.80862971591274], [-87.71385006380517, 41.80682298622629], [-87.71448901534201, 41.80217563613264], [-87.7091032220896, 41.79933507178765], [-87.70307804569744, 41.801141345042396], [-87.70243794315212, 41.80578863902138], [-87.70782416797552, 41.80862971591274]]]}, "properties": {"light_n": 111, "light_t": 0, "light_top": 72, "crime_n": 76, "crime_t": 1, "crime_top": 50, "bv": "1-0", "crime_night_n": 29, "crime_night_t": 1, "crime_night_top": 52, "bv_night": "1-0", "nta": "Gage Park", "boro": "Chicago"}}, {"type": "Feature", "geometry": {"type": "Polygon", "coordinates": [[[-87.62988247679137, 41.787420641440505], [-87.63590981394184, 41.78561843049779], [-87.6365564275843, 41.78097227056778], [-87.63117685380408, 41.778128379357454], [-87.6251502380565, 41.77993013500823], [-87.62450247471877, 41.78457623710888], [-87.62988247679137, 41.787420641440505]]]}, "properties": {"light_n": 121, "light_t": 0, "light_top": 69, "crime_n": 307, "crime_t": 2, "crime_top": 8, "bv": "2-0", "crime_night_n": 149, "crime_night_t": 2, "crime_night_top": 6, "bv_night": "2-0", "nta": "Englewood", "boro": "Chicago"}}, {"type": "Feature", "geometry": {"type": "Polygon", "coordinates": [[[-87.6535658549487, 41.82487908598758], [-87.65959680022853, 41.8230745968569], [-87.6602415183168, 41.818426313634696], [-87.65485644279678, 41.81558257678483], [-87.64882621929127, 41.81738661004742], [-87.64818034956382, 41.82203483597551], [-87.6535658549487, 41.82487908598758]]]}, "properties": {"light_n": 82, "light_t": 0, "light_top": 78, "crime_n": 7, "crime_t": 0, "crime_top": 88, "bv": "0-0", "crime_night_n": 6, "crime_night_t": 0, "crime_night_top": 84, "bv_night": "0-0", "nta": "New City", "boro": "Chicago"}}, {"type": "Feature", "geometry": {"type": "Polygon", "coordinates": [[[-87.68767969908859, 41.9127491898761], [-87.69372027951489, 41.910940429215145], [-87.69436273246099, 41.906287176222975], [-87.68896576115414, 41.90344274034481], [-87.68292590409729, 41.905251044057586], [-87.68228229501015, 41.9099042405441], [-87.68767969908859, 41.9127491898761]]]}, "properties": {"light_n": 153, "light_t": 1, "light_top": 60, "crime_n": 175, "crime_t": 2, "crime_top": 22, "bv": "2-1", "crime_night_n": 73, "crime_night_t": 2, "crime_night_top": 23, "bv_night": "2-1", "nta": "West Town", "boro": "Chicago"}}, {"type": "Feature", "geometry": {"type": "Polygon", "coordinates": [[[-87.66938260616574, 42.00302336824375], [-87.67543600211468, 42.001212901048525], [-87.67608158738068, 41.99655455296839], [-87.6706749373407, 41.993706728895326], [-87.66462226821774, 41.9955167387078], [-87.66397552234142, 42.00017502992335], [-87.66938260616574, 42.00302336824375]]]}, "properties": {"light_n": 126, "light_t": 0, "light_top": 69, "crime_n": 147, "crime_t": 2, "crime_top": 29, "bv": "2-0", "crime_night_n": 50, "crime_night_t": 1, "crime_night_top": 35, "bv_night": "1-0", "nta": "Rogers Park", "boro": "Chicago"}}, {"type": "Feature", "geometry": {"type": "Polygon", "coordinates": [[[-87.8010224032315, 41.80292514597553], [-87.80704250671141, 41.80111392614266], [-87.80767186425649, 41.79646692877318], [-87.80228226937224, 41.79363120526279], [-87.79626288200427, 41.79544196753708], [-87.79563237343983, 41.800088910827874], [-87.8010224032315, 41.80292514597553]]]}, "properties": {"light_n": 40, "light_t": 0, "light_top": 86, "crime_n": 7, "crime_t": 0, "crime_top": 88, "bv": "0-0", "crime_night_n": 2, "crime_night_t": 0, "crime_night_top": 94, "bv_night": "0-0", "nta": "Garfield Ridge", "boro": "Chicago"}}, {"type": "Feature", "geometry": {"type": "Polygon", "coordinates": [[[-87.72214634688578, 41.746428044675554], [-87.7281633690373, 41.74462242149615], [-87.72880000213603, 41.73997861197918], [-87.72342076107738, 41.73714048142132], [-87.71740445594853, 41.738945648450404], [-87.71676667488734, 41.74358940213528], [-87.72214634688578, 41.746428044675554]]]}, "properties": {"light_n": 135, "light_t": 1, "light_top": 65, "crime_n": 31, "crime_t": 0, "crime_top": 70, "bv": "0-1", "crime_night_n": 12, "crime_night_t": 0, "crime_night_top": 73, "bv_night": "0-1", "nta": "Ashburn", "boro": "Chicago"}}, {"type": "Feature", "geometry": {"type": "Polygon", "coordinates": [[[-87.73913320538055, 41.95981043601615], [-87.74517715520336, 41.957997721538035], [-87.74581499165903, 41.95334182266205], [-87.740410036992, 41.95049869356559], [-87.73436681026695, 41.95231095009902], [-87.7337278151432, 41.95696679362088], [-87.73913320538055, 41.95981043601615]]]}, "properties": {"light_n": 175, "light_t": 1, "light_top": 52, "crime_n": 32, "crime_t": 0, "crime_top": 69, "bv": "0-1", "crime_night_n": 7, "crime_night_t": 0, "crime_night_top": 81, "bv_night": "0-1", "nta": "Irving Park", "boro": "Chicago"}}, {"type": "Feature", "geometry": {"type": "Polygon", "coordinates": [[[-87.82506979531931, 42.0099409000492], [-87.8311156348571, 42.00812240827553], [-87.83174535083056, 42.0034637109977], [-87.82633038875707, 42.00062355888204], [-87.82028527095932, 42.00244159126011], [-87.81965439352648, 42.007100235096615], [-87.82506979531931, 42.0099409000492]]]}, "properties": {"light_n": 37, "light_t": 0, "light_top": 87, "crime_n": 0, "crime_t": 0, "crime_top": null, "bv": "0-0", "crime_night_n": 0, "crime_night_t": 0, "crime_night_top": null, "bv_night": "0-0", "nta": "Edison Park", "boro": "Chicago"}}, {"type": "Feature", "geometry": {"type": "Polygon", "coordinates": [[[-87.6602415183168, 41.818426313634696], [-87.66627126163054, 41.81662167854151], [-87.66691520804414, 41.81197376255554], [-87.6615305625163, 41.809130538761345], [-87.65550154055038, 41.810934717949905], [-87.65485644279678, 41.81558257678483], [-87.6602415183168, 41.818426313634696]]]}, "properties": {"light_n": 115, "light_t": 0, "light_top": 71, "crime_n": 86, "crime_t": 1, "crime_top": 46, "bv": "1-0", "crime_night_n": 29, "crime_night_t": 1, "crime_night_top": 52, "bv_night": "1-0", "nta": "New City", "boro": "Chicago"}}, {"type": "Feature", "geometry": {"type": "Polygon", "coordinates": [[[-87.7840026411356, 42.013344525737494], [-87.79005116524166, 42.011527996635316], [-87.79068513947418, 42.00686909378355], [-87.78527175113499, 42.0040267743229], [-87.7792239502768, 42.005842844520046], [-87.77858881454168, 42.010501693030044], [-87.7840026411356, 42.013344525737494]]]}, "properties": {"light_n": 84, "light_t": 0, "light_top": 78, "crime_n": 5, "crime_t": 0, "crime_top": 91, "bv": "0-0", "crime_night_n": 2, "crime_night_t": 0, "crime_night_top": 94, "bv_night": "0-0", "nta": "Forest Glen", "boro": "Chicago"}}, {"type": "Feature", "geometry": {"type": "Polygon", "coordinates": [[[-87.72122843364531, 41.71108868468278], [-87.72724091092428, 41.709284144348935], [-87.72787715195135, 41.70464234835806], [-87.72250206193829, 41.701805148518346], [-87.71649030061833, 41.70360923297588], [-87.71585291338407, 41.708250973097144], [-87.72122843364531, 41.71108868468278]]]}, "properties": {"light_n": 50, "light_t": 0, "light_top": 84, "crime_n": 1, "crime_t": 0, "crime_top": 100, "bv": "0-0", "crime_night_n": 0, "crime_night_t": 0, "crime_night_top": null, "bv_night": "0-0", "nta": "Mount Greenwood", "boro": "Chicago"}}, {"type": "Feature", "geometry": {"type": "Polygon", "coordinates": [[[-87.82117785749585, 41.95303047858102], [-87.82721645748332, 41.95121384715937], [-87.82784579679502, 41.94655835677047], [-87.82243769473689, 41.94371955130769], [-87.81639981484409, 41.94553572380411], [-87.81576931694613, 41.9501911606358], [-87.82117785749585, 41.95303047858102]]]}, "properties": {"light_n": 117, "light_t": 0, "light_top": 70, "crime_n": 18, "crime_t": 0, "crime_top": 79, "bv": "0-0", "crime_night_n": 5, "crime_night_t": 0, "crime_night_top": 86, "bv_night": "0-0", "nta": "Dunning", "boro": "Chicago"}}, {"type": "Feature", "geometry": {"type": "Polygon", "coordinates": [[[-87.73828889205465, 41.75494282219449], [-87.74430614919666, 41.75313614342277], [-87.74494125297744, 41.748491853733135], [-87.73956024808456, 41.74565429823795], [-87.7335437076854, 41.74746052059352], [-87.73290745546787, 41.752104754808045], [-87.73828889205465, 41.75494282219449]]]}, "properties": {"light_n": 157, "light_t": 1, "light_top": 58, "crime_n": 30, "crime_t": 0, "crime_top": 71, "bv": "0-1", "crime_night_n": 10, "crime_night_t": 0, "crime_night_top": 75, "bv_night": "0-1", "nta": "Ashburn", "boro": "Chicago"}}, {"type": "Feature", "geometry": {"type": "Polygon", "coordinates": [[[-87.5417808874712, 41.71582489681769], [-87.54780363226851, 41.714029179666696], [-87.54845822476871, 41.70938708682608], [-87.54309121834439, 41.70654077086964], [-87.53706919567242, 41.70833603437328], [-87.53641345733246, 41.7129780674285], [-87.5417808874712, 41.71582489681769]]]}, "properties": {"light_n": 99, "light_t": 0, "light_top": 74, "crime_n": 27, "crime_t": 0, "crime_top": 72, "bv": "0-0", "crime_night_n": 8, "crime_night_t": 0, "crime_night_top": 79, "bv_night": "0-0", "nta": "East Side", "boro": "Chicago"}}, {"type": "Feature", "geometry": {"type": "Polygon", "coordinates": [[[-87.74015390629074, 41.82567213228626], [-87.74618027439114, 41.82386328690285], [-87.74681615893103, 41.81921497786803], [-87.74142682736384, 41.816375569562936], [-87.73540117813937, 41.81818395798185], [-87.73476414163792, 41.82283221161786], [-87.74015390629074, 41.82567213228626]]]}, "properties": {"light_n": 20, "light_t": 0, "light_top": 92, "crime_n": 3, "crime_t": 0, "crime_top": 95, "bv": "0-0", "crime_night_n": 0, "crime_night_t": 0, "crime_night_top": null, "bv_night": "0-0", "nta": "Garfield Ridge", "boro": "Chicago"}}, {"type": "Feature", "geometry": {"type": "Polygon", "coordinates": [[[-87.61318245540627, 41.65893723567298], [-87.61919397641495, 41.657139612743904], [-87.6198404986709, 41.65250077133484], [-87.61447664322296, 41.64965961105465], [-87.60846584018101, 41.651456779854016], [-87.60781817465264, 41.65609556301112], [-87.61318245540627, 41.65893723567298]]]}, "properties": {"light_n": 114, "light_t": 0, "light_top": 71, "crime_n": 96, "crime_t": 1, "crime_top": 42, "bv": "1-0", "crime_night_n": 41, "crime_night_t": 1, "crime_night_top": 42, "bv_night": "1-0", "nta": "Riverdale", "boro": "Chicago"}}, {"type": "Feature", "geometry": {"type": "Polygon", "coordinates": [[[-87.7610771443449, 42.011289549819466], [-87.76712664682671, 42.009474232363964], [-87.76776294397644, 42.00481543844805], [-87.76235090000266, 42.001972016781295], [-87.75630212148586, 42.003786875635406], [-87.7556646630098, 42.00844561470486], [-87.7610771443449, 42.011289549819466]]]}, "properties": {"light_n": 29, "light_t": 0, "light_top": 89, "crime_n": 1, "crime_t": 0, "crime_top": 100, "bv": "0-0", "crime_night_n": 0, "crime_night_t": 0, "crime_night_top": null, "bv_night": "0-0", "nta": "Forest Glen", "boro": "Chicago"}}, {"type": "Feature", "geometry": {"type": "Polygon", "coordinates": [[[-87.83363372995535, 41.98948919476682], [-87.83967642298217, 41.98767087150964], [-87.84030498230973, 41.983013329533314], [-87.83489200909835, 41.980174164025584], [-87.82885003687991, 41.98199202793128], [-87.82822031709586, 41.98664951664339], [-87.83363372995535, 41.98948919476682]]]}, "properties": {"light_n": 10, "light_t": 0, "light_top": 94, "crime_n": 25, "crime_t": 0, "crime_top": 74, "bv": "0-0", "crime_night_n": 10, "crime_night_t": 0, "crime_night_top": 75, "bv_night": "0-0", "nta": "O'Hare", "boro": "Chicago"}}, {"type": "Feature", "geometry": {"type": "Polygon", "coordinates": [[[-87.69845166366534, 41.70902000477897], [-87.70446510142735, 41.70721666120032], [-87.70510363478098, 41.70257497719787], [-87.69972987643575, 41.6997366930897], [-87.69371715533418, 41.70153958109341], [-87.69307747594922, 41.706181208727926], [-87.69845166366534, 41.70902000477897]]]}, "properties": {"light_n": 100, "light_t": 0, "light_top": 74, "crime_n": 12, "crime_t": 0, "crime_top": 83, "bv": "0-0", "crime_night_n": 3, "crime_night_t": 0, "crime_night_top": 90, "bv_night": "0-0", "nta": "Mount Greenwood", "boro": "Chicago"}}, {"type": "Feature", "geometry": {"type": "Polygon", "coordinates": [[[-87.81162326634318, 41.93804135299445], [-87.81766042621244, 41.93622563930784], [-87.81829053976065, 41.93157099172494], [-87.81288465127565, 41.928732111550794], [-87.80684821135868, 41.93054736654302], [-87.80621694000583, 41.93520196035109], [-87.81162326634318, 41.93804135299445]]]}, "properties": {"light_n": 34, "light_t": 0, "light_top": 87, "crime_n": 6, "crime_t": 0, "crime_top": 90, "bv": "0-0", "crime_night_n": 3, "crime_night_t": 0, "crime_night_top": 90, "bv_night": "0-0", "nta": "Dunning", "boro": "Chicago"}}, {"type": "Feature", "geometry": {"type": "Polygon", "coordinates": [[[-87.72384280937005, 41.98672010296118], [-87.72989111440023, 41.98490737206637], [-87.73053088972165, 41.980249952374145], [-87.72512352001543, 41.97740531920044], [-87.71907593944684, 41.97921759214453], [-87.71843500415507, 41.983874956160285], [-87.72384280937005, 41.98672010296118]]]}, "properties": {"light_n": 50, "light_t": 0, "light_top": 84, "crime_n": 6, "crime_t": 0, "crime_top": 90, "bv": "0-0", "crime_night_n": 2, "crime_night_t": 0, "crime_night_top": 94, "bv_night": "0-0", "nta": "North Park", "boro": "Chicago"}}, {"type": "Feature", "geometry": {"type": "Polygon", "coordinates": [[[-87.82696049307339, 41.99596528215981], [-87.83300439834073, 41.994147104202284], [-87.83363372995535, 41.98948919476682], [-87.82822031709586, 41.98664951664339], [-87.82217713306693, 41.988467235285114], [-87.82154664069051, 41.99312509131329], [-87.82696049307339, 41.99596528215981]]]}, "properties": {"light_n": 16, "light_t": 0, "light_top": 93, "crime_n": 1, "crime_t": 0, "crime_top": 100, "bv": "0-0", "crime_night_n": 0, "crime_night_t": 0, "crime_night_top": null, "bv_night": "0-0", "nta": "Norwood Park", "boro": "Chicago"}}, {"type": "Feature", "geometry": {"type": "Polygon", "coordinates": [[[-87.71257177218644, 41.81611847848806], [-87.71859838752643, 41.81431129225466], [-87.71923695762142, 41.80966351814644], [-87.71385006380517, 41.80682298622629], [-87.70782416797552, 41.80862971591274], [-87.7071844464837, 41.81327743401384], [-87.71257177218644, 41.81611847848806]]]}, "properties": {"light_n": 149, "light_t": 1, "light_top": 61, "crime_n": 44, "crime_t": 1, "crime_top": 62, "bv": "1-1", "crime_night_n": 20, "crime_night_t": 1, "crime_night_top": 61, "bv_night": "1-1", "nta": "Brighton Park", "boro": "Chicago"}}, {"type": "Feature", "geometry": {"type": "Polygon", "coordinates": [[[-87.62015790918917, 41.85714625110373], [-87.626194868552, 41.85534249596168], [-87.62684345117964, 41.850692379135346], [-87.62145622761268, 41.84784607540931], [-87.61541999216018, 41.84964937486735], [-87.61477025639707, 41.85429943368295], [-87.62015790918917, 41.85714625110373]]]}, "properties": {"light_n": 152, "light_t": 1, "light_top": 60, "crime_n": 242, "crime_t": 2, "crime_top": 14, "bv": "2-1", "crime_night_n": 121, "crime_night_t": 2, "crime_night_top": 9, "bv_night": "2-1", "nta": "Near South Side", "boro": "Chicago"}}, {"type": "Feature", "geometry": {"type": "Polygon", "coordinates": [[[-87.72590017143398, 41.803208781514996], [-87.73192438312357, 41.80140130667937], [-87.73256141431867, 41.79675426904223], [-87.7271753846529, 41.793914761910166], [-87.72115189162214, 41.795721780126975], [-87.72051370963011, 41.800368762042226], [-87.72590017143398, 41.803208781514996]]]}, "properties": {"light_n": 196, "light_t": 1, "light_top": 44, "crime_n": 116, "crime_t": 1, "crime_top": 36, "bv": "1-1", "crime_night_n": 39, "crime_night_t": 1, "crime_night_top": 43, "bv_night": "1-1", "nta": "West Elsdon", "boro": "Chicago"}}, {"type": "Feature", "geometry": {"type": "Polygon", "coordinates": [[[-87.53039023937232, 41.71477318428207], [-87.53641345733246, 41.7129780674285], [-87.53706919567242, 41.70833603437328], [-87.531702861833, 41.70548917815395], [-87.5256803663465, 41.707283841512506], [-87.5250234822589, 41.7119258145332], [-87.53039023937232, 41.71477318428207]]]}, "properties": {"light_n": 126, "light_t": 0, "light_top": 69, "crime_n": 36, "crime_t": 0, "crime_top": 67, "bv": "0-0", "crime_night_n": 14, "crime_night_t": 0, "crime_night_top": 69, "bv_night": "0-0", "nta": "East Side", "boro": "Chicago"}}, {"type": "Feature", "geometry": {"type": "Polygon", "coordinates": [[[-87.64969094982376, 41.85277494294136], [-87.65572574536566, 41.85096983463522], [-87.65637124831869, 41.846319969202916], [-87.65098310877944, 41.8434752693903], [-87.64494903601442, 41.84527992167113], [-87.64430238004425, 41.84992972973739], [-87.64969094982376, 41.85277494294136]]]}, "properties": {"light_n": 113, "light_t": 0, "light_top": 72, "crime_n": 95, "crime_t": 1, "crime_top": 43, "bv": "1-0", "crime_night_n": 42, "crime_night_t": 1, "crime_night_top": 41, "bv_night": "1-0", "nta": "Bridgeport", "boro": "Chicago"}}, {"type": "Feature", "geometry": {"type": "Polygon", "coordinates": [[[-87.61541999216018, 41.84964937486735], [-87.62145622761268, 41.84784607540931], [-87.62210518934582, 41.84319638282699], [-87.6167190684045, 41.84035004776807], [-87.61068355678731, 41.84215289165741], [-87.61003344230888, 41.846802526121905], [-87.61541999216018, 41.84964937486735]]]}, "properties": {"light_n": 100, "light_t": 0, "light_top": 74, "crime_n": 84, "crime_t": 1, "crime_top": 46, "bv": "1-0", "crime_night_n": 39, "crime_night_t": 1, "crime_night_top": 43, "bv_night": "1-0", "nta": "Douglas", "boro": "Chicago"}}, {"type": "Feature", "geometry": {"type": "Polygon", "coordinates": [[[-87.69923548366995, 41.8290290685063], [-87.70526450379808, 41.82722217198627], [-87.70590461443426, 41.82257366209104], [-87.70051685697116, 41.819732104956074], [-87.69448855720582, 41.82153854500142], [-87.69384729457285, 41.82618699860394], [-87.69923548366995, 41.8290290685063]]]}, "properties": {"light_n": 218, "light_t": 1, "light_top": 36, "crime_n": 92, "crime_t": 1, "crime_top": 44, "bv": "1-1", "crime_night_n": 48, "crime_night_t": 1, "crime_night_top": 36, "bv_night": "1-1", "nta": "Brighton Park", "boro": "Chicago"}}, {"type": "Feature", "geometry": {"type": "Polygon", "coordinates": [[[-87.52842030994188, 41.728701176956406], [-87.53444544644394, 41.72690575345729], [-87.53510158275829, 41.722262927010675], [-87.52973372903422, 41.71941558408276], [-87.52370931550671, 41.72121055400904], [-87.52305203276185, 41.72585332038383], [-87.52842030994188, 41.728701176956406]]]}, "properties": {"light_n": 20, "light_t": 0, "light_top": 92, "crime_n": 10, "crime_t": 0, "crime_top": 85, "bv": "0-0", "crime_night_n": 1, "crime_night_t": 0, "crime_night_top": 100, "bv_night": "0-0", "nta": "East Side", "boro": "Chicago"}}, {"type": "Feature", "geometry": {"type": "Polygon", "coordinates": [[[-87.7098399556178, 41.71005491509833], [-87.71585291338407, 41.708250973097144], [-87.71649030061833, 41.70360923297588], [-87.71111587623743, 41.70077149092233], [-87.70510363478098, 41.70257497719787], [-87.70446510142735, 41.70721666120032], [-87.7098399556178, 41.71005491509833]]]}, "properties": {"light_n": 96, "light_t": 0, "light_top": 75, "crime_n": 1, "crime_t": 0, "crime_top": 100, "bv": "0-0", "crime_night_n": 1, "crime_night_t": 0, "crime_night_top": 100, "bv_night": "0-0", "nta": "Mount Greenwood", "boro": "Chicago"}}, {"type": "Feature", "geometry": {"type": "Polygon", "coordinates": [[[-87.5476732065051, 41.67405466612451], [-87.55369020350832, 41.67225987150465], [-87.55434360629165, 41.6676201611159], [-87.548981155899, 41.664775304969055], [-87.54296487952223, 41.66656964617557], [-87.54231033294455, 41.671209296890076], [-87.5476732065051, 41.67405466612451]]]}, "properties": {"light_n": 38, "light_t": 0, "light_top": 87, "crime_n": 0, "crime_t": 0, "crime_top": null, "bv": "0-0", "crime_night_n": 0, "crime_night_t": 0, "crime_night_top": null, "bv_night": "0-0", "nta": "South Deering", "boro": "Chicago"}}, {"type": "Feature", "geometry": {"type": "Polygon", "coordinates": [[[-87.63935138927276, 41.802402837940484], [-87.64538016945218, 41.80059971606829], [-87.6460260257043, 41.79595270641487], [-87.64064425228187, 41.793108876196705], [-87.63461619365411, 41.79491154254655], [-87.63396918692959, 41.799558494584495], [-87.63935138927276, 41.802402837940484]]]}, "properties": {"light_n": 86, "light_t": 0, "light_top": 77, "crime_n": 72, "crime_t": 1, "crime_top": 51, "bv": "1-0", "crime_night_n": 25, "crime_night_t": 1, "crime_night_top": 56, "bv_night": "1-0", "nta": "New City", "boro": "Chicago"}}, {"type": "Feature", "geometry": {"type": "Polygon", "coordinates": [[[-87.82317794256441, 42.023918880489994], [-87.82922571759534, 42.02210007513628], [-87.8298558182785, 42.01744059038595], [-87.82443930611983, 42.014599964411914], [-87.81839225333106, 42.016418310290284], [-87.8177609904903, 42.02107774156519], [-87.82317794256441, 42.023918880489994]]]}, "properties": {"light_n": 18, "light_t": 0, "light_top": 92, "crime_n": 0, "crime_t": 0, "crime_top": null, "bv": "0-0", "crime_night_n": 0, "crime_night_t": 0, "crime_night_top": null, "bv_night": "0-0", "nta": "Edison Park", "boro": "Chicago"}}, {"type": "Feature", "geometry": {"type": "Polygon", "coordinates": [[[-87.83552095670457, 41.97551704280184], [-87.8415617174022, 41.97369903391182], [-87.84218989324478, 41.9690422803486], [-87.83677846818085, 41.96620358885299], [-87.83073842779092, 41.96802113847142], [-87.83010909218854, 41.97267783880431], [-87.83552095670457, 41.97551704280184]]]}, "properties": {"light_n": 46, "light_t": 0, "light_top": 85, "crime_n": 6, "crime_t": 0, "crime_top": 90, "bv": "0-0", "crime_night_n": 1, "crime_night_t": 0, "crime_night_top": 100, "bv_night": "0-0", "nta": "O'Hare", "boro": "Chicago"}}, {"type": "Feature", "geometry": {"type": "Polygon", "coordinates": [[[-87.70701846040438, 41.688651514744244], [-87.71302879002286, 41.68684834169419], [-87.71366617020202, 41.682207821987454], [-87.70829436584509, 41.67937053146941], [-87.70228475196892, 41.68117324898826], [-87.70164622673909, 41.685813712504114], [-87.70701846040438, 41.688651514744244]]]}, "properties": {"light_n": 50, "light_t": 0, "light_top": 84, "crime_n": 7, "crime_t": 0, "crime_top": 88, "bv": "0-0", "crime_night_n": 2, "crime_night_t": 0, "crime_night_top": 94, "bv_night": "0-0", "nta": "Mount Greenwood", "boro": "Chicago"}}, {"type": "Feature", "geometry": {"type": "Polygon", "coordinates": [[[-87.69628930867361, 41.8923289963663], [-87.70232675324849, 41.890520399234525], [-87.7029680418332, 41.88586830264906], [-87.69757304102284, 41.8830248594695], [-87.6915363188867, 41.88483299969536], [-87.69089387515442, 41.88948503995412], [-87.69628930867361, 41.8923289963663]]]}, "properties": {"light_n": 59, "light_t": 0, "light_top": 82, "crime_n": 105, "crime_t": 1, "crime_top": 40, "bv": "1-0", "crime_night_n": 46, "crime_night_t": 1, "crime_night_top": 38, "bv_night": "1-0", "nta": "East Garfield Park", "boro": "Chicago"}}, {"type": "Feature", "geometry": {"type": "Polygon", "coordinates": [[[-87.53355262802562, 41.65160081020613], [-87.53956746337657, 41.64980737548132], [-87.54022198663844, 41.64516894705512], [-87.53486281721855, 41.64232401329314], [-87.52884870226681, 41.6441169949496], [-87.52819303636866, 41.64875536338426], [-87.53355262802562, 41.65160081020613]]]}, "properties": {"light_n": 23, "light_t": 0, "light_top": 91, "crime_n": 5, "crime_t": 0, "crime_top": 91, "bv": "0-0", "crime_night_n": 3, "crime_night_t": 0, "crime_night_top": 90, "bv_night": "0-0", "nta": "Hegewisch", "boro": "Chicago"}}, {"type": "Feature", "geometry": {"type": "Polygon", "coordinates": [[[-87.83740703212865, 41.96154725620978], [-87.84344586171684, 41.959729561922], [-87.84407365442394, 41.955073597140455], [-87.83866377663779, 41.9522353797904], [-87.8326256668571, 41.95405261488654], [-87.8319967150863, 41.95870852647161], [-87.83740703212865, 41.96154725620978]]]}, "properties": {"light_n": 84, "light_t": 0, "light_top": 78, "crime_n": 1, "crime_t": 0, "crime_top": 100, "bv": "0-0", "crime_night_n": 0, "crime_night_t": 0, "crime_night_top": null, "bv_night": "0-0", "nta": "Dunning", "boro": "Chicago"}}, {"type": "Feature", "geometry": {"type": "Polygon", "coordinates": [[[-87.71715274232179, 41.99319047176943], [-87.72320225860645, 41.99137788864946], [-87.72384280937005, 41.98672010296118], [-87.71843500415507, 41.983874956160285], [-87.71238621276274, 41.98568708136617], [-87.71174450172529, 41.99034481123427], [-87.71715274232179, 41.99319047176943]]]}, "properties": {"light_n": 126, "light_t": 0, "light_top": 69, "crime_n": 26, "crime_t": 0, "crime_top": 73, "bv": "0-0", "crime_night_n": 7, "crime_night_t": 0, "crime_night_top": 81, "bv_night": "0-0", "nta": "North Park", "boro": "Chicago"}}, {"type": "Feature", "geometry": {"type": "Polygon", "coordinates": [[[-87.73633204425839, 41.853568153384025], [-87.74236225824043, 41.851758682687176], [-87.74299891695044, 41.8471087905475], [-87.73760651505103, 41.84426842452068], [-87.73157702094252, 41.846077438094284], [-87.73093920889173, 41.85072727476544], [-87.73633204425839, 41.853568153384025]]]}, "properties": {"light_n": 117, "light_t": 0, "light_top": 70, "crime_n": 67, "crime_t": 1, "crime_top": 53, "bv": "1-0", "crime_night_n": 26, "crime_night_t": 1, "crime_night_top": 54, "bv_night": "1-0", "nta": "North Lawndale", "boro": "Chicago"}}, {"type": "Feature", "geometry": {"type": "Polygon", "coordinates": [[[-87.70691593880949, 41.77326312798658], [-87.71293727629904, 41.77145747893512], [-87.71357583247591, 41.766812138396716], [-87.70819420044127, 41.763972503009164], [-87.70217358132011, 41.76577769590255], [-87.7015338758971, 41.77042298028919], [-87.70691593880949, 41.77326312798658]]]}, "properties": {"light_n": 63, "light_t": 0, "light_top": 82, "crime_n": 33, "crime_t": 0, "crime_top": 68, "bv": "0-0", "crime_night_n": 12, "crime_night_t": 0, "crime_night_top": 73, "bv_night": "0-0", "nta": "Chicago Lawn", "boro": "Chicago"}}, {"type": "Feature", "geometry": {"type": "Polygon", "coordinates": [[[-87.71457775214661, 41.71753524791161], [-87.72059142629504, 41.71573085006969], [-87.72122843364531, 41.71108868468278], [-87.71585291338407, 41.708250973097144], [-87.7098399556178, 41.71005491509833], [-87.7092018017623, 41.71469702447359], [-87.71457775214661, 41.71753524791161]]]}, "properties": {"light_n": 25, "light_t": 0, "light_top": 90, "crime_n": 0, "crime_t": 0, "crime_top": null, "bv": "0-0", "crime_night_n": 0, "crime_night_t": 0, "crime_night_top": null, "bv_night": "0-0", "nta": "Mount Greenwood", "boro": "Chicago"}}, {"type": "Feature", "geometry": {"type": "Polygon", "coordinates": [[[-87.54296487952223, 41.66656964617557], [-87.548981155899, 41.664775304969055], [-87.54963493244865, 41.660136021767606], [-87.54427357606261, 41.657291139500586], [-87.53825802023663, 41.65908502740875], [-87.53760310027879, 41.663724250830114], [-87.54296487952223, 41.66656964617557]]]}, "properties": {"light_n": 85, "light_t": 0, "light_top": 77, "crime_n": 5, "crime_t": 0, "crime_top": 91, "bv": "0-0", "crime_night_n": 2, "crime_night_t": 0, "crime_night_top": 94, "bv_night": "0-0", "nta": "Hegewisch", "boro": "Chicago"}}, {"type": "Feature", "geometry": {"type": "Polygon", "coordinates": [[[-87.74202463123235, 41.89646134094527], [-87.74806013790801, 41.894650330964666], [-87.74869680501348, 41.889998011583145], [-87.74329912097778, 41.887156757452], [-87.73726433532063, 41.88896730992012], [-87.73662651271258, 41.89361957397928], [-87.74202463123235, 41.89646134094527]]]}, "properties": {"light_n": 90, "light_t": 0, "light_top": 76, "crime_n": 138, "crime_t": 2, "crime_top": 31, "bv": "2-0", "crime_night_n": 51, "crime_night_t": 1, "crime_night_top": 34, "bv_night": "1-0", "nta": "Austin", "boro": "Chicago"}}, {"type": "Feature", "geometry": {"type": "Polygon", "coordinates": [[[-87.72861117320393, 41.99422299906377], [-87.73466020276904, 41.99240981010269], [-87.73529959316956, 41.98775196884635], [-87.72989111440023, 41.98490737206637], [-87.72384280937005, 41.98672010296118], [-87.72320225860645, 41.99137788864946], [-87.72861117320393, 41.99422299906377]]]}, "properties": {"light_n": 76, "light_t": 0, "light_top": 79, "crime_n": 18, "crime_t": 0, "crime_top": 79, "bv": "0-0", "crime_night_n": 7, "crime_night_t": 0, "crime_night_top": 81, "bv_night": "0-0", "nta": "North Park", "boro": "Chicago"}}, {"type": "Feature", "geometry": {"type": "Polygon", "coordinates": [[[-87.7572844302648, 41.78487595074399], [-87.76330455509701, 41.78306744515628], [-87.76393813103158, 41.77842145846137], [-87.75855273215002, 41.7755840323464], [-87.75253332434804, 41.77739208105739], [-87.75189859842887, 41.78203801270762], [-87.7572844302648, 41.78487595074399]]]}, "properties": {"light_n": 84, "light_t": 0, "light_top": 78, "crime_n": 24, "crime_t": 0, "crime_top": 75, "bv": "0-0", "crime_night_n": 18, "crime_night_t": 1, "crime_night_top": 64, "bv_night": "1-0", "nta": "Clearing", "boro": "Chicago"}}, {"type": "Feature", "geometry": {"type": "Polygon", "coordinates": [[[-87.81450793652792, 41.9595028232619], [-87.82054774674779, 41.957686336717764], [-87.82117785749585, 41.95303047858102], [-87.81576931694613, 41.9501911606358], [-87.80973022725006, 41.95200718829033], [-87.80909895761135, 41.95666299272694], [-87.81450793652792, 41.9595028232619]]]}, "properties": {"light_n": 31, "light_t": 0, "light_top": 88, "crime_n": 8, "crime_t": 0, "crime_top": 87, "bv": "0-0", "crime_night_n": 1, "crime_night_t": 0, "crime_night_top": 100, "bv_night": "0-0", "nta": "Dunning", "boro": "Chicago"}}, {"type": "Feature", "geometry": {"type": "Polygon", "coordinates": [[[-87.74198602659926, 41.98128115723753], [-87.74803263365756, 41.979467673494405], [-87.74867047419595, 41.97481056469054], [-87.74326286746374, 41.97196699485787], [-87.73721698407918, 41.9737800204617], [-87.73657798378511, 41.97843707398476], [-87.74198602659926, 41.98128115723753]]]}, "properties": {"light_n": 54, "light_t": 0, "light_top": 83, "crime_n": 8, "crime_t": 0, "crime_top": 87, "bv": "0-0", "crime_night_n": 2, "crime_night_t": 0, "crime_night_top": 94, "bv_night": "0-0", "nta": "Albany Park", "boro": "Chicago"}}, {"type": "Feature", "geometry": {"type": "Polygon", "coordinates": [[[-87.8039688524217, 41.90909282798695], [-87.81000264484732, 41.907278345616874], [-87.81063314716224, 41.90262533133983], [-87.80523101341315, 41.89978685333824], [-87.79919794029776, 41.901600877324526], [-87.79856628165267, 41.90625383764355], [-87.8039688524217, 41.90909282798695]]]}, "properties": {"light_n": 3, "light_t": 0, "light_top": 98, "crime_n": 0, "crime_t": 0, "crime_top": null, "bv": "0-0", "crime_night_n": 0, "crime_night_t": 0, "crime_night_top": null, "bv_night": "0-0", "nta": "Austin", "boro": "Chicago"}}, {"type": "Feature", "geometry": {"type": "Polygon", "coordinates": [[[-87.63609156303158, 41.95048509621957], [-87.64213987276928, 41.94867782827723], [-87.6427881340186, 41.94402243665089], [-87.63738924342222, 41.941174370533716], [-87.63134165998633, 41.942981181901985], [-87.63069224087782, 41.94763651590884], [-87.63609156303158, 41.95048509621957]]]}, "properties": {"light_n": 27, "light_t": 0, "light_top": 90, "crime_n": 19, "crime_t": 0, "crime_top": 78, "bv": "0-0", "crime_night_n": 8, "crime_night_t": 0, "crime_night_top": 79, "bv_night": "0-0", "nta": "Lake View", "boro": "Chicago"}}, {"type": "Feature", "geometry": {"type": "Polygon", "coordinates": [[[-87.71840168925043, 41.689685602235784], [-87.72441153894238, 41.68788183139473], [-87.72504777398314, 41.68324125574609], [-87.71967530450196, 41.68040450682815], [-87.71366617020202, 41.682207821987454], [-87.71302879002286, 41.68684834169419], [-87.71840168925043, 41.689685602235784]]]}, "properties": {"light_n": 44, "light_t": 0, "light_top": 86, "crime_n": 8, "crime_t": 0, "crime_top": 87, "bv": "0-0", "crime_night_n": 2, "crime_night_t": 0, "crime_night_top": 94, "bv_night": "0-0", "nta": "Mount Greenwood", "boro": "Chicago"}}, {"type": "Feature", "geometry": {"type": "Polygon", "coordinates": [[[-87.6718241372337, 41.73480237202652], [-87.67784236303989, 41.73299960199931], [-87.67848396651723, 41.728356442569314], [-87.67310849144265, 41.72551611005128], [-87.6670909839912, 41.72731842464714], [-87.66644823329167, 41.73196152714005], [-87.6718241372337, 41.73480237202652]]]}, "properties": {"light_n": 93, "light_t": 0, "light_top": 75, "crime_n": 12, "crime_t": 0, "crime_top": 83, "bv": "0-0", "crime_night_n": 4, "crime_night_t": 0, "crime_night_top": 87, "bv_night": "0-0", "nta": "Beverly", "boro": "Chicago"}}, {"type": "Feature", "geometry": {"type": "Polygon", "coordinates": [[[-87.62878840995714, 41.83674360987417], [-87.63482223978103, 41.83494001605881], [-87.63546965468885, 41.83029105645966], [-87.63008439195256, 41.82744574845436], [-87.62405128510923, 41.8292488866271], [-87.62340271805425, 41.83389778839528], [-87.62878840995714, 41.83674360987417]]]}, "properties": {"light_n": 146, "light_t": 1, "light_top": 62, "crime_n": 207, "crime_t": 2, "crime_top": 17, "bv": "2-1", "crime_night_n": 82, "crime_night_t": 2, "crime_night_top": 19, "bv_night": "2-1", "nta": "Armour Square", "boro": "Chicago"}}, {"type": "Feature", "geometry": {"type": "Polygon", "coordinates": [[[-87.7439711219796, 41.797785612521174], [-87.74999364903681, 41.795977393387815], [-87.75062876081218, 41.79133066891311], [-87.74524249614674, 41.78849221884863], [-87.73922068696983, 41.790299981176425], [-87.7385844246097, 41.794946650321826], [-87.7439711219796, 41.797785612521174]]]}, "properties": {"light_n": 70, "light_t": 0, "light_top": 80, "crime_n": 19, "crime_t": 0, "crime_top": 78, "bv": "0-0", "crime_night_n": 6, "crime_night_t": 0, "crime_night_top": 84, "bv_night": "0-0", "nta": "Garfield Ridge", "boro": "Chicago"}}, {"type": "Feature", "geometry": {"type": "Polygon", "coordinates": [[[-87.7782292098107, 41.885591541226646], [-87.78426133151318, 41.88377903597754], [-87.78489414603287, 41.87912734254856], [-87.77949599395536, 41.87628820885055], [-87.77346459170477, 41.87810025621288], [-87.77283062211136, 41.88275189510739], [-87.7782292098107, 41.885591541226646]]]}, "properties": {"light_n": 26, "light_t": 0, "light_top": 90, "crime_n": 44, "crime_t": 1, "crime_top": 62, "bv": "1-0", "crime_night_n": 19, "crime_night_t": 1, "crime_night_top": 62, "bv_night": "1-0", "nta": "Austin", "boro": "Chicago"}}, {"type": "Feature", "geometry": {"type": "Polygon", "coordinates": [[[-87.5756112726749, 41.80362931867983], [-87.58164364310865, 41.80182935311852], [-87.58229602405848, 41.797182267609], [-87.5769171849233, 41.7943352066175], [-87.57088553822423, 41.79613471745417], [-87.5702320069586, 41.8007817439546], [-87.5756112726749, 41.80362931867983]]]}, "properties": {"light_n": 33, "light_t": 0, "light_top": 88, "crime_n": 12, "crime_t": 0, "crime_top": 83, "bv": "0-0", "crime_night_n": 5, "crime_night_t": 0, "crime_night_top": 86, "bv_night": "0-0", "nta": "Hyde Park", "boro": "Chicago"}}, {"type": "Feature", "geometry": {"type": "Polygon", "coordinates": [[[-87.55513359533859, 41.7029494974842], [-87.56115394954898, 41.70115348779012], [-87.56180699986855, 41.69651212924014], [-87.55644084125971, 41.69366683983132], [-87.55042120832633, 41.695462395803865], [-87.54976701275767, 41.700103694854555], [-87.55513359533859, 41.7029494974842]]]}, "properties": {"light_n": 54, "light_t": 0, "light_top": 83, "crime_n": 4, "crime_t": 0, "crime_top": 93, "bv": "0-0", "crime_night_n": 1, "crime_night_t": 0, "crime_night_top": 100, "bv_night": "0-0", "nta": "South Deering", "boro": "Chicago"}}, {"type": "Feature", "geometry": {"type": "Polygon", "coordinates": [[[-87.72207142892299, 41.831097177205095], [-87.72809948350192, 41.8292890775321], [-87.72873728987865, 41.82464045580272], [-87.72334819388227, 41.82179998948572], [-87.71732085895916, 41.823607632381275], [-87.71668190040847, 41.828256198318776], [-87.72207142892299, 41.831097177205095]]]}, "properties": {"light_n": 27, "light_t": 0, "light_top": 90, "crime_n": 9, "crime_t": 0, "crime_top": 86, "bv": "0-0", "crime_night_n": 3, "crime_night_t": 0, "crime_night_top": 90, "bv_night": "0-0", "nta": "South Lawndale", "boro": "Chicago"}}, {"type": "Feature", "geometry": {"type": "Polygon", "coordinates": [[[-87.52370931550671, 41.72121055400904], [-87.52973372903422, 41.71941558408276], [-87.53039023937232, 41.71477318428207], [-87.5250234822589, 41.7119258145332], [-87.51899979162958, 41.71372033100174], [-87.51834213524866, 41.71836267062467], [-87.52370931550671, 41.72121055400904]]]}, "properties": {"light_n": 28, "light_t": 0, "light_top": 89, "crime_n": 3, "crime_t": 0, "crime_top": 95, "bv": "0-0", "crime_night_n": 1, "crime_night_t": 0, "crime_night_top": 100, "bv_night": "0-0", "nta": "East Side", "boro": "Chicago"}}, {"type": "Feature", "geometry": {"type": "Polygon", "coordinates": [[[-87.61625979138677, 41.88505309949602], [-87.62230060812564, 41.88324872833509], [-87.62294998085586, 41.87859703130793], [-87.61755969139581, 41.87574976347283], [-87.6115195995738, 41.87755367879327], [-87.61086907232776, 41.88220531773676], [-87.61625979138677, 41.88505309949602]]]}, "properties": {"light_n": 86, "light_t": 0, "light_top": 77, "crime_n": 55, "crime_t": 1, "crime_top": 58, "bv": "1-0", "crime_night_n": 23, "crime_night_t": 1, "crime_night_top": 58, "bv_night": "1-0", "nta": "Loop", "boro": "Chicago"}}, {"type": "Feature", "geometry": {"type": "Polygon", "coordinates": [[[-87.72192076599934, 42.0006942474363], [-87.72797100724989, 41.99888120628671], [-87.72861117320393, 41.99422299906377], [-87.72320225860645, 41.99137788864946], [-87.71715274232179, 41.99319047176943], [-87.71651141570094, 41.997848623280554], [-87.72192076599934, 42.0006942474363]]]}, "properties": {"light_n": 77, "light_t": 0, "light_top": 79, "crime_n": 9, "crime_t": 0, "crime_top": 86, "bv": "0-0", "crime_night_n": 2, "crime_night_t": 0, "crime_night_top": 94, "bv_night": "0-0", "nta": "North Park", "boro": "Chicago"}}, {"type": "Feature", "geometry": {"type": "Polygon", "coordinates": [[[-87.70013894284182, 41.864419746360504], [-87.70617253298452, 41.86261177076781], [-87.70681304113639, 41.85796125488551], [-87.7014211129431, 41.85511877079918], [-87.69538824423667, 41.85692628964383], [-87.69474658231938, 41.86157674927032], [-87.70013894284182, 41.864419746360504]]]}, "properties": {"light_n": 126, "light_t": 0, "light_top": 69, "crime_n": 160, "crime_t": 2, "crime_top": 26, "bv": "2-0", "crime_night_n": 78, "crime_night_t": 2, "crime_night_top": 21, "bv_night": "2-0", "nta": "North Lawndale", "boro": "Chicago"}}, {"type": "Feature", "geometry": {"type": "Polygon", "coordinates": [[[-87.5590537482568, 41.675104701282656], [-87.56507027221438, 41.67330930762889], [-87.56572253111189, 41.66866953781459], [-87.56035940997042, 41.665825221027404], [-87.55434360629165, 41.6676201611159], [-87.55369020350832, 41.67225987150465], [-87.5590537482568, 41.675104701282656]]]}, "properties": {"light_n": 26, "light_t": 0, "light_top": 90, "crime_n": 2, "crime_t": 0, "crime_top": 97, "bv": "0-0", "crime_night_n": 2, "crime_night_t": 0, "crime_night_top": 94, "bv_night": "0-0", "nta": "South Deering", "boro": "Chicago"}}, {"type": "Feature", "geometry": {"type": "Polygon", "coordinates": [[[-87.82306742130768, 41.93906448225288], [-87.82910409168595, 41.93724816519373], [-87.82973304734288, 41.93259346408761], [-87.82432649054414, 41.92975513351115], [-87.81829053976065, 41.93157099172494], [-87.81766042621244, 41.93622563930784], [-87.82306742130768, 41.93906448225288]]]}, "properties": {"light_n": 19, "light_t": 0, "light_top": 92, "crime_n": 1, "crime_t": 0, "crime_top": 100, "bv": "0-0", "crime_night_n": 1, "crime_night_t": 0, "crime_night_top": 100, "bv_night": "0-0", "nta": "Dunning", "boro": "Chicago"}}, {"type": "Feature", "geometry": {"type": "Polygon", "coordinates": [[[-87.69513925072309, 42.02658141339765], [-87.70119434159572, 42.024768966300236], [-87.70183761391817, 42.020109296945265], [-87.69642695728236, 42.01726213092257], [-87.69037259310164, 42.01907412013777], [-87.68972815889731, 42.02373373320509], [-87.69513925072309, 42.02658141339765]]]}, "properties": {"light_n": 38, "light_t": 0, "light_top": 87, "crime_n": 3, "crime_t": 0, "crime_top": 95, "bv": "0-0", "crime_night_n": 1, "crime_night_t": 0, "crime_night_top": 100, "bv_night": "0-0", "nta": "West Ridge", "boro": "Chicago"}}, {"type": "Feature", "geometry": {"type": "Polygon", "coordinates": [[[-87.71065336280726, 41.83006369646058], [-87.71668190040847, 41.828256198318776], [-87.71732085895916, 41.823607632381275], [-87.7119324320261, 41.820766620575355], [-87.70590461443426, 41.82257366209104], [-87.70526450379808, 41.82722217198627], [-87.71065336280726, 41.83006369646058]]]}, "properties": {"light_n": 70, "light_t": 0, "light_top": 80, "crime_n": 29, "crime_t": 0, "crime_top": 71, "bv": "0-0", "crime_night_n": 13, "crime_night_t": 0, "crime_night_top": 71, "bv_night": "0-0", "nta": "Brighton Park", "boro": "Chicago"}}, {"type": "Feature", "geometry": {"type": "Polygon", "coordinates": [[[-87.85364153625282, 41.970062267352276], [-87.85968059429734, 41.96824350987396], [-87.86030683924953, 41.96358707130781], [-87.85489518572919, 41.96074944300273], [-87.84885684720426, 41.962567741023086], [-87.84822944271123, 41.96722412675374], [-87.85364153625282, 41.970062267352276]]]}, "properties": {"light_n": 6, "light_t": 0, "light_top": 96, "crime_n": 1, "crime_t": 0, "crime_top": 100, "bv": "0-0", "crime_night_n": 0, "crime_night_t": 0, "crime_night_top": null, "bv_night": "0-0", "nta": "O'Hare", "boro": "Chicago"}}, {"type": "Feature", "geometry": {"type": "Polygon", "coordinates": [[[-87.58376685567464, 41.663282177559395], [-87.58978051914852, 41.661485895257165], [-87.59043009618894, 41.65684680231888], [-87.58506715317502, 41.654004050522204], [-87.57905420878636, 41.65579987903399], [-87.57840348835897, 41.66043891308073], [-87.58376685567464, 41.663282177559395]]]}, "properties": {"light_n": 30, "light_t": 0, "light_top": 89, "crime_n": 4, "crime_t": 0, "crime_top": 93, "bv": "0-0", "crime_night_n": 3, "crime_night_t": 0, "crime_night_top": 90, "bv_night": "0-0", "nta": "South Deering", "boro": "Chicago"}}, {"type": "Feature", "geometry": {"type": "Polygon", "coordinates": [[[-87.66498297715069, 41.82591830208218], [-87.67101344188613, 41.82411321096911], [-87.67165700824543, 41.81946487070311], [-87.66627126163054, 41.81662167854151], [-87.6602415183168, 41.818426313634696], [-87.65959680022853, 41.8230745968569], [-87.66498297715069, 41.82591830208218]]]}, "properties": {"light_n": 46, "light_t": 0, "light_top": 85, "crime_n": 67, "crime_t": 1, "crime_top": 53, "bv": "1-0", "crime_night_n": 27, "crime_night_t": 1, "crime_night_top": 54, "bv_night": "1-0", "nta": "New City", "boro": "Chicago"}}, {"type": "Feature", "geometry": {"type": "Polygon", "coordinates": [[[-87.54845822476871, 41.70938708682608], [-87.55447977413282, 41.707591223265005], [-87.55513359533859, 41.7029494974842], [-87.54976701275767, 41.700103694854555], [-87.5437461850946, 41.70189910473114], [-87.54309121834439, 41.70654077086964], [-87.54845822476871, 41.70938708682608]]]}, "properties": {"light_n": 33, "light_t": 0, "light_top": 88, "crime_n": 4, "crime_t": 0, "crime_top": 93, "bv": "0-0", "crime_night_n": 1, "crime_night_t": 0, "crime_night_top": 100, "bv_night": "0-0", "nta": "South Deering", "boro": "Chicago"}}, {"type": "Feature", "geometry": {"type": "Polygon", "coordinates": [[[-87.64192697386731, 41.90859510965344], [-87.64796948450201, 41.906788765841], [-87.64861656147256, 41.90213574037889], [-87.64322228362144, 41.899289116187184], [-87.6371804977748, 41.90109500366043], [-87.63653226502389, 41.90574797161199], [-87.64192697386731, 41.90859510965344]]]}, "properties": {"light_n": 90, "light_t": 0, "light_top": 76, "crime_n": 241, "crime_t": 2, "crime_top": 14, "bv": "2-0", "crime_night_n": 92, "crime_night_t": 2, "crime_night_top": 16, "bv_night": "2-0", "nta": "Near North Side", "boro": "Chicago"}}, {"type": "Feature", "geometry": {"type": "Polygon", "coordinates": [[[-87.56376535896712, 41.682589641885464], [-87.56978260327891, 41.680793794551406], [-87.57043448775012, 41.67615359778943], [-87.56507027221438, 41.67330930762889], [-87.5590537482568, 41.675104701282656], [-87.55840071951351, 41.67974483872505], [-87.56376535896712, 41.682589641885464]]]}, "properties": {"light_n": 9, "light_t": 0, "light_top": 95, "crime_n": 0, "crime_t": 0, "crime_top": null, "bv": "0-0", "crime_night_n": 0, "crime_night_t": 0, "crime_night_top": null, "bv_night": "0-0", "nta": "South Deering", "boro": "Chicago"}}, {"type": "Feature", "geometry": {"type": "Polygon", "coordinates": [[[-87.67906228776376, 41.9331741687604], [-87.685106006974, 41.93136524571882], [-87.68574962609975, 41.926710837262796], [-87.68035068318325, 41.92386540848063], [-87.67430768827474, 41.92567387453206], [-87.6736629120134, 41.93032822630315], [-87.67906228776376, 41.9331741687604]]]}, "properties": {"light_n": 69, "light_t": 0, "light_top": 81, "crime_n": 41, "crime_t": 1, "crime_top": 64, "bv": "1-0", "crime_night_n": 15, "crime_night_t": 0, "crime_night_top": 68, "bv_night": "0-0", "nta": "Logan Square", "boro": "Chicago"}}, {"type": "Feature", "geometry": {"type": "Polygon", "coordinates": [[[-87.56101204302034, 41.661185878294525], [-87.56702665365347, 41.65939079301384], [-87.56767851737705, 41.65475181810727], [-87.56231691370533, 41.651907987817964], [-87.55630302285272, 41.65370261961156], [-87.55565001592403, 41.658341535129395], [-87.56101204302034, 41.661185878294525]]]}, "properties": {"light_n": 45, "light_t": 0, "light_top": 85, "crime_n": 10, "crime_t": 0, "crime_top": 85, "bv": "0-0", "crime_night_n": 5, "crime_night_t": 0, "crime_night_top": 86, "bv_night": "0-0", "nta": "Hegewisch", "boro": "Chicago"}}, {"type": "Feature", "geometry": {"type": "Polygon", "coordinates": [[[-87.6436506151926, 41.97946468578818], [-87.64970231424604, 41.97765619662943], [-87.65035020747479, 41.97299917196487], [-87.64494756102228, 41.970150693846826], [-87.6388965889266, 41.97195872612227], [-87.63824753635843, 41.97661569334638], [-87.6436506151926, 41.97946468578818]]]}, "properties": {"light_n": 26, "light_t": 0, "light_top": 90, "crime_n": 8, "crime_t": 0, "crime_top": 87, "bv": "0-0", "crime_night_n": 7, "crime_night_t": 0, "crime_night_top": 81, "bv_night": "0-0", "nta": "Uptown", "boro": "Chicago"}}, {"type": "Feature", "geometry": {"type": "Polygon", "coordinates": [[[-87.77731815512252, 42.01982017726513], [-87.78336789234572, 42.01800379507127], [-87.7840026411356, 42.013344525737494], [-87.77858881454168, 42.010501693030044], [-87.77253980099744, 42.01231761635506], [-87.77190389039998, 42.01697683120356], [-87.77731815512252, 42.01982017726513]]]}, "properties": {"light_n": 16, "light_t": 0, "light_top": 93, "crime_n": 2, "crime_t": 0, "crime_top": 97, "bv": "0-0", "crime_night_n": 0, "crime_night_t": 0, "crime_night_top": null, "bv_night": "0-0", "nta": "Forest Glen", "boro": "Chicago"}}, {"type": "Feature", "geometry": {"type": "Polygon", "coordinates": [[[-87.63632442172919, 41.86568554934438], [-87.64236162489804, 41.863880735059396], [-87.64300867452583, 41.859230136472156], [-87.63761967463391, 41.85638440977025], [-87.63158319509724, 41.858188768103574], [-87.6309349918529, 41.862839309037966], [-87.63632442172919, 41.86568554934438]]]}, "properties": {"light_n": 65, "light_t": 0, "light_top": 81, "crime_n": 82, "crime_t": 1, "crime_top": 47, "bv": "1-0", "crime_night_n": 24, "crime_night_t": 1, "crime_night_top": 57, "bv_night": "1-0", "nta": "Near West Side", "boro": "Chicago"}}, {"type": "Feature", "geometry": {"type": "Polygon", "coordinates": [[[-87.7629875834224, 41.99731364393624], [-87.76903514982604, 41.99549863800226], [-87.76967105860464, 41.990840631554654], [-87.7642605616407, 41.987997685799826], [-87.75821371869857, 41.98981223321161], [-87.75757664929083, 41.99447018484762], [-87.7629875834224, 41.99731364393624]]]}, "properties": {"light_n": 44, "light_t": 0, "light_top": 86, "crime_n": 7, "crime_t": 0, "crime_top": 88, "bv": "0-0", "crime_night_n": 2, "crime_night_t": 0, "crime_night_top": 94, "bv_night": "0-0", "nta": "Forest Glen", "boro": "Chicago"}}, {"type": "Feature", "geometry": {"type": "Polygon", "coordinates": [[[-87.55630302285272, 41.65370261961156], [-87.56231691370533, 41.651907987817964], [-87.56296915141992, 41.64726944015412], [-87.55760864113398, 41.64442558372632], [-87.55159546998651, 41.646219762147815], [-87.55094208945259, 41.65085825031707], [-87.55630302285272, 41.65370261961156]]]}, "properties": {"light_n": 48, "light_t": 0, "light_top": 84, "crime_n": 2, "crime_t": 0, "crime_top": 97, "bv": "0-0", "crime_night_n": 1, "crime_night_t": 0, "crime_night_top": 100, "bv_night": "0-0", "nta": "Hegewisch", "boro": "Chicago"}}, {"type": "Feature", "geometry": {"type": "Polygon", "coordinates": [[[-87.83073842779092, 41.96802113847142], [-87.83677846818085, 41.96620358885299], [-87.83740703212865, 41.96154725620978], [-87.8319967150863, 41.95870852647161], [-87.82595739493311, 41.960525616933936], [-87.82532767161685, 41.96518189623779], [-87.83073842779092, 41.96802113847142]]]}, "properties": {"light_n": 9, "light_t": 0, "light_top": 95, "crime_n": 5, "crime_t": 0, "crime_top": 91, "bv": "0-0", "crime_night_n": 1, "crime_night_t": 0, "crime_night_top": 100, "bv_night": "0-0", "nta": "O'Hare", "boro": "Chicago"}}, {"type": "Feature", "geometry": {"type": "Polygon", "coordinates": [[[-87.84509050524237, 41.99050999827374], [-87.85113270676786, 41.98869107049409], [-87.85176010555257, 41.9840334755057], [-87.84634646338588, 41.98119486125622], [-87.84030498230973, 41.983013329533314], [-87.83967642298217, 41.98767087150964], [-87.84509050524237, 41.99050999827374]]]}, "properties": {"light_n": 13, "light_t": 0, "light_top": 94, "crime_n": 3, "crime_t": 0, "crime_top": 95, "bv": "0-0", "crime_night_n": 2, "crime_night_t": 0, "crime_night_top": 94, "bv_night": "0-0", "nta": "O'Hare", "boro": "Chicago"}}, {"type": "Feature", "geometry": {"type": "Polygon", "coordinates": [[[-87.85842772220506, 41.97755717573611], [-87.86446749983962, 41.97573795868436], [-87.8650933559042, 41.971081099416516], [-87.85968059429734, 41.96824350987396], [-87.85364153625282, 41.970062267352276], [-87.85301452025625, 41.97471907389382], [-87.85842772220506, 41.97755717573611]]]}, "properties": {"light_n": 4, "light_t": 0, "light_top": 97, "crime_n": 0, "crime_t": 0, "crime_top": null, "bv": "0-0", "crime_night_n": 0, "crime_night_t": 0, "crime_night_top": null, "bv_night": "0-0", "nta": "O'Hare", "boro": "Chicago"}}, {"type": "Feature", "geometry": {"type": "Polygon", "coordinates": [[[-87.69563541768498, 41.68761628767343], [-87.70164622673909, 41.685813712504114], [-87.70228475196892, 41.68117324898826], [-87.69691361313913, 41.67833541702925], [-87.69090352017746, 41.68013753681798], [-87.69026384998492, 41.68477794389404], [-87.69563541768498, 41.68761628767343]]]}, "properties": {"light_n": 8, "light_t": 0, "light_top": 95, "crime_n": 0, "crime_t": 0, "crime_top": null, "bv": "0-0", "crime_night_n": 0, "crime_night_t": 0, "crime_night_top": null, "bv_night": "0-0", "nta": "Mount Greenwood", "boro": "Chicago"}}, {"type": "Feature", "geometry": {"type": "Polygon", "coordinates": [[[-87.66111498764171, 41.853814502336824], [-87.6671493022197, 41.852008791260864], [-87.66779365206554, 41.8473588687131], [-87.66240484047299, 41.844514714304246], [-87.65637124831869, 41.846319969202916], [-87.65572574536566, 41.85096983463522], [-87.66111498764171, 41.853814502336824]]]}, "properties": {"light_n": 84, "light_t": 0, "light_top": 78, "crime_n": 29, "crime_t": 0, "crime_top": 71, "bv": "0-0", "crime_night_n": 7, "crime_night_t": 0, "crime_night_top": 81, "bv_night": "0-0", "nta": "Lower West Side", "boro": "Chicago"}}, {"type": "Feature", "geometry": {"type": "Polygon", "coordinates": [[[-87.67921624635184, 41.848396620131055], [-87.68524887579528, 41.84659016026671], [-87.68589130032419, 41.84194054797606], [-87.68050224833881, 41.83909745221893], [-87.67447034053843, 41.840903455717566], [-87.67382676311263, 41.84555301128656], [-87.67921624635184, 41.848396620131055]]]}, "properties": {"light_n": 63, "light_t": 0, "light_top": 82, "crime_n": 30, "crime_t": 0, "crime_top": 71, "bv": "0-0", "crime_night_n": 11, "crime_night_t": 0, "crime_night_top": 73, "bv_night": "0-0", "nta": "Lower West Side", "boro": "Chicago"}}, {"type": "Feature", "geometry": {"type": "Polygon", "coordinates": [[[-87.60180617869288, 41.657892587889314], [-87.60781817465264, 41.65609556301112], [-87.60846584018101, 41.651456779854016], [-87.60310265296438, 41.64861508002343], [-87.59709137531942, 41.650411650923246], [-87.5964425666087, 41.65505037557984], [-87.60180617869288, 41.657892587889314]]]}, "properties": {"light_n": 108, "light_t": 0, "light_top": 73, "crime_n": 204, "crime_t": 2, "crime_top": 18, "bv": "2-0", "crime_night_n": 53, "crime_night_t": 2, "crime_night_top": 33, "bv_night": "2-0", "nta": "Riverdale", "boro": "Chicago"}}, {"type": "Feature", "geometry": {"type": "Polygon", "coordinates": [[[-87.52688130727623, 41.65803289529151], [-87.53289733496102, 41.656239606200856], [-87.53355262802562, 41.65160081020613], [-87.52819303636866, 41.64875536338426], [-87.52217772950588, 41.6505481994436], [-87.52152129351103, 41.65518693530399], [-87.52688130727623, 41.65803289529151]]]}, "properties": {"light_n": 33, "light_t": 0, "light_top": 88, "crime_n": 14, "crime_t": 0, "crime_top": 82, "bv": "0-0", "crime_night_n": 4, "crime_night_t": 0, "crime_night_top": 87, "bv_night": "0-0", "nta": "Hegewisch", "boro": "Chicago"}}, {"type": "Feature", "geometry": {"type": "Polygon", "coordinates": [[[-87.58734546552424, 41.72002033804061], [-87.59336631273564, 41.71822222057924], [-87.59401632096085, 41.71357989108849], [-87.58864662821291, 41.71073573779562], [-87.58262650173168, 41.71253340100138], [-87.58197534730088, 41.717175671703366], [-87.58734546552424, 41.72002033804061]]]}, "properties": {"light_n": 45, "light_t": 0, "light_top": 85, "crime_n": 6, "crime_t": 0, "crime_top": 90, "bv": "0-0", "crime_night_n": 3, "crime_night_t": 0, "crime_night_top": 90, "bv_night": "0-0", "nta": "Pullman", "boro": "Chicago"}}, {"type": "Feature", "geometry": {"type": "Polygon", "coordinates": [[[-87.86988136988595, 41.97857550921062], [-87.87592065524112, 41.976755688217786], [-87.87654535128802, 41.97209877647567], [-87.87113192202845, 41.96926173814788], [-87.8650933559042, 41.971081099416516], [-87.86446749983962, 41.97573795868436], [-87.86988136988595, 41.97857550921062]]]}, "properties": {"light_n": 4, "light_t": 0, "light_top": 97, "crime_n": 0, "crime_t": 0, "crime_top": null, "bv": "0-0", "crime_night_n": 0, "crime_night_t": 0, "crime_night_top": null, "bv_night": "0-0", "nta": "O'Hare", "boro": "Chicago"}}, {"type": "Feature", "geometry": {"type": "Polygon", "coordinates": [[[-87.75062876081218, 41.79133066891311], [-87.75665008661458, 41.78952230641397], [-87.7572844302648, 41.78487595074399], [-87.75189859842887, 41.78203801270762], [-87.74587799008162, 41.78384591836558], [-87.74524249614674, 41.78849221884863], [-87.75062876081218, 41.79133066891311]]]}, "properties": {"light_n": 1, "light_t": 0, "light_top": 100, "crime_n": 0, "crime_t": 0, "crime_top": null, "bv": "0-0", "crime_night_n": 0, "crime_night_t": 0, "crime_night_top": null, "bv_night": "0-0", "nta": "Garfield Ridge", "boro": "Chicago"}}, {"type": "Feature", "geometry": {"type": "Polygon", "coordinates": [[[-87.84407365442394, 41.955073597140455], [-87.85011127349982, 41.95325575846261], [-87.85073829537986, 41.948600161714545], [-87.84532885697415, 41.94576245664529], [-87.83929195727676, 41.94757983609604], [-87.83866377663779, 41.9522353797904], [-87.84407365442394, 41.955073597140455]]]}, "properties": {"light_n": 5, "light_t": 0, "light_top": 96, "crime_n": 0, "crime_t": 0, "crime_top": null, "bv": "0-0", "crime_night_n": 0, "crime_night_t": 0, "crime_night_top": null, "bv_night": "0-0", "nta": "O'Hare", "boro": "Chicago"}}, {"type": "Feature", "geometry": {"type": "Polygon", "coordinates": [[[-87.54100084297463, 41.680489392873284], [-87.54701903358112, 41.67869474399857], [-87.5476732065051, 41.67405466612451], [-87.54231033294455, 41.671209296890076], [-87.53629286338783, 41.67300349238842], [-87.53563754637484, 41.67764351044535], [-87.54100084297463, 41.680489392873284]]]}, "properties": {"light_n": 22, "light_t": 0, "light_top": 91, "crime_n": 2, "crime_t": 0, "crime_top": 97, "bv": "0-0", "crime_night_n": 0, "crime_night_t": 0, "crime_night_top": null, "bv_night": "0-0", "nta": "Hegewisch", "boro": "Chicago"}}, {"type": "Feature", "geometry": {"type": "Polygon", "coordinates": [[[-87.73824355659542, 41.83961895571477], [-87.74427184703126, 41.83780979755739], [-87.74490811848031, 41.833160696787985], [-87.73951725217617, 41.830320809557065], [-87.7334896811148, 41.83212951067056], [-87.7328522570149, 41.83677855600634], [-87.73824355659542, 41.83961895571477]]]}, "properties": {"light_n": 52, "light_t": 0, "light_top": 83, "crime_n": 12, "crime_t": 0, "crime_top": 83, "bv": "0-0", "crime_night_n": 5, "crime_night_t": 0, "crime_night_top": 86, "bv_night": "0-0", "nta": "South Lawndale", "boro": "Chicago"}}, {"type": "Feature", "geometry": {"type": "Polygon", "coordinates": [[[-87.65830697187712, 41.83237195466992], [-87.66433863900536, 41.8305670095559], [-87.66498297715069, 41.82591830208218], [-87.65959680022853, 41.8230745968569], [-87.6535658549487, 41.82487908598758], [-87.65292036477497, 41.82952773627439], [-87.65830697187712, 41.83237195466992]]]}, "properties": {"light_n": 55, "light_t": 0, "light_top": 83, "crime_n": 10, "crime_t": 0, "crime_top": 85, "bv": "0-0", "crime_night_n": 2, "crime_night_t": 0, "crime_night_top": 94, "bv_night": "0-0", "nta": "McKinley Park", "boro": "Chicago"}}, {"type": "Feature", "geometry": {"type": "Polygon", "coordinates": [[[-87.59043009618894, 41.65684680231888], [-87.5964425666087, 41.65505037557984], [-87.59709137531942, 41.650411650923246], [-87.59172885673486, 41.6475694117026], [-87.58571710497773, 41.64936538461469], [-87.58506715317502, 41.654004050522204], [-87.59043009618894, 41.65684680231888]]]}, "properties": {"light_n": 18, "light_t": 0, "light_top": 92, "crime_n": 11, "crime_t": 0, "crime_top": 84, "bv": "0-0", "crime_night_n": 5, "crime_night_t": 0, "crime_night_top": 86, "bv_night": "0-0", "nta": "Riverdale", "boro": "Chicago"}}, {"type": "Feature", "geometry": {"type": "Polygon", "coordinates": [[[-87.70398389310621, 41.836519983287566], [-87.7100136336702, 41.83471263017756], [-87.71065336280726, 41.83006369646058], [-87.70526450379808, 41.82722217198627], [-87.69923548366995, 41.8290290685063], [-87.69859460214717, 41.83367794603814], [-87.70398389310621, 41.836519983287566]]]}, "properties": {"light_n": 33, "light_t": 0, "light_top": 88, "crime_n": 26, "crime_t": 0, "crime_top": 73, "bv": "0-0", "crime_night_n": 12, "crime_night_t": 0, "crime_night_top": 73, "bv_night": "0-0", "nta": "South Lawndale", "boro": "Chicago"}}, {"type": "Feature", "geometry": {"type": "Polygon", "coordinates": [[[-87.65597867518278, 42.01596164542798], [-87.66203449478962, 42.01415147720909], [-87.66268163566737, 42.00949239921523], [-87.65727411818735, 42.00664354654051], [-87.6512190262699, 42.00845325745115], [-87.65057072417588, 42.01311227829199], [-87.65597867518278, 42.01596164542798]]]}, "properties": {"light_n": 6, "light_t": 0, "light_top": 96, "crime_n": 20, "crime_t": 0, "crime_top": 77, "bv": "0-0", "crime_night_n": 10, "crime_night_t": 0, "crime_night_top": 75, "bv_night": "0-0", "nta": "Rogers Park", "boro": "Chicago"}}, {"type": "Feature", "geometry": {"type": "Polygon", "coordinates": [[[-87.73163456458194, 41.76139401679663], [-87.73765302099547, 41.75958748097123], [-87.73828889205465, 41.75494282219449], [-87.73290745546787, 41.752104754808045], [-87.72688971622142, 41.75391083425289], [-87.72625269642633, 41.75855543741234], [-87.73163456458194, 41.76139401679663]]]}, "properties": {"light_n": 28, "light_t": 0, "light_top": 89, "crime_n": 15, "crime_t": 0, "crime_top": 81, "bv": "0-0", "crime_night_n": 3, "crime_night_t": 0, "crime_night_top": 90, "bv_night": "0-0", "nta": "West Lawn", "boro": "Chicago"}}, {"type": "Feature", "geometry": {"type": "Polygon", "coordinates": [[[-87.66550245461596, 42.03097957983466], [-87.67155972982646, 42.02916849665245], [-87.67220610406157, 42.02450857531489], [-87.66679636512353, 42.02165979404355], [-87.66073981775233, 42.023470419686284], [-87.66009228151263, 42.02813028408702], [-87.66550245461596, 42.03097957983466]]]}, "properties": {"light_n": 9, "light_t": 0, "light_top": 95, "crime_n": 2, "crime_t": 0, "crime_top": 97, "bv": "0-0", "crime_night_n": 1, "crime_night_t": 0, "crime_night_top": 100, "bv_night": "0-0", "nta": "Rogers Park", "boro": "Chicago"}}, {"type": "Feature", "geometry": {"type": "Polygon", "coordinates": [[[-87.75253332434804, 41.77739208105739], [-87.75855273215002, 41.7755840323464], [-87.75918669046277, 41.77093846969933], [-87.75380239060249, 41.76810101086321], [-87.74778369975898, 41.769908602812635], [-87.74714859184881, 41.77455411030733], [-87.75253332434804, 41.77739208105739]]]}, "properties": {"light_n": 36, "light_t": 0, "light_top": 87, "crime_n": 15, "crime_t": 0, "crime_top": 81, "bv": "0-0", "crime_night_n": 5, "crime_night_t": 0, "crime_night_top": 86, "bv_night": "0-0", "nta": "Clearing", "boro": "Chicago"}}, {"type": "Feature", "geometry": {"type": "Polygon", "coordinates": [[[-87.74584654865481, 41.86855075171296], [-87.75187820260128, 41.86674036642374], [-87.75251409480506, 41.86208962802605], [-87.7471194872136, 41.85924933011764], [-87.74108855328552, 41.86105925805303], [-87.7404515069623, 41.86570994119809], [-87.74584654865481, 41.86855075171296]]]}, "properties": {"light_n": 16, "light_t": 0, "light_top": 93, "crime_n": 16, "crime_t": 0, "crime_top": 80, "bv": "0-0", "crime_night_n": 6, "crime_night_t": 0, "crime_night_top": 84, "bv_night": "0-0", "nta": "Austin", "boro": "Chicago"}}, {"type": "Feature", "geometry": {"type": "Polygon", "coordinates": [[[-87.54571029107962, 41.687975694139304], [-87.55172920281169, 41.68618059177318], [-87.55238300180821, 41.68154008687331], [-87.54701903358112, 41.67869474399857], [-87.54100084297463, 41.680489392873284], [-87.54034589950255, 41.68512983806192], [-87.54571029107962, 41.687975694139304]]]}, "properties": {"light_n": 7, "light_t": 0, "light_top": 96, "crime_n": 0, "crime_t": 0, "crime_top": null, "bv": "0-0", "crime_night_n": 0, "crime_night_t": 0, "crime_night_top": null, "bv_night": "0-0", "nta": "East Side", "boro": "Chicago"}}, {"type": "Feature", "geometry": {"type": "Polygon", "coordinates": [[[-87.59514455597292, 41.66432862015156], [-87.60115774513, 41.66253173947056], [-87.60180617869288, 41.657892587889314], [-87.5964425666087, 41.65505037557984], [-87.59043009618894, 41.65684680231888], [-87.58978051914852, 41.661485895257165], [-87.59514455597292, 41.66432862015156]]]}, "properties": {"light_n": 44, "light_t": 0, "light_top": 86, "crime_n": 123, "crime_t": 1, "crime_top": 34, "bv": "1-0", "crime_night_n": 47, "crime_night_t": 1, "crime_night_top": 37, "bv_night": "1-0", "nta": "Riverdale", "boro": "Chicago"}}, {"type": "Feature", "geometry": {"type": "Polygon", "coordinates": [[[-87.56180699986855, 41.69651212924014], [-87.56782615920466, 41.69471597369], [-87.56847843904596, 41.69007498254172], [-87.56311270453779, 41.687230206247754], [-87.5570942660548, 41.689025908039426], [-87.55644084125971, 41.69366683983132], [-87.56180699986855, 41.69651212924014]]]}, "properties": {"light_n": 24, "light_t": 0, "light_top": 91, "crime_n": 0, "crime_t": 0, "crime_top": null, "bv": "0-0", "crime_night_n": 0, "crime_night_t": 0, "crime_night_top": null, "bv_night": "0-0", "nta": "South Deering", "boro": "Chicago"}}, {"type": "Feature", "geometry": {"type": "Polygon", "coordinates": [[[-87.74108855328552, 41.86105925805303], [-87.7471194872136, 41.85924933011764], [-87.74775576281013, 41.85459901478069], [-87.74236225824043, 41.851758682687176], [-87.73633204425839, 41.853568153384025], [-87.73569461493182, 41.85821841336038], [-87.74108855328552, 41.86105925805303]]]}, "properties": {"light_n": 12, "light_t": 0, "light_top": 94, "crime_n": 2, "crime_t": 0, "crime_top": 97, "bv": "0-0", "crime_night_n": 1, "crime_night_t": 0, "crime_night_top": 100, "bv_night": "0-0", "nta": "North Lawndale", "boro": "Chicago"}}, {"type": "Feature", "geometry": {"type": "Polygon", "coordinates": [[[-87.77346459170477, 41.87810025621288], [-87.77949599395536, 41.87628820885055], [-87.78012919320602, 41.871636937992406], [-87.7747321449219, 41.86879776908673], [-87.76870146205145, 41.87060935867761], [-87.76806710811658, 41.87526057489302], [-87.77346459170477, 41.87810025621288]]]}, "properties": {"light_n": 36, "light_t": 0, "light_top": 87, "crime_n": 18, "crime_t": 0, "crime_top": 79, "bv": "0-0", "crime_night_n": 8, "crime_night_t": 0, "crime_night_top": 79, "bv_night": "0-0", "nta": "Austin", "boro": "Chicago"}}, {"type": "Feature", "geometry": {"type": "Polygon", "coordinates": [[[-87.69461392159032, 41.736876294560965], [-87.70063118804299, 41.735072325853125], [-87.70127049680977, 41.73042905329718], [-87.69589368655531, 41.72758980583498], [-87.68987713775553, 41.72939331880935], [-87.6892366815892, 41.73403653492704], [-87.69461392159032, 41.736876294560965]]]}, "properties": {"light_n": 15, "light_t": 0, "light_top": 93, "crime_n": 4, "crime_t": 0, "crime_top": 93, "bv": "0-0", "crime_night_n": 1, "crime_night_t": 0, "crime_night_top": 100, "bv_night": "0-0", "nta": "Ashburn", "boro": "Chicago"}}, {"type": "Feature", "geometry": {"type": "Polygon", "coordinates": [[[-87.60457788375021, 41.67929345467212], [-87.6105925106055, 41.67749566576221], [-87.61124019305029, 41.672855660733084], [-87.6058743929213, 41.67001350299226], [-87.59986048495237, 41.671810837730206], [-87.59921165825853, 41.676450784328736], [-87.60457788375021, 41.67929345467212]]]}, "properties": {"light_n": 4, "light_t": 0, "light_top": 97, "crime_n": 0, "crime_t": 0, "crime_top": null, "bv": "0-0", "crime_night_n": 0, "crime_night_t": 0, "crime_night_top": null, "bv_night": "0-0", "nta": "Riverdale", "boro": "Chicago"}}, {"type": "Feature", "geometry": {"type": "Polygon", "coordinates": [[[-87.72873728987865, 41.82464045580272], [-87.73476414163792, 41.82283221161786], [-87.73540117813937, 41.81818395798185], [-87.73001251478695, 41.8153440041274], [-87.72398638225731, 41.81715179149888], [-87.72334819388227, 41.82179998948572], [-87.72873728987865, 41.82464045580272]]]}, "properties": {"light_n": 44, "light_t": 0, "light_top": 86, "crime_n": 11, "crime_t": 0, "crime_top": 84, "bv": "0-0", "crime_night_n": 6, "crime_night_t": 0, "crime_night_top": 84, "bv_night": "0-0", "nta": "Archer Heights", "boro": "Chicago"}}, {"type": "Feature", "geometry": {"type": "Polygon", "coordinates": [[[-87.57043448775012, 41.67615359778943], [-87.57645053817001, 41.67435760518956], [-87.57710165309047, 41.669717776198446], [-87.57173786160078, 41.66687399893182], [-87.56572253111189, 41.66866953781459], [-87.56507027221438, 41.67330930762889], [-87.57043448775012, 41.67615359778943]]]}, "properties": {"light_n": 9, "light_t": 0, "light_top": 95, "crime_n": 4, "crime_t": 0, "crime_top": 93, "bv": "0-0", "crime_night_n": 1, "crime_night_t": 0, "crime_night_top": 100, "bv_night": "0-0", "nta": "South Deering", "boro": "Chicago"}}, {"type": "Feature", "geometry": {"type": "Polygon", "coordinates": [[[-87.57514791355814, 41.683638057836504], [-87.58116468398417, 41.681841611404515], [-87.58181542409214, 41.67720135557176], [-87.57645053817001, 41.67435760518956], [-87.57043448775012, 41.67615359778943], [-87.56978260327891, 41.680793794551406], [-87.57514791355814, 41.683638057836504]]]}, "properties": {"light_n": 3, "light_t": 0, "light_top": 98, "crime_n": 0, "crime_t": 0, "crime_top": null, "bv": "0-0", "crime_night_n": 0, "crime_night_t": 0, "crime_night_top": null, "bv_night": "0-0", "nta": "South Deering", "boro": "Chicago"}}, {"type": "Feature", "geometry": {"type": "Polygon", "coordinates": [[[-87.79638510586128, 41.96495078426254], [-87.80242661603012, 41.96313504712976], [-87.80305865782327, 41.958478875260305], [-87.79765034858707, 41.95563849456592], [-87.79160955972928, 41.957453772996104], [-87.79097635882825, 41.962109890770535], [-87.79638510586128, 41.96495078426254]]]}, "properties": {"light_n": 21, "light_t": 0, "light_top": 92, "crime_n": 3, "crime_t": 0, "crime_top": 95, "bv": "0-0", "crime_night_n": 1, "crime_night_t": 0, "crime_night_top": 100, "bv_night": "0-0", "nta": "Dunning", "boro": "Chicago"}}, {"type": "Feature", "geometry": {"type": "Polygon", "coordinates": [[[-87.56572253111189, 41.66866953781459], [-87.57173786160078, 41.66687399893182], [-87.57238935105973, 41.66223459691612], [-87.56702665365347, 41.65939079301384], [-87.56101204302034, 41.661185878294525], [-87.56035940997042, 41.665825221027404], [-87.56572253111189, 41.66866953781459]]]}, "properties": {"light_n": 7, "light_t": 0, "light_top": 96, "crime_n": 0, "crime_t": 0, "crime_top": null, "bv": "0-0", "crime_night_n": 0, "crime_night_t": 0, "crime_night_top": null, "bv_night": "0-0", "nta": "South Deering", "boro": "Chicago"}}, {"type": "Feature", "geometry": {"type": "Polygon", "coordinates": [[[-87.75821371869857, 41.98981223321161], [-87.7642605616407, 41.987997685799826], [-87.76489685651794, 41.98334010059069], [-87.75948746872166, 41.98049711766077], [-87.75344134916847, 41.98231120666587], [-87.75280389405458, 41.98696873695479], [-87.75821371869857, 41.98981223321161]]]}, "properties": {"light_n": 26, "light_t": 0, "light_top": 90, "crime_n": 1, "crime_t": 0, "crime_top": 100, "bv": "0-0", "crime_night_n": 0, "crime_night_t": 0, "crime_night_top": null, "bv_night": "0-0", "nta": "Jefferson Park", "boro": "Chicago"}}, {"type": "Feature", "geometry": {"type": "Polygon", "coordinates": [[[-87.61124019305029, 41.672855660733084], [-87.61725362586273, 41.671057727553155], [-87.61790054005029, 41.66641809089294], [-87.6125351654112, 41.66357644564856], [-87.60652245106226, 41.66537392462013], [-87.6058743929213, 41.67001350299226], [-87.61124019305029, 41.672855660733084]]]}, "properties": {"light_n": 1, "light_t": 0, "light_top": 100, "crime_n": 0, "crime_t": 0, "crime_top": null, "bv": "0-0", "crime_night_n": 0, "crime_night_t": 0, "crime_night_top": null, "bv_night": "0-0", "nta": "Riverdale", "boro": "Chicago"}}, {"type": "Feature", "geometry": {"type": "Polygon", "coordinates": [[[-87.58929701223653, 41.70609383458233], [-87.59531594313124, 41.704296025963714], [-87.5959655571558, 41.699654490409884], [-87.59059738584098, 41.69681082217469], [-87.58457917517748, 41.69860817661603], [-87.58392841563024, 41.703249653417615], [-87.58929701223653, 41.70609383458233]]]}, "properties": {"light_n": 7, "light_t": 0, "light_top": 96, "crime_n": 0, "crime_t": 0, "crime_top": null, "bv": "0-0", "crime_night_n": 0, "crime_night_t": 0, "crime_night_top": null, "bv_night": "0-0", "nta": "South Deering", "boro": "Chicago"}}, {"type": "Feature", "geometry": {"type": "Polygon", "coordinates": [[[-87.74494125297744, 41.748491853733135], [-87.7509573111317, 41.74668503229183], [-87.75159164804266, 41.74204111185935], [-87.74621107496851, 41.7392040681488], [-87.74019573313312, 41.74101043313845], [-87.73956024808456, 41.74565429823795], [-87.74494125297744, 41.748491853733135]]]}, "properties": {"light_n": 21, "light_t": 0, "light_top": 92, "crime_n": 7, "crime_t": 0, "crime_top": 88, "bv": "0-0", "crime_night_n": 2, "crime_night_t": 0, "crime_night_top": 94, "bv_night": "0-0", "nta": "Ashburn", "boro": "Chicago"}}, {"type": "Feature", "geometry": {"type": "Polygon", "coordinates": [[[-87.68277858001481, 41.99008595384369], [-87.68882955345426, 41.98827518879532], [-87.68947358477057, 41.98361757132395], [-87.68406780268444, 41.98077077542467], [-87.67801755520847, 41.9825810830161], [-87.67737236388766, 41.987238643911], [-87.68277858001481, 41.99008595384369]]]}, "properties": {"light_n": 7, "light_t": 0, "light_top": 96, "crime_n": 0, "crime_t": 0, "crime_top": null, "bv": "0-0", "crime_night_n": 0, "crime_night_t": 0, "crime_night_top": null, "bv_night": "0-0", "nta": "Lincoln Square", "boro": "Chicago"}}, {"type": "Feature", "geometry": {"type": "Polygon", "coordinates": [[[-87.74303555587024, 41.76242551639622], [-87.74905352982705, 41.76061838109322], [-87.74968825206273, 41.75597366694889], [-87.74430614919666, 41.75313614342277], [-87.73828889205465, 41.75494282219449], [-87.73765302099547, 41.75958748097123], [-87.74303555587024, 41.76242551639622]]]}, "properties": {"light_n": 12, "light_t": 0, "light_top": 94, "crime_n": 19, "crime_t": 0, "crime_top": 78, "bv": "0-0", "crime_night_n": 3, "crime_night_t": 0, "crime_night_top": 90, "bv_night": "0-0", "nta": "West Lawn", "boro": "Chicago"}}, {"type": "Feature", "geometry": {"type": "Polygon", "coordinates": [[[-87.71732085895916, 41.823607632381275], [-87.72334819388227, 41.82179998948572], [-87.72398638225731, 41.81715179149888], [-87.71859838752643, 41.81431129225466], [-87.71257177218644, 41.81611847848806], [-87.7119324320261, 41.820766620575355], [-87.71732085895916, 41.823607632381275]]]}, "properties": {"light_n": 8, "light_t": 0, "light_top": 95, "crime_n": 2, "crime_t": 0, "crime_top": 97, "bv": "0-0", "crime_night_n": 1, "crime_night_t": 0, "crime_night_top": 100, "bv_night": "0-0", "nta": "Archer Heights", "boro": "Chicago"}}, {"type": "Feature", "geometry": {"type": "Polygon", "coordinates": [[[-87.71366617020202, 41.682207821987454], [-87.71967530450196, 41.68040450682815], [-87.72031191909338, 41.67576435676978], [-87.7149405441698, 41.672927577867426], [-87.7089321251898, 41.67473043746], [-87.70829436584509, 41.67937053146941], [-87.71366617020202, 41.682207821987454]]]}, "properties": {"light_n": 7, "light_t": 0, "light_top": 96, "crime_n": 0, "crime_t": 0, "crime_top": null, "bv": "0-0", "crime_night_n": 0, "crime_night_t": 0, "crime_night_top": null, "bv_night": "0-0", "nta": "Mount Greenwood", "boro": "Chicago"}}, {"type": "Feature", "geometry": {"type": "Polygon", "coordinates": [[[-87.80291201101385, 41.78898463134545], [-87.80893019685256, 41.787173726949426], [-87.80955917198072, 41.78252752257561], [-87.80417111163263, 41.77969227659012], [-87.79815364141025, 41.781502723507586], [-87.79752351595083, 41.78614887383668], [-87.80291201101385, 41.78898463134545]]]}, "properties": {"light_n": 18, "light_t": 0, "light_top": 92, "crime_n": 8, "crime_t": 0, "crime_top": 87, "bv": "0-0", "crime_night_n": 3, "crime_night_t": 0, "crime_night_top": 90, "bv_night": "0-0", "nta": "Clearing", "boro": "Chicago"}}, {"type": "Feature", "geometry": {"type": "Polygon", "coordinates": [[[-87.88986736854791, 41.959145984320664], [-87.89590301982582, 41.95732573224686], [-87.89652540581376, 41.95266992580205], [-87.89111329965556, 41.94983442342476], [-87.88507836632148, 41.95165421566901], [-87.88445482123261, 41.95630997006735], [-87.88986736854791, 41.959145984320664]]]}, "properties": {"light_n": 1, "light_t": 0, "light_top": 100, "crime_n": 3, "crime_t": 0, "crime_top": 95, "bv": "0-0", "crime_night_n": 2, "crime_night_t": 0, "crime_night_top": 94, "bv_night": "0-0", "nta": "O'Hare", "boro": "Chicago"}}, {"type": "Feature", "geometry": {"type": "Polygon", "coordinates": [[[-87.60287347090129, 41.89796588802473], [-87.60891669810647, 41.89616181367624], [-87.60956762163414, 41.89150938521906], [-87.60417647310503, 41.88866108942908], [-87.59813397167427, 41.8904647080116], [-87.59748189303113, 41.895117078097506], [-87.60287347090129, 41.89796588802473]]]}, "properties": {"light_n": 3, "light_t": 0, "light_top": 98, "crime_n": 3, "crime_t": 0, "crime_top": 95, "bv": "0-0", "crime_night_n": 0, "crime_night_t": 0, "crime_night_top": null, "bv_night": "0-0", "nta": "Near North Side", "boro": "Chicago"}}, {"type": "Feature", "geometry": {"type": "Polygon", "coordinates": [[[-87.70600909546762, 41.73791154262118], [-87.71202588150466, 41.736106974707724], [-87.71266404278352, 41.73146364596295], [-87.70728656554506, 41.72862494126811], [-87.70127049680977, 41.73042905329718], [-87.70063118804299, 41.735072325853125], [-87.70600909546762, 41.73791154262118]]]}, "properties": {"light_n": 23, "light_t": 0, "light_top": 91, "crime_n": 6, "crime_t": 0, "crime_top": 90, "bv": "0-0", "crime_night_n": 0, "crime_night_t": 0, "crime_night_top": null, "bv_night": "0-0", "nta": "Ashburn", "boro": "Chicago"}}, {"type": "Feature", "geometry": {"type": "Polygon", "coordinates": [[[-87.63414405293001, 41.96445315471352], [-87.64019429814306, 41.962645579205855], [-87.64084295487154, 41.95798939959578], [-87.6354425249732, 41.95514085309659], [-87.6293930065676, 41.956947971951976], [-87.62874319128574, 41.96160409390617], [-87.63414405293001, 41.96445315471352]]]}, "properties": {"light_n": 13, "light_t": 0, "light_top": 94, "crime_n": 14, "crime_t": 0, "crime_top": 82, "bv": "0-0", "crime_night_n": 9, "crime_night_t": 0, "crime_night_top": 77, "bv_night": "0-0", "nta": "Uptown", "boro": "Chicago"}}, {"type": "Feature", "geometry": {"type": "Polygon", "coordinates": [[[-87.5264491846611, 41.742631548844116], [-87.5324762409107, 41.740835818936475], [-87.53313277556028, 41.736192199460426], [-87.52776340110742, 41.73334436994892], [-87.5217370683338, 41.735139646205965], [-87.52107938657025, 41.739783205572834], [-87.5264491846611, 41.742631548844116]]]}, "properties": {"light_n": 1, "light_t": 0, "light_top": 100, "crime_n": 3, "crime_t": 0, "crime_top": 95, "bv": "0-0", "crime_night_n": 0, "crime_night_t": 0, "crime_night_top": null, "bv_night": "0-0", "nta": "South Chicago", "boro": "Chicago"}}, {"type": "Feature", "geometry": {"type": "Polygon", "coordinates": [[[-87.79339675481773, 41.774021205646825], [-87.79941350949454, 41.77221121609278], [-87.80004325219664, 41.76756585908746], [-87.79465738981077, 41.76473054584445], [-87.78864135060867, 41.766540078150214], [-87.78801045834895, 41.771185380894856], [-87.79339675481773, 41.774021205646825]]]}, "properties": {"light_n": 1, "light_t": 0, "light_top": 100, "crime_n": 0, "crime_t": 0, "crime_top": null, "bv": "0-0", "crime_night_n": 0, "crime_night_t": 0, "crime_night_top": null, "bv_night": "0-0", "nta": null, "boro": "Chicago"}}, {"type": "Feature", "geometry": {"type": "Polygon", "coordinates": [[[-87.6115195995738, 41.87755367879327], [-87.61755969139581, 41.87574976347283], [-87.6182094435623, 41.87109849035979], [-87.6128202580645, 41.868251190705486], [-87.60678089108409, 41.870054650300794], [-87.60612998479269, 41.874705865223], [-87.6115195995738, 41.87755367879327]]]}, "properties": {"light_n": 9, "light_t": 0, "light_top": 95, "crime_n": 8, "crime_t": 0, "crime_top": 87, "bv": "0-0", "crime_night_n": 4, "crime_night_t": 0, "crime_night_top": 87, "bv_night": "0-0", "nta": "Loop", "boro": "Chicago"}}, {"type": "Feature", "geometry": {"type": "Polygon", "coordinates": [[[-87.59986048495237, 41.671810837730206], [-87.6058743929213, 41.67001350299226], [-87.60652245106226, 41.66537392462013], [-87.60115774513, 41.66253173947056], [-87.59514455597292, 41.66432862015156], [-87.59449535396874, 41.66896813998688], [-87.59986048495237, 41.671810837730206]]]}, "properties": {"light_n": 1, "light_t": 0, "light_top": 100, "crime_n": 1, "crime_t": 0, "crime_top": 100, "bv": "0-0", "crime_night_n": 0, "crime_night_t": 0, "crime_night_top": null, "bv_night": "0-0", "nta": "South Deering", "boro": "Chicago"}}, {"type": "Feature", "geometry": {"type": "Polygon", "coordinates": [[[-87.59791361146294, 41.685731472263505], [-87.60392943264104, 41.68393382789994], [-87.60457788375021, 41.67929345467212], [-87.59921165825853, 41.676450784328736], [-87.59319655638987, 41.67824797455683], [-87.59254696073599, 41.68288828921154], [-87.59791361146294, 41.685731472263505]]]}, "properties": {"light_n": 1, "light_t": 0, "light_top": 100, "crime_n": 0, "crime_t": 0, "crime_top": null, "bv": "0-0", "crime_night_n": 0, "crime_night_t": 0, "crime_night_top": null, "bv_night": "0-0", "nta": "South Deering", "boro": "Chicago"}}, {"type": "Feature", "geometry": {"type": "Polygon", "coordinates": [[[-87.82406784070743, 41.97449524347401], [-87.83010909218854, 41.97267783880431], [-87.83073842779092, 41.96802113847142], [-87.82532767161685, 41.96518189623779], [-87.81928714080195, 41.96699884178697], [-87.8186566455263, 41.97165548863754], [-87.82406784070743, 41.97449524347401]]]}, "properties": {"light_n": 3, "light_t": 0, "light_top": 98, "crime_n": 1, "crime_t": 0, "crime_top": 100, "bv": "0-0", "crime_night_n": 1, "crime_night_t": 0, "crime_night_top": 100, "bv_night": "0-0", "nta": "Norwood Park", "boro": "Chicago"}}, {"type": "Feature", "geometry": {"type": "Polygon", "coordinates": [[[-87.5959655571558, 41.699654490409884], [-87.60198329274414, 41.697856536655216], [-87.60263213717758, 41.6932153689315], [-87.59726439128202, 41.69037221351974], [-87.5912473755012, 41.69216971306049], [-87.59059738584098, 41.69681082217469], [-87.5959655571558, 41.699654490409884]]]}, "properties": {"light_n": 4, "light_t": 0, "light_top": 97, "crime_n": 23, "crime_t": 0, "crime_top": 76, "bv": "0-0", "crime_night_n": 9, "crime_night_t": 0, "crime_night_top": 77, "bv_night": "0-0", "nta": "Pullman", "boro": "Chicago"}}, {"type": "Feature", "geometry": {"type": "Polygon", "coordinates": [[[-87.61512354112342, 41.64502119649161], [-87.62113315152706, 41.64322388404697], [-87.62177928220603, 41.63858583824779], [-87.61641694510566, 41.635745163056995], [-87.61040805217243, 41.637542021450635], [-87.60976077890147, 41.642180009033936], [-87.61512354112342, 41.64502119649161]]]}, "properties": {"light_n": 2, "light_t": 0, "light_top": 99, "crime_n": 1, "crime_t": 0, "crime_top": 100, "bv": "0-0", "crime_night_n": 0, "crime_night_t": 0, "crime_night_top": null, "bv_night": "0-0", "nta": "Riverdale", "boro": "Chicago"}}, {"type": "Feature", "geometry": {"type": "Polygon", "coordinates": [[[-87.72596804278508, 41.71856853093751], [-87.73198123609518, 41.71676353461233], [-87.7326170968525, 41.71212131346299], [-87.72724091092428, 41.709284144348935], [-87.72122843364531, 41.71108868468278], [-87.72059142629504, 41.71573085006969], [-87.72596804278508, 41.71856853093751]]]}, "properties": {"light_n": 2, "light_t": 0, "light_top": 99, "crime_n": 0, "crime_t": 0, "crime_top": null, "bv": "0-0", "crime_night_n": 0, "crime_night_t": 0, "crime_night_top": null, "bv_night": "0-0", "nta": "Mount Greenwood", "boro": "Chicago"}}, {"type": "Feature", "geometry": {"type": "Polygon", "coordinates": [[[-87.66814161949353, 41.67806269524357], [-87.67415266915371, 41.676261771183476], [-87.67479386223039, 41.671621846814034], [-87.66942515007929, 41.66878290349675], [-87.66341481713803, 41.67058337259282], [-87.66277247966093, 41.67522323991798], [-87.66814161949353, 41.67806269524357]]]}, "properties": {"light_n": 4, "light_t": 0, "light_top": 97, "crime_n": 0, "crime_t": 0, "crime_top": null, "bv": "0-0", "crime_night_n": 0, "crime_night_t": 0, "crime_night_top": null, "bv_night": "0-0", "nta": "Morgan Park", "boro": "Chicago"}}, {"type": "Feature", "geometry": {"type": "Polygon", "coordinates": [[[-87.74299891695044, 41.8471087905475], [-87.74902792683312, 41.84529917523098], [-87.7496638153378, 41.8406496510993], [-87.74427184703126, 41.83780979755739], [-87.73824355659542, 41.83961895571477], [-87.73760651505103, 41.84426842452068], [-87.74299891695044, 41.8471087905475]]]}, "properties": {"light_n": 6, "light_t": 0, "light_top": 96, "crime_n": 2, "crime_t": 0, "crime_top": 97, "bv": "0-0", "crime_night_n": 2, "crime_night_t": 0, "crime_night_top": 94, "bv_night": "0-0", "nta": "South Lawndale", "boro": "Chicago"}}, {"type": "Feature", "geometry": {"type": "Polygon", "coordinates": [[[-87.57756994265003, 41.789688546407575], [-87.58360038952657, 41.78788888827116], [-87.5842523741248, 41.78324259452372], [-87.57887506150864, 41.78039601783256], [-87.57284533786478, 41.782195221322404], [-87.57219220363729, 41.78684145609762], [-87.57756994265003, 41.789688546407575]]]}, "properties": {"light_n": 4, "light_t": 0, "light_top": 97, "crime_n": 9, "crime_t": 0, "crime_top": 86, "bv": "0-0", "crime_night_n": 4, "crime_night_t": 0, "crime_night_top": 87, "bv_night": "0-0", "nta": "Hyde Park", "boro": "Chicago"}}, {"type": "Feature", "geometry": {"type": "Polygon", "coordinates": [[[-87.7334896811148, 41.83212951067056], [-87.73951725217617, 41.830320809557065], [-87.74015390629074, 41.82567213228626], [-87.73476414163792, 41.82283221161786], [-87.72873728987865, 41.82464045580272], [-87.72809948350192, 41.8292890775321], [-87.7334896811148, 41.83212951067056]]]}, "properties": {"light_n": 2, "light_t": 0, "light_top": 99, "crime_n": 0, "crime_t": 0, "crime_top": null, "bv": "0-0", "crime_night_n": 0, "crime_night_t": 0, "crime_night_top": null, "bv_night": "0-0", "nta": "South Lawndale", "boro": "Chicago"}}, {"type": "Feature", "geometry": {"type": "Polygon", "coordinates": [[[-87.8842544021533, 42.001061024781805], [-87.8902958456218, 41.999239823923546], [-87.89091937213452, 41.994581651235116], [-87.88550261640161, 41.991744731498216], [-87.87946189237422, 41.99356547228584], [-87.87883720466965, 41.998223592828175], [-87.8842544021533, 42.001061024781805]]]}, "properties": {"light_n": 1, "light_t": 0, "light_top": 100, "crime_n": 4, "crime_t": 0, "crime_top": 93, "bv": "0-0", "crime_night_n": 2, "crime_night_t": 0, "crime_night_top": 94, "bv_night": "0-0", "nta": "O'Hare", "boro": "Chicago"}}, {"type": "Feature", "geometry": {"type": "Polygon", "coordinates": [[[-87.73638089259404, 41.76887759192081], [-87.74240006624679, 41.76707059959972], [-87.74303555587024, 41.76242551639622], [-87.73765302099547, 41.75958748097123], [-87.73163456458194, 41.76139401679663], [-87.7309979258356, 41.76603904449033], [-87.73638089259404, 41.76887759192081]]]}, "properties": {"light_n": 16, "light_t": 0, "light_top": 93, "crime_n": 3, "crime_t": 0, "crime_top": 95, "bv": "0-0", "crime_night_n": 1, "crime_night_t": 0, "crime_night_top": 100, "bv_night": "0-0", "nta": "West Lawn", "boro": "Chicago"}}, {"type": "Feature", "geometry": {"type": "Polygon", "coordinates": [[[-87.70660610924782, 42.02761609571154], [-87.71266071361694, 42.0258030416451], [-87.71330282396752, 42.02114331625495], [-87.70789149195326, 42.018296700913616], [-87.70183761391817, 42.020109296945265], [-87.70119434159572, 42.024768966300236], [-87.70660610924782, 42.02761609571154]]]}, "properties": {"light_n": 2, "light_t": 0, "light_top": 99, "crime_n": 0, "crime_t": 0, "crime_top": null, "bv": "0-0", "crime_night_n": 0, "crime_night_t": 0, "crime_night_top": null, "bv_night": "0-0", "nta": "West Ridge", "boro": "Chicago"}}, {"type": "Feature", "geometry": {"type": "Polygon", "coordinates": [[[-87.90530688991078, 42.01706794723834], [-87.91134927789327, 42.01524522129132], [-87.9119708612392, 42.010586156991025], [-87.90655121869393, 42.00774987025939], [-87.90050954993184, 42.00957213575411], [-87.89988680452548, 42.01423114837989], [-87.90530688991078, 42.01706794723834]]]}, "properties": {"light_n": 1, "light_t": 0, "light_top": 100, "crime_n": 0, "crime_t": 0, "crime_top": null, "bv": "0-0", "crime_night_n": 0, "crime_night_t": 0, "crime_night_top": null, "bv_night": "0-0", "nta": "O'Hare", "boro": "Chicago"}}, {"type": "Feature", "geometry": {"type": "Polygon", "coordinates": [[[-87.84697425084084, 41.97653768691125], [-87.85301452025625, 41.97471907389382], [-87.85364153625282, 41.970062267352276], [-87.84822944271123, 41.96722412675374], [-87.84218989324478, 41.9690422803486], [-87.8415617174022, 41.97369903391182], [-87.84697425084084, 41.97653768691125]]]}, "properties": {"light_n": 5, "light_t": 0, "light_top": 96, "crime_n": 14, "crime_t": 0, "crime_top": 82, "bv": "0-0", "crime_night_n": 4, "crime_night_t": 0, "crime_night_top": 87, "bv_night": "0-0", "nta": "O'Hare", "boro": "Chicago"}}, {"type": "Feature", "geometry": {"type": "Polygon", "coordinates": [[[-87.85176010555257, 41.9840334755057], [-87.85780109498754, 41.982214402950234], [-87.85842772220506, 41.97755717573611], [-87.85301452025625, 41.97471907389382], [-87.84697425084084, 41.97653768691125], [-87.84634646338588, 41.98119486125622], [-87.85176010555257, 41.9840334755057]]]}, "properties": {"light_n": 4, "light_t": 0, "light_top": 97, "crime_n": 0, "crime_t": 0, "crime_top": null, "bv": "0-0", "crime_night_n": 0, "crime_night_t": 0, "crime_night_top": null, "bv_night": "0-0", "nta": "O'Hare", "boro": "Chicago"}}, {"type": "Feature", "geometry": {"type": "Polygon", "coordinates": [[[-87.57710165309047, 41.669717776198446], [-87.5831165098977, 41.66792163860924], [-87.58376685567464, 41.663282177559395], [-87.57840348835897, 41.66043891308073], [-87.57238935105973, 41.66223459691612], [-87.57173786160078, 41.66687399893182], [-87.57710165309047, 41.669717776198446]]]}, "properties": {"light_n": 2, "light_t": 0, "light_top": 99, "crime_n": 0, "crime_t": 0, "crime_top": null, "bv": "0-0", "crime_night_n": 0, "crime_night_t": 0, "crime_night_top": null, "bv_night": "0-0", "nta": "South Deering", "boro": "Chicago"}}, {"type": "Feature", "geometry": {"type": "Polygon", "coordinates": [[[-87.55238300180821, 41.68154008687331], [-87.55840071951351, 41.67974483872505], [-87.5590537482568, 41.675104701282656], [-87.55369020350832, 41.67225987150465], [-87.5476732065051, 41.67405466612451], [-87.54701903358112, 41.67869474399857], [-87.55238300180821, 41.68154008687331]]]}, "properties": {"light_n": 1, "light_t": 0, "light_top": 100, "crime_n": 0, "crime_t": 0, "crime_top": null, "bv": "0-0", "crime_night_n": 0, "crime_night_t": 0, "crime_night_top": null, "bv_night": "0-0", "nta": "South Deering", "boro": "Chicago"}}, {"type": "Feature", "geometry": {"type": "Polygon", "coordinates": [[[-87.58848097133485, 41.67076487619454], [-87.59449535396874, 41.66896813998688], [-87.59514455597292, 41.66432862015156], [-87.58978051914852, 41.661485895257165], [-87.58376685567464, 41.663282177559395], [-87.5831165098977, 41.66792163860924], [-87.58848097133485, 41.67076487619454]]]}, "properties": {"light_n": 1, "light_t": 0, "light_top": 100, "crime_n": 1, "crime_t": 0, "crime_top": 100, "bv": "0-0", "crime_night_n": 1, "crime_night_t": 0, "crime_night_top": 100, "bv_night": "0-0", "nta": "South Deering", "boro": "Chicago"}}, {"type": "Feature", "geometry": {"type": "Polygon", "coordinates": [[[-87.90424336171453, 41.9816235768784], [-87.91028116724138, 41.97980194462331], [-87.9109023827238, 41.97514487697068], [-87.90548695298332, 41.97230949323844], [-87.89944986560894, 41.97413066531766], [-87.8988274898534, 41.97878768125219], [-87.90424336171453, 41.9816235768784]]]}, "properties": {"light_n": 2, "light_t": 0, "light_top": 99, "crime_n": 88, "crime_t": 1, "crime_top": 45, "bv": "1-0", "crime_night_n": 32, "crime_night_t": 1, "crime_night_top": 49, "bv_night": "1-0", "nta": "O'Hare", "boro": "Chicago"}}, {"type": "Feature", "geometry": {"type": "Polygon", "coordinates": [[[-87.90797261837879, 41.953684481900936], [-87.91400656554646, 41.951863483820006], [-87.91462702346168, 41.94720799449835], [-87.90921469311999, 41.944373554857094], [-87.90318146310852, 41.946194092923236], [-87.90255984631325, 41.95084953059267], [-87.90797261837879, 41.953684481900936]]]}, "properties": {"light_n": 1, "light_t": 0, "light_top": 100, "crime_n": 0, "crime_t": 0, "crime_top": null, "bv": "0-0", "crime_night_n": 0, "crime_night_t": 0, "crime_night_top": null, "bv_night": "0-0", "nta": "O'Hare", "boro": "Chicago"}}, {"type": "Feature", "geometry": {"type": "Polygon", "coordinates": [[[-87.89278919055218, 41.98060870984684], [-87.8988274898534, 41.97878768125219], [-87.89944986560894, 41.97413066531766], [-87.89403510228239, 41.97129472989517], [-87.8879975214933, 41.97311529846439], [-87.8873739855495, 41.97777226242875], [-87.89278919055218, 41.98060870984684]]]}, "properties": {"light_n": 0, "light_t": 0, "light_top": null, "crime_n": 15, "crime_t": 0, "crime_top": 81, "bv": "0-0", "crime_night_n": 6, "crime_night_t": 0, "crime_night_top": 84, "bv_night": "0-0", "nta": "O'Hare", "boro": "Chicago"}}, {"type": "Feature", "geometry": {"type": "Polygon", "coordinates": [[[-87.87946189237422, 41.99356547228584], [-87.88550261640161, 41.991744731498216], [-87.88612653304224, 41.987086978986625], [-87.88071088648682, 41.9842500194654], [-87.87467088183058, 41.98607030029789], [-87.87404580438962, 41.99072800055393], [-87.87946189237422, 41.99356547228584]]]}, "properties": {"light_n": 0, "light_t": 0, "light_top": null, "crime_n": 2, "crime_t": 0, "crime_top": 97, "bv": "0-0", "crime_night_n": 2, "crime_night_t": 0, "crime_night_top": 94, "bv_night": "0-0", "nta": "O'Hare", "boro": "Chicago"}}, {"type": "Feature", "geometry": {"type": "Polygon", "coordinates": [[[-87.81261490376052, 41.97347228899413], [-87.8186566455263, 41.97165548863754], [-87.81928714080195, 41.96699884178697], [-87.81387705392977, 41.96415904897449], [-87.80783603318855, 41.965975390361734], [-87.80720437832643, 41.970631983478036], [-87.81261490376052, 41.97347228899413]]]}, "properties": {"light_n": 0, "light_t": 0, "light_top": null, "crime_n": 1, "crime_t": 0, "crime_top": 100, "bv": "0-0", "crime_night_n": 0, "crime_night_t": 0, "crime_night_top": null, "bv_night": "0-0", "nta": "Norwood Park", "boro": "Chicago"}}, {"type": "Feature", "geometry": {"type": "Polygon", "coordinates": [[[-87.89758235841981, 41.988102501783544], [-87.90362137630284, 41.986281013048014], [-87.90424336171453, 41.9816235768784], [-87.8988274898534, 41.97878768125219], [-87.89278919055218, 41.98060870984684], [-87.89216604456112, 41.98526609415577], [-87.89758235841981, 41.988102501783544]]]}, "properties": {"light_n": 0, "light_t": 0, "light_top": null, "crime_n": 6, "crime_t": 0, "crime_top": 90, "bv": "0-0", "crime_night_n": 6, "crime_night_t": 0, "crime_night_top": 84, "bv_night": "0-0", "nta": "O'Hare", "boro": "Chicago"}}, {"type": "Feature", "geometry": {"type": "Polygon", "coordinates": [[[-87.59319655638987, 41.67824797455683], [-87.59921165825853, 41.676450784328736], [-87.59986048495237, 41.671810837730206], [-87.59449535396874, 41.66896813998688], [-87.58848097133485, 41.67076487619454], [-87.58783100048235, 41.67540476411373], [-87.59319655638987, 41.67824797455683]]]}, "properties": {"light_n": 0, "light_t": 0, "light_top": null, "crime_n": 1, "crime_t": 0, "crime_top": 100, "bv": "0-0", "crime_night_n": 1, "crime_night_t": 0, "crime_night_top": 100, "bv_night": "0-0", "nta": "South Deering", "boro": "Chicago"}}, {"type": "Feature", "geometry": {"type": "Polygon", "coordinates": [[[-87.57790900980412, 41.70504686248286], [-87.58392841563024, 41.703249653417615], [-87.58457917517748, 41.69860817661603], [-87.5792116743631, 41.695763967828746], [-87.57319298911699, 41.69756072286854], [-87.57254108413798, 41.702202140668824], [-87.57790900980412, 41.70504686248286]]]}, "properties": {"light_n": 0, "light_t": 0, "light_top": null, "crime_n": 1, "crime_t": 0, "crime_top": 100, "bv": "0-0", "crime_night_n": 1, "crime_night_t": 0, "crime_night_top": 100, "bv_night": "0-0", "nta": "South Deering", "boro": "Chicago"}}, {"type": "Feature", "geometry": {"type": "Polygon", "coordinates": [[[-87.73452390775495, 41.698196239383236], [-87.74053399214296, 41.696391414893945], [-87.741168701746, 41.69175035820384], [-87.73579447260363, 41.68891418153655], [-87.72978510332902, 41.690718550078685], [-87.7291492481149, 41.69535955118299], [-87.73452390775495, 41.698196239383236]]]}, "properties": {"light_n": 0, "light_t": 0, "light_top": null, "crime_n": 2, "crime_t": 0, "crime_top": 97, "bv": "0-0", "crime_night_n": 0, "crime_night_t": 0, "crime_night_top": null, "bv_night": "0-0", "nta": "Mount Greenwood", "boro": "Chicago"}}, {"type": "Feature", "geometry": {"type": "Polygon", "coordinates": [[[-87.6512190262699, 42.00845325745115], [-87.65727411818735, 42.00664354654051], [-87.65792164196463, 42.00198489042534], [-87.65251523467964, 41.99913600242906], [-87.64646087037659, 42.00094525614705], [-87.64581218577693, 42.00560385500121], [-87.6512190262699, 42.00845325745115]]]}, "properties": {"light_n": 0, "light_t": 0, "light_top": null, "crime_n": 3, "crime_t": 0, "crime_top": 95, "bv": "0-0", "crime_night_n": 2, "crime_night_t": 0, "crime_night_top": 94, "bv_night": "0-0", "nta": "Rogers Park", "boro": "Chicago"}}, {"type": "Feature", "geometry": {"type": "Polygon", "coordinates": [[[-87.88612653304224, 41.987086978986625], [-87.89216604456112, 41.98526609415577], [-87.89278919055218, 41.98060870984684], [-87.8873739855495, 41.97777226242875], [-87.88133519297213, 41.97959268726927], [-87.88071088648682, 41.9842500194654], [-87.88612653304224, 41.987086978986625]]]}, "properties": {"light_n": 0, "light_t": 0, "light_top": null, "crime_n": 2, "crime_t": 0, "crime_top": 97, "bv": "0-0", "crime_night_n": 1, "crime_night_t": 0, "crime_night_top": 100, "bv_night": "0-0", "nta": "O'Hare", "boro": "Chicago"}}, {"type": "Feature", "geometry": {"type": "Polygon", "coordinates": [[[-87.92529285079146, 41.997623250009006], [-87.9313315978384, 41.995800093188485], [-87.93195087042784, 41.99114213417693], [-87.92653255714079, 41.988307383179695], [-87.92049452802473, 41.99013007944306], [-87.91987409429554, 41.99478798720799], [-87.92529285079146, 41.997623250009006]]]}, "properties": {"light_n": 0, "light_t": 0, "light_top": null, "crime_n": 1, "crime_t": 0, "crime_top": 100, "bv": "0-0", "crime_night_n": 0, "crime_night_t": 0, "crime_night_top": null, "bv_night": "0-0", "nta": "O'Hare", "boro": "Chicago"}}, {"type": "Feature", "geometry": {"type": "Polygon", "coordinates": [[[-87.89652540581376, 41.95266992580205], [-87.90255984631325, 41.95084953059267], [-87.90318146310852, 41.946194092923236], [-87.89776979823047, 41.943359102314446], [-87.89173607524623, 41.94517903765933], [-87.89111329965556, 41.94983442342476], [-87.89652540581376, 41.95266992580205]]]}, "properties": {"light_n": 0, "light_t": 0, "light_top": null, "crime_n": 1, "crime_t": 0, "crime_top": 100, "bv": "0-0", "crime_night_n": 1, "crime_night_t": 0, "crime_night_top": 100, "bv_night": "0-0", "nta": "O'Hare", "boro": "Chicago"}}, {"type": "Feature", "geometry": {"type": "Polygon", "coordinates": [[[-87.92421448070559, 41.96218815395024], [-87.9302486509101, 41.96036609281119], [-87.93086755908735, 41.9557101317382], [-87.92545345644528, 41.95287628304236], [-87.91942000310668, 41.95469788390106], [-87.91879993557484, 41.959353793683185], [-87.92421448070559, 41.96218815395024]]]}, "properties": {"light_n": 0, "light_t": 0, "light_top": null, "crime_n": 1, "crime_t": 0, "crime_top": 100, "bv": "0-0", "crime_night_n": 0, "crime_night_t": 0, "crime_night_top": null, "bv_night": "0-0", "nta": "O'Hare", "boro": "Chicago"}}, {"type": "Feature", "geometry": {"type": "Polygon", "coordinates": [[[-87.80024768617622, 42.02187184427859], [-87.80629644330452, 42.020054250319376], [-87.80692886821576, 42.015394872772376], [-87.80151369801352, 42.01255314311216], [-87.79546566384616, 42.014370277899076], [-87.79483207695176, 42.01902960146568], [-87.80024768617622, 42.02187184427859]]]}, "properties": {"light_n": 0, "light_t": 0, "light_top": null, "crime_n": 4, "crime_t": 0, "crime_top": 93, "bv": "0-0", "crime_night_n": 0, "crime_night_t": 0, "crime_night_top": null, "bv_night": "0-0", "nta": "Edison Park", "boro": "Chicago"}}, {"type": "Feature", "geometry": {"type": "Polygon", "coordinates": [[[-87.88133519297213, 41.97959268726927], [-87.8873739855495, 41.97777226242875], [-87.8879975214933, 41.97311529846439], [-87.88258342499377, 41.97027881151001], [-87.87654535128802, 41.97209877647567], [-87.87592065524112, 41.976755688217786], [-87.88133519297213, 41.97959268726927]]]}, "properties": {"light_n": 0, "light_t": 0, "light_top": null, "crime_n": 4, "crime_t": 0, "crime_top": 93, "bv": "0-0", "crime_night_n": 0, "crime_night_t": 0, "crime_night_top": null, "bv_night": "0-0", "nta": "O'Hare", "boro": "Chicago"}}, {"type": "Feature", "geometry": {"type": "Polygon", "coordinates": [[[-87.88320735060731, 41.96562226802873], [-87.88924421295395, 41.96380215936946], [-87.88986736854791, 41.959145984320664], [-87.88445482123261, 41.95630997006735], [-87.8784186772586, 41.958129618932105], [-87.87779436225814, 41.962785741791926], [-87.88320735060731, 41.96562226802873]]]}, "properties": {"light_n": 0, "light_t": 0, "light_top": null, "crime_n": 2, "crime_t": 0, "crime_top": 97, "bv": "0-0", "crime_night_n": 1, "crime_night_t": 0, "crime_night_top": 100, "bv_night": "0-0", "nta": "O'Hare", "boro": "Chicago"}}, {"type": "Feature", "geometry": {"type": "Polygon", "coordinates": [[[-87.91276527118177, 41.961175251894296], [-87.91879993557484, 41.959353793683185], [-87.91942000310668, 41.95469788390106], [-87.91400656554646, 41.951863483820006], [-87.90797261837879, 41.953684481900936], [-87.90735139157665, 41.958340340140325], [-87.91276527118177, 41.961175251894296]]]}, "properties": {"light_n": 0, "light_t": 0, "light_top": null, "crime_n": 2, "crime_t": 0, "crime_top": 97, "bv": "0-0", "crime_night_n": 2, "crime_night_t": 0, "crime_night_top": 94, "bv_night": "0-0", "nta": "O'Hare", "boro": "Chicago"}}, {"type": "Feature", "geometry": {"type": "Polygon", "coordinates": [[[-87.88904841180455, 42.00855695739286], [-87.89509057478408, 42.006735296348474], [-87.89571371088546, 42.00207670362194], [-87.8902958456218, 41.999239823923546], [-87.8842544021533, 42.001061024781805], [-87.8836301044684, 42.005719565471786], [-87.88904841180455, 42.00855695739286]]]}, "properties": {"light_n": 0, "light_t": 0, "light_top": null, "crime_n": 1, "crime_t": 0, "crime_top": 100, "bv": "0-0", "crime_night_n": 1, "crime_night_t": 0, "crime_night_top": 100, "bv_night": "0-0", "nta": "O'Hare", "boro": "Chicago"}}]}