{"type": "FeatureCollection", "meta": {"h3_res": 8, "percentile_method": "Each cell gets a lighting percentile (satellite radiance, 0 = darkest) and a NIGHTTIME violent-crime percentile (8 PM-6 AM, 0 = lowest); the sliders flag cells at or below a lighting percentile AND at or above a crime percentile", "generated": "2026-05-26", "crime": {"first_date": "2023-01-01", "last_date": "2026-04-30", "total_points": 126727, "night_total_points": 64838, "cuts": {"mid": 47, "high": 248}, "night_cuts": {"mid": 28, "high": 130}, "time_of_day": "night only (8 PM - 6 AM)"}, "n_cells": 530, "lightingQ": [6.4, 9.6, 12.3, 14.5, 15.9, 18.0, 19.2, 20.4, 22.0, 22.8, 23.7, 24.5, 26.0, 27.9, 28.6, 30.0, 30.6, 31.4, 32.1, 32.9, 33.9, 34.6, 35.5, 36.0, 36.6, 36.7, 37.4, 38.2, 38.8, 39.6, 40.2, 40.5, 41.5, 42.3, 43.4, 44.3, 45.3, 45.7, 46.5, 48.2, 48.6, 48.9, 49.2, 49.4, 50.3, 51.1, 52.2, 52.6, 52.9, 53.7, 54.2, 54.9, 55.9, 57.1, 58.4, 58.7, 59.0, 60.0, 60.9, 61.4, 62.7, 63.8, 64.5, 65.7, 66.8, 68.0, 69.1, 69.8, 71.0, 71.6, 72.2, 73.4, 73.9, 74.9, 76.3, 77.6, 78.2, 79.4, 80.3, 81.5, 82.7, 83.6, 85.2, 86.9, 88.0, 90.8, 93.0, 94.7, 95.8, 97.1, 99.1, 101.7, 108.8, 112.8, 115.2, 131.8, 136.1, 144.7, 156.2, 184.9, 255.9], "crimeQ": [0, 0, 0, 0, 0, 1, 1, 1, 1, 1, 2, 2, 2, 3, 3, 3, 3, 4, 4, 5, 6, 6, 7, 9, 9, 10, 12, 13, 15, 16, 17, 19, 22, 22, 24, 26, 28, 30, 32, 35, 36, 39, 40, 42, 45, 48, 50, 52, 53, 56, 58, 61, 63, 67, 69, 72, 75, 78, 79, 82, 91, 98, 102, 105, 108, 114, 120, 122, 130, 138, 140, 152, 156, 176, 182, 188, 198, 204, 210, 216, 222, 230, 242, 252, 258, 279, 289, 299, 310, 325, 336, 357, 375, 384, 416, 444, 464, 491, 549, 638, 1394], "lighting": {"label": "VIIRS annual radiance, 2023", "year": 2023, "source": "NASA Black Marble VNP46A4 annual radiance (LAADS DAAC)", "units": "nW/cm2/sr"}}, "features": [{"type": "Feature", "geometry": {"type": "Polygon", "coordinates": [[[-75.1023093941813, 40.052198420284654], [-75.10857397382334, 40.05109150923627], [-75.1104063966616, 40.04665131716041], [-75.10597514837953, 40.043318344168284], [-75.09971154667988, 40.044425015428565], [-75.09787821542253, 40.048864899437014], [-75.1023093941813, 40.052198420284654]]]}, "properties": {"light_n": 42.0, "light_pctl": 33, "crime_n": 122, "crime_pctl": 67, "nta": "Lawndale", "boro": "Philadelphia"}}, {"type": "Feature", "geometry": {"type": "Polygon", "coordinates": [[[-75.19177008241205, 39.93349915683484], [-75.1980171410852, 39.93238893741205], [-75.19983666765208, 39.92795404659811], [-75.19541004144608, 39.92462968107258], [-75.18916395433311, 39.92573965938751], [-75.18734352196738, 39.93017424430366], [-75.19177008241205, 39.93349915683484]]]}, "properties": {"light_n": 78.7, "light_pctl": 77, "crime_n": 176, "crime_pctl": 73, "nta": "Grays Ferry", "boro": "Philadelphia"}}, {"type": "Feature", "geometry": {"type": "Polygon", "coordinates": [[[-75.24777005745507, 39.9523223599987], [-75.25401845671195, 39.951208875097414], [-75.25583350410965, 39.94677196789133], [-75.2514010600753, 39.94344885055017], [-75.24515363221633, 39.94456209320061], [-75.24333767709513, 39.948998695410744], [-75.24777005745507, 39.9523223599987]]]}, "properties": {"light_n": 43.7, "light_pctl": 35, "crime_n": 62, "crime_pctl": 52, "nta": "Cobbs Creek", "boro": "Philadelphia"}}, {"type": "Feature", "geometry": {"type": "Polygon", "coordinates": [[[-75.21834272143055, 39.95344827885321], [-75.22459187272496, 39.95233636707184], [-75.22640969788121, 39.947899885858526], [-75.22197927897933, 39.9445756219184], [-75.21573109962144, 39.94568729201141], [-75.21391236733037, 39.950123467700664], [-75.21834272143055, 39.95344827885321]]]}, "properties": {"light_n": 58.9, "light_pctl": 55, "crime_n": 143, "crime_pctl": 71, "nta": "Cedar Park", "boro": "Philadelphia"}}, {"type": "Feature", "geometry": {"type": "Polygon", "coordinates": [[[-75.02382490733639, 40.11544046145559], [-75.03009945770123, 40.11433700226657], [-75.03194164149417, 40.109894531195415], [-75.02751018416562, 40.10655582905193], [-75.02123661566759, 40.107659049758865], [-75.01939352273467, 40.11210121105943], [-75.02382490733639, 40.11544046145559]]]}, "properties": {"light_n": 45.8, "light_pctl": 38, "crime_n": 79, "crime_pctl": 58, "nta": "Somerton", "boro": "Philadelphia"}}, {"type": "Feature", "geometry": {"type": "Polygon", "coordinates": [[[-75.04005650481969, 40.10434840852128], [-75.04632925671038, 40.103244208800405], [-75.04816949763423, 40.09880209394761], [-75.04373789583876, 40.0954644882119], [-75.03746612508527, 40.09656844917335], [-75.03562497509328, 40.101010254597966], [-75.04005650481969, 40.10434840852128]]]}, "properties": {"light_n": 27.9, "light_pctl": 13, "crime_n": 5, "crime_pctl": 20, "nta": "Bustleton", "boro": "Philadelphia"}}, {"type": "Feature", "geometry": {"type": "Polygon", "coordinates": [[[-75.08319921682448, 40.08439198832684], [-75.08946845206276, 40.08328570253364], [-75.09130390190757, 40.078843994441314], [-75.08687102585863, 40.07550888067501], [-75.08060277021383, 40.076614926940564], [-75.07876641112739, 40.08105632646802], [-75.08319921682448, 40.08439198832684]]]}, "properties": {"light_n": 33.3, "light_pctl": 20, "crime_n": 26, "crime_pctl": 35, "nta": "Fox Chase", "boro": "Philadelphia"}}, {"type": "Feature", "geometry": {"type": "Polygon", "coordinates": [[[-75.12399384265164, 40.0277853304137], [-75.13025474873454, 40.026677557789256], [-75.13208420954894, 40.022238396380004], [-75.12765367233442, 40.018907315125894], [-75.12139374282397, 40.02001484762628], [-75.11956337405795, 40.024453701472765], [-75.12399384265164, 40.0277853304137]]]}, "properties": {"light_n": 75.0, "light_pctl": 73, "crime_n": 316, "crime_pctl": 88, "nta": "Feltonville", "boro": "Philadelphia"}}, {"type": "Feature", "geometry": {"type": "Polygon", "coordinates": [[[-75.1675591702278, 39.95013340726485], [-75.17380891910906, 39.94902427898185], [-75.17563133402254, 39.944588837677884], [-75.17120490607108, 39.94126283103347], [-75.16495612983671, 39.94237171861767], [-75.1631328090086, 39.94680685351298], [-75.1675591702278, 39.95013340726485]]]}, "properties": {"light_n": 136.1, "light_pctl": 96, "crime_n": 277, "crime_pctl": 85, "nta": "Rittenhouse", "boro": "Philadelphia"}}, {"type": "Feature", "geometry": {"type": "Polygon", "coordinates": [[[-75.02935230546558, 40.102113845568866], [-75.03562497509328, 40.101010254597966], [-75.03746612508527, 40.09656844917335], [-75.03303551430088, 40.093230544294435], [-75.02676382589473, 40.09433389672089], [-75.0249217671547, 40.09877539253875], [-75.02935230546558, 40.102113845568866]]]}, "properties": {"light_n": 57.9, "light_pctl": 54, "crime_n": 45, "crime_pctl": 44, "nta": "Bustleton", "boro": "Philadelphia"}}, {"type": "Feature", "geometry": {"type": "Polygon", "coordinates": [[[-75.11330254637033, 40.02556086726201], [-75.11956337405795, 40.024453701472765], [-75.12139374282397, 40.02001484762628], [-75.11696419163907, 40.016683467278376], [-75.11070434060967, 40.017790393157696], [-75.10887306420935, 40.02222893926279], [-75.11330254637033, 40.02556086726201]]]}, "properties": {"light_n": 54.2, "light_pctl": 50, "crime_n": 363, "crime_pctl": 91, "nta": "Feltonville", "boro": "Philadelphia"}}, {"type": "Feature", "geometry": {"type": "Polygon", "coordinates": [[[-75.20220318479592, 39.96454452582567], [-75.20845413246464, 39.96343334120153], [-75.21027388384346, 39.95899649234559], [-75.2058435948685, 39.955671133946446], [-75.19959361986209, 39.956782077154706], [-75.19777296126992, 39.96121862014578], [-75.20220318479592, 39.96454452582567]]]}, "properties": {"light_n": 100.4, "light_pctl": 91, "crime_n": 366, "crime_pctl": 92, "nta": "West Powelton", "boro": "Philadelphia"}}, {"type": "Feature", "geometry": {"type": "Polygon", "coordinates": [[[-75.18319544447749, 39.99671903234009], [-75.18945103503916, 39.995608458249485], [-75.19127379188073, 39.99117008155586], [-75.18684186630139, 39.9878425852805], [-75.180587250044, 39.98895291821077], [-75.1787635851636, 39.99339098854454], [-75.18319544447749, 39.99671903234009]]]}, "properties": {"light_n": 55.3, "light_pctl": 52, "crime_n": 459, "crime_pctl": 96, "nta": "Strawberry Mansion", "boro": "Philadelphia"}}, {"type": "Feature", "geometry": {"type": "Polygon", "coordinates": [[[-75.06795738855342, 40.00888352486549], [-75.07421692114904, 40.00777902467964], [-75.07605085788835, 40.00334189154833], [-75.07162616814414, 40.00000956703326], [-75.06536761226901, 40.001113828242204], [-75.06353276952007, 40.005550652911175], [-75.06795738855342, 40.00888352486549]]]}, "properties": {"light_n": 79.4, "light_pctl": 77, "crime_n": 45, "crime_pctl": 44, "nta": "Bridesburg", "boro": "Philadelphia"}}, {"type": "Feature", "geometry": {"type": "Polygon", "coordinates": [[[-75.14017271110383, 40.01669127701883], [-75.1464318200998, 40.01558277151541], [-75.14825934763907, 40.01114397284204], [-75.1438286741606, 40.007813986861294], [-75.13757054100974, 40.00892225196606], [-75.13574210559446, 40.01336074341814], [-75.14017271110383, 40.01669127701883]]]}, "properties": {"light_n": 81.3, "light_pctl": 79, "crime_n": 476, "crime_pctl": 96, "nta": "Hunting Park", "boro": "Philadelphia"}}, {"type": "Feature", "geometry": {"type": "Polygon", "coordinates": [[[-75.16416199093145, 40.02890360498996], [-75.17042222985194, 40.02779364521823], [-75.17224799822334, 40.023353743954125], [-75.167814436641, 40.020024109285075], [-75.1615551736701, 40.02113382815321], [-75.15972849643414, 40.0255734225618], [-75.16416199093145, 40.02890360498996]]]}, "properties": {"light_n": 71.8, "light_pctl": 70, "crime_n": 307, "crime_pctl": 88, "nta": "Southwest Germantown", "boro": "Philadelphia"}}, {"type": "Feature", "geometry": {"type": "Polygon", "coordinates": [[[-75.07249725622721, 40.08216200397132], [-75.07876641112739, 40.08105632646802], [-75.08060277021383, 40.076614926940564], [-75.07617088342563, 40.07327951362802], [-75.06990270820411, 40.0743849518184], [-75.0680654401951, 40.07882604260221], [-75.07249725622721, 40.08216200397132]]]}, "properties": {"light_n": 32.3, "light_pctl": 18, "crime_n": 30, "crime_pctl": 38, "nta": "Fox Chase", "boro": "Philadelphia"}}, {"type": "Feature", "geometry": {"type": "Polygon", "coordinates": [[[-75.1568831364019, 39.94791537697673], [-75.1631328090086, 39.94680685351298], [-75.16495612983671, 39.94237171861767], [-75.16053068375932, 39.93904541374102], [-75.15428198388578, 39.94015369671936], [-75.15245775745818, 39.94458852502769], [-75.1568831364019, 39.94791537697673]]]}, "properties": {"light_n": 141.9, "light_pctl": 96, "crime_n": 251, "crime_pctl": 83, "nta": "Washington Square West", "boro": "Philadelphia"}}, {"type": "Feature", "geometry": {"type": "Polygon", "coordinates": [[[-75.06212420760556, 40.05105821696819], [-75.06838944546722, 40.04995349625741], [-75.07022556110384, 40.045514049210844], [-75.06579734648244, 40.04217963161707], [-75.05953308718236, 40.04328411332096], [-75.05769606404488, 40.04772325159354], [-75.06212420760556, 40.05105821696819]]]}, "properties": {"light_n": 85.0, "light_pctl": 82, "crime_n": 252, "crime_pctl": 84, "nta": "Oxford Circle", "boro": "Philadelphia"}}, {"type": "Feature", "geometry": {"type": "Polygon", "coordinates": [[[-75.01125091089968, 40.047669688875956], [-75.01751671785988, 40.04656776611388], [-75.0193574305511, 40.04212937644748], [-75.014933242646, 40.03879321916889], [-75.00866841494724, 40.039894903920356], [-75.00682679599512, 40.04433298392918], [-75.01125091089968, 40.047669688875956]]]}, "properties": {"light_n": 51.5, "light_pctl": 45, "crime_n": 80, "crime_pctl": 58, "nta": "Holmesburg", "boro": "Philadelphia"}}, {"type": "Feature", "geometry": {"type": "Polygon", "coordinates": [[[-75.03556487430285, 40.031048181395924], [-75.04182799227162, 40.02994515238833], [-75.04366579904233, 40.025507299798186], [-75.03924139410117, 40.02217278532893], [-75.03297925430452, 40.02327557591119], [-75.03114054137967, 40.02771311935617], [-75.03556487430285, 40.031048181395924]]]}, "properties": {"light_n": 73.9, "light_pctl": 72, "crime_n": 177, "crime_pctl": 73, "nta": "Tacony", "boro": "Philadelphia"}}, {"type": "Feature", "geometry": {"type": "Polygon", "coordinates": [[[-75.1808420495094, 39.96011296880499], [-75.18709284705179, 39.95900299463572], [-75.18891441254237, 39.95456675768818], [-75.18448608717553, 39.9512408010999], [-75.17823626246937, 39.952350534280136], [-75.17641379039547, 39.956786465005536], [-75.1808420495094, 39.96011296880499]]]}, "properties": {"light_n": 184.9, "light_pctl": 99, "crime_n": 108, "crime_pctl": 64, "nta": "University City", "boro": "Philadelphia"}}, {"type": "Feature", "geometry": {"type": "Polygon", "coordinates": [[[-74.9843407909676, 40.056512517060696], [-74.99060830652955, 40.055411940593515], [-74.99245186445044, 40.05097350407637], [-74.98802881292397, 40.047635954171874], [-74.981762277433, 40.04873629312015], [-74.97991781350066, 40.05317441946005], [-74.9843407909676, 40.056512517060696]]]}, "properties": {"light_n": 29.7, "light_pctl": 15, "crime_n": 18, "crime_pctl": 31, "nta": "Torresdale", "boro": "Philadelphia"}}, {"type": "Feature", "geometry": {"type": "Polygon", "coordinates": [[[-75.18109653848006, 39.931283859313396], [-75.18734352196738, 39.93017424430366], [-75.18916395433311, 39.92573965938751], [-75.18473830879736, 39.922414995525095], [-75.17849229695696, 39.92352436964012], [-75.17667095910686, 39.92795864848014], [-75.18109653848006, 39.931283859313396]]]}, "properties": {"light_n": 82.7, "light_pctl": 80, "crime_n": 309, "crime_pctl": 88, "nta": "West Passyunk", "boro": "Philadelphia"}}, {"type": "Feature", "geometry": {"type": "Polygon", "coordinates": [[[-75.2342528125701, 39.97118507519131], [-75.24050398205036, 39.97007207430292], [-75.24232100990055, 39.96563430892553], [-75.23788777652952, 39.96230984973242], [-75.2316375794488, 39.96342260856475], [-75.22981964344109, 39.96786006861394], [-75.2342528125701, 39.97118507519131]]]}, "properties": {"light_n": 73.8, "light_pctl": 72, "crime_n": 670, "crime_pctl": 99, "nta": "Haddington", "boro": "Philadelphia"}}, {"type": "Feature", "geometry": {"type": "Polygon", "coordinates": [[[-75.15921734491488, 39.98451587550868], [-75.16547180903814, 39.983406754274206], [-75.16729632411726, 39.978969479536985], [-75.16286728222778, 39.975641632727566], [-75.15661379230559, 39.976750513306065], [-75.15478837017375, 39.981187481317825], [-75.15921734491488, 39.98451587550868]]]}, "properties": {"light_n": 159.6, "light_pctl": 98, "crime_n": 593, "crime_pctl": 99, "nta": "North Central", "boro": "Philadelphia"}}, {"type": "Feature", "geometry": {"type": "Polygon", "coordinates": [[[-75.2235685474474, 39.96897246400347], [-75.22981964344109, 39.96786006861394], [-75.2316375794488, 39.96342260856475], [-75.22720532740729, 39.960097849380006], [-75.22095520390098, 39.961210002926876], [-75.21913636005036, 39.96564715746889], [-75.2235685474474, 39.96897246400347]]]}, "properties": {"light_n": 73.7, "light_pctl": 72, "crime_n": 644, "crime_pctl": 99, "nta": "Haddington", "boro": "Philadelphia"}}, {"type": "Feature", "geometry": {"type": "Polygon", "coordinates": [[[-75.22879781942805, 39.98449959624868], [-75.23505086122331, 39.98338671694222], [-75.23686890780326, 39.97894827836117], [-75.23243482124134, 39.97562302454446], [-75.2261827524847, 39.976735661853844], [-75.224363797353, 39.98117379494474], [-75.22879781942805, 39.98449959624868]]]}, "properties": {"light_n": 69.8, "light_pctl": 67, "crime_n": 318, "crime_pctl": 89, "nta": "Wynnefield", "boro": "Philadelphia"}}, {"type": "Feature", "geometry": {"type": "Polygon", "coordinates": [[[-75.16208801390259, 39.96344095240762], [-75.16833963280395, 39.96233194774261], [-75.17016306859135, 39.95789583406415], [-75.16573579188571, 39.95456903158962], [-75.15948514626976, 39.95567779561559], [-75.15766080417582, 39.96011360272302], [-75.16208801390259, 39.96344095240762]]]}, "properties": {"light_n": 185.4, "light_pctl": 99, "crime_n": 357, "crime_pctl": 91, "nta": "Logan Square", "boro": "Philadelphia"}}, {"type": "Feature", "geometry": {"type": "Polygon", "coordinates": [[[-75.10032008887254, 39.98671587374248], [-75.10657603604702, 39.985609906736485], [-75.10840610792944, 39.98117349689377], [-75.10398113860222, 39.977843361805014], [-75.09772616669751, 39.97894908928415], [-75.09589518895244, 39.9833851913469], [-75.10032008887254, 39.98671587374248]]]}, "properties": {"light_n": 88.0, "light_pctl": 84, "crime_n": 103, "crime_pctl": 62, "nta": "Richmond", "boro": "Philadelphia"}}, {"type": "Feature", "geometry": {"type": "Polygon", "coordinates": [[[-75.07895961817391, 39.982264328291585], [-75.08521540635198, 39.98115957257881], [-75.08704728964287, 39.976723778474145], [-75.08262429008677, 39.97339304818638], [-75.07636947734825, 39.97449756479996], [-75.07453668882853, 39.97893305076856], [-75.07895961817391, 39.982264328291585]]]}, "properties": {"light_n": 30.0, "light_pctl": 15, "crime_n": 0, "crime_pctl": 4, "nta": "Richmond", "boro": "Philadelphia"}}, {"type": "Feature", "geometry": {"type": "Polygon", "coordinates": [[[-75.14770907041827, 40.06887238970841], [-75.15397494104637, 40.06776280732608], [-75.15580378521628, 40.06332089651997], [-75.15136766890708, 40.05998887540766], [-75.14510277615548, 40.06109821706742], [-75.1432730219391, 40.065539820529864], [-75.14770907041827, 40.06887238970841]]]}, "properties": {"light_n": 44.9, "light_pctl": 36, "crime_n": 258, "crime_pctl": 84, "nta": "West Oak Lane", "boro": "Philadelphia"}}, {"type": "Feature", "geometry": {"type": "Polygon", "coordinates": [[[-74.98654625521287, 40.09316651938737], [-74.99281859126162, 40.09206536261252], [-74.99466337432425, 40.08762479668563], [-74.99023672890814, 40.084285697821954], [-74.98396537441585, 40.085386616912395], [-74.98211968388658, 40.089826872519076], [-74.98654625521287, 40.09316651938737]]]}, "properties": {"light_n": 39.3, "light_pctl": 29, "crime_n": 12, "crime_pctl": 27, "nta": "Northeast Phila Airport", "boro": "Philadelphia"}}, {"type": "Feature", "geometry": {"type": "Polygon", "coordinates": [[[-75.10810699239323, 40.0100206565244], [-75.11436586704232, 40.00891397047834], [-75.11619611725891, 40.00447609400469], [-75.1117683998538, 40.001145211301974], [-75.10551050130724, 40.0022516575914], [-75.10367934416558, 40.00668922630813], [-75.10810699239323, 40.0100206565244]]]}, "properties": {"light_n": 89.5, "light_pctl": 85, "crime_n": 105, "crime_pctl": 63, "nta": "Juniata Park", "boro": "Philadelphia"}}, {"type": "Feature", "geometry": {"type": "Polygon", "coordinates": [[[-75.05335491551844, 40.11436276908709], [-75.059628730552, 40.11325772148514], [-75.06146812357906, 40.10881480974019], [-75.05703461142022, 40.105477254807035], [-75.05076177771952, 40.10658206335804], [-75.04892147494803, 40.11102466586114], [-75.05335491551844, 40.11436276908709]]]}, "properties": {"light_n": 21.9, "light_pctl": 8, "crime_n": 2, "crime_pctl": 13, "nta": null, "boro": "Philadelphia"}}, {"type": "Feature", "geometry": {"type": "Polygon", "coordinates": [[[-75.18007671735337, 40.04666530270063], [-75.18633898505456, 40.045554253448515], [-75.18816395839518, 40.04111306838515], [-75.18372757402912, 40.03778323920152], [-75.17746628274537, 40.03889404718189], [-75.17564039951247, 40.04333492558541], [-75.18007671735337, 40.04666530270063]]]}, "properties": {"light_n": 49.3, "light_pctl": 42, "crime_n": 153, "crime_pctl": 72, "nta": "West Central Germantown", "boro": "Philadelphia"}}, {"type": "Feature", "geometry": {"type": "Polygon", "coordinates": [[[-75.00572483228966, 40.06098605997369], [-75.01199251547656, 40.05988426855716], [-75.01383426041525, 40.055445212219354], [-75.00940922892109, 40.05210825708755], [-75.00314252563872, 40.053209810555764], [-75.00129987404908, 40.05764855707224], [-75.00572483228966, 40.06098605997369]]]}, "properties": {"light_n": 45.8, "light_pctl": 37, "crime_n": 50, "crime_pctl": 46, "nta": "Academy Gardens", "boro": "Philadelphia"}}, {"type": "Feature", "geometry": {"type": "Polygon", "coordinates": [[[-75.0433268611594, 40.054370427264615], [-75.04959291531952, 40.05326668252319], [-75.05143090731312, 40.0488273649526], [-75.04700375246773, 40.045492101214734], [-75.04073867731734, 40.046595607301896], [-75.03889977810546, 40.05103461574928], [-75.0433268611594, 40.054370427264615]]]}, "properties": {"light_n": 38.1, "light_pctl": 27, "crime_n": 13, "crime_pctl": 27, "nta": "Lexington Park", "boro": "Philadelphia"}}, {"type": "Feature", "geometry": {"type": "Polygon", "coordinates": [[[-75.18033213951531, 40.01780369902177], [-75.1865905791561, 40.01669300773016], [-75.18841441513148, 40.01225347070465], [-75.1839807203554, 40.00892493145252], [-75.17772325593613, 40.010035381566546], [-75.17589851117344, 40.01447461207807], [-75.18033213951531, 40.01780369902177]]]}, "properties": {"light_n": 70.7, "light_pctl": 68, "crime_n": 125, "crime_pctl": 68, "nta": "East Falls", "boro": "Philadelphia"}}, {"type": "Feature", "geometry": {"type": "Polygon", "coordinates": [[[-75.16782169610725, 39.921308177689816], [-75.17406763222613, 39.92019940769688], [-75.17588891299408, 39.91576561857276], [-75.17146516256153, 39.91244090567184], [-75.16522019790055, 39.91354943506005], [-75.16339801231571, 39.91798291792179], [-75.16782169610725, 39.921308177689816]]]}, "properties": {"light_n": 95.5, "light_pctl": 88, "crime_n": 184, "crime_pctl": 74, "nta": "Lower Moyamensing", "boro": "Philadelphia"}}, {"type": "Feature", "geometry": {"type": "Polygon", "coordinates": [[[-75.20766329014826, 39.9512347744873], [-75.21391236733037, 39.950123467700664], [-75.21573109962144, 39.94568729201141], [-75.21130166165221, 39.94236272877936], [-75.20505355649402, 39.9434737940909], [-75.20323391738262, 39.947909664077386], [-75.20766329014826, 39.9512347744873]]]}, "properties": {"light_n": 66.2, "light_pctl": 64, "crime_n": 91, "crime_pctl": 60, "nta": "Spruce Hill", "boro": "Philadelphia"}}, {"type": "Feature", "geometry": {"type": "Polygon", "coordinates": [[[-75.0517648594506, 40.0199662295024], [-75.05802618473952, 40.01886246436073], [-75.05986205584759, 40.01442497102081], [-75.05543750785155, 40.01109155159434], [-75.04917716000882, 40.01219507803469], [-75.04734038281855, 40.01663226257094], [-75.0517648594506, 40.0199662295024]]]}, "properties": {"light_n": 66.9, "light_pctl": 65, "crime_n": 120, "crime_pctl": 66, "nta": "Wissinoming", "boro": "Philadelphia"}}, {"type": "Feature", "geometry": {"type": "Polygon", "coordinates": [[[-74.97804789789564, 40.12759786747414], [-74.98432497727057, 40.12649673990077], [-74.9861718959777, 40.122054357057536], [-74.98174264401753, 40.11871341239723], [-74.9754665477712, 40.119814302335925], [-74.9736187204601, 40.12425637453776], [-74.97804789789564, 40.12759786747414]]]}, "properties": {"light_n": 53.0, "light_pctl": 48, "crime_n": 0, "crime_pctl": 4, "nta": null, "boro": "Philadelphia"}}, {"type": "Feature", "geometry": {"type": "Polygon", "coordinates": [[[-75.26631193608462, 39.977817473146075], [-75.27256332331932, 39.97670265529812], [-75.2743776248103, 39.97226397501102], [-75.26994144826874, 39.96894041733016], [-75.26369103316863, 39.97005499248195], [-75.26187582257691, 39.9744933679784], [-75.26631193608462, 39.977817473146075]]]}, "properties": {"light_n": 35.6, "light_pctl": 22, "crime_n": 152, "crime_pctl": 71, "nta": "Overbrook", "boro": "Philadelphia"}}, {"type": "Feature", "geometry": {"type": "Polygon", "coordinates": [[[-75.15428198388578, 39.94015369671936], [-75.16053068375932, 39.93904541374102], [-75.16235394700487, 39.93461076835087], [-75.15792941572478, 39.931284712501906], [-75.15168168830843, 39.93239275507161], [-75.14985751981665, 39.936827093866846], [-75.15428198388578, 39.94015369671936]]]}, "properties": {"light_n": 93.6, "light_pctl": 86, "crime_n": 236, "crime_pctl": 82, "nta": "Passyunk Square", "boro": "Philadelphia"}}, {"type": "Feature", "geometry": {"type": "Polygon", "coordinates": [[[-75.15319645488971, 40.05554745285061], [-75.15946044727583, 40.05443774420102], [-75.16128826535, 40.049996502789014], [-75.15685300079278, 40.04666527717528], [-75.15058998564031, 40.047774745041835], [-75.1487612579138, 40.052215679272976], [-75.15319645488971, 40.05554745285061]]]}, "properties": {"light_n": 62.0, "light_pctl": 59, "crime_n": 334, "crime_pctl": 90, "nta": "Ogontz", "boro": "Philadelphia"}}, {"type": "Feature", "geometry": {"type": "Polygon", "coordinates": [[[-75.16495612983671, 39.94237171861767], [-75.17120490607108, 39.94126283103347], [-75.17302726375537, 39.93682787922665], [-75.1686017508682, 39.93350212138862], [-75.16235394700487, 39.93461076835087], [-75.16053068375932, 39.93904541374102], [-75.16495612983671, 39.94237171861767]]]}, "properties": {"light_n": 112.8, "light_pctl": 93, "crime_n": 237, "crime_pctl": 82, "nta": "Hawthorne", "boro": "Philadelphia"}}, {"type": "Feature", "geometry": {"type": "Polygon", "coordinates": [[[-75.10840610792944, 39.98117349689377], [-75.11466115874249, 39.98006716386332], [-75.11649026521899, 39.97563093544025], [-75.11206522681007, 39.97230134762506], [-75.10581115090424, 39.9734074409914], [-75.10398113860222, 39.977843361805014], [-75.10840610792944, 39.98117349689377]]]}, "properties": {"light_n": 69.4, "light_pctl": 66, "crime_n": 52, "crime_pctl": 48, "nta": "Port Richmond", "boro": "Philadelphia"}}, {"type": "Feature", "geometry": {"type": "Polygon", "coordinates": [[[-75.18268801408065, 40.05443729384867], [-75.18895125847679, 40.05332600324771], [-75.19077628878856, 40.04888432973803], [-75.18633898505456, 40.045554253448515], [-75.18007671735337, 40.04666530270063], [-75.17825077679352, 40.05110666955884], [-75.18268801408065, 40.05443729384867]]]}, "properties": {"light_n": 47.0, "light_pctl": 38, "crime_n": 135, "crime_pctl": 69, "nta": "West Mount Airy", "boro": "Philadelphia"}}, {"type": "Feature", "geometry": {"type": "Polygon", "coordinates": [[[-75.1029148669381, 39.9944833965878], [-75.10917178965983, 39.993377189978375], [-75.11100192105486, 39.98894029118256], [-75.10657603604702, 39.985609906736485], [-75.10032008887254, 39.98671587374248], [-75.0984890512609, 39.99115246476597], [-75.1029148669381, 39.9944833965878]]]}, "properties": {"light_n": 95.7, "light_pctl": 88, "crime_n": 187, "crime_pctl": 75, "nta": "Harrowgate", "boro": "Philadelphia"}}, {"type": "Feature", "geometry": {"type": "Polygon", "coordinates": [[[-75.03815134850285, 40.03882152526923], [-75.04441544492283, 40.03771825776], [-75.0462533135015, 40.03327991676655], [-75.04182799227162, 40.02994515238833], [-75.03556487430285, 40.031048181395924], [-75.03372609921554, 40.03548621325149], [-75.03815134850285, 40.03882152526923]]]}, "properties": {"light_n": 62.0, "light_pctl": 59, "crime_n": 279, "crime_pctl": 85, "nta": "Tacony", "boro": "Philadelphia"}}, {"type": "Feature", "geometry": {"type": "Polygon", "coordinates": [[[-75.14908224925719, 39.924632552261386], [-75.15532900449222, 39.923524750023596], [-75.15715215236722, 39.91909108387054], [-75.15272944964906, 39.91576552653383], [-75.1464836663196, 39.91687308851643], [-75.1446596139043, 39.92130644805888], [-75.14908224925719, 39.924632552261386]]]}, "properties": {"light_n": 115.8, "light_pctl": 94, "crime_n": 213, "crime_pctl": 78, "nta": "Whitman", "boro": "Philadelphia"}}, {"type": "Feature", "geometry": {"type": "Polygon", "coordinates": [[[-75.14593232080296, 39.97453064273158], [-75.15218573389588, 39.97342236767002], [-75.1540110980806, 39.968985888800255], [-75.1495839556571, 39.96565799187186], [-75.14333151657485, 39.96676602656788], [-75.14150524600734, 39.97120219852573], [-75.14593232080296, 39.97453064273158]]]}, "properties": {"light_n": 113.6, "light_pctl": 94, "crime_n": 206, "crime_pctl": 77, "nta": "East Poplar", "boro": "Philadelphia"}}, {"type": "Feature", "geometry": {"type": "Polygon", "coordinates": [[[-75.01311905537038, 40.11320406122893], [-75.01939352273467, 40.11210121105943], [-75.02123661566759, 40.107659049758865], [-75.01680615015906, 40.104320048545034], [-75.01053266474563, 40.10542266044756], [-75.00868866299328, 40.109864511798975], [-75.01311905537038, 40.11320406122893]]]}, "properties": {"light_n": 40.2, "light_pctl": 30, "crime_n": 4, "crime_pctl": 18, "nta": "Somerton", "boro": "Philadelphia"}}, {"type": "Feature", "geometry": {"type": "Polygon", "coordinates": [[[-75.15715215236722, 39.91909108387054], [-75.16339801231571, 39.91798291792179], [-75.16522019790055, 39.91354943506005], [-75.1607974281407, 39.910224424555416], [-75.1545525397362, 39.91133235011253], [-75.15272944964906, 39.91576552653383], [-75.15715215236722, 39.91909108387054]]]}, "properties": {"light_n": 110.6, "light_pctl": 93, "crime_n": 242, "crime_pctl": 82, "nta": "Stadium District", "boro": "Philadelphia"}}, {"type": "Feature", "geometry": {"type": "Polygon", "coordinates": [[[-75.05953308718236, 40.04328411332096], [-75.06579734648244, 40.04217963161707], [-75.06763340108786, 40.03774067288246], [-75.06320610364185, 40.03440650460126], [-75.05694282262436, 40.03551074737467], [-75.05510586087304, 40.03994939732782], [-75.05953308718236, 40.04328411332096]]]}, "properties": {"light_n": 71.8, "light_pctl": 70, "crime_n": 147, "crime_pctl": 71, "nta": "Oxford Circle", "boro": "Philadelphia"}}, {"type": "Feature", "geometry": {"type": "Polygon", "coordinates": [[[-75.17276782534087, 39.96565899878715], [-75.17901952034393, 39.964549388876], [-75.1808420495094, 39.96011296880499], [-75.17641379039547, 39.956786465005536], [-75.17016306859135, 39.95789583406415], [-75.16833963280395, 39.96233194774261], [-75.17276782534087, 39.96565899878715]]]}, "properties": {"light_n": 163.7, "light_pctl": 99, "crime_n": 108, "crime_pctl": 64, "nta": "Logan Square", "boro": "Philadelphia"}}, {"type": "Feature", "geometry": {"type": "Polygon", "coordinates": [[[-74.98875514827678, 40.12983793417292], [-74.99503231221368, 40.12873619725699], [-74.99687832199548, 40.12429350395079], [-74.99244807686934, 40.120952857991604], [-74.9861718959777, 40.122054357057536], [-74.98432497727057, 40.12649673990077], [-74.98875514827678, 40.12983793417292]]]}, "properties": {"light_n": 26.1, "light_pctl": 12, "crime_n": 9, "crime_pctl": 25, "nta": "Somerton", "boro": "Philadelphia"}}, {"type": "Feature", "geometry": {"type": "Polygon", "coordinates": [[[-75.12688279735465, 40.00669962557493], [-75.13314085275495, 40.005591966820695], [-75.13496922950245, 40.00115396415377], [-75.13054045815645, 39.99782392761683], [-75.12428337840981, 39.99893134626315], [-75.12245409445774, 40.00336904152226], [-75.12688279735465, 40.00669962557493]]]}, "properties": {"light_n": 77.6, "light_pctl": 75, "crime_n": 443, "crime_pctl": 95, "nta": "Upper Kensington", "boro": "Philadelphia"}}, {"type": "Feature", "geometry": {"type": "Polygon", "coordinates": [[[-75.13989276981765, 40.04555207959794], [-75.14615570765078, 40.04444321915257], [-75.14798437705231, 40.04000277332407], [-75.14355101770245, 40.036671495276806], [-75.1372890569115, 40.03778011523032], [-75.13545947853063, 40.04222025369081], [-75.13989276981765, 40.04555207959794]]]}, "properties": {"light_n": 85.4, "light_pctl": 82, "crime_n": 385, "crime_pctl": 93, "nta": "Fern Rock", "boro": "Philadelphia"}}, {"type": "Feature", "geometry": {"type": "Polygon", "coordinates": [[[-75.2261827524847, 39.976735661853844], [-75.23243482124134, 39.97562302454446], [-75.2342528125701, 39.97118507519131], [-75.22981964344109, 39.96786006861394], [-75.2235685474474, 39.96897246400347], [-75.22174964792138, 39.97341010785795], [-75.2261827524847, 39.976735661853844]]]}, "properties": {"light_n": 75.3, "light_pctl": 74, "crime_n": 532, "crime_pctl": 98, "nta": "Carroll Park", "boro": "Philadelphia"}}, {"type": "Feature", "geometry": {"type": "Polygon", "coordinates": [[[-75.21288533799392, 39.96675894743697], [-75.21913636005036, 39.96564715746889], [-75.22095520390098, 39.961210002926876], [-75.21652393332494, 39.95788494400679], [-75.21027388384346, 39.95899649234559], [-75.20845413246464, 39.96343334120153], [-75.21288533799392, 39.96675894743697]]]}, "properties": {"light_n": 79.7, "light_pctl": 78, "crime_n": 230, "crime_pctl": 81, "nta": "Mill Creek", "boro": "Philadelphia"}}, {"type": "Feature", "geometry": {"type": "Polygon", "coordinates": [[[-75.15168168830843, 39.93239275507161], [-75.15792941572478, 39.931284712501906], [-75.15975262131927, 39.92685055669255], [-75.15532900449222, 39.923524750023596], [-75.14908224925719, 39.924632552261386], [-75.14725813876953, 39.92906640146798], [-75.15168168830843, 39.93239275507161]]]}, "properties": {"light_n": 101.2, "light_pctl": 91, "crime_n": 204, "crime_pctl": 77, "nta": "Dickinson Narrows", "boro": "Philadelphia"}}, {"type": "Feature", "geometry": {"type": "Polygon", "coordinates": [[[-75.24210368626714, 39.99447689341279], [-75.24835777459934, 39.99336316589262], [-75.25017496713902, 39.98892393285753], [-75.24573898066959, 39.98559873261262], [-75.2394858655637, 39.9867122178449], [-75.23766776380256, 39.99115114557763], [-75.24210368626714, 39.99447689341279]]]}, "properties": {"light_n": 48.4, "light_pctl": 40, "crime_n": 71, "crime_pctl": 55, "nta": "Overbrook", "boro": "Philadelphia"}}, {"type": "Feature", "geometry": {"type": "Polygon", "coordinates": [[[-75.01017288245616, 40.13431534243164], [-75.01645021415696, 40.1332123865881], [-75.01829440512454, 40.12876907289162], [-75.01386217406257, 40.125429025112595], [-75.00758582523959, 40.12653174267549], [-75.00574072470432, 40.13097474626614], [-75.01017288245616, 40.13431534243164]]]}, "properties": {"light_n": 38.8, "light_pctl": 28, "crime_n": 48, "crime_pctl": 45, "nta": "Somerton", "boro": "Philadelphia"}}, {"type": "Feature", "geometry": {"type": "Polygon", "coordinates": [[[-75.17042405125461, 39.92906765915462], [-75.17667095910686, 39.92795864848014], [-75.17849229695696, 39.92352436964012], [-75.17406763222613, 39.92019940769688], [-75.16782169610725, 39.921308177689816], [-75.16599945308735, 39.925742150275426], [-75.17042405125461, 39.92906765915462]]]}, "properties": {"light_n": 94.7, "light_pctl": 87, "crime_n": 276, "crime_pctl": 85, "nta": "Newbold", "boro": "Philadelphia"}}, {"type": "Feature", "geometry": {"type": "Polygon", "coordinates": [[[-75.07313950668106, 40.02442513304829], [-75.07940099355262, 40.023320154679354], [-75.08123505154211, 40.018882044266476], [-75.07680852948086, 40.01554922063798], [-75.07054801988644, 40.01665395987717], [-75.06871305517868, 40.021091761842655], [-75.07313950668106, 40.02442513304829]]]}, "properties": {"light_n": 63.7, "light_pctl": 61, "crime_n": 384, "crime_pctl": 93, "nta": "Frankford", "boro": "Philadelphia"}}, {"type": "Feature", "geometry": {"type": "Polygon", "coordinates": [[[-75.17302726375537, 39.93682787922665], [-75.17927514361655, 39.93571862779378], [-75.18109653848006, 39.931283859313396], [-75.17667095910686, 39.92795864848014], [-75.17042405125461, 39.92906765915462], [-75.1686017508682, 39.93350212138862], [-75.17302726375537, 39.93682787922665]]]}, "properties": {"light_n": 91.3, "light_pctl": 85, "crime_n": 252, "crime_pctl": 84, "nta": "Point Breeze", "boro": "Philadelphia"}}, {"type": "Feature", "geometry": {"type": "Polygon", "coordinates": [[[-75.16729632411726, 39.978969479536985], [-75.17354989041839, 39.97785999336334], [-75.17537344089008, 39.97342290120517], [-75.1709443321769, 39.97009560174344], [-75.16469173971385, 39.97120484712432], [-75.16286728222778, 39.975641632727566], [-75.16729632411726, 39.978969479536985]]]}, "properties": {"light_n": 109.0, "light_pctl": 92, "crime_n": 296, "crime_pctl": 87, "nta": "Sharswood", "boro": "Philadelphia"}}, {"type": "Feature", "geometry": {"type": "Polygon", "coordinates": [[[-75.20171930489184, 40.02223898274646], [-75.20797789506808, 40.02112707789241], [-75.20979991252031, 40.016686928376195], [-75.2053642493179, 40.01335898983754], [-75.1991066341886, 40.01447065308621], [-75.19728370731674, 40.01891049644666], [-75.20171930489184, 40.02223898274646]]]}, "properties": {"light_n": 35.5, "light_pctl": 22, "crime_n": 20, "crime_pctl": 32, "nta": "Wissahickon Park", "boro": "Philadelphia"}}, {"type": "Feature", "geometry": {"type": "Polygon", "coordinates": [[[-75.12948307426298, 40.01446864235701], [-75.13574210559446, 40.01336074341814], [-75.13757054100974, 40.00892225196606], [-75.13314085275495, 40.005591966820695], [-75.12688279735465, 40.00669962557493], [-75.12505345438021, 40.011137809627094], [-75.12948307426298, 40.01446864235701]]]}, "properties": {"light_n": 85.0, "light_pctl": 82, "crime_n": 80, "crime_pctl": 58, "nta": "Hunting Park", "boro": "Philadelphia"}}, {"type": "Feature", "geometry": {"type": "Polygon", "coordinates": [[[-75.17563133402254, 39.944588837677884], [-75.18188018616831, 39.943479345409784], [-75.18370163797643, 39.93904408736463], [-75.17927514361655, 39.93571862779378], [-75.17302726375537, 39.93682787922665], [-75.17120490607108, 39.94126283103347], [-75.17563133402254, 39.944588837677884]]]}, "properties": {"light_n": 92.3, "light_pctl": 86, "crime_n": 140, "crime_pctl": 70, "nta": "Graduate Hospital", "boro": "Philadelphia"}}, {"type": "Feature", "geometry": {"type": "Polygon", "coordinates": [[[-75.21027388384346, 39.95899649234559], [-75.21652393332494, 39.95788494400679], [-75.21834272143055, 39.95344827885321], [-75.21391236733037, 39.950123467700664], [-75.20766329014826, 39.9512347744873], [-75.2058435948685, 39.955671133946446], [-75.21027388384346, 39.95899649234559]]]}, "properties": {"light_n": 83.8, "light_pctl": 81, "crime_n": 202, "crime_pctl": 76, "nta": "Spruce Hill", "boro": "Philadelphia"}}, {"type": "Feature", "geometry": {"type": "Polygon", "coordinates": [[[-75.01900352178694, 40.07099847315215], [-75.02527226821002, 40.06989583590107], [-75.02711316871662, 40.06545598187761], [-75.0226862302289, 40.06211907470939], [-75.01641846390667, 40.063221473721256], [-75.01457665607442, 40.06766101810868], [-75.01900352178694, 40.07099847315215]]]}, "properties": {"light_n": 38.2, "light_pctl": 27, "crime_n": 50, "crime_pctl": 46, "nta": "Pennypack", "boro": "Philadelphia"}}, {"type": "Feature", "geometry": {"type": "Polygon", "coordinates": [[[-75.16182175632242, 39.992281975179175], [-75.16807719492344, 39.99117261321184], [-75.16990176752682, 39.986734849416735], [-75.16547180903814, 39.983406754274206], [-75.15921734491488, 39.98451587550868], [-75.1573918649045, 39.98895333258641], [-75.16182175632242, 39.992281975179175]]]}, "properties": {"light_n": 81.5, "light_pctl": 79, "crime_n": 819, "crime_pctl": 100, "nta": "Stanton", "boro": "Philadelphia"}}, {"type": "Feature", "geometry": {"type": "Polygon", "coordinates": [[[-75.23970474934309, 39.95787257372646], [-75.24595404751149, 39.95675945172358], [-75.24777005745507, 39.9523223599987], [-75.24333767709513, 39.948998695410744], [-75.23708935068775, 39.95011157529875], [-75.23527243298068, 39.9545483618573], [-75.23970474934309, 39.95787257372646]]]}, "properties": {"light_n": 61.4, "light_pctl": 59, "crime_n": 381, "crime_pctl": 93, "nta": "Cobbs Creek", "boro": "Philadelphia"}}, {"type": "Feature", "geometry": {"type": "Polygon", "coordinates": [[[-75.15346833418872, 40.026682775397894], [-75.15972849643414, 40.0255734225618], [-75.1615551736701, 40.02113382815321], [-75.15712259731067, 40.017803893582986], [-75.1508634111015, 40.01891300572952], [-75.14903582531774, 40.023352293103684], [-75.15346833418872, 40.026682775397894]]]}, "properties": {"light_n": 83.2, "light_pctl": 80, "crime_n": 367, "crime_pctl": 92, "nta": "Logan", "boro": "Philadelphia"}}, {"type": "Feature", "geometry": {"type": "Polygon", "coordinates": [[[-75.06504209714872, 40.02996803425513], [-75.07130448109478, 40.02886342354762], [-75.07313950668106, 40.02442513304829], [-75.06871305517868, 40.021091761842655], [-75.06245164887302, 40.02219613355819], [-75.06061571653196, 40.026634115439386], [-75.06504209714872, 40.02996803425513]]]}, "properties": {"light_n": 61.1, "light_pctl": 58, "crime_n": 138, "crime_pctl": 69, "nta": "Wissinoming", "boro": "Philadelphia"}}, {"type": "Feature", "geometry": {"type": "Polygon", "coordinates": [[[-75.22265174925849, 40.08441209155573], [-75.2289181497836, 40.08329825107824], [-75.23074061473828, 40.078854193890635], [-75.22629759153831, 40.0755242832351], [-75.2200321682774, 40.07663788148909], [-75.21820879105454, 40.081081632589765], [-75.22265174925849, 40.08441209155573]]]}, "properties": {"light_n": 13.7, "light_pctl": 3, "crime_n": 1, "crime_pctl": 9, "nta": "Wissahickon Park", "boro": "Philadelphia"}}, {"type": "Feature", "geometry": {"type": "Polygon", "coordinates": [[[-75.14620816157552, 39.945696443750364], [-75.15245775745818, 39.94458852502769], [-75.15428198388578, 39.94015369671936], [-75.14985751981665, 39.936827093866846], [-75.14360889675318, 39.93793477231748], [-75.14178376504137, 39.942369293860615], [-75.14620816157552, 39.945696443750364]]]}, "properties": {"light_n": 96.3, "light_pctl": 88, "crime_n": 141, "crime_pctl": 70, "nta": "Queen Village", "boro": "Philadelphia"}}, {"type": "Feature", "geometry": {"type": "Polygon", "coordinates": [[[-75.11619611725891, 40.00447609400469], [-75.12245409445774, 40.00336904152226], [-75.12428337840981, 39.99893134626315], [-75.11985559215303, 39.995601011040684], [-75.1135985906936, 39.996707823629144], [-75.1117683998538, 40.001145211301974], [-75.11619611725891, 40.00447609400469]]]}, "properties": {"light_n": 78.0, "light_pctl": 76, "crime_n": 547, "crime_pctl": 98, "nta": "Upper Kensington", "boro": "Philadelphia"}}, {"type": "Feature", "geometry": {"type": "Polygon", "coordinates": [[[-75.14360889675318, 39.93793477231748], [-75.14985751981665, 39.936827093866846], [-75.15168168830843, 39.93239275507161], [-75.14725813876953, 39.92906640146798], [-75.14101048824918, 39.93017383972327], [-75.13918541482631, 39.93460787174547], [-75.14360889675318, 39.93793477231748]]]}, "properties": {"light_n": 79.4, "light_pctl": 77, "crime_n": 51, "crime_pctl": 47, "nta": "Queen Village", "boro": "Philadelphia"}}, {"type": "Feature", "geometry": {"type": "Polygon", "coordinates": [[[-75.23992336640097, 39.92904377083014], [-75.2461688522886, 39.927931012449655], [-75.24798373586096, 39.923495574216815], [-75.2435540403092, 39.92017319935379], [-75.23730952499518, 39.92128571571514], [-75.23549373476051, 39.92572084892639], [-75.23992336640097, 39.92904377083014]]]}, "properties": {"light_n": 52.8, "light_pctl": 48, "crime_n": 215, "crime_pctl": 79, "nta": "Paschall", "boro": "Philadelphia"}}, {"type": "Feature", "geometry": {"type": "Polygon", "coordinates": [[[-75.12370395314065, 40.056650133797035], [-75.12996869024212, 40.05554200760083], [-75.1317992952882, 40.051101199926464], [-75.12736607239039, 40.04776882612602], [-75.12110231305974, 40.04887671210533], [-75.11927079895861, 40.05331721206987], [-75.12370395314065, 40.056650133797035]]]}, "properties": {"light_n": 40.6, "light_pctl": 32, "crime_n": 68, "crime_pctl": 54, "nta": "East Oak Lane", "boro": "Philadelphia"}}, {"type": "Feature", "geometry": {"type": "Polygon", "coordinates": [[[-75.11908711275547, 39.98339700096693], [-75.1253422420268, 39.98229006230633], [-75.12717044236125, 39.977853526452016], [-75.1227444196685, 39.974524236657516], [-75.11649026521899, 39.97563093544025], [-75.11466115874249, 39.98006716386332], [-75.11908711275547, 39.98339700096693]]]}, "properties": {"light_n": 107.7, "light_pctl": 92, "crime_n": 177, "crime_pctl": 73, "nta": "Fishtown - Lower Kensington", "boro": "Philadelphia"}}, {"type": "Feature", "geometry": {"type": "Polygon", "coordinates": [[[-75.129196618469, 40.0433285067937], [-75.13545947853063, 40.04222025369081], [-75.1372890569115, 40.03778011523032], [-75.13285668399503, 40.0344485373875], [-75.12659480106177, 40.03555655021277], [-75.12476431401905, 40.039996381126365], [-75.129196618469, 40.0433285067937]]]}, "properties": {"light_n": 60.9, "light_pctl": 58, "crime_n": 228, "crime_pctl": 81, "nta": "Olney", "boro": "Philadelphia"}}, {"type": "Feature", "geometry": {"type": "Polygon", "coordinates": [[[-75.17224799822334, 40.023353743954125], [-75.17850733750433, 40.02224341828606], [-75.18033213951531, 40.01780369902177], [-75.17589851117344, 40.01447461207807], [-75.169640147478, 40.01558469670551], [-75.167814436641, 40.020024109285075], [-75.17224799822334, 40.023353743954125]]]}, "properties": {"light_n": 67.3, "light_pctl": 65, "crime_n": 78, "crime_pctl": 57, "nta": "East Falls", "boro": "Philadelphia"}}, {"type": "Feature", "geometry": {"type": "Polygon", "coordinates": [[[-75.15948514626976, 39.95567779561559], [-75.16573579188571, 39.95456903158962], [-75.1675591702278, 39.95013340726485], [-75.1631328090086, 39.94680685351298], [-75.1568831364019, 39.94791537697673], [-75.15505885210689, 39.952350694722476], [-75.15948514626976, 39.95567779561559]]]}, "properties": {"light_n": 255.9, "light_pctl": 100, "crime_n": 1394, "crime_pctl": 100, "nta": "Washington Square West", "boro": "Philadelphia"}}, {"type": "Feature", "geometry": {"type": "Polygon", "coordinates": [[[-75.06990270820411, 40.0743849518184], [-75.07617088342563, 40.07327951362802], [-75.07800718175103, 40.06883860210559], [-75.07357621352467, 40.06550343749281], [-75.06730901770239, 40.066608636446816], [-75.06547181081014, 40.07104923921796], [-75.06990270820411, 40.0743849518184]]]}, "properties": {"light_n": 39.1, "light_pctl": 28, "crime_n": 49, "crime_pctl": 46, "nta": "Fox Chase", "boro": "Philadelphia"}}, {"type": "Feature", "geometry": {"type": "Polygon", "coordinates": [[[-75.14305379793012, 39.99560811832816], [-75.14931005769456, 39.994499727789005], [-75.15113650296007, 39.9900620886094], [-75.14670759569216, 39.986733147003434], [-75.14045231085498, 39.98784129716043], [-75.13862495846053, 39.992278629273464], [-75.14305379793012, 39.99560811832816]]]}, "properties": {"light_n": 85.7, "light_pctl": 82, "crime_n": 491, "crime_pctl": 97, "nta": "Hartranft", "boro": "Philadelphia"}}, {"type": "Feature", "geometry": {"type": "Polygon", "coordinates": [[[-75.17537344089008, 39.97342290120517], [-75.18162610936828, 39.9723130503646], [-75.18344869555636, 39.96787614102388], [-75.17901952034393, 39.964549388876], [-75.17276782534087, 39.96565899878715], [-75.1709443321769, 39.97009560174344], [-75.17537344089008, 39.97342290120517]]]}, "properties": {"light_n": 99.7, "light_pctl": 90, "crime_n": 63, "crime_pctl": 52, "nta": "Fairmount", "boro": "Philadelphia"}}, {"type": "Feature", "geometry": {"type": "Polygon", "coordinates": [[[-75.14333151657485, 39.96676602656788], [-75.1495839556571, 39.96565799187186], [-75.15140926182617, 39.96122200222002], [-75.14698303504389, 39.95789435415197], [-75.14073156969573, 39.959002148559215], [-75.13890535749765, 39.96343783129123], [-75.14333151657485, 39.96676602656788]]]}, "properties": {"light_n": 133.6, "light_pctl": 95, "crime_n": 110, "crime_pctl": 65, "nta": "Northern Liberties", "boro": "Philadelphia"}}, {"type": "Feature", "geometry": {"type": "Polygon", "coordinates": [[[-75.07800718175103, 40.06883860210559], [-75.08427445808167, 40.06773279529107], [-75.08610978704819, 40.06329206327024], [-75.08167874831707, 40.05995744661218], [-75.07541245102135, 40.06106301405225], [-75.07357621352467, 40.06550343749281], [-75.07800718175103, 40.06883860210559]]]}, "properties": {"light_n": 45.0, "light_pctl": 36, "crime_n": 66, "crime_pctl": 53, "nta": "Fox Chase", "boro": "Philadelphia"}}, {"type": "Feature", "geometry": {"type": "Polygon", "coordinates": [[[-75.22550025231467, 40.0633079688253], [-75.2317637960297, 40.062194246817754], [-75.23358518218097, 40.057751348496964], [-75.22914393623448, 40.054422478084724], [-75.22288136886324, 40.05553595788655], [-75.22105907119685, 40.059978550273975], [-75.22550025231467, 40.0633079688253]]]}, "properties": {"light_n": 15.5, "light_pctl": 4, "crime_n": 24, "crime_pctl": 35, "nta": "Wissahickon Park", "boro": "Philadelphia"}}, {"type": "Feature", "geometry": {"type": "Polygon", "coordinates": [[[-75.00758582523959, 40.12653174267549], [-75.01386217406257, 40.125429025112595], [-75.0157063020252, 40.12098619878721], [-75.01127499047952, 40.117646400105926], [-75.00499962425322, 40.118748879464476], [-75.00315458707941, 40.12319139567674], [-75.00758582523959, 40.12653174267549]]]}, "properties": {"light_n": 35.5, "light_pctl": 22, "crime_n": 13, "crime_pctl": 27, "nta": "Somerton", "boro": "Philadelphia"}}, {"type": "Feature", "geometry": {"type": "Polygon", "coordinates": [[[-75.13265299578076, 39.96454526076233], [-75.13890535749765, 39.96343783129123], [-75.14073156969573, 39.959002148559215], [-75.13630632599202, 39.955674202364335], [-75.13005493809507, 39.95678139176021], [-75.12822782018381, 39.96121676739415], [-75.13265299578076, 39.96454526076233]]]}, "properties": {"light_n": 97.1, "light_pctl": 89, "crime_n": 77, "crime_pctl": 57, "nta": "Northern Liberties", "boro": "Philadelphia"}}, {"type": "Feature", "geometry": {"type": "Polygon", "coordinates": [[[-74.96772762180099, 40.096468031247184], [-74.97400077034973, 40.095367853755896], [-74.97584743236354, 40.090927420946514], [-74.97142185311273, 40.087587476266066], [-74.96514968656743, 40.088687416426986], [-74.96330211737299, 40.09312753856694], [-74.96772762180099, 40.096468031247184]]]}, "properties": {"light_n": 47.9, "light_pctl": 39, "crime_n": 45, "crime_pctl": 44, "nta": "Parkwood Manor", "boro": "Philadelphia"}}, {"type": "Feature", "geometry": {"type": "Polygon", "coordinates": [[[-75.17772325593613, 40.010035381566546], [-75.1839807203554, 40.00892493145252], [-75.1858044993683, 40.00448588324792], [-75.18137172249627, 40.00115759164742], [-75.17511523302161, 40.00226780066089], [-75.17329054557638, 40.006706542343224], [-75.17772325593613, 40.010035381566546]]]}, "properties": {"light_n": 70.0, "light_pctl": 67, "crime_n": 140, "crime_pctl": 70, "nta": "Allegheny West", "boro": "Philadelphia"}}, {"type": "Feature", "geometry": {"type": "Polygon", "coordinates": [[[-75.14880828312887, 39.95345885379394], [-75.15505885210689, 39.952350694722476], [-75.1568831364019, 39.94791537697673], [-75.15245775745818, 39.94458852502769], [-75.14620816157552, 39.945696443750364], [-75.14438297164298, 39.950131454738795], [-75.14880828312887, 39.95345885379394]]]}, "properties": {"light_n": 185.7, "light_pctl": 99, "crime_n": 252, "crime_pctl": 84, "nta": "Old City", "boro": "Philadelphia"}}, {"type": "Feature", "geometry": {"type": "Polygon", "coordinates": [[[-75.02676382589473, 40.09433389672089], [-75.03303551430088, 40.093230544294435], [-75.03487660202194, 40.08878922660469], [-75.03044690983225, 40.0854515709236], [-75.02417620236733, 40.08655468488196], [-75.02233420625409, 40.09099569295756], [-75.02676382589473, 40.09433389672089]]]}, "properties": {"light_n": 53.2, "light_pctl": 49, "crime_n": 28, "crime_pctl": 36, "nta": "Bustleton", "boro": "Philadelphia"}}, {"type": "Feature", "geometry": {"type": "Polygon", "coordinates": [[[-75.22572803020947, 40.034439711876544], [-75.23198774426122, 40.0333263510382], [-75.23380799739765, 40.02888510103791], [-75.22936944699146, 40.02555751763214], [-75.22311070808772, 40.026670636360016], [-75.22128954454412, 40.03111158057179], [-75.22572803020947, 40.034439711876544]]]}, "properties": {"light_n": 45.5, "light_pctl": 37, "crime_n": 59, "crime_pctl": 51, "nta": "Manayunk", "boro": "Philadelphia"}}, {"type": "Feature", "geometry": {"type": "Polygon", "coordinates": [[[-75.22288136886324, 40.05553595788655], [-75.22914393623448, 40.054422478084724], [-75.23096526683904, 40.049980068175934], [-75.22652494133328, 40.04665144397868], [-75.22026335002876, 40.04776468165215], [-75.21844110826537, 40.05220678561887], [-75.22288136886324, 40.05553595788655]]]}, "properties": {"light_n": 16.4, "light_pctl": 5, "crime_n": 12, "crime_pctl": 27, "nta": "Upper Roxborough", "boro": "Philadelphia"}}, {"type": "Feature", "geometry": {"type": "Polygon", "coordinates": [[[-74.99208144827702, 40.07984561965894], [-74.99835190573367, 40.07874433017861], [-75.00019565426626, 40.0743044297001], [-74.99576985252178, 40.070966128826285], [-74.98950037597706, 40.07206718055947], [-74.98765572036818, 40.07650677088178], [-74.99208144827702, 40.07984561965894]]]}, "properties": {"light_n": 48.8, "light_pctl": 41, "crime_n": 62, "crime_pctl": 52, "nta": "Morrell Park", "boro": "Philadelphia"}}, {"type": "Feature", "geometry": {"type": "Polygon", "coordinates": [[[-75.06536761226901, 40.001113828242204], [-75.07162616814414, 40.00000956703326], [-75.07346004415731, 39.995572922657054], [-75.0690362700534, 39.99224084792763], [-75.06277869062056, 39.99334487023605], [-75.0609439089518, 39.9977812061425], [-75.06536761226901, 40.001113828242204]]]}, "properties": {"light_n": 50.3, "light_pctl": 44, "crime_n": 63, "crime_pctl": 52, "nta": "Bridesburg", "boro": "Philadelphia"}}, {"type": "Feature", "geometry": {"type": "Polygon", "coordinates": [[[-75.13757054100974, 40.00892225196606], [-75.1438286741606, 40.007813986861294], [-75.14565614338676, 40.00337567696512], [-75.14122638708558, 40.000045939370864], [-75.13496922950245, 40.00115396415377], [-75.13314085275495, 40.005591966820695], [-75.13757054100974, 40.00892225196606]]]}, "properties": {"light_n": 79.8, "light_pctl": 78, "crime_n": 289, "crime_pctl": 86, "nta": "Franklinville", "boro": "Philadelphia"}}, {"type": "Feature", "geometry": {"type": "Polygon", "coordinates": [[[-75.20147692157776, 40.0511024481718], [-75.2077393400196, 40.049990183800716], [-75.20956249262534, 40.04554838595565], [-75.2051241374172, 40.04221915875053], [-75.19886269521791, 40.04333118142156], [-75.1970386320864, 40.047772672965465], [-75.20147692157776, 40.0511024481718]]]}, "properties": {"light_n": 20.1, "light_pctl": 7, "crime_n": 8, "crime_pctl": 23, "nta": "West Mount Airy", "boro": "Philadelphia"}}, {"type": "Feature", "geometry": {"type": "Polygon", "coordinates": [[[-75.14073156969573, 39.959002148559215], [-75.14698303504389, 39.95789435415197], [-75.14880828312887, 39.95345885379394], [-75.14438297164298, 39.950131454738795], [-75.13813247975247, 39.95123900893399], [-75.13630632599202, 39.955674202364335], [-75.14073156969573, 39.959002148559215]]]}, "properties": {"light_n": 138.4, "light_pctl": 96, "crime_n": 79, "crime_pctl": 58, "nta": "Old City", "boro": "Philadelphia"}}, {"type": "Feature", "geometry": {"type": "Polygon", "coordinates": [[[-75.17797991565304, 39.9811875410894], [-75.18423355788264, 39.98007744924245], [-75.18605620102434, 39.975640050707995], [-75.18162610936828, 39.9723130503646], [-75.17537344089008, 39.97342290120517], [-75.17354989041839, 39.97785999336334], [-75.17797991565304, 39.9811875410894]]]}, "properties": {"light_n": 89.3, "light_pctl": 85, "crime_n": 346, "crime_pctl": 90, "nta": "Brewerytown", "boro": "Philadelphia"}}, {"type": "Feature", "geometry": {"type": "Polygon", "coordinates": [[[-75.01053266474563, 40.10542266044756], [-75.01680615015906, 40.104320048545034], [-75.01864918024286, 40.09987837483992], [-75.01421963347998, 40.09653962296188], [-75.00794712973669, 40.09764199667371], [-75.0061031911895, 40.1020833604224], [-75.01053266474563, 40.10542266044756]]]}, "properties": {"light_n": 74.9, "light_pctl": 73, "crime_n": 28, "crime_pctl": 36, "nta": "Somerton", "boro": "Philadelphia"}}, {"type": "Feature", "geometry": {"type": "Polygon", "coordinates": [[[-75.04850579557984, 40.06992228006192], [-75.05477380859774, 40.068818057782806], [-75.05661192373782, 40.06437776394154], [-75.05218293389161, 40.0610420014558], [-75.04591590044237, 40.06214598492787], [-75.04407687737363, 40.066585969660764], [-75.04850579557984, 40.06992228006192]]]}, "properties": {"light_n": 54.2, "light_pctl": 50, "crime_n": 69, "crime_pctl": 54, "nta": "Rhawnhurst", "boro": "Philadelphia"}}, {"type": "Feature", "geometry": {"type": "Polygon", "coordinates": [[[-75.13525191019382, 39.97230986814874], [-75.14150524600734, 39.97120219852573], [-75.14333151657485, 39.96676602656788], [-75.13890535749765, 39.96343783129123], [-75.13265299578076, 39.96454526076233], [-75.1308258191464, 39.968981125629924], [-75.13525191019382, 39.97230986814874]]]}, "properties": {"light_n": 128.7, "light_pctl": 95, "crime_n": 253, "crime_pctl": 84, "nta": "Northern Liberties", "boro": "Philadelphia"}}, {"type": "Feature", "geometry": {"type": "Polygon", "coordinates": [[[-75.20694723369397, 40.03777784941161], [-75.2132077747946, 40.036665461115255], [-75.21502990454206, 40.03222433422041], [-75.21059240342157, 40.02889590172844], [-75.2043328379216, 40.03000804826503], [-75.20250979804351, 40.03444886902109], [-75.20694723369397, 40.03777784941161]]]}, "properties": {"light_n": 28.4, "light_pctl": 14, "crime_n": 38, "crime_pctl": 41, "nta": "Roxborough", "boro": "Philadelphia"}}, {"type": "Feature", "geometry": {"type": "Polygon", "coordinates": [[[-75.07022556110384, 40.045514049210844], [-75.07648990116691, 40.04440896029004], [-75.07832504830796, 40.039969692952354], [-75.07389676295303, 40.03663582310656], [-75.06763340108786, 40.03774067288246], [-75.06579734648244, 40.04217963161707], [-75.07022556110384, 40.045514049210844]]]}, "properties": {"light_n": 72.2, "light_pctl": 70, "crime_n": 375, "crime_pctl": 92, "nta": "Oxford Circle", "boro": "Philadelphia"}}, {"type": "Feature", "geometry": {"type": "Polygon", "coordinates": [[[-75.14565614338676, 40.00337567696512], [-75.15191337835557, 40.002267045966995], [-75.1537398817167, 39.99782891786571], [-75.14931005769456, 39.994499727789005], [-75.14305379793012, 39.99560811832816], [-75.14122638708558, 40.000045939370864], [-75.14565614338676, 40.00337567696512]]]}, "properties": {"light_n": 78.2, "light_pctl": 76, "crime_n": 392, "crime_pctl": 94, "nta": "Hartranft", "boro": "Philadelphia"}}, {"type": "Feature", "geometry": {"type": "Polygon", "coordinates": [[[-75.08414246417277, 39.99780007158109], [-75.0904002040631, 39.99669483744059], [-75.09223220772726, 39.99225806547533], [-75.0878073775399, 39.988926835739704], [-75.0815506136446, 39.99003183062811], [-75.07971770404397, 39.99446829447228], [-75.08414246417277, 39.99780007158109]]]}, "properties": {"light_n": 98.2, "light_pctl": 89, "crime_n": 18, "crime_pctl": 31, "nta": "Richmond", "boro": "Philadelphia"}}, {"type": "Feature", "geometry": {"type": "Polygon", "coordinates": [[[-75.24275486305905, 39.90798166532644], [-75.24899751097668, 39.90686902895977], [-75.25081132417841, 39.902434755512424], [-75.24638339547967, 39.8991134232679], [-75.24014171722459, 39.900225817634066], [-75.23832699810677, 39.90465978621303], [-75.24275486305905, 39.90798166532644]]]}, "properties": {"light_n": 71.6, "light_pctl": 69, "crime_n": 127, "crime_pctl": 68, "nta": "Eastwick", "boro": "Philadelphia"}}, {"type": "Feature", "geometry": {"type": "Polygon", "coordinates": [[[-75.16235394700487, 39.93461076835087], [-75.1686017508682, 39.93350212138862], [-75.17042405125461, 39.92906765915462], [-75.16599945308735, 39.925742150275426], [-75.15975262131927, 39.92685055669255], [-75.15792941572478, 39.931284712501906], [-75.16235394700487, 39.93461076835087]]]}, "properties": {"light_n": 95.8, "light_pctl": 88, "crime_n": 153, "crime_pctl": 72, "nta": "Passyunk Square", "boro": "Philadelphia"}}, {"type": "Feature", "geometry": {"type": "Polygon", "coordinates": [[[-75.24755611838292, 39.98115998872059], [-75.25380833348582, 39.980046139909355], [-75.255624507476, 39.975607580096124], [-75.25118937529139, 39.97228317420223], [-75.24493813277532, 39.97339678066671], [-75.24312104995853, 39.97783503533948], [-75.24755611838292, 39.98115998872059]]]}, "properties": {"light_n": 53.0, "light_pctl": 48, "crime_n": 332, "crime_pctl": 90, "nta": "Overbrook", "boro": "Philadelphia"}}, {"type": "Feature", "geometry": {"type": "Polygon", "coordinates": [[[-75.16937820786046, 40.04444536739528], [-75.17564039951247, 40.04333492558541], [-75.17746628274537, 40.03889404718189], [-75.17303088400391, 40.03556391739508], [-75.1667696688564, 40.036674118147374], [-75.16494287604812, 40.04111468971183], [-75.16937820786046, 40.04444536739528]]]}, "properties": {"light_n": 59.9, "light_pctl": 57, "crime_n": 204, "crime_pctl": 77, "nta": "East Germantown", "boro": "Philadelphia"}}, {"type": "Feature", "geometry": {"type": "Polygon", "coordinates": [[[-75.1135985906936, 39.996707823629144], [-75.11985559215303, 39.995601011040684], [-75.12168481701461, 39.99116380465082], [-75.11725794705242, 39.98783371841142], [-75.11100192105486, 39.98894029118256], [-75.10917178965983, 39.993377189978375], [-75.1135985906936, 39.996707823629144]]]}, "properties": {"light_n": 83.5, "light_pctl": 81, "crime_n": 753, "crime_pctl": 100, "nta": "Richmond", "boro": "Philadelphia"}}, {"type": "Feature", "geometry": {"type": "Polygon", "coordinates": [[[-75.22663636679228, 39.91907495387898], [-75.23288080890534, 39.91796304167854], [-75.23469654403827, 39.913528398284896], [-75.23026874315477, 39.91020597226814], [-75.22402527142833, 39.91131764273958], [-75.2222086303, 39.915751980924554], [-75.22663636679228, 39.91907495387898]]]}, "properties": {"light_n": 97.3, "light_pctl": 89, "crime_n": 133, "crime_pctl": 68, "nta": "Elmwood", "boro": "Philadelphia"}}, {"type": "Feature", "geometry": {"type": "Polygon", "coordinates": [[[-75.14537962871033, 40.032231537927636], [-75.15164069022914, 40.03112255139641], [-75.15346833418872, 40.026682775397894], [-75.14903582531774, 40.023352293103684], [-75.14277574019913, 40.024461039082574], [-75.1409471876536, 40.02890050787586], [-75.14537962871033, 40.032231537927636]]]}, "properties": {"light_n": 64.0, "light_pctl": 62, "crime_n": 355, "crime_pctl": 91, "nta": "Logan", "boro": "Philadelphia"}}, {"type": "Feature", "geometry": {"type": "Polygon", "coordinates": [[[-75.15841197703597, 40.07109507581923], [-75.16467792472349, 40.0699848853726], [-75.16650585852922, 40.06554266740206], [-75.16206875511405, 40.06221094701036], [-75.15580378521628, 40.06332089651997], [-75.15397494104637, 40.06776280732608], [-75.15841197703597, 40.07109507581923]]]}, "properties": {"light_n": 58.0, "light_pctl": 54, "crime_n": 155, "crime_pctl": 72, "nta": "West Oak Lane", "boro": "Philadelphia"}}, {"type": "Feature", "geometry": {"type": "Polygon", "coordinates": [[[-75.12110231305974, 40.04887671210533], [-75.12736607239039, 40.04776882612602], [-75.129196618469, 40.0433285067937], [-75.12476431401905, 40.039996381126365], [-75.1185015321809, 40.041104026965584], [-75.11667007740273, 40.04554403858015], [-75.12110231305974, 40.04887671210533]]]}, "properties": {"light_n": 52.4, "light_pctl": 47, "crime_n": 198, "crime_pctl": 76, "nta": "Olney", "boro": "Philadelphia"}}, {"type": "Feature", "geometry": {"type": "Polygon", "coordinates": [[[-75.17588891299408, 39.91576561857276], [-75.18213395346297, 39.914656485275565], [-75.1839542723016, 39.91022287985056], [-75.17953045555129, 39.90689871378287], [-75.17328638617867, 39.908007606339055], [-75.17146516256153, 39.91244090567184], [-75.17588891299408, 39.91576561857276]]]}, "properties": {"light_n": 104.9, "light_pctl": 91, "crime_n": 40, "crime_pctl": 42, "nta": "Packer Park", "boro": "Philadelphia"}}, {"type": "Feature", "geometry": {"type": "Polygon", "coordinates": [[[-75.14853398279347, 39.98229599682169], [-75.15478837017375, 39.981187481317825], [-75.15661379230559, 39.976750513306065], [-75.15218573389588, 39.97342236767002], [-75.14593232080296, 39.97453064273158], [-75.14410599193435, 39.978967303839376], [-75.14853398279347, 39.98229599682169]]]}, "properties": {"light_n": 156.5, "light_pctl": 98, "crime_n": 204, "crime_pctl": 77, "nta": "Yorktown", "boro": "Philadelphia"}}, {"type": "Feature", "geometry": {"type": "Polygon", "coordinates": [[[-75.23620596276423, 40.06552336329071], [-75.24246958017596, 40.064409033237], [-75.24429005449565, 40.05996582916262], [-75.23984782333731, 40.056637260863155], [-75.23358518218097, 40.057751348496964], [-75.2317637960297, 40.062194246817754], [-75.23620596276423, 40.06552336329071]]]}, "properties": {"light_n": 36.6, "light_pctl": 24, "crime_n": 30, "crime_pctl": 38, "nta": "Upper Roxborough", "boro": "Philadelphia"}}, {"type": "Feature", "geometry": {"type": "Polygon", "coordinates": [[[-75.22640969788121, 39.947899885858526], [-75.23265795098888, 39.94678761090667], [-75.23447481351955, 39.9423513138714], [-75.23004433013926, 39.93902759710944], [-75.22379704860532, 39.940139630236835], [-75.22197927897933, 39.9445756219184], [-75.22640969788121, 39.947899885858526]]]}, "properties": {"light_n": 59.7, "light_pctl": 57, "crime_n": 382, "crime_pctl": 93, "nta": "Kingsessing", "boro": "Philadelphia"}}, {"type": "Feature", "geometry": {"type": "Polygon", "coordinates": [[[-75.02970012425155, 40.073232992726695], [-75.0359689532744, 40.07212974758524], [-75.03780894613574, 40.06768958410403], [-75.03338101772256, 40.06435297519013], [-75.02711316871662, 40.06545598187761], [-75.02527226821002, 40.06989583590107], [-75.02970012425155, 40.073232992726695]]]}, "properties": {"light_n": 48.6, "light_pctl": 40, "crime_n": 99, "crime_pctl": 61, "nta": "Pennypack", "boro": "Philadelphia"}}, {"type": "Feature", "geometry": {"type": "Polygon", "coordinates": [[[-75.13440283193451, 40.05887462938089], [-75.14066764708728, 40.057765895492324], [-75.14249734276049, 40.05332478028708], [-75.1380631327563, 40.04999270646916], [-75.1317992952882, 40.051101199926464], [-75.12996869024212, 40.05554200760083], [-75.13440283193451, 40.05887462938089]]]}, "properties": {"light_n": 45.3, "light_pctl": 36, "crime_n": 82, "crime_pctl": 59, "nta": "East Oak Lane", "boro": "Philadelphia"}}, {"type": "Feature", "geometry": {"type": "Polygon", "coordinates": [[[-75.0647161843076, 40.058833058086734], [-75.07098240100997, 40.05772809829259], [-75.07281857761036, 40.05328816301069], [-75.06838944546722, 40.04995349625741], [-75.06212420760556, 40.05105821696819], [-75.06028712314915, 40.05549784348363], [-75.0647161843076, 40.058833058086734]]]}, "properties": {"light_n": 67.2, "light_pctl": 65, "crime_n": 155, "crime_pctl": 72, "nta": "Rhawnhurst", "boro": "Philadelphia"}}, {"type": "Feature", "geometry": {"type": "Polygon", "coordinates": [[[-75.04591590044237, 40.06214598492787], [-75.05218293389161, 40.0610420014558], [-75.05402098749205, 40.05660219571152], [-75.04959291531952, 40.05326668252319], [-75.0433268611594, 40.054370427264615], [-75.04148789998561, 40.05880992389309], [-75.04591590044237, 40.06214598492787]]]}, "properties": {"light_n": 66.7, "light_pctl": 64, "crime_n": 107, "crime_pctl": 64, "nta": "Rhawnhurst", "boro": "Philadelphia"}}, {"type": "Feature", "geometry": {"type": "Polygon", "coordinates": [[[-75.09971154667988, 40.044425015428565], [-75.10597514837953, 40.043318344168284], [-75.10780751153949, 40.038878640450285], [-75.10337718116624, 40.03554591603571], [-75.09711455713047, 40.03665234758455], [-75.09528128590665, 40.041091743227355], [-75.09971154667988, 40.044425015428565]]]}, "properties": {"light_n": 57.5, "light_pctl": 53, "crime_n": 141, "crime_pctl": 70, "nta": "Lawndale", "boro": "Philadelphia"}}, {"type": "Feature", "geometry": {"type": "Polygon", "coordinates": [[[-75.17511523302161, 40.00226780066089], [-75.18137172249627, 40.00115759164742], [-75.18319544447749, 39.99671903234009], [-75.1787635851636, 39.99339098854454], [-75.17250807035677, 39.99450095653445], [-75.17068344029799, 39.9989392093113], [-75.17511523302161, 40.00226780066089]]]}, "properties": {"light_n": 70.2, "light_pctl": 67, "crime_n": 456, "crime_pctl": 95, "nta": "Allegheny West", "boro": "Philadelphia"}}, {"type": "Feature", "geometry": {"type": "Polygon", "coordinates": [[[-75.12976918059198, 39.98561960116774], [-75.13602438787142, 39.984512056798245], [-75.13785168174743, 39.98007521369101], [-75.13342467490453, 39.97674622217414], [-75.12717044236125, 39.977853526452016], [-75.1253422420268, 39.98229006230633], [-75.12976918059198, 39.98561960116774]]]}, "properties": {"light_n": 98.7, "light_pctl": 90, "crime_n": 221, "crime_pctl": 80, "nta": "East Kensington", "boro": "Philadelphia"}}, {"type": "Feature", "geometry": {"type": "Polygon", "coordinates": [[[-74.995032274449, 40.05874974097382], [-75.00129987404908, 40.05764855707224], [-75.00314252563872, 40.053209810555764], [-74.99871848406264, 40.0498725579084], [-74.99245186445044, 40.05097350407637], [-74.99060830652955, 40.055411940593515], [-74.995032274449, 40.05874974097382]]]}, "properties": {"light_n": 33.3, "light_pctl": 19, "crime_n": 22, "crime_pctl": 33, "nta": "Torresdale", "boro": "Philadelphia"}}, {"type": "Feature", "geometry": {"type": "Polygon", "coordinates": [[[-75.10780751153949, 40.038878640450285], [-75.11407021470228, 40.03777160179578], [-75.1159016100893, 40.033332078607856], [-75.11147121044263, 40.029999901946745], [-75.10520948457987, 40.03110670075216], [-75.10337718116624, 40.03554591603571], [-75.10780751153949, 40.038878640450285]]]}, "properties": {"light_n": 58.6, "light_pctl": 55, "crime_n": 194, "crime_pctl": 76, "nta": "Lawndale", "boro": "Philadelphia"}}, {"type": "Feature", "geometry": {"type": "Polygon", "coordinates": [[[-75.23708935068775, 39.95011157529875], [-75.24333767709513, 39.948998695410744], [-75.24515363221633, 39.94456209320061], [-75.240722168441, 39.941238676021065], [-75.23447481351955, 39.9423513138714], [-75.23265795098888, 39.94678761090667], [-75.23708935068775, 39.95011157529875]]]}, "properties": {"light_n": 46.5, "light_pctl": 38, "crime_n": 289, "crime_pctl": 86, "nta": "Kingsessing", "boro": "Philadelphia"}}, {"type": "Feature", "geometry": {"type": "Polygon", "coordinates": [[[-75.1563441194776, 40.0055964843614], [-75.16260143138106, 40.00448724706962], [-75.16442702694242, 40.0000488120884], [-75.15999621850217, 39.99671992124675], [-75.1537398817167, 39.99782891786571], [-75.15191337835557, 40.002267045966995], [-75.1563441194776, 40.0055964843614]]]}, "properties": {"light_n": 123.3, "light_pctl": 95, "crime_n": 297, "crime_pctl": 87, "nta": "Glenwood", "boro": "Philadelphia"}}, {"type": "Feature", "geometry": {"type": "Polygon", "coordinates": [[[-75.14277574019913, 40.024461039082574], [-75.14903582531774, 40.023352293103684], [-75.1508634111015, 40.01891300572952], [-75.1464318200998, 40.01558277151541], [-75.14017271110383, 40.01669127701883], [-75.13834421708917, 40.02113025717971], [-75.14277574019913, 40.024461039082574]]]}, "properties": {"light_n": 69.2, "light_pctl": 66, "crime_n": 210, "crime_pctl": 78, "nta": "Logan", "boro": "Philadelphia"}}, {"type": "Feature", "geometry": {"type": "Polygon", "coordinates": [[[-75.15975262131927, 39.92685055669255], [-75.16599945308735, 39.925742150275426], [-75.16782169610725, 39.921308177689816], [-75.16339801231571, 39.91798291792179], [-75.15715215236722, 39.91909108387054], [-75.15532900449222, 39.923524750023596], [-75.15975262131927, 39.92685055669255]]]}, "properties": {"light_n": 83.6, "light_pctl": 81, "crime_n": 342, "crime_pctl": 90, "nta": "Lower Moyamensing", "boro": "Philadelphia"}}, {"type": "Feature", "geometry": {"type": "Polygon", "coordinates": [[[-75.22686275972283, 39.89026087438366], [-75.23310339548716, 39.889149325327374], [-75.23491800462011, 39.88471633689469], [-75.23049288298725, 39.88139520254971], [-75.2242532164247, 39.88250650997248], [-75.22243770239427, 39.886939193341554], [-75.22686275972283, 39.89026087438366]]]}, "properties": {"light_n": 86.9, "light_pctl": 83, "crime_n": 102, "crime_pctl": 62, "nta": "Airport", "boro": "Philadelphia"}}, {"type": "Feature", "geometry": {"type": "Polygon", "coordinates": [[[-75.19413062396411, 39.97009237878326], [-75.20038246982006, 39.968981558145956], [-75.20220318479592, 39.96454452582567], [-75.19777296126992, 39.96121862014578], [-75.19152208843926, 39.96232919950362], [-75.189700466211, 39.96676592578861], [-75.19413062396411, 39.97009237878326]]]}, "properties": {"light_n": 78.2, "light_pctl": 76, "crime_n": 348, "crime_pctl": 91, "nta": "Mantua", "boro": "Philadelphia"}}, {"type": "Feature", "geometry": {"type": "Polygon", "coordinates": [[[-75.1372890569115, 40.03778011523032], [-75.14355101770245, 40.036671495276806], [-75.14537962871033, 40.032231537927636], [-75.1409471876536, 40.02890050787586], [-75.13468620362688, 40.030008887414354], [-75.13285668399503, 40.0344485373875], [-75.1372890569115, 40.03778011523032]]]}, "properties": {"light_n": 75.3, "light_pctl": 73, "crime_n": 222, "crime_pctl": 80, "nta": "Olney", "boro": "Philadelphia"}}, {"type": "Feature", "geometry": {"type": "Polygon", "coordinates": [[[-75.20409201130573, 40.05887445008919], [-75.21035540626744, 40.057761943940825], [-75.21217861513234, 40.053319657666414], [-75.2077393400196, 40.049990183800716], [-75.20147692157776, 40.0511024481718], [-75.19965280183102, 40.055544428153574], [-75.20409201130573, 40.05887445008919]]]}, "properties": {"light_n": 14.7, "light_pctl": 3, "crime_n": 2, "crime_pctl": 13, "nta": "Chestnut Hill", "boro": "Philadelphia"}}, {"type": "Feature", "geometry": {"type": "Polygon", "coordinates": [[[-75.1717269001823, 40.0810917736108], [-75.17799390245716, 40.07998073379281], [-75.17982098298681, 40.07553772068167], [-75.17538197238224, 40.072206054332995], [-75.1691159480883, 40.073316852922446], [-75.16728795652048, 40.07775955905685], [-75.1717269001823, 40.0810917736108]]]}, "properties": {"light_n": 54.8, "light_pctl": 51, "crime_n": 130, "crime_pctl": 68, "nta": "Cedarbrook", "boro": "Philadelphia"}}, {"type": "Feature", "geometry": {"type": "Polygon", "coordinates": [[[-75.20718621051796, 40.00891932912547], [-75.21344292564203, 40.00780730093476], [-75.21526392149516, 40.00336782310976], [-75.21082911135123, 40.000040679436715], [-75.20457337063336, 40.00115246596252], [-75.20275146575507, 40.00559163779402], [-75.20718621051796, 40.00891932912547]]]}, "properties": {"light_n": 71.3, "light_pctl": 68, "crime_n": 193, "crime_pctl": 76, "nta": "Wynnefield Heights", "boro": "Philadelphia"}}, {"type": "Feature", "geometry": {"type": "Polygon", "coordinates": [[[-75.13208420954894, 40.022238396380004], [-75.13834421708917, 40.02113025717971], [-75.14017271110383, 40.01669127701883], [-75.13574210559446, 40.01336074341814], [-75.12948307426298, 40.01446864235701], [-75.12765367233442, 40.018907315125894], [-75.13208420954894, 40.022238396380004]]]}, "properties": {"light_n": 81.1, "light_pctl": 79, "crime_n": 325, "crime_pctl": 89, "nta": "Feltonville", "boro": "Philadelphia"}}, {"type": "Feature", "geometry": {"type": "Polygon", "coordinates": [[[-75.1159016100893, 40.033332078607856], [-75.12216341471313, 40.032224672831994], [-75.12399384265164, 40.0277853304137], [-75.11956337405795, 40.024453701472765], [-75.11330254637033, 40.02556086726201], [-75.11147121044263, 40.029999901946745], [-75.1159016100893, 40.033332078607856]]]}, "properties": {"light_n": 58.4, "light_pctl": 55, "crime_n": 252, "crime_pctl": 84, "nta": "Olney", "boro": "Philadelphia"}}, {"type": "Feature", "geometry": {"type": "Polygon", "coordinates": [[[-75.05435341351814, 40.02773811935874], [-75.06061571653196, 40.026634115439386], [-75.06245164887302, 40.02219613355819], [-75.05802618473952, 40.01886246436073], [-75.0517648594506, 40.0199662295024], [-75.04992802067295, 40.024403902587295], [-75.05435341351814, 40.02773811935874]]]}, "properties": {"light_n": 63.6, "light_pctl": 61, "crime_n": 218, "crime_pctl": 79, "nta": "Wissinoming", "boro": "Philadelphia"}}, {"type": "Feature", "geometry": {"type": "Polygon", "coordinates": [[[-75.14825934763907, 40.01114397284204], [-75.15451755808941, 40.01003510130814], [-75.1563441194776, 40.0055964843614], [-75.15191337835557, 40.002267045966995], [-75.14565614338676, 40.00337567696512], [-75.1438286741606, 40.007813986861294], [-75.14825934763907, 40.01114397284204]]]}, "properties": {"light_n": 119.3, "light_pctl": 94, "crime_n": 590, "crime_pctl": 98, "nta": "Franklinville", "boro": "Philadelphia"}}, {"type": "Feature", "geometry": {"type": "Polygon", "coordinates": [[[-75.06245164887302, 40.02219613355819], [-75.06871305517868, 40.021091761842655], [-75.07054801988644, 40.01665395987717], [-75.06612248479145, 40.013320838220835], [-75.05986205584759, 40.01442497102081], [-75.05802618473952, 40.01886246436073], [-75.06245164887302, 40.02219613355819]]]}, "properties": {"light_n": 62.9, "light_pctl": 60, "crime_n": 260, "crime_pctl": 84, "nta": "Wissinoming", "boro": "Philadelphia"}}, {"type": "Feature", "geometry": {"type": "Polygon", "coordinates": [[[-75.04366579904233, 40.025507299798186], [-75.04992802067295, 40.024403902587295], [-75.0517648594506, 40.0199662295024], [-75.04734038281855, 40.01663226257094], [-75.04107913899706, 40.01773542121845], [-75.03924139410117, 40.02217278532893], [-75.04366579904233, 40.025507299798186]]]}, "properties": {"light_n": 68.9, "light_pctl": 66, "crime_n": 173, "crime_pctl": 73, "nta": "Tacony", "boro": "Philadelphia"}}, {"type": "Feature", "geometry": {"type": "Polygon", "coordinates": [[[-75.17485670984061, 40.03112352752296], [-75.18111702498433, 40.03001296073725], [-75.18294188417448, 40.02557275279666], [-75.17850733750433, 40.02224341828606], [-75.17224799822334, 40.023353743954125], [-75.17042222985194, 40.02779364521823], [-75.17485670984061, 40.03112352752296]]]}, "properties": {"light_n": 60.4, "light_pctl": 58, "crime_n": 222, "crime_pctl": 80, "nta": "Germantown - Westside", "boro": "Philadelphia"}}, {"type": "Feature", "geometry": {"type": "Polygon", "coordinates": [[[-75.18370163797643, 39.93904408736463], [-75.18994959338612, 39.93793423138328], [-75.19177008241205, 39.93349915683484], [-75.18734352196738, 39.93017424430366], [-75.18109653848006, 39.931283859313396], [-75.17927514361655, 39.93571862779378], [-75.18370163797643, 39.93904408736463]]]}, "properties": {"light_n": 86.9, "light_pctl": 83, "crime_n": 326, "crime_pctl": 89, "nta": "Point Breeze", "boro": "Philadelphia"}}, {"type": "Feature", "geometry": {"type": "Polygon", "coordinates": [[[-75.17746628274537, 40.03889404718189], [-75.18372757402912, 40.03778323920152], [-75.18555249032917, 40.033342542661224], [-75.18111702498433, 40.03001296073725], [-75.17485670984061, 40.03112352752296], [-75.17303088400391, 40.03556391739508], [-75.17746628274537, 40.03889404718189]]]}, "properties": {"light_n": 58.9, "light_pctl": 56, "crime_n": 296, "crime_pctl": 87, "nta": "West Central Germantown", "boro": "Philadelphia"}}, {"type": "Feature", "geometry": {"type": "Polygon", "coordinates": [[[-75.17016306859135, 39.95789583406415], [-75.17641379039547, 39.956786465005536], [-75.17823626246937, 39.952350534280136], [-75.17380891910906, 39.94902427898185], [-75.1675591702278, 39.95013340726485], [-75.16573579188571, 39.95456903158962], [-75.17016306859135, 39.95789583406415]]]}, "properties": {"light_n": 188.6, "light_pctl": 100, "crime_n": 444, "crime_pctl": 95, "nta": "Logan Square", "boro": "Philadelphia"}}, {"type": "Feature", "geometry": {"type": "Polygon", "coordinates": [[[-75.12717044236125, 39.977853526452016], [-75.13342467490453, 39.97674622217414], [-75.13525191019382, 39.97230986814874], [-75.1308258191464, 39.968981125629924], [-75.12457256106232, 39.970088189892856], [-75.1227444196685, 39.974524236657516], [-75.12717044236125, 39.977853526452016]]]}, "properties": {"light_n": 109.4, "light_pctl": 92, "crime_n": 120, "crime_pctl": 66, "nta": "Fishtown - Lower Kensington", "boro": "Philadelphia"}}, {"type": "Feature", "geometry": {"type": "Polygon", "coordinates": [[[-75.21549765301432, 39.97452213953243], [-75.22174964792138, 39.97341010785795], [-75.2235685474474, 39.96897246400347], [-75.21913636005036, 39.96564715746889], [-75.21288533799392, 39.96675894743697], [-75.2110655305855, 39.97119628561378], [-75.21549765301432, 39.97452213953243]]]}, "properties": {"light_n": 73.4, "light_pctl": 71, "crime_n": 312, "crime_pctl": 88, "nta": "Mill Creek", "boro": "Philadelphia"}}, {"type": "Feature", "geometry": {"type": "Polygon", "coordinates": [[[-75.07864252687895, 40.01111159882776], [-75.08490213975915, 40.01000649233741], [-75.08673517017117, 40.00556905092193], [-75.08230949413273, 40.00223702424899], [-75.07605085788835, 40.00334189154833], [-75.07421692114904, 40.00777902467964], [-75.07864252687895, 40.01111159882776]]]}, "properties": {"light_n": 81.8, "light_pctl": 79, "crime_n": 132, "crime_pctl": 68, "nta": "Frankford", "boro": "Philadelphia"}}, {"type": "Feature", "geometry": {"type": "Polygon", "coordinates": [[[-75.12168481701461, 39.99116380465082], [-75.12794092138495, 39.9900566260357], [-75.12976918059198, 39.98561960116774], [-75.1253422420268, 39.98229006230633], [-75.11908711275547, 39.98339700096693], [-75.11725794705242, 39.98783371841142], [-75.12168481701461, 39.99116380465082]]]}, "properties": {"light_n": 87.7, "light_pctl": 83, "crime_n": 288, "crime_pctl": 86, "nta": "East Kensington", "boro": "Philadelphia"}}, {"type": "Feature", "geometry": {"type": "Polygon", "coordinates": [[[-75.16389663108853, 40.05776921728065], [-75.17016070025491, 40.05665890091701], [-75.17198760835939, 40.052217352503305], [-75.16755135736953, 40.04888642742274], [-75.16128826535, 40.049996502789014], [-75.15946044727583, 40.05443774420102], [-75.16389663108853, 40.05776921728065]]]}, "properties": {"light_n": 51.2, "light_pctl": 45, "crime_n": 83, "crime_pctl": 59, "nta": "East Germantown", "boro": "Philadelphia"}}, {"type": "Feature", "geometry": {"type": "Polygon", "coordinates": [[[-75.05143090731312, 40.0488273649526], [-75.05769606404488, 40.04772325159354], [-75.05953308718236, 40.04328411332096], [-75.05510586087304, 40.03994939732782], [-75.04884168278738, 40.04105327189446], [-75.04700375246773, 40.045492101214734], [-75.05143090731312, 40.0488273649526]]]}, "properties": {"light_n": 66.0, "light_pctl": 63, "crime_n": 140, "crime_pctl": 70, "nta": "Mayfair", "boro": "Philadelphia"}}, {"type": "Feature", "geometry": {"type": "Polygon", "coordinates": [[[-75.17823626246937, 39.952350534280136], [-75.18448608717553, 39.9512408010999], [-75.18630759585936, 39.94680505356567], [-75.18188018616831, 39.943479345409784], [-75.17563133402254, 39.944588837677884], [-75.17380891910906, 39.94902427898185], [-75.17823626246937, 39.952350534280136]]]}, "properties": {"light_n": 135.5, "light_pctl": 96, "crime_n": 101, "crime_pctl": 62, "nta": "Fitler Square", "boro": "Philadelphia"}}, {"type": "Feature", "geometry": {"type": "Polygon", "coordinates": [[[-75.04073867731734, 40.046595607301896], [-75.04700375246773, 40.045492101214734], [-75.04884168278738, 40.04105327189446], [-75.04441544492283, 40.03771825776], [-75.03815134850285, 40.03882152526923], [-75.03631251131984, 40.04326004545893], [-75.04073867731734, 40.046595607301896]]]}, "properties": {"light_n": 43.4, "light_pctl": 34, "crime_n": 128, "crime_pctl": 68, "nta": "Mayfair", "boro": "Philadelphia"}}, {"type": "Feature", "geometry": {"type": "Polygon", "coordinates": [[[-75.05694282262436, 40.03551074737467], [-75.06320610364185, 40.03440650460126], [-75.06504209714872, 40.02996803425513], [-75.06061571653196, 40.026634115439386], [-75.05435341351814, 40.02773811935874], [-75.05251651322013, 40.03217628091596], [-75.05694282262436, 40.03551074737467]]]}, "properties": {"light_n": 69.8, "light_pctl": 67, "crime_n": 226, "crime_pctl": 80, "nta": "Mayfair", "boro": "Philadelphia"}}, {"type": "Feature", "geometry": {"type": "Polygon", "coordinates": [[[-75.11100192105486, 39.98894029118256], [-75.11725794705242, 39.98783371841142], [-75.11908711275547, 39.98339700096693], [-75.11466115874249, 39.98006716386332], [-75.10840610792944, 39.98117349689377], [-75.10657603604702, 39.985609906736485], [-75.11100192105486, 39.98894029118256]]]}, "properties": {"light_n": 77.5, "light_pctl": 75, "crime_n": 251, "crime_pctl": 83, "nta": "Richmond", "boro": "Philadelphia"}}, {"type": "Feature", "geometry": {"type": "Polygon", "coordinates": [[[-75.26893370297529, 39.985580689661184], [-75.27518606261977, 39.98446562903958], [-75.27700041801329, 39.980026459483334], [-75.27256332331932, 39.97670265529812], [-75.26631193608462, 39.977817473146075], [-75.26449667123558, 39.98225633792052], [-75.26893370297529, 39.985580689661184]]]}, "properties": {"light_n": 38.5, "light_pctl": 28, "crime_n": 76, "crime_pctl": 56, "nta": null, "boro": "Philadelphia"}}, {"type": "Feature", "geometry": {"type": "Polygon", "coordinates": [[[-75.217646195394, 40.03999414035315], [-75.22390681090883, 40.038881144730745], [-75.22572803020947, 40.034439711876544], [-75.22128954454412, 40.03111158057179], [-75.21502990454206, 40.03222433422041], [-75.2132077747946, 40.036665461115255], [-75.217646195394, 40.03999414035315]]]}, "properties": {"light_n": 40.7, "light_pctl": 32, "crime_n": 58, "crime_pctl": 50, "nta": "Roxborough", "boro": "Philadelphia"}}, {"type": "Feature", "geometry": {"type": "Polygon", "coordinates": [[[-75.23686890780326, 39.97894827836117], [-75.24312104995853, 39.97783503533948], [-75.24493813277532, 39.97339678066671], [-75.24050398205036, 39.97007207430292], [-75.2342528125701, 39.97118507519131], [-75.23243482124134, 39.97562302454446], [-75.23686890780326, 39.97894827836117]]]}, "properties": {"light_n": 63.5, "light_pctl": 61, "crime_n": 638, "crime_pctl": 99, "nta": "Carroll Park", "boro": "Philadelphia"}}, {"type": "Feature", "geometry": {"type": "Polygon", "coordinates": [[[-75.16990176752682, 39.986734849416735], [-75.17615630794249, 39.98562512237341], [-75.17797991565304, 39.9811875410894], [-75.17354989041839, 39.97785999336334], [-75.16729632411726, 39.978969479536985], [-75.16547180903814, 39.983406754274206], [-75.16990176752682, 39.986734849416735]]]}, "properties": {"light_n": 98.9, "light_pctl": 90, "crime_n": 549, "crime_pctl": 98, "nta": "North Central", "boro": "Philadelphia"}}, {"type": "Feature", "geometry": {"type": "Polygon", "coordinates": [[[-75.24493813277532, 39.97339678066671], [-75.25118937529139, 39.97228317420223], [-75.25300549466955, 39.96784510367572], [-75.24857128010514, 39.9645209447305], [-75.24232100990055, 39.96563430892553], [-75.24050398205036, 39.97007207430292], [-75.24493813277532, 39.97339678066671]]]}, "properties": {"light_n": 56.8, "light_pctl": 53, "crime_n": 428, "crime_pctl": 95, "nta": "Overbrook", "boro": "Philadelphia"}}, {"type": "Feature", "geometry": {"type": "Polygon", "coordinates": [[[-75.23208442311633, 39.90577181876758], [-75.23832699810677, 39.90465978621303], [-75.24014171722459, 39.900225817634066], [-75.2357147670559, 39.89690418662437], [-75.22947316181566, 39.89801597739123], [-75.22765753709501, 39.90244964092327], [-75.23208442311633, 39.90577181876758]]]}, "properties": {"light_n": 99.1, "light_pctl": 90, "crime_n": 23, "crime_pctl": 34, "nta": "Eastwick", "boro": "Philadelphia"}}, {"type": "Feature", "geometry": {"type": "Polygon", "coordinates": [[[-75.05887394295594, 40.1010348307048], [-75.06514587704568, 40.099929652433076], [-75.0669842376709, 40.09548740697248], [-75.06255157366121, 40.09215064882985], [-75.05628062025924, 40.09325558798869], [-75.05444135028229, 40.097697524371036], [-75.05887394295594, 40.1010348307048]]]}, "properties": {"light_n": 21.7, "light_pctl": 8, "crime_n": 3, "crime_pctl": 16, "nta": "Bustleton", "boro": "Philadelphia"}}, {"type": "Feature", "geometry": {"type": "Polygon", "coordinates": [[[-75.08901776370026, 40.04219780724682], [-75.09528128590665, 40.041091743227355], [-75.09711455713047, 40.03665234758455], [-75.09268521399635, 40.03331932418299], [-75.08642266953915, 40.03442514870536], [-75.08458849056947, 40.038864236094376], [-75.08901776370026, 40.04219780724682]]]}, "properties": {"light_n": 64.5, "light_pctl": 62, "crime_n": 93, "crime_pctl": 60, "nta": "Crescentville", "boro": "Philadelphia"}}, {"type": "Feature", "geometry": {"type": "Polygon", "coordinates": [[[-75.01864918024286, 40.09987837483992], [-75.0249217671547, 40.09877539253875], [-75.02676382589473, 40.09433389672089], [-75.02233420625409, 40.09099569295756], [-75.01606260064791, 40.092098436929284], [-75.01421963347998, 40.09653962296188], [-75.01864918024286, 40.09987837483992]]]}, "properties": {"light_n": 64.6, "light_pctl": 62, "crime_n": 32, "crime_pctl": 38, "nta": "Bustleton", "boro": "Philadelphia"}}, {"type": "Feature", "geometry": {"type": "Polygon", "coordinates": [[[-75.10520948457987, 40.03110670075216], [-75.11147121044263, 40.029999901946745], [-75.11330254637033, 40.02556086726201], [-75.10887306420935, 40.02222893926279], [-75.1026123153684, 40.02333549829578], [-75.10078007176907, 40.02777422506836], [-75.10520948457987, 40.03110670075216]]]}, "properties": {"light_n": 57.2, "light_pctl": 53, "crime_n": 114, "crime_pctl": 65, "nta": "Northwood", "boro": "Philadelphia"}}, {"type": "Feature", "geometry": {"type": "Polygon", "coordinates": [[[-75.13468620362688, 40.030008887414354], [-75.1409471876536, 40.02890050787586], [-75.14277574019913, 40.024461039082574], [-75.13834421708917, 40.02113025717971], [-75.13208420954894, 40.022238396380004], [-75.13025474873454, 40.026677557789256], [-75.13468620362688, 40.030008887414354]]]}, "properties": {"light_n": 64.2, "light_pctl": 62, "crime_n": 305, "crime_pctl": 88, "nta": "Olney", "boro": "Philadelphia"}}, {"type": "Feature", "geometry": {"type": "Polygon", "coordinates": [[[-75.04039779951265, 40.07546660593449], [-75.04666671068325, 40.07436275282249], [-75.04850579557984, 40.06992228006192], [-75.04407687737363, 40.066585969660764], [-75.03780894613574, 40.06768958410403], [-75.0359689532744, 40.07212974758524], [-75.04039779951265, 40.07546660593449]]]}, "properties": {"light_n": 36.7, "light_pctl": 25, "crime_n": 33, "crime_pctl": 38, "nta": "Pennypack Park", "boro": "Philadelphia"}}, {"type": "Feature", "geometry": {"type": "Polygon", "coordinates": [[[-75.19649482539602, 40.00670305951443], [-75.20275146575507, 40.00559163779402], [-75.20457337063336, 40.00115246596252], [-75.20013954396391, 39.997825021991794], [-75.1938838780985, 39.99893620226106], [-75.19206106451082, 40.00337506791996], [-75.19649482539602, 40.00670305951443]]]}, "properties": {"light_n": 35.3, "light_pctl": 22, "crime_n": 14, "crime_pctl": 28, "nta": "West Park", "boro": "Philadelphia"}}, {"type": "Feature", "geometry": {"type": "Polygon", "coordinates": [[[-75.24536886913317, 39.915738250930076], [-75.25161248698761, 39.91462537248571], [-75.25342635472423, 39.910190609086726], [-75.24899751097668, 39.90686902895977], [-75.24275486305905, 39.90798166532644], [-75.24094008905327, 39.91241612386552], [-75.24536886913317, 39.915738250930076]]]}, "properties": {"light_n": 52.6, "light_pctl": 47, "crime_n": 82, "crime_pctl": 59, "nta": "Clearview", "boro": "Philadelphia"}}, {"type": "Feature", "geometry": {"type": "Polygon", "coordinates": [[[-75.22118525978208, 39.93238011207443], [-75.22743157001739, 39.93126832069435], [-75.22924832198612, 39.926833002932966], [-75.22481967020897, 39.92350978188995], [-75.21857433099733, 39.92462133159981], [-75.21675667264047, 39.92905634399069], [-75.22118525978208, 39.93238011207443]]]}, "properties": {"light_n": 54.7, "light_pctl": 51, "crime_n": 229, "crime_pctl": 81, "nta": "Bartram Village", "boro": "Philadelphia"}}, {"type": "Feature", "geometry": {"type": "Polygon", "coordinates": [[[-74.97030641013737, 40.10424938399213], [-74.97658054097069, 40.103148969094434], [-74.97842726725702, 40.098708048660974], [-74.97400077034973, 40.095367853755896], [-74.96772762180099, 40.096468031247184], [-74.96587998797848, 40.100908641018165], [-74.97030641013737, 40.10424938399213]]]}, "properties": {"light_n": 41.7, "light_pctl": 32, "crime_n": 41, "crime_pctl": 43, "nta": "Parkwood Manor", "boro": "Philadelphia"}}, {"type": "Feature", "geometry": {"type": "Polygon", "coordinates": [[[-75.21502990454206, 40.03222433422041], [-75.22128954454412, 40.03111158057179], [-75.22311070808772, 40.026670636360016], [-75.21867314182236, 40.0233427517325], [-75.21241447705631, 40.024455263484604], [-75.21059240342157, 40.02889590172844], [-75.21502990454206, 40.03222433422041]]]}, "properties": {"light_n": 54.9, "light_pctl": 51, "crime_n": 56, "crime_pctl": 49, "nta": "Manayunk", "boro": "Philadelphia"}}, {"type": "Feature", "geometry": {"type": "Polygon", "coordinates": [[[-75.19437706908408, 39.941259392430716], [-75.20062509959284, 39.94014893182309], [-75.20244468246656, 39.93571355138504], [-75.1980171410852, 39.93238893741205], [-75.19177008241205, 39.93349915683484], [-75.18994959338612, 39.93793423138328], [-75.19437706908408, 39.941259392430716]]]}, "properties": {"light_n": 95.2, "light_pctl": 87, "crime_n": 244, "crime_pctl": 82, "nta": "Grays Ferry", "boro": "Philadelphia"}}, {"type": "Feature", "geometry": {"type": "Polygon", "coordinates": [[[-75.06146812357906, 40.10881480974019], [-75.06774103863658, 40.10770939227905], [-75.06957946046434, 40.10326665910617], [-75.06514587704568, 40.099929652433076], [-75.05887394295594, 40.1010348307048], [-75.05703461142022, 40.105477254807035], [-75.06146812357906, 40.10881480974019]]]}, "properties": {"light_n": 15.9, "light_pctl": 4, "crime_n": 0, "crime_pctl": 4, "nta": null, "boro": "Philadelphia"}}, {"type": "Feature", "geometry": {"type": "Polygon", "coordinates": [[[-75.02900406106451, 40.13100549425934], [-75.03528057600535, 40.129901557877], [-75.03712288458303, 40.1254581118614], [-75.03268958817618, 40.1221189119519], [-75.02641405566376, 40.12322260969939], [-75.02457083723321, 40.12766574595926], [-75.02900406106451, 40.13100549425934]]]}, "properties": {"light_n": 19.2, "light_pctl": 6, "crime_n": 4, "crime_pctl": 18, "nta": null, "boro": "Philadelphia"}}, {"type": "Feature", "geometry": {"type": "Polygon", "coordinates": [[[-74.98396537441585, 40.085386616912395], [-74.99023672890814, 40.084285697821954], [-74.99208144827702, 40.07984561965894], [-74.98765572036818, 40.07650677088178], [-74.9813853471516, 40.0776074523639], [-74.9795397206715, 40.082047220199655], [-74.98396537441585, 40.085386616912395]]]}, "properties": {"light_n": 40.3, "light_pctl": 31, "crime_n": 67, "crime_pctl": 53, "nta": "Modena", "boro": "Philadelphia"}}, {"type": "Feature", "geometry": {"type": "Polygon", "coordinates": [[[-75.22902320802413, 39.95566087871079], [-75.23527243298068, 39.9545483618573], [-75.23708935068775, 39.95011157529875], [-75.23265795098888, 39.94678761090667], [-75.22640969788121, 39.947899885858526], [-75.22459187272496, 39.95233636707184], [-75.22902320802413, 39.95566087871079]]]}, "properties": {"light_n": 69.8, "light_pctl": 67, "crime_n": 378, "crime_pctl": 92, "nta": "Cobbs Creek", "boro": "Philadelphia"}}, {"type": "Feature", "geometry": {"type": "Polygon", "coordinates": [[[-74.97288605198968, 40.11203147443178], [-74.97916116538882, 40.11093082205162], [-74.9810079558816, 40.106489414071106], [-74.97658054097069, 40.103148969094434], [-74.97030641013737, 40.10424938399213], [-74.96845871175267, 40.10869048131716], [-74.97288605198968, 40.11203147443178]]]}, "properties": {"light_n": 35.6, "light_pctl": 23, "crime_n": 9, "crime_pctl": 25, "nta": "Parkwood Manor", "boro": "Philadelphia"}}, {"type": "Feature", "geometry": {"type": "Polygon", "coordinates": [[[-75.15894921665715, 40.0133647878671], [-75.16520750395573, 40.01225530982559], [-75.16703315718937, 40.007816386007036], [-75.16260143138106, 40.00448724706962], [-75.1563441194776, 40.0055964843614], [-75.15451755808941, 40.01003510130814], [-75.15894921665715, 40.0133647878671]]]}, "properties": {"light_n": 82.1, "light_pctl": 80, "crime_n": 416, "crime_pctl": 94, "nta": "Tioga", "boro": "Philadelphia"}}, {"type": "Feature", "geometry": {"type": "Polygon", "coordinates": [[[-75.08382843229101, 40.02665322763543], [-75.09008999927751, 40.025547642533596], [-75.09192315023081, 40.021109223851674], [-75.0874956413363, 40.01777669850865], [-75.08123505154211, 40.018882044266476], [-75.07940099355262, 40.023320154679354], [-75.08382843229101, 40.02665322763543]]]}, "properties": {"light_n": 71.0, "light_pctl": 68, "crime_n": 324, "crime_pctl": 89, "nta": "Northwood", "boro": "Philadelphia"}}, {"type": "Feature", "geometry": {"type": "Polygon", "coordinates": [[[-75.07054801988644, 40.01665395987717], [-75.07680852948086, 40.01554922063798], [-75.07864252687895, 40.01111159882776], [-75.07421692114904, 40.00777902467964], [-75.06795738855342, 40.00888352486549], [-75.06612248479145, 40.013320838220835], [-75.07054801988644, 40.01665395987717]]]}, "properties": {"light_n": 84.1, "light_pctl": 81, "crime_n": 288, "crime_pctl": 86, "nta": "Frankford", "boro": "Philadelphia"}}, {"type": "Feature", "geometry": {"type": "Polygon", "coordinates": [[[-75.16650585852922, 40.06554266740206], [-75.17277090512037, 40.06443210996404], [-75.17459787076919, 40.059990073240925], [-75.17016070025491, 40.05665890091701], [-75.16389663108853, 40.05776921728065], [-75.16206875511405, 40.06221094701036], [-75.16650585852922, 40.06554266740206]]]}, "properties": {"light_n": 52.3, "light_pctl": 46, "crime_n": 119, "crime_pctl": 66, "nta": "East Mount Airy", "boro": "Philadelphia"}}, {"type": "Feature", "geometry": {"type": "Polygon", "coordinates": [[[-75.14798437705231, 40.04000277332407], [-75.15424641524906, 40.03889354616363], [-75.1560741173157, 40.03445328161731], [-75.15164069022914, 40.03112255139641], [-75.14537962871033, 40.032231537927636], [-75.14355101770245, 40.036671495276806], [-75.14798437705231, 40.04000277332407]]]}, "properties": {"light_n": 74.1, "light_pctl": 72, "crime_n": 134, "crime_pctl": 69, "nta": "Logan", "boro": "Philadelphia"}}, {"type": "Feature", "geometry": {"type": "Polygon", "coordinates": [[[-75.21312033805926, 39.93792704263023], [-75.21936754575592, 39.93681561414849], [-75.22118525978208, 39.93238011207443], [-75.21675667264047, 39.92905634399069], [-75.21051043632988, 39.930167530938256], [-75.20869181587625, 39.93460272747153], [-75.21312033805926, 39.93792704263023]]]}, "properties": {"light_n": 50.5, "light_pctl": 44, "crime_n": 206, "crime_pctl": 77, "nta": "Bartram Village", "boro": "Philadelphia"}}, {"type": "Feature", "geometry": {"type": "Polygon", "coordinates": [[[-75.23358518218097, 40.057751348496964], [-75.23984782333731, 40.056637260863155], [-75.24166824246666, 40.052194545192], [-75.23722693201695, 40.04886622288464], [-75.23096526683904, 40.049980068175934], [-75.22914393623448, 40.054422478084724], [-75.23358518218097, 40.057751348496964]]]}, "properties": {"light_n": 30.1, "light_pctl": 15, "crime_n": 27, "crime_pctl": 36, "nta": "Upper Roxborough", "boro": "Philadelphia"}}, {"type": "Feature", "geometry": {"type": "Polygon", "coordinates": [[[-75.17982098298681, 40.07553772068167], [-75.18608708343396, 40.07442631387095], [-75.1879131955586, 40.069983482109656], [-75.18347411833776, 40.0666523639325], [-75.17720899550615, 40.06776352937736], [-75.17538197238224, 40.072206054332995], [-75.17982098298681, 40.07553772068167]]]}, "properties": {"light_n": 42.8, "light_pctl": 33, "crime_n": 73, "crime_pctl": 56, "nta": "Cedarbrook", "boro": "Philadelphia"}}, {"type": "Feature", "geometry": {"type": "Polygon", "coordinates": [[[-75.21003704274976, 39.987836294327494], [-75.21629091006047, 39.98672438499322], [-75.2181108293195, 39.98228606840278], [-75.21367778964579, 39.97895996695411], [-75.20742489582504, 39.98007163464121], [-75.20560406828977, 39.984509645391896], [-75.21003704274976, 39.987836294327494]]]}, "properties": {"light_n": 25.4, "light_pctl": 12, "crime_n": 2, "crime_pctl": 13, "nta": "West Park", "boro": "Philadelphia"}}, {"type": "Feature", "geometry": {"type": "Polygon", "coordinates": [[[-75.04816949763423, 40.09880209394761], [-75.05444135028229, 40.097697524371036], [-75.05628062025924, 40.09325558798869], [-75.05184894672327, 40.08991853040792], [-75.04557807484768, 40.091022861086536], [-75.04373789583876, 40.0954644882119], [-75.04816949763423, 40.09880209394761]]]}, "properties": {"light_n": 24.7, "light_pctl": 11, "crime_n": 15, "crime_pctl": 29, "nta": "Bustleton", "boro": "Philadelphia"}}, {"type": "Feature", "geometry": {"type": "Polygon", "coordinates": [[[-75.23642721433502, 40.0366541808986], [-75.24268700198392, 40.035540212792945], [-75.24450634439732, 40.03109865718366], [-75.2400668099868, 40.02777137525667], [-75.23380799739765, 40.02888510103791], [-75.23198774426122, 40.0333263510382], [-75.23642721433502, 40.0366541808986]]]}, "properties": {"light_n": 22.1, "light_pctl": 8, "crime_n": 3, "crime_pctl": 16, "nta": null, "boro": "Philadelphia"}}, {"type": "Feature", "geometry": {"type": "Polygon", "coordinates": [[[-75.07605085788835, 40.00334189154833], [-75.08230949413273, 40.00223702424899], [-75.08414246417277, 39.99780007158109], [-75.07971770404397, 39.99446829447228], [-75.07346004415731, 39.995572922657054], [-75.07162616814414, 40.00000956703326], [-75.07605085788835, 40.00334189154833]]]}, "properties": {"light_n": 76.3, "light_pctl": 74, "crime_n": 78, "crime_pctl": 57, "nta": "Bridesburg", "boro": "Philadelphia"}}, {"type": "Feature", "geometry": {"type": "Polygon", "coordinates": [[[-75.02452706819705, 40.05767970872834], [-75.03079393746592, 40.05657694041852], [-75.03263380589394, 40.05213775308416], [-75.02820771209106, 40.048801643500056], [-75.02194182227954, 40.04990417350846], [-75.02010104691657, 40.05434305137049], [-75.02452706819705, 40.05767970872834]]]}, "properties": {"light_n": 34.6, "light_pctl": 21, "crime_n": 22, "crime_pctl": 33, "nta": "Winchester Park", "boro": "Philadelphia"}}, {"type": "Feature", "geometry": {"type": "Polygon", "coordinates": [[[-75.1560741173157, 40.03445328161731], [-75.16233525587485, 40.03334368801479], [-75.16416199093145, 40.02890360498996], [-75.15972849643414, 40.0255734225618], [-75.15346833418872, 40.026682775397894], [-75.15164069022914, 40.03112255139641], [-75.1560741173157, 40.03445328161731]]]}, "properties": {"light_n": 62.4, "light_pctl": 60, "crime_n": 166, "crime_pctl": 72, "nta": "Logan", "boro": "Philadelphia"}}, {"type": "Feature", "geometry": {"type": "Polygon", "coordinates": [[[-75.21573109962144, 39.94568729201141], [-75.22197927897933, 39.9445756219184], [-75.22379704860532, 39.940139630236835], [-75.21936754575592, 39.93681561414849], [-75.21312033805926, 39.93792704263023], [-75.21130166165221, 39.94236272877936], [-75.21573109962144, 39.94568729201141]]]}, "properties": {"light_n": 59.2, "light_pctl": 56, "crime_n": 284, "crime_pctl": 85, "nta": "Southwest Schuylkill", "boro": "Philadelphia"}}, {"type": "Feature", "geometry": {"type": "Polygon", "coordinates": [[[-75.08123505154211, 40.018882044266476], [-75.0874956413363, 40.01777669850865], [-75.08932873205276, 40.01333876842178], [-75.08490213975915, 40.01000649233741], [-75.07864252687895, 40.01111159882776], [-75.07680852948086, 40.01554922063798], [-75.08123505154211, 40.018882044266476]]]}, "properties": {"light_n": 71.8, "light_pctl": 69, "crime_n": 391, "crime_pctl": 93, "nta": "Frankford", "boro": "Philadelphia"}}, {"type": "Feature", "geometry": {"type": "Polygon", "coordinates": [[[-75.17720899550615, 40.06776352937736], [-75.18347411833776, 40.0666523639325], [-75.18530017334355, 40.06221002039531], [-75.18086201626315, 40.0588791490848], [-75.17459787076919, 40.059990073240925], [-75.17277090512037, 40.06443210996404], [-75.17720899550615, 40.06776352937736]]]}, "properties": {"light_n": 49.1, "light_pctl": 42, "crime_n": 68, "crime_pctl": 54, "nta": "East Mount Airy", "boro": "Philadelphia"}}, {"type": "Feature", "geometry": {"type": "Polygon", "coordinates": [[[-74.9861718959777, 40.122054357057536], [-74.99244807686934, 40.120952857991604], [-74.99429402293333, 40.116510652071014], [-74.98986469677833, 40.11317025565464], [-74.98358949865059, 40.114271516946744], [-74.98174264401753, 40.11871341239723], [-74.9861718959777, 40.122054357057536]]]}, "properties": {"light_n": 33.5, "light_pctl": 20, "crime_n": 5, "crime_pctl": 20, "nta": "Byberry", "boro": "Philadelphia"}}, {"type": "Feature", "geometry": {"type": "Polygon", "coordinates": [[[-75.18344869555636, 39.96787614102388], [-75.189700466211, 39.96676592578861], [-75.19152208843926, 39.96232919950362], [-75.18709284705179, 39.95900299463572], [-75.1808420495094, 39.96011296880499], [-75.17901952034393, 39.964549388876], [-75.18344869555636, 39.96787614102388]]]}, "properties": {"light_n": 96.8, "light_pctl": 89, "crime_n": 64, "crime_pctl": 52, "nta": "Mantua", "boro": "Philadelphia"}}, {"type": "Feature", "geometry": {"type": "Polygon", "coordinates": [[[-75.07573184935042, 40.032197044149804], [-75.08199431377766, 40.03109182657459], [-75.08382843229101, 40.02665322763543], [-75.07940099355262, 40.023320154679354], [-75.07313950668106, 40.02442513304829], [-75.07130448109478, 40.02886342354762], [-75.07573184935042, 40.032197044149804]]]}, "properties": {"light_n": 73.4, "light_pctl": 71, "crime_n": 188, "crime_pctl": 75, "nta": "Mayfair", "boro": "Philadelphia"}}, {"type": "Feature", "geometry": {"type": "Polygon", "coordinates": [[[-74.97069032211758, 40.07536837952432], [-74.97696061064234, 40.07426830595964], [-74.97880617300726, 40.069829025971586], [-74.9743823533864, 40.06649013002863], [-74.96811304593966, 40.067589966275946], [-74.9662665771391, 40.0720289357518], [-74.97069032211758, 40.07536837952432]]]}, "properties": {"light_n": 36.7, "light_pctl": 25, "crime_n": 5, "crime_pctl": 20, "nta": null, "boro": "Philadelphia"}}, {"type": "Feature", "geometry": {"type": "Polygon", "coordinates": [[[-75.23447481351955, 39.9423513138714], [-75.240722168441, 39.941238676021065], [-75.24253806866987, 39.936802563401486], [-75.2381075211343, 39.93347939378337], [-75.23186113742382, 39.934591789673256], [-75.23004433013926, 39.93902759710944], [-75.23447481351955, 39.9423513138714]]]}, "properties": {"light_n": 43.5, "light_pctl": 35, "crime_n": 121, "crime_pctl": 67, "nta": null, "boro": "Philadelphia"}}, {"type": "Feature", "geometry": {"type": "Polygon", "coordinates": [[[-75.22834621632093, 40.04220952255878], [-75.23460690579736, 40.041095919532644], [-75.23642721433502, 40.0366541808986], [-75.23198774426122, 40.0333263510382], [-75.22572803020947, 40.034439711876544], [-75.22390681090883, 40.038881144730745], [-75.22834621632093, 40.04220952255878]]]}, "properties": {"light_n": 36.0, "light_pctl": 23, "crime_n": 26, "crime_pctl": 35, "nta": "Germany Hill", "boro": "Philadelphia"}}, {"type": "Feature", "geometry": {"type": "Polygon", "coordinates": [[[-75.10551050130724, 40.0022516575914], [-75.1117683998538, 40.001145211301974], [-75.1135985906936, 39.996707823629144], [-75.10917178965983, 39.993377189978375], [-75.1029148669381, 39.9944833965878], [-75.10108376952758, 39.99892047649598], [-75.10551050130724, 40.0022516575914]]]}, "properties": {"light_n": 93.1, "light_pctl": 86, "crime_n": 558, "crime_pctl": 98, "nta": "Harrowgate", "boro": "Philadelphia"}}, {"type": "Feature", "geometry": {"type": "Polygon", "coordinates": [[[-75.07832504830796, 40.039969692952354], [-75.08458849056947, 40.038864236094376], [-75.08642266953915, 40.03442514870536], [-75.08199431377766, 40.03109182657459], [-75.07573184935042, 40.032197044149804], [-75.07389676295303, 40.03663582310656], [-75.07832504830796, 40.039969692952354]]]}, "properties": {"light_n": 68.0, "light_pctl": 65, "crime_n": 210, "crime_pctl": 78, "nta": "Oxford Circle", "boro": "Philadelphia"}}, {"type": "Feature", "geometry": {"type": "Polygon", "coordinates": [[[-75.255624507476, 39.975607580096124], [-75.26187582257691, 39.9744933679784], [-75.26369103316863, 39.97005499248195], [-75.2592558375473, 39.96673113404082], [-75.25300549466955, 39.96784510367572], [-75.25118937529139, 39.97228317420223], [-75.255624507476, 39.975607580096124]]]}, "properties": {"light_n": 42.8, "light_pctl": 34, "crime_n": 61, "crime_pctl": 51, "nta": "Overbrook", "boro": "Philadelphia"}}, {"type": "Feature", "geometry": {"type": "Polygon", "coordinates": [[[-75.17250807035677, 39.99450095653445], [-75.1787635851636, 39.99339098854454], [-75.180587250044, 39.98895291821077], [-75.17615630794249, 39.98562512237341], [-75.16990176752682, 39.986734849416735], [-75.16807719492344, 39.99117261321184], [-75.17250807035677, 39.99450095653445]]]}, "properties": {"light_n": 77.9, "light_pctl": 75, "crime_n": 330, "crime_pctl": 89, "nta": "Strawberry Mansion", "boro": "Philadelphia"}}, {"type": "Feature", "geometry": {"type": "Polygon", "coordinates": [[[-75.14045231085498, 39.98784129716043], [-75.14670759569216, 39.986733147003434], [-75.14853398279347, 39.98229599682169], [-75.14410599193435, 39.978967303839376], [-75.13785168174743, 39.98007521369101], [-75.13602438787142, 39.984512056798245], [-75.14045231085498, 39.98784129716043]]]}, "properties": {"light_n": 94.8, "light_pctl": 87, "crime_n": 336, "crime_pctl": 90, "nta": "West Kensington", "boro": "Philadelphia"}}, {"type": "Feature", "geometry": {"type": "Polygon", "coordinates": [[[-75.0462533135015, 40.03327991676655], [-75.05251651322013, 40.03217628091596], [-75.05435341351814, 40.02773811935874], [-75.04992802067295, 40.024403902587295], [-75.04366579904233, 40.025507299798186], [-75.04182799227162, 40.02994515238833], [-75.0462533135015, 40.03327991676655]]]}, "properties": {"light_n": 63.8, "light_pctl": 61, "crime_n": 162, "crime_pctl": 72, "nta": "Tacony", "boro": "Philadelphia"}}, {"type": "Feature", "geometry": {"type": "Polygon", "coordinates": [[[-75.15580378521628, 40.06332089651997], [-75.16206875511405, 40.06221094701036], [-75.16389663108853, 40.05776921728065], [-75.15946044727583, 40.05443774420102], [-75.15319645488971, 40.05554745285061], [-75.15136766890708, 40.05998887540766], [-75.15580378521628, 40.06332089651997]]]}, "properties": {"light_n": 58.7, "light_pctl": 55, "crime_n": 214, "crime_pctl": 79, "nta": "West Oak Lane", "boro": "Philadelphia"}}, {"type": "Feature", "geometry": {"type": "Polygon", "coordinates": [[[-75.22311070808772, 40.026670636360016], [-75.22936944699146, 40.02555751763214], [-75.23118964465657, 40.021116756342266], [-75.22675201357133, 40.0177894195451], [-75.22049424953897, 40.01890229623979], [-75.21867314182236, 40.0233427517325], [-75.22311070808772, 40.026670636360016]]]}, "properties": {"light_n": 49.4, "light_pctl": 43, "crime_n": 22, "crime_pctl": 33, "nta": null, "boro": "Philadelphia"}}, {"type": "Feature", "geometry": {"type": "Polygon", "coordinates": [[[-75.05628062025924, 40.09325558798869], [-75.06255157366121, 40.09215064882985], [-75.06438987301632, 40.087708891158606], [-75.0599581280682, 40.08437238170008], [-75.05368815507404, 40.08547708182254], [-75.05184894672327, 40.08991853040792], [-75.05628062025924, 40.09325558798869]]]}, "properties": {"light_n": 22.0, "light_pctl": 8, "crime_n": 10, "crime_pctl": 26, "nta": "Pennypack Park", "boro": "Philadelphia"}}, {"type": "Feature", "geometry": {"type": "Polygon", "coordinates": [[[-75.23096526683904, 40.049980068175934], [-75.23722693201695, 40.04886622288464], [-75.23904729588561, 40.04442399569361], [-75.23460690579736, 40.041095919532644], [-75.22834621632093, 40.04220952255878], [-75.22652494133328, 40.04665144397868], [-75.23096526683904, 40.049980068175934]]]}, "properties": {"light_n": 35.6, "light_pctl": 22, "crime_n": 54, "crime_pctl": 49, "nta": "Dearnley Park", "boro": "Philadelphia"}}, {"type": "Feature", "geometry": {"type": "Polygon", "coordinates": [[[-75.16128826535, 40.049996502789014], [-75.16755135736953, 40.04888642742274], [-75.16937820786046, 40.04444536739528], [-75.16494287604812, 40.04111468971183], [-75.15868076089762, 40.04222452415777], [-75.15685300079278, 40.04666527717528], [-75.16128826535, 40.049996502789014]]]}, "properties": {"light_n": 54.8, "light_pctl": 51, "crime_n": 285, "crime_pctl": 85, "nta": "East Germantown", "boro": "Philadelphia"}}, {"type": "Feature", "geometry": {"type": "Polygon", "coordinates": [[[-75.05368815507404, 40.08547708182254], [-75.0599581280682, 40.08437238170008], [-75.06179636608567, 40.07993111189524], [-75.05736553985187, 40.07659485127429], [-75.05109654698569, 40.07769931243685], [-75.04925740032839, 40.08214027314829], [-75.05368815507404, 40.08547708182254]]]}, "properties": {"light_n": 17.7, "light_pctl": 5, "crime_n": 1, "crime_pctl": 9, "nta": "Pennypack Park", "boro": "Philadelphia"}}, {"type": "Feature", "geometry": {"type": "Polygon", "coordinates": [[[-75.2394858655637, 39.9867122178449], [-75.24573898066959, 39.98559873261262], [-75.24755611838292, 39.98115998872059], [-75.24312104995853, 39.97783503533948], [-75.23686890780326, 39.97894827836117], [-75.23505086122331, 39.98338671694222], [-75.2394858655637, 39.9867122178449]]]}, "properties": {"light_n": 62.7, "light_pctl": 60, "crime_n": 190, "crime_pctl": 75, "nta": "Overbrook", "boro": "Philadelphia"}}, {"type": "Feature", "geometry": {"type": "Polygon", "coordinates": [[[-75.05920371646432, 40.072154069412804], [-75.06547181081014, 40.07104923921796], [-75.06730901770239, 40.066608636446816], [-75.06287903859958, 40.06327317276841], [-75.05661192373782, 40.06437776394154], [-75.05477380859774, 40.068818057782806], [-75.05920371646432, 40.072154069412804]]]}, "properties": {"light_n": 36.6, "light_pctl": 24, "crime_n": 36, "crime_pctl": 40, "nta": "Rhawnhurst", "boro": "Philadelphia"}}, {"type": "Feature", "geometry": {"type": "Polygon", "coordinates": [[[-75.16442702694242, 40.0000488120884], [-75.17068344029799, 39.9989392093113], [-75.17250807035677, 39.99450095653445], [-75.16807719492344, 39.99117261321184], [-75.16182175632242, 39.992281975179175], [-75.15999621850217, 39.99671992124675], [-75.16442702694242, 40.0000488120884]]]}, "properties": {"light_n": 74.9, "light_pctl": 73, "crime_n": 489, "crime_pctl": 97, "nta": "Glenwood", "boro": "Philadelphia"}}, {"type": "Feature", "geometry": {"type": "Polygon", "coordinates": [[[-75.15140926182617, 39.96122200222002], [-75.15766080417582, 39.96011360272302], [-75.15948514626976, 39.95567779561559], [-75.15505885210689, 39.952350694722476], [-75.14880828312887, 39.95345885379394], [-75.14698303504389, 39.95789435415197], [-75.15140926182617, 39.96122200222002]]]}, "properties": {"light_n": 217.5, "light_pctl": 100, "crime_n": 151, "crime_pctl": 71, "nta": "Old City", "boro": "Philadelphia"}}, {"type": "Feature", "geometry": {"type": "Polygon", "coordinates": [[[-74.98950037597706, 40.07206718055947], [-74.99576985252178, 40.070966128826285], [-74.99761353758338, 40.06652671625821], [-74.99318865292466, 40.06318866555474], [-74.98692015701147, 40.064289479616896], [-74.98507556522873, 40.068728582021734], [-74.98950037597706, 40.07206718055947]]]}, "properties": {"light_n": 40.3, "light_pctl": 30, "crime_n": 44, "crime_pctl": 44, "nta": "Morrell Park", "boro": "Philadelphia"}}, {"type": "Feature", "geometry": {"type": "Polygon", "coordinates": [[[-75.25038734480107, 39.9600833635668], [-75.25663671573083, 39.95896963633736], [-75.2584518175968, 39.95453223962517], [-75.25401845671195, 39.951208875097414], [-75.24777005745507, 39.9523223599987], [-75.24595404751149, 39.95675945172358], [-75.25038734480107, 39.9600833635668]]]}, "properties": {"light_n": 54.0, "light_pctl": 49, "crime_n": 22, "crime_pctl": 33, "nta": null, "boro": "Philadelphia"}}, {"type": "Feature", "geometry": {"type": "Polygon", "coordinates": [[[-74.96514968656743, 40.088687416426986], [-74.97142185311273, 40.087587476266066], [-74.97326845078801, 40.08314753115771], [-74.96884378884673, 40.07980783685482], [-74.96257260402388, 40.08090753976137], [-74.9607250995233, 40.085347174193394], [-74.96514968656743, 40.088687416426986]]]}, "properties": {"light_n": 59.0, "light_pctl": 56, "crime_n": 61, "crime_pctl": 51, "nta": "Franklin Mills", "boro": "Philadelphia"}}, {"type": "Feature", "geometry": {"type": "Polygon", "coordinates": [[[-75.01641846390667, 40.063221473721256], [-75.0226862302289, 40.06211907470939], [-75.02452706819705, 40.05767970872834], [-75.02010104691657, 40.05434305137049], [-75.01383426041525, 40.055445212219354], [-75.01199251547656, 40.05988426855716], [-75.01641846390667, 40.063221473721256]]]}, "properties": {"light_n": 36.4, "light_pctl": 24, "crime_n": 54, "crime_pctl": 49, "nta": "Pennypack Woods", "boro": "Philadelphia"}}, {"type": "Feature", "geometry": {"type": "Polygon", "coordinates": [[[-75.05076177771952, 40.10658206335804], [-75.05703461142022, 40.105477254807035], [-75.05887394295594, 40.1010348307048], [-75.05444135028229, 40.097697524371036], [-75.04816949763423, 40.09880209394761], [-75.04632925671038, 40.103244208800405], [-75.05076177771952, 40.10658206335804]]]}, "properties": {"light_n": 27.3, "light_pctl": 13, "crime_n": 6, "crime_pctl": 21, "nta": "Bustleton", "boro": "Philadelphia"}}, {"type": "Feature", "geometry": {"type": "Polygon", "coordinates": [[[-75.02641405566376, 40.12322260969939], [-75.03268958817618, 40.1221189119519], [-75.03453183439505, 40.117675953369876], [-75.03009945770123, 40.11433700226657], [-75.02382490733639, 40.11544046145559], [-75.0219817516212, 40.11988311027444], [-75.02641405566376, 40.12322260969939]]]}, "properties": {"light_n": 32.4, "light_pctl": 18, "crime_n": 24, "crime_pctl": 35, "nta": "Somerton", "boro": "Philadelphia"}}, {"type": "Feature", "geometry": {"type": "Polygon", "coordinates": [[[-75.19861845809758, 40.072202525262945], [-75.20488373205063, 40.071090143569634], [-75.20670796481869, 40.06664718694276], [-75.20226783501344, 40.06331691843198], [-75.19600353822304, 40.06442905840785], [-75.19417839417754, 40.068871708579664], [-75.19861845809758, 40.072202525262945]]]}, "properties": {"light_n": 32.9, "light_pctl": 19, "crime_n": 17, "crime_pctl": 30, "nta": "Chestnut Hill", "boro": "Philadelphia"}}, {"type": "Feature", "geometry": {"type": "Polygon", "coordinates": [[[-75.2259555300966, 40.00558227336823], [-75.23221141916507, 40.00446927409631], [-75.23403054069489, 40.000029673753346], [-75.2295946825592, 39.99670337829363], [-75.22333976744511, 39.997816135550366], [-75.2215197366141, 40.0022554302497], [-75.2259555300966, 40.00558227336823]]]}, "properties": {"light_n": 65.9, "light_pctl": 63, "crime_n": 50, "crime_pctl": 46, "nta": null, "boro": "Philadelphia"}}, {"type": "Feature", "geometry": {"type": "Polygon", "coordinates": [[[-75.06730901770239, 40.066608636446816], [-75.07357621352467, 40.06550343749281], [-75.07541245102135, 40.06106301405225], [-75.07098240100997, 40.05772809829259], [-75.0647161843076, 40.058833058086734], [-75.06287903859958, 40.06327317276841], [-75.06730901770239, 40.066608636446816]]]}, "properties": {"light_n": 48.3, "light_pctl": 39, "crime_n": 69, "crime_pctl": 54, "nta": "Fox Chase", "boro": "Philadelphia"}}, {"type": "Feature", "geometry": {"type": "Polygon", "coordinates": [[[-75.07281857761036, 40.05328816301069], [-75.07908389615024, 40.05218283486852], [-75.08091910396743, 40.04774307922642], [-75.07648990116691, 40.04440896029004], [-75.07022556110384, 40.045514049210844], [-75.06838944546722, 40.04995349625741], [-75.07281857761036, 40.05328816301069]]]}, "properties": {"light_n": 61.4, "light_pctl": 59, "crime_n": 109, "crime_pctl": 64, "nta": "Oxford Circle", "boro": "Philadelphia"}}, {"type": "Feature", "geometry": {"type": "Polygon", "coordinates": [[[-75.2048136099787, 39.97230771173086], [-75.2110655305855, 39.97119628561378], [-75.21288533799392, 39.96675894743697], [-75.20845413246464, 39.96343334120153], [-75.20220318479592, 39.96454452582567], [-75.20038246982006, 39.968981558145956], [-75.2048136099787, 39.97230771173086]]]}, "properties": {"light_n": 64.7, "light_pctl": 62, "crime_n": 404, "crime_pctl": 94, "nta": "Belmont", "boro": "Philadelphia"}}, {"type": "Feature", "geometry": {"type": "Polygon", "coordinates": [[[-75.1839542723016, 39.91022287985056], [-75.19019841711989, 39.90911338352063], [-75.19201777435183, 39.904679962032276], [-75.18759389160678, 39.90135634276381], [-75.1813507175232, 39.902465598216594], [-75.17953045555129, 39.90689871378287], [-75.1839542723016, 39.91022287985056]]]}, "properties": {"light_n": 60.6, "light_pctl": 58, "crime_n": 17, "crime_pctl": 30, "nta": "Packer Park", "boro": "Philadelphia"}}, {"type": "Feature", "geometry": {"type": "Polygon", "coordinates": [[[-75.21194246486837, 40.082194864533555], [-75.21820879105454, 40.081081632589765], [-75.2200321682774, 40.07663788148909], [-75.21559013136753, 40.073307668566635], [-75.20932478253377, 40.07442065850133], [-75.2075004933598, 40.078864103335235], [-75.21194246486837, 40.082194864533555]]]}, "properties": {"light_n": 23.5, "light_pctl": 10, "crime_n": 30, "crime_pctl": 38, "nta": "Chestnut Hill", "boro": "Philadelphia"}}, {"type": "Feature", "geometry": {"type": "Polygon", "coordinates": [[[-75.05402098749205, 40.05660219571152], [-75.06028712314915, 40.05549784348363], [-75.06212420760556, 40.05105821696819], [-75.05769606404488, 40.04772325159354], [-75.05143090731312, 40.0488273649526], [-75.04959291531952, 40.05326668252319], [-75.05402098749205, 40.05660219571152]]]}, "properties": {"light_n": 80.6, "light_pctl": 78, "crime_n": 105, "crime_pctl": 63, "nta": "Rhawnhurst", "boro": "Philadelphia"}}, {"type": "Feature", "geometry": {"type": "Polygon", "coordinates": [[[-75.1503162259648, 40.07664729797934], [-75.15658307474774, 40.075537474797486], [-75.15841197703597, 40.07109507581923], [-75.15397494104637, 40.06776280732608], [-75.14770907041827, 40.06887238970841], [-75.14587925772749, 40.0733144813512], [-75.1503162259648, 40.07664729797934]]]}, "properties": {"light_n": 50.3, "light_pctl": 44, "crime_n": 72, "crime_pctl": 55, "nta": null, "boro": "Philadelphia"}}, {"type": "Feature", "geometry": {"type": "Polygon", "coordinates": [[[-75.13496922950245, 40.00115396415377], [-75.14122638708558, 40.000045939370864], [-75.14305379793012, 39.99560811832816], [-75.13862495846053, 39.992278629273464], [-75.13236877616782, 39.9933864138113], [-75.13054045815645, 39.99782392761683], [-75.13496922950245, 40.00115396415377]]]}, "properties": {"light_n": 90.8, "light_pctl": 85, "crime_n": 370, "crime_pctl": 92, "nta": "Fairhill", "boro": "Philadelphia"}}, {"type": "Feature", "geometry": {"type": "Polygon", "coordinates": [[[-75.10001600349108, 40.01556503331067], [-75.1062757755883, 40.01445871397346], [-75.10810699239323, 40.0100206565244], [-75.10367934416558, 40.00668922630813], [-75.09742054853409, 40.00779530602617], [-75.09558842476687, 40.012233055547604], [-75.10001600349108, 40.01556503331067]]]}, "properties": {"light_n": 68.3, "light_pctl": 65, "crime_n": 227, "crime_pctl": 80, "nta": "Juniata Park", "boro": "Philadelphia"}}, {"type": "Feature", "geometry": {"type": "Polygon", "coordinates": [[[-75.02746208491233, 40.03658887378322], [-75.03372609921554, 40.03548621325149], [-75.03556487430285, 40.031048181395924], [-75.03114054137967, 40.02771311935617], [-75.02487750561161, 40.0288155416007], [-75.02303782433442, 40.03325326414033], [-75.02746208491233, 40.03658887378322]]]}, "properties": {"light_n": 69.1, "light_pctl": 66, "crime_n": 182, "crime_pctl": 74, "nta": "Holmesburg", "boro": "Philadelphia"}}, {"type": "Feature", "geometry": {"type": "Polygon", "coordinates": [[[-75.00830799270297, 40.068763047549666], [-75.01457665607442, 40.06766101810868], [-75.01641846390667, 40.063221473721256], [-75.01199251547656, 40.05988426855716], [-75.00572483228966, 40.06098605997369], [-75.00388211745145, 40.0654252945469], [-75.00830799270297, 40.068763047549666]]]}, "properties": {"light_n": 37.1, "light_pctl": 26, "crime_n": 31, "crime_pctl": 38, "nta": "Aston-Woodbridge", "boro": "Philadelphia"}}, {"type": "Feature", "geometry": {"type": "Polygon", "coordinates": [[[-75.12139374282397, 40.02001484762628], [-75.12765367233442, 40.018907315125894], [-75.12948307426298, 40.01446864235701], [-75.12505345438021, 40.011137809627094], [-75.11879450116444, 40.01224510208013], [-75.11696419163907, 40.016683467278376], [-75.12139374282397, 40.02001484762628]]]}, "properties": {"light_n": 76.7, "light_pctl": 74, "crime_n": 67, "crime_pctl": 53, "nta": "Feltonville", "boro": "Philadelphia"}}, {"type": "Feature", "geometry": {"type": "Polygon", "coordinates": [[[-75.25081132417841, 39.902434755512424], [-75.25705307499955, 39.90132175747002], [-75.25886592772036, 39.89688766935145], [-75.25443793559724, 39.8935668839413], [-75.24819715407668, 39.89467963984761], [-75.24638339547967, 39.8991134232679], [-75.25081132417841, 39.902434755512424]]]}, "properties": {"light_n": 38.4, "light_pctl": 27, "crime_n": 72, "crime_pctl": 55, "nta": "Eastwick", "boro": "Philadelphia"}}, {"type": "Feature", "geometry": {"type": "Polygon", "coordinates": [[[-75.180587250044, 39.98895291821077], [-75.18684186630139, 39.9878425852805], [-75.1886645663276, 39.98340469762838], [-75.18423355788264, 39.98007744924245], [-75.17797991565304, 39.9811875410894], [-75.17615630794249, 39.98562512237341], [-75.180587250044, 39.98895291821077]]]}, "properties": {"light_n": 78.5, "light_pctl": 76, "crime_n": 464, "crime_pctl": 96, "nta": "Strawberry Mansion", "boro": "Philadelphia"}}, {"type": "Feature", "geometry": {"type": "Polygon", "coordinates": [[[-75.09130390190757, 40.078843994441314], [-75.09757223752311, 40.077737340021024], [-75.09940671775806, 40.073295811532184], [-75.0949737716849, 40.06996124582539], [-75.08870641529822, 40.07106766057998], [-75.08687102585863, 40.07550888067501], [-75.09130390190757, 40.078843994441314]]]}, "properties": {"light_n": 40.3, "light_pctl": 31, "crime_n": 5, "crime_pctl": 20, "nta": null, "boro": "Philadelphia"}}, {"type": "Feature", "geometry": {"type": "Polygon", "coordinates": [[[-75.13813247975247, 39.95123900893399], [-75.14438297164298, 39.950131454738795], [-75.14620816157552, 39.945696443750364], [-75.14178376504137, 39.942369293860615], [-75.1355342463321, 39.943476607920466], [-75.13370815107751, 39.94791131197338], [-75.13813247975247, 39.95123900893399]]]}, "properties": {"light_n": 92.7, "light_pctl": 86, "crime_n": 114, "crime_pctl": 65, "nta": "Riverfront", "boro": "Philadelphia"}}, {"type": "Feature", "geometry": {"type": "Polygon", "coordinates": [[[-75.08642266953915, 40.03442514870536], [-75.09268521399635, 40.03331932418299], [-75.09451842511878, 40.0288804169824], [-75.09008999927751, 40.025547642533596], [-75.08382843229101, 40.02665322763543], [-75.08199431377766, 40.03109182657459], [-75.08642266953915, 40.03442514870536]]]}, "properties": {"light_n": 68.5, "light_pctl": 65, "crime_n": 245, "crime_pctl": 82, "nta": "Summerdale", "boro": "Philadelphia"}}, {"type": "Feature", "geometry": {"type": "Polygon", "coordinates": [[[-75.24232100990055, 39.96563430892553], [-75.24857128010514, 39.9645209447305], [-75.25038734480107, 39.9600833635668], [-75.24595404751149, 39.95675945172358], [-75.23970474934309, 39.95787257372646], [-75.23788777652952, 39.96230984973242], [-75.24232100990055, 39.96563430892553]]]}, "properties": {"light_n": 65.6, "light_pctl": 63, "crime_n": 502, "crime_pctl": 97, "nta": "Cobbs Creek", "boro": "Philadelphia"}}, {"type": "Feature", "geometry": {"type": "Polygon", "coordinates": [[[-75.1317992952882, 40.051101199926464], [-75.1380631327563, 40.04999270646916], [-75.13989276981765, 40.04555207959794], [-75.13545947853063, 40.04222025369081], [-75.129196618469, 40.0433285067937], [-75.12736607239039, 40.04776882612602], [-75.1317992952882, 40.051101199926464]]]}, "properties": {"light_n": 52.8, "light_pctl": 47, "crime_n": 121, "crime_pctl": 67, "nta": "East Oak Lane", "boro": "Philadelphia"}}, {"type": "Feature", "geometry": {"type": "Polygon", "coordinates": [[[-75.22379704860532, 39.940139630236835], [-75.23004433013926, 39.93902759710944], [-75.23186113742382, 39.934591789673256], [-75.22743157001739, 39.93126832069435], [-75.22118525978208, 39.93238011207443], [-75.21936754575592, 39.93681561414849], [-75.22379704860532, 39.940139630236835]]]}, "properties": {"light_n": 61.4, "light_pctl": 59, "crime_n": 482, "crime_pctl": 97, "nta": "Southwest Schuylkill", "boro": "Philadelphia"}}, {"type": "Feature", "geometry": {"type": "Polygon", "coordinates": [[[-75.2316375794488, 39.96342260856475], [-75.23788777652952, 39.96230984973242], [-75.23970474934309, 39.95787257372646], [-75.23527243298068, 39.9545483618573], [-75.22902320802413, 39.95566087871079], [-75.22720532740729, 39.960097849380006], [-75.2316375794488, 39.96342260856475]]]}, "properties": {"light_n": 80.5, "light_pctl": 78, "crime_n": 473, "crime_pctl": 96, "nta": "Cobbs Creek", "boro": "Philadelphia"}}, {"type": "Feature", "geometry": {"type": "Polygon", "coordinates": [[[-75.1691159480883, 40.073316852922446], [-75.17538197238224, 40.072206054332995], [-75.17720899550615, 40.06776352937736], [-75.17277090512037, 40.06443210996404], [-75.16650585852922, 40.06554266740206], [-75.16467792472349, 40.0699848853726], [-75.1691159480883, 40.073316852922446]]]}, "properties": {"light_n": 48.2, "light_pctl": 39, "crime_n": 84, "crime_pctl": 60, "nta": "West Oak Lane", "boro": "Philadelphia"}}, {"type": "Feature", "geometry": {"type": "Polygon", "coordinates": [[[-75.03746612508527, 40.09656844917335], [-75.04373789583876, 40.0954644882119], [-75.04557807484768, 40.091022861086536], [-75.04114739191846, 40.08768550432628], [-75.03487660202194, 40.08878922660469], [-75.03303551430088, 40.093230544294435], [-75.03746612508527, 40.09656844917335]]]}, "properties": {"light_n": 35.7, "light_pctl": 23, "crime_n": 6, "crime_pctl": 21, "nta": "Bustleton", "boro": "Philadelphia"}}, {"type": "Feature", "geometry": {"type": "Polygon", "coordinates": [[[-75.08673517017117, 40.00556905092193], [-75.0929938863344, 40.00446357745283], [-75.0948259500839, 40.000026316671395], [-75.0904002040631, 39.99669483744059], [-75.08414246417277, 39.99780007158109], [-75.08230949413273, 40.00223702424899], [-75.08673517017117, 40.00556905092193]]]}, "properties": {"light_n": 81.6, "light_pctl": 79, "crime_n": 48, "crime_pctl": 45, "nta": "Harrowgate", "boro": "Philadelphia"}}, {"type": "Feature", "geometry": {"type": "Polygon", "coordinates": [[[-74.9813853471516, 40.0776074523639], [-74.98765572036818, 40.07650677088178], [-74.98950037597706, 40.07206718055947], [-74.98507556522873, 40.068728582021734], [-74.97880617300726, 40.069829025971586], [-74.97696061064234, 40.07426830595964], [-74.9813853471516, 40.0776074523639]]]}, "properties": {"light_n": 40.2, "light_pctl": 30, "crime_n": 94, "crime_pctl": 60, "nta": "Morrell Park", "boro": "Philadelphia"}}, {"type": "Feature", "geometry": {"type": "Polygon", "coordinates": [[[-75.1537398817167, 39.99782891786571], [-75.15999621850217, 39.99671992124675], [-75.16182175632242, 39.992281975179175], [-75.1573918649045, 39.98895333258641], [-75.15113650296007, 39.9900620886094], [-75.14931005769456, 39.994499727789005], [-75.1537398817167, 39.99782891786571]]]}, "properties": {"light_n": 83.4, "light_pctl": 80, "crime_n": 624, "crime_pctl": 99, "nta": "Stanton", "boro": "Philadelphia"}}, {"type": "Feature", "geometry": {"type": "Polygon", "coordinates": [[[-75.25017496713902, 39.98892393285753], [-75.25642815510427, 39.987809841622216], [-75.25824438363621, 39.983370792598414], [-75.25380833348582, 39.980046139909355], [-75.24755611838292, 39.98115998872059], [-75.24573898066959, 39.98559873261262], [-75.25017496713902, 39.98892393285753]]]}, "properties": {"light_n": 42.3, "light_pctl": 33, "crime_n": 56, "crime_pctl": 49, "nta": "Overbrook", "boro": "Philadelphia"}}, {"type": "Feature", "geometry": {"type": "Polygon", "coordinates": [[[-75.02711316871662, 40.06545598187761], [-75.03338101772256, 40.06435297519013], [-75.03522094840069, 40.059913299744], [-75.03079393746592, 40.05657694041852], [-75.02452706819705, 40.05767970872834], [-75.0226862302289, 40.06211907470939], [-75.02711316871662, 40.06545598187761]]]}, "properties": {"light_n": 39.2, "light_pctl": 29, "crime_n": 51, "crime_pctl": 47, "nta": "Pennypack", "boro": "Philadelphia"}}, {"type": "Feature", "geometry": {"type": "Polygon", "coordinates": [[[-75.24166824246666, 40.052194545192], [-75.24792998106497, 40.05108009220532], [-75.24974943349851, 40.046637559422855], [-75.24530805887088, 40.043309785186146], [-75.23904729588561, 40.04442399569361], [-75.23722693201695, 40.04886622288464], [-75.24166824246666, 40.052194545192]]]}, "properties": {"light_n": 19.4, "light_pctl": 7, "crime_n": 8, "crime_pctl": 23, "nta": "Dearnley Park", "boro": "Philadelphia"}}, {"type": "Feature", "geometry": {"type": "Polygon", "coordinates": [[[-75.0916137151883, 40.049971203030154], [-75.09787821542253, 40.048864899437014], [-75.09971154667988, 40.044425015428565], [-75.09528128590665, 40.041091743227355], [-75.08901776370026, 40.04219780724682], [-75.08718352434191, 40.04663738300916], [-75.0916137151883, 40.049971203030154]]]}, "properties": {"light_n": 61.2, "light_pctl": 58, "crime_n": 67, "crime_pctl": 53, "nta": "Crescentville", "boro": "Philadelphia"}}, {"type": "Feature", "geometry": {"type": "Polygon", "coordinates": [[[-75.18630759585936, 39.94680505356567], [-75.19255652346699, 39.945694956535796], [-75.19437706908408, 39.941259392430716], [-75.18994959338612, 39.93793423138328], [-75.18370163797643, 39.93904408736463], [-75.18188018616831, 39.943479345409784], [-75.18630759585936, 39.94680505356567]]]}, "properties": {"light_n": 114.6, "light_pctl": 94, "crime_n": 41, "crime_pctl": 43, "nta": "Graduate Hospital", "boro": "Philadelphia"}}, {"type": "Feature", "geometry": {"type": "Polygon", "coordinates": [[[-75.1879131955586, 40.069983482109656], [-75.19417839417754, 40.068871708579664], [-75.19600353822304, 40.06442905840785], [-75.19156439471223, 40.0610984883684], [-75.18530017334355, 40.06221002039531], [-75.18347411833776, 40.0666523639325], [-75.1879131955586, 40.069983482109656]]]}, "properties": {"light_n": 41.7, "light_pctl": 33, "crime_n": 38, "crime_pctl": 41, "nta": "East Mount Airy", "boro": "Philadelphia"}}, {"type": "Feature", "geometry": {"type": "Polygon", "coordinates": [[[-75.18530017334355, 40.06221002039531], [-75.19156439471223, 40.0610984883684], [-75.19338948192565, 40.056656326489204], [-75.18895125847679, 40.05332600324771], [-75.18268801408065, 40.05443729384867], [-75.18086201626315, 40.0588791490848], [-75.18530017334355, 40.06221002039531]]]}, "properties": {"light_n": 50.8, "light_pctl": 45, "crime_n": 95, "crime_pctl": 61, "nta": "East Mount Airy", "boro": "Philadelphia"}}, {"type": "Feature", "geometry": {"type": "Polygon", "coordinates": [[[-75.04298750894527, 40.08324436500538], [-75.04925740032839, 40.08214027314829], [-75.05109654698569, 40.07769931243685], [-75.04666671068325, 40.07436275282249], [-75.04039779951265, 40.07546660593449], [-75.03855774453505, 40.07990725737397], [-75.04298750894527, 40.08324436500538]]]}, "properties": {"light_n": 39.7, "light_pctl": 29, "crime_n": 23, "crime_pctl": 34, "nta": "Pennypack Park", "boro": "Philadelphia"}}, {"type": "Feature", "geometry": {"type": "Polygon", "coordinates": [[[-75.19077628878856, 40.04888432973803], [-75.1970386320864, 40.047772672965465], [-75.19886269521791, 40.04333118142156], [-75.19442532536289, 40.0400016530985], [-75.18816395839518, 40.04111306838515], [-75.18633898505456, 40.045554253448515], [-75.19077628878856, 40.04888432973803]]]}, "properties": {"light_n": 31.6, "light_pctl": 18, "crime_n": 56, "crime_pctl": 49, "nta": "West Mount Airy", "boro": "Philadelphia"}}, {"type": "Feature", "geometry": {"type": "Polygon", "coordinates": [[[-75.04884168278738, 40.04105327189446], [-75.05510586087304, 40.03994939732782], [-75.05694282262436, 40.03551074737467], [-75.05251651322013, 40.03217628091596], [-75.0462533135015, 40.03327991676655], [-75.04441544492283, 40.03771825776], [-75.04884168278738, 40.04105327189446]]]}, "properties": {"light_n": 62.7, "light_pctl": 60, "crime_n": 179, "crime_pctl": 74, "nta": "Mayfair", "boro": "Philadelphia"}}, {"type": "Feature", "geometry": {"type": "Polygon", "coordinates": [[[-75.08091910396743, 40.04774307922642], [-75.08718352434191, 40.04663738300916], [-75.08901776370026, 40.04219780724682], [-75.08458849056947, 40.038864236094376], [-75.07832504830796, 40.039969692952354], [-75.07648990116691, 40.04440896029004], [-75.08091910396743, 40.04774307922642]]]}, "properties": {"light_n": 54.3, "light_pctl": 50, "crime_n": 216, "crime_pctl": 79, "nta": "Oxford Circle", "boro": "Philadelphia"}}, {"type": "Feature", "geometry": {"type": "Polygon", "coordinates": [[[-75.1508634111015, 40.01891300572952], [-75.15712259731067, 40.017803893582986], [-75.15894921665715, 40.0133647878671], [-75.15451755808941, 40.01003510130814], [-75.14825934763907, 40.01114397284204], [-75.1464318200998, 40.01558277151541], [-75.1508634111015, 40.01891300572952]]]}, "properties": {"light_n": 81.9, "light_pctl": 80, "crime_n": 453, "crime_pctl": 95, "nta": "Tioga", "boro": "Philadelphia"}}, {"type": "Feature", "geometry": {"type": "Polygon", "coordinates": [[[-75.19338948192565, 40.056656326489204], [-75.19965280183102, 40.055544428153574], [-75.20147692157776, 40.0511024481718], [-75.1970386320864, 40.047772672965465], [-75.19077628878856, 40.04888432973803], [-75.18895125847679, 40.05332600324771], [-75.19338948192565, 40.056656326489204]]]}, "properties": {"light_n": 38.1, "light_pctl": 27, "crime_n": 17, "crime_pctl": 30, "nta": "West Mount Airy", "boro": "Philadelphia"}}, {"type": "Feature", "geometry": {"type": "Polygon", "coordinates": [[[-75.00314252563872, 40.053209810555764], [-75.00940922892109, 40.05210825708755], [-75.01125091089968, 40.047669688875956], [-75.00682679599512, 40.04433298392918], [-75.00056107233739, 40.04543429952524], [-74.99871848406264, 40.0498725579084], [-75.00314252563872, 40.053209810555764]]]}, "properties": {"light_n": 56.4, "light_pctl": 52, "crime_n": 49, "crime_pctl": 46, "nta": "Torresdale", "boro": "Philadelphia"}}, {"type": "Feature", "geometry": {"type": "Polygon", "coordinates": [[[-75.18605620102434, 39.975640050707995], [-75.19230894506731, 39.97452959432975], [-75.19413062396411, 39.97009237878326], [-75.189700466211, 39.96676592578861], [-75.18344869555636, 39.96787614102388], [-75.18162610936828, 39.9723130503646], [-75.18605620102434, 39.975640050707995]]]}, "properties": {"light_n": 59.1, "light_pctl": 56, "crime_n": 42, "crime_pctl": 43, "nta": "East Park", "boro": "Philadelphia"}}, {"type": "Feature", "geometry": {"type": "Polygon", "coordinates": [[[-74.9810079558816, 40.106489414071106], [-74.98728217152664, 40.105388390476655], [-74.98912798995582, 40.100947159558906], [-74.98470050070057, 40.09760726268807], [-74.97842726725702, 40.098708048660974], [-74.97658054097069, 40.103148969094434], [-74.9810079558816, 40.106489414071106]]]}, "properties": {"light_n": 49.4, "light_pctl": 43, "crime_n": 35, "crime_pctl": 39, "nta": "Byberry", "boro": "Philadelphia"}}, {"type": "Feature", "geometry": {"type": "Polygon", "coordinates": [[[-75.22072486732463, 39.99005073381861], [-75.22697880876042, 39.98893821849984], [-75.22879781942805, 39.98449959624868], [-75.224363797353, 39.98117379494474], [-75.2181108293195, 39.98228606840278], [-75.21629091006047, 39.98672438499322], [-75.22072486732463, 39.99005073381861]]]}, "properties": {"light_n": 48.3, "light_pctl": 40, "crime_n": 69, "crime_pctl": 54, "nta": "West Park", "boro": "Philadelphia"}}, {"type": "Feature", "geometry": {"type": "Polygon", "coordinates": [[[-75.19102519218232, 40.020021794480485], [-75.19728370731674, 40.01891049644666], [-75.1991066341886, 40.01447065308621], [-75.19467195513154, 40.011142414062306], [-75.18841441513148, 40.01225347070465], [-75.1865905791561, 40.01669300773016], [-75.19102519218232, 40.020021794480485]]]}, "properties": {"light_n": 45.3, "light_pctl": 36, "crime_n": 26, "crime_pctl": 35, "nta": "East Falls", "boro": "Philadelphia"}}, {"type": "Feature", "geometry": {"type": "Polygon", "coordinates": [[[-75.20385089024677, 40.087751662857386], [-75.21011811935838, 40.08663879749739], [-75.21194246486837, 40.082194864533555], [-75.2075004933598, 40.078864103335235], [-75.20123424196638, 40.079976726823254], [-75.19940898446572, 40.084420353349216], [-75.20385089024677, 40.087751662857386]]]}, "properties": {"light_n": 26.0, "light_pctl": 12, "crime_n": 19, "crime_pctl": 32, "nta": null, "boro": "Philadelphia"}}, {"type": "Feature", "geometry": {"type": "Polygon", "coordinates": [[[-75.08060277021383, 40.076614926940564], [-75.08687102585863, 40.07550888067501], [-75.08870641529822, 40.07106766057998], [-75.08427445808167, 40.06773279529107], [-75.07800718175103, 40.06883860210559], [-75.07617088342563, 40.07327951362802], [-75.08060277021383, 40.076614926940564]]]}, "properties": {"light_n": 49.4, "light_pctl": 42, "crime_n": 52, "crime_pctl": 48, "nta": "Fox Chase", "boro": "Philadelphia"}}, {"type": "Feature", "geometry": {"type": "Polygon", "coordinates": [[[-75.22333976744511, 39.997816135550366], [-75.2295946825592, 39.99670337829363], [-75.2314137486929, 39.99226426695842], [-75.22697880876042, 39.98893821849984], [-75.22072486732463, 39.99005073381861], [-75.21890489224472, 39.99448953950164], [-75.22333976744511, 39.997816135550366]]]}, "properties": {"light_n": 49.8, "light_pctl": 44, "crime_n": 70, "crime_pctl": 55, "nta": "Wynnefield", "boro": "Philadelphia"}}, {"type": "Feature", "geometry": {"type": "Polygon", "coordinates": [[[-75.1667696688564, 40.036674118147374], [-75.17303088400391, 40.03556391739508], [-75.17485670984061, 40.03112352752296], [-75.17042222985194, 40.02779364521823], [-75.16416199093145, 40.02890360498996], [-75.16233525587485, 40.03334368801479], [-75.1667696688564, 40.036674118147374]]]}, "properties": {"light_n": 57.9, "light_pctl": 54, "crime_n": 234, "crime_pctl": 81, "nta": "Wister", "boro": "Philadelphia"}}, {"type": "Feature", "geometry": {"type": "Polygon", "coordinates": [[[-75.24515363221633, 39.94456209320061], [-75.2514010600753, 39.94344885055017], [-75.25321605293458, 39.93901243292607], [-75.24878452540578, 39.93568956292465], [-75.24253806866987, 39.936802563401486], [-75.240722168441, 39.941238676021065], [-75.24515363221633, 39.94456209320061]]]}, "properties": {"light_n": 37.5, "light_pctl": 26, "crime_n": 8, "crime_pctl": 23, "nta": null, "boro": "Philadelphia"}}, {"type": "Feature", "geometry": {"type": "Polygon", "coordinates": [[[-75.08932873205276, 40.01333876842178], [-75.09558842476687, 40.012233055547604], [-75.09742054853409, 40.00779530602617], [-75.0929938863344, 40.00446357745283], [-75.08673517017117, 40.00556905092193], [-75.08490213975915, 40.01000649233741], [-75.08932873205276, 40.01333876842178]]]}, "properties": {"light_n": 73.4, "light_pctl": 72, "crime_n": 241, "crime_pctl": 82, "nta": "Frankford", "boro": "Philadelphia"}}, {"type": "Feature", "geometry": {"type": "Polygon", "coordinates": [[[-75.21787865414686, 40.01113469174631], [-75.2241354435843, 40.01002205700754], [-75.2259555300966, 40.00558227336823], [-75.2215197366141, 40.0022554302497], [-75.21526392149516, 40.00336782310976], [-75.21344292564203, 40.00780730093476], [-75.21787865414686, 40.01113469174631]]]}, "properties": {"light_n": 83.4, "light_pctl": 81, "crime_n": 24, "crime_pctl": 35, "nta": null, "boro": "Philadelphia"}}, {"type": "Feature", "geometry": {"type": "Polygon", "coordinates": [[[-75.02123661566759, 40.107659049758865], [-75.02751018416562, 40.10655582905193], [-75.02935230546558, 40.102113845568866], [-75.0249217671547, 40.09877539253875], [-75.01864918024286, 40.09987837483992], [-75.01680615015906, 40.104320048545034], [-75.02123661566759, 40.107659049758865]]]}, "properties": {"light_n": 60.1, "light_pctl": 57, "crime_n": 48, "crime_pctl": 45, "nta": "Somerton", "boro": "Philadelphia"}}, {"type": "Feature", "geometry": {"type": "Polygon", "coordinates": [[[-75.12428337840981, 39.99893134626315], [-75.13054045815645, 39.99782392761683], [-75.13236877616782, 39.9933864138113], [-75.12794092138495, 39.9900566260357], [-75.12168481701461, 39.99116380465082], [-75.11985559215303, 39.995601011040684], [-75.12428337840981, 39.99893134626315]]]}, "properties": {"light_n": 90.8, "light_pctl": 85, "crime_n": 568, "crime_pctl": 98, "nta": "Upper Kensington", "boro": "Philadelphia"}}, {"type": "Feature", "geometry": {"type": "Polygon", "coordinates": [[[-75.17198760835939, 40.052217352503305], [-75.17825077679352, 40.05110666955884], [-75.18007671735337, 40.04666530270063], [-75.17564039951247, 40.04333492558541], [-75.16937820786046, 40.04444536739528], [-75.16755135736953, 40.04888642742274], [-75.17198760835939, 40.052217352503305]]]}, "properties": {"light_n": 48.9, "light_pctl": 41, "crime_n": 265, "crime_pctl": 84, "nta": "Germantown - Morton", "boro": "Philadelphia"}}, {"type": "Feature", "geometry": {"type": "Polygon", "coordinates": [[[-75.03004751820217, 40.044362944354106], [-75.03631251131984, 40.04326004545893], [-75.03815134850285, 40.03882152526923], [-75.03372609921554, 40.03548621325149], [-75.02746208491233, 40.03658887378322], [-75.02562234118486, 40.04102708466423], [-75.03004751820217, 40.044362944354106]]]}, "properties": {"light_n": 53.8, "light_pctl": 49, "crime_n": 174, "crime_pctl": 73, "nta": "Holmesburg", "boro": "Philadelphia"}}, {"type": "Feature", "geometry": {"type": "Polygon", "coordinates": [[[-75.09421052441758, 40.05774533582556], [-75.1004760029583, 40.05663879258208], [-75.1023093941813, 40.052198420284654], [-75.09787821542253, 40.048864899437014], [-75.0916137151883, 40.049971203030154], [-75.08977941550904, 40.054411267089236], [-75.09421052441758, 40.05774533582556]]]}, "properties": {"light_n": 41.5, "light_pctl": 32, "crime_n": 78, "crime_pctl": 57, "nta": "Lawndale", "boro": "Philadelphia"}}, {"type": "Feature", "geometry": {"type": "Polygon", "coordinates": [[[-75.0157063020252, 40.12098619878721], [-75.0219817516212, 40.11988311027444], [-75.02382490733639, 40.11544046145559], [-75.01939352273467, 40.11210121105943], [-75.01311905537038, 40.11320406122893], [-75.01127499047952, 40.117646400105926], [-75.0157063020252, 40.12098619878721]]]}, "properties": {"light_n": 36.8, "light_pctl": 26, "crime_n": 14, "crime_pctl": 28, "nta": "Somerton", "boro": "Philadelphia"}}, {"type": "Feature", "geometry": {"type": "Polygon", "coordinates": [[[-75.16703315718937, 40.007816386007036], [-75.17329054557638, 40.006706542343224], [-75.17511523302161, 40.00226780066089], [-75.17068344029799, 39.9989392093113], [-75.16442702694242, 40.0000488120884], [-75.16260143138106, 40.00448724706962], [-75.16703315718937, 40.007816386007036]]]}, "properties": {"light_n": 75.7, "light_pctl": 74, "crime_n": 363, "crime_pctl": 91, "nta": "Allegheny West", "boro": "Philadelphia"}}, {"type": "Feature", "geometry": {"type": "Polygon", "coordinates": [[[-75.17849229695696, 39.92352436964012], [-75.18473830879736, 39.922414995525095], [-75.18655868443398, 39.917980900316785], [-75.18213395346297, 39.914656485275565], [-75.17588891299408, 39.91576561857276], [-75.17406763222613, 39.92019940769688], [-75.17849229695696, 39.92352436964012]]]}, "properties": {"light_n": 101.7, "light_pctl": 91, "crime_n": 96, "crime_pctl": 61, "nta": "Girard Estates", "boro": "Philadelphia"}}, {"type": "Feature", "geometry": {"type": "Polygon", "coordinates": [[[-75.15661379230559, 39.976750513306065], [-75.16286728222778, 39.975641632727566], [-75.16469173971385, 39.97120484712432], [-75.16026361407829, 39.96787724880091], [-75.1540110980806, 39.968985888800255], [-75.15218573389588, 39.97342236767002], [-75.15661379230559, 39.976750513306065]]]}, "properties": {"light_n": 144.7, "light_pctl": 97, "crime_n": 458, "crime_pctl": 96, "nta": "Yorktown", "boro": "Philadelphia"}}, {"type": "Feature", "geometry": {"type": "Polygon", "coordinates": [[[-75.11649026521899, 39.97563093544025], [-75.1227444196685, 39.974524236657516], [-75.12457256106232, 39.970088189892856], [-75.12014745389689, 39.96675914931789], [-75.1138942739921, 39.967865608299384], [-75.11206522681007, 39.97230134762506], [-75.11649026521899, 39.97563093544025]]]}, "properties": {"light_n": 96.7, "light_pctl": 89, "crime_n": 12, "crime_pctl": 27, "nta": "Fishtown - Lower Kensington", "boro": "Philadelphia"}}, {"type": "Feature", "geometry": {"type": "Polygon", "coordinates": [[[-75.08610978704819, 40.06329206327024], [-75.09237616448517, 40.06218588810469], [-75.09421052441758, 40.05774533582556], [-75.08977941550904, 40.054411267089236], [-75.08351401674275, 40.05551720274235], [-75.08167874831707, 40.05995744661218], [-75.08610978704819, 40.06329206327024]]]}, "properties": {"light_n": 42.9, "light_pctl": 34, "crime_n": 76, "crime_pctl": 56, "nta": "Burholme", "boro": "Philadelphia"}}, {"type": "Feature", "geometry": {"type": "Polygon", "coordinates": [[[-75.08351401674275, 40.05551720274235], [-75.08977941550904, 40.054411267089236], [-75.0916137151883, 40.049971203030154], [-75.08718352434191, 40.04663738300916], [-75.08091910396743, 40.04774307922642], [-75.07908389615024, 40.05218283486852], [-75.08351401674275, 40.05551720274235]]]}, "properties": {"light_n": 50.3, "light_pctl": 44, "crime_n": 75, "crime_pctl": 56, "nta": "Oxford Circle", "boro": "Philadelphia"}}, {"type": "Feature", "geometry": {"type": "Polygon", "coordinates": [[[-75.08870641529822, 40.07106766057998], [-75.0949737716849, 40.06996124582539], [-75.09680819180257, 40.065520205402976], [-75.09237616448517, 40.06218588810469], [-75.08610978704819, 40.06329206327024], [-75.08427445808167, 40.06773279529107], [-75.08870641529822, 40.07106766057998]]]}, "properties": {"light_n": 44.3, "light_pctl": 35, "crime_n": 21, "crime_pctl": 32, "nta": "Burholme", "boro": "Philadelphia"}}, {"type": "Feature", "geometry": {"type": "Polygon", "coordinates": [[[-74.97842726725702, 40.098708048660974], [-74.98470050070057, 40.09760726268807], [-74.98654625521287, 40.09316651938737], [-74.98211968388658, 40.089826872519076], [-74.97584743236354, 40.090927420946514], [-74.97400077034973, 40.095367853755896], [-74.97842726725702, 40.098708048660974]]]}, "properties": {"light_n": 46.2, "light_pctl": 38, "crime_n": 104, "crime_pctl": 63, "nta": "Parkwood Manor", "boro": "Philadelphia"}}, {"type": "Feature", "geometry": {"type": "Polygon", "coordinates": [[[-75.20505355649402, 39.9434737940909], [-75.21130166165221, 39.94236272877936], [-75.21312033805926, 39.93792704263023], [-75.20869181587625, 39.93460272747153], [-75.20244468246656, 39.93571355138504], [-75.20062509959284, 39.94014893182309], [-75.20505355649402, 39.9434737940909]]]}, "properties": {"light_n": 66.8, "light_pctl": 64, "crime_n": 18, "crime_pctl": 31, "nta": "Bartram Village", "boro": "Philadelphia"}}, {"type": "Feature", "geometry": {"type": "Polygon", "coordinates": [[[-75.05109654698569, 40.07769931243685], [-75.05736553985187, 40.07659485127429], [-75.05920371646432, 40.072154069412804], [-75.05477380859774, 40.068818057782806], [-75.04850579557984, 40.06992228006192], [-75.04666671068325, 40.07436275282249], [-75.05109654698569, 40.07769931243685]]]}, "properties": {"light_n": 30.5, "light_pctl": 16, "crime_n": 42, "crime_pctl": 43, "nta": "Rhawnhurst", "boro": "Philadelphia"}}, {"type": "Feature", "geometry": {"type": "Polygon", "coordinates": [[[-75.09451842511878, 40.0288804169824], [-75.10078007176907, 40.02777422506836], [-75.1026123153684, 40.02333549829578], [-75.09818381977391, 40.02000327149587], [-75.09192315023081, 40.021109223851674], [-75.09008999927751, 40.025547642533596], [-75.09451842511878, 40.0288804169824]]]}, "properties": {"light_n": 52.3, "light_pctl": 47, "crime_n": 74, "crime_pctl": 56, "nta": "Northwood", "boro": "Philadelphia"}}, {"type": "Feature", "geometry": {"type": "Polygon", "coordinates": [[[-75.15868076089762, 40.04222452415777], [-75.16494287604812, 40.04111468971183], [-75.1667696688564, 40.036674118147374], [-75.16233525587485, 40.03334368801479], [-75.1560741173157, 40.03445328161731], [-75.15424641524906, 40.03889354616363], [-75.15868076089762, 40.04222452415777]]]}, "properties": {"light_n": 60.9, "light_pctl": 58, "crime_n": 190, "crime_pctl": 75, "nta": "East Germantown", "boro": "Philadelphia"}}, {"type": "Feature", "geometry": {"type": "Polygon", "coordinates": [[[-75.22095520390098, 39.961210002926876], [-75.22720532740729, 39.960097849380006], [-75.22902320802413, 39.95566087871079], [-75.22459187272496, 39.95233636707184], [-75.21834272143055, 39.95344827885321], [-75.21652393332494, 39.95788494400679], [-75.22095520390098, 39.961210002926876]]]}, "properties": {"light_n": 77.2, "light_pctl": 75, "crime_n": 426, "crime_pctl": 95, "nta": "Walnut Hill", "boro": "Philadelphia"}}, {"type": "Feature", "geometry": {"type": "Polygon", "coordinates": [[[-75.19152208843926, 39.96232919950362], [-75.19777296126992, 39.96121862014578], [-75.19959361986209, 39.956782077154706], [-75.19516431262362, 39.95345641953281], [-75.18891441254237, 39.95456675768818], [-75.18709284705179, 39.95900299463572], [-75.19152208843926, 39.96232919950362]]]}, "properties": {"light_n": 149.9, "light_pctl": 98, "crime_n": 156, "crime_pctl": 72, "nta": "University City", "boro": "Philadelphia"}}, {"type": "Feature", "geometry": {"type": "Polygon", "coordinates": [[[-75.23730952499518, 39.92128571571514], [-75.2435540403092, 39.92017319935379], [-75.24536886913317, 39.915738250930076], [-75.24094008905327, 39.91241612386552], [-75.23469654403827, 39.913528398284896], [-75.23288080890534, 39.91796304167854], [-75.23730952499518, 39.92128571571514]]]}, "properties": {"light_n": 64.2, "light_pctl": 62, "crime_n": 273, "crime_pctl": 85, "nta": "Elmwood", "boro": "Philadelphia"}}, {"type": "Feature", "geometry": {"type": "Polygon", "coordinates": [[[-75.13236877616782, 39.9933864138113], [-75.13862495846053, 39.992278629273464], [-75.14045231085498, 39.98784129716043], [-75.13602438787142, 39.984512056798245], [-75.12976918059198, 39.98561960116774], [-75.12794092138495, 39.9900566260357], [-75.13236877616782, 39.9933864138113]]]}, "properties": {"light_n": 103.1, "light_pctl": 91, "crime_n": 376, "crime_pctl": 92, "nta": "West Kensington", "boro": "Philadelphia"}}, {"type": "Feature", "geometry": {"type": "Polygon", "coordinates": [[[-75.2314137486929, 39.99226426695842], [-75.23766776380256, 39.99115114557763], [-75.2394858655637, 39.9867122178449], [-75.23505086122331, 39.98338671694222], [-75.22879781942805, 39.98449959624868], [-75.22697880876042, 39.98893821849984], [-75.2314137486929, 39.99226426695842]]]}, "properties": {"light_n": 51.1, "light_pctl": 45, "crime_n": 208, "crime_pctl": 78, "nta": "Wynnefield", "boro": "Philadelphia"}}, {"type": "Feature", "geometry": {"type": "Polygon", "coordinates": [[[-75.14249734276049, 40.05332478028708], [-75.1487612579138, 40.052215679272976], [-75.15058998564031, 40.047774745041835], [-75.14615570765078, 40.04444321915257], [-75.13989276981765, 40.04555207959794], [-75.1380631327563, 40.04999270646916], [-75.14249734276049, 40.05332478028708]]]}, "properties": {"light_n": 68.8, "light_pctl": 66, "crime_n": 188, "crime_pctl": 75, "nta": "West Oak Lane", "boro": "Philadelphia"}}, {"type": "Feature", "geometry": {"type": "Polygon", "coordinates": [[[-75.1104063966616, 40.04665131716041], [-75.11667007740273, 40.04554403858015], [-75.1185015321809, 40.041104026965584], [-75.11407021470228, 40.03777160179578], [-75.10780751153949, 40.038878640450285], [-75.10597514837953, 40.043318344168284], [-75.1104063966616, 40.04665131716041]]]}, "properties": {"light_n": 45.4, "light_pctl": 37, "crime_n": 79, "crime_pctl": 58, "nta": "Lawndale", "boro": "Philadelphia"}}, {"type": "Feature", "geometry": {"type": "Polygon", "coordinates": [[[-75.15058998564031, 40.047774745041835], [-75.15685300079278, 40.04666527717528], [-75.15868076089762, 40.04222452415777], [-75.15424641524906, 40.03889354616363], [-75.14798437705231, 40.04000277332407], [-75.14615570765078, 40.04444321915257], [-75.15058998564031, 40.047774745041835]]]}, "properties": {"light_n": 70.7, "light_pctl": 68, "crime_n": 300, "crime_pctl": 87, "nta": "Ogontz", "boro": "Philadelphia"}}, {"type": "Feature", "geometry": {"type": "Polygon", "coordinates": [[[-75.1185015321809, 40.041104026965584], [-75.12476431401905, 40.039996381126365], [-75.12659480106177, 40.03555655021277], [-75.12216341471313, 40.032224672831994], [-75.1159016100893, 40.033332078607856], [-75.11407021470228, 40.03777160179578], [-75.1185015321809, 40.041104026965584]]]}, "properties": {"light_n": 55.3, "light_pctl": 52, "crime_n": 187, "crime_pctl": 75, "nta": "Olney", "boro": "Philadelphia"}}, {"type": "Feature", "geometry": {"type": "Polygon", "coordinates": [[[-75.16522019790055, 39.91354943506005], [-75.17146516256153, 39.91244090567184], [-75.17328638617867, 39.908007606339055], [-75.16886354970046, 39.90468314263269], [-75.16261955622201, 39.90579143149292], [-75.1607974281407, 39.910224424555416], [-75.16522019790055, 39.91354943506005]]]}, "properties": {"light_n": 149.6, "light_pctl": 97, "crime_n": 85, "crime_pctl": 60, "nta": "Stadium District", "boro": "Philadelphia"}}, {"type": "Feature", "geometry": {"type": "Polygon", "coordinates": [[[-75.05661192373782, 40.06437776394154], [-75.06287903859958, 40.06327317276841], [-75.0647161843076, 40.058833058086734], [-75.06028712314915, 40.05549784348363], [-75.05402098749205, 40.05660219571152], [-75.05218293389161, 40.0610420014558], [-75.05661192373782, 40.06437776394154]]]}, "properties": {"light_n": 54.5, "light_pctl": 50, "crime_n": 84, "crime_pctl": 60, "nta": "Rhawnhurst", "boro": "Philadelphia"}}, {"type": "Feature", "geometry": {"type": "Polygon", "coordinates": [[[-75.18555249032917, 40.033342542661224], [-75.19181288124406, 40.032231368783336], [-75.19363683093641, 40.027790854345405], [-75.18920129931378, 40.02446182025047], [-75.18294188417448, 40.02557275279666], [-75.18111702498433, 40.03001296073725], [-75.18555249032917, 40.033342542661224]]]}, "properties": {"light_n": 48.6, "light_pctl": 40, "crime_n": 60, "crime_pctl": 51, "nta": "Wissahickon Park", "boro": "Philadelphia"}}, {"type": "Feature", "geometry": {"type": "Polygon", "coordinates": [[[-75.14510277615548, 40.06109821706742], [-75.15136766890708, 40.05998887540766], [-75.15319645488971, 40.05554745285061], [-75.1487612579138, 40.052215679272976], [-75.14249734276049, 40.05332478028708], [-75.14066764708728, 40.057765895492324], [-75.14510277615548, 40.06109821706742]]]}, "properties": {"light_n": 57.1, "light_pctl": 53, "crime_n": 207, "crime_pctl": 78, "nta": "West Oak Lane", "boro": "Philadelphia"}}, {"type": "Feature", "geometry": {"type": "Polygon", "coordinates": [[[-75.19959361986209, 39.956782077154706], [-75.2058435948685, 39.955671133946446], [-75.20766329014826, 39.9512347744873], [-75.20323391738262, 39.947909664077386], [-75.19698491476284, 39.94902036594682], [-75.19516431262362, 39.95345641953281], [-75.19959361986209, 39.956782077154706]]]}, "properties": {"light_n": 115.2, "light_pctl": 94, "crime_n": 178, "crime_pctl": 74, "nta": "University City", "boro": "Philadelphia"}}, {"type": "Feature", "geometry": {"type": "Polygon", "coordinates": [[[-75.14101048824918, 39.93017383972327], [-75.14725813876953, 39.92906640146798], [-75.14908224925719, 39.924632552261386], [-75.1446596139043, 39.92130644805888], [-75.13841293565112, 39.922413646195494], [-75.1365879205853, 39.92684718862126], [-75.14101048824918, 39.93017383972327]]]}, "properties": {"light_n": 99.6, "light_pctl": 90, "crime_n": 103, "crime_pctl": 62, "nta": "Riverfront", "boro": "Philadelphia"}}, {"type": "Feature", "geometry": {"type": "Polygon", "coordinates": [[[-75.0193574305511, 40.04212937644748], [-75.02562234118486, 40.04102708466423], [-75.02746208491233, 40.03658887378322], [-75.02303782433442, 40.03325326414033], [-75.01677389259893, 40.03435531777461], [-75.014933242646, 40.03879321916889], [-75.0193574305511, 40.04212937644748]]]}, "properties": {"light_n": 52.9, "light_pctl": 48, "crime_n": 62, "crime_pctl": 52, "nta": "Holmesburg", "boro": "Philadelphia"}}, {"type": "Feature", "geometry": {"type": "Polygon", "coordinates": [[[-74.97326845078801, 40.08314753115771], [-74.9795397206715, 40.082047220199655], [-74.9813853471516, 40.0776074523639], [-74.97696061064234, 40.07426830595964], [-74.97069032211758, 40.07536837952432], [-74.96884378884673, 40.07980783685482], [-74.97326845078801, 40.08314753115771]]]}, "properties": {"light_n": 39.9, "light_pctl": 30, "crime_n": 47, "crime_pctl": 45, "nta": "Millbrook", "boro": "Philadelphia"}}, {"type": "Feature", "geometry": {"type": "Polygon", "coordinates": [[[-75.22924832198612, 39.926833002932966], [-75.23549373476051, 39.92572084892639], [-75.23730952499518, 39.92128571571514], [-75.23288080890534, 39.91796304167854], [-75.22663636679228, 39.91907495387898], [-75.22481967020897, 39.92350978188995], [-75.22924832198612, 39.926833002932966]]]}, "properties": {"light_n": 66.0, "light_pctl": 64, "crime_n": 511, "crime_pctl": 97, "nta": "Elmwood", "boro": "Philadelphia"}}, {"type": "Feature", "geometry": {"type": "Polygon", "coordinates": [[[-75.23469654403827, 39.913528398284896], [-75.24094008905327, 39.91241612386552], [-75.24275486305905, 39.90798166532644], [-75.23832699810677, 39.90465978621303], [-75.23208442311633, 39.90577181876758], [-75.23026874315477, 39.91020597226814], [-75.23469654403827, 39.913528398284896]]]}, "properties": {"light_n": 79.4, "light_pctl": 77, "crime_n": 98, "crime_pctl": 61, "nta": "Penrose", "boro": "Philadelphia"}}, {"type": "Feature", "geometry": {"type": "Polygon", "coordinates": [[[-75.02194182227954, 40.04990417350846], [-75.02820771209106, 40.048801643500056], [-75.03004751820217, 40.044362944354106], [-75.02562234118486, 40.04102708466423], [-75.0193574305511, 40.04212937644748], [-75.01751671785988, 40.04656776611388], [-75.02194182227954, 40.04990417350846]]]}, "properties": {"light_n": 43.5, "light_pctl": 34, "crime_n": 116, "crime_pctl": 65, "nta": "Holmesburg", "boro": "Philadelphia"}}, {"type": "Feature", "geometry": {"type": "Polygon", "coordinates": [[[-75.01276079631768, 40.1420996785019], [-75.01903911117755, 40.14099648430138], [-75.02088336508322, 40.13655268331122], [-75.01645021415696, 40.1332123865881], [-75.01017288245616, 40.13431534243164], [-75.00832771862615, 40.13875883332333], [-75.01276079631768, 40.1420996785019]]]}, "properties": {"light_n": 23.2, "light_pctl": 10, "crime_n": 6, "crime_pctl": 21, "nta": "Somerton", "boro": "Philadelphia"}}, {"type": "Feature", "geometry": {"type": "Polygon", "coordinates": [[[-75.15113650296007, 39.9900620886094], [-75.1573918649045, 39.98895333258641], [-75.15921734491488, 39.98451587550868], [-75.15478837017375, 39.981187481317825], [-75.14853398279347, 39.98229599682169], [-75.14670759569216, 39.986733147003434], [-75.15113650296007, 39.9900620886094]]]}, "properties": {"light_n": 131.8, "light_pctl": 95, "crime_n": 424, "crime_pctl": 94, "nta": "Hartranft", "boro": "Philadelphia"}}, {"type": "Feature", "geometry": {"type": "Polygon", "coordinates": [[[-75.09192315023081, 40.021109223851674], [-75.09818381977391, 40.02000327149587], [-75.10001600349108, 40.01556503331067], [-75.09558842476687, 40.012233055547604], [-75.08932873205276, 40.01333876842178], [-75.0874956413363, 40.01777669850865], [-75.09192315023081, 40.021109223851674]]]}, "properties": {"light_n": 55.9, "light_pctl": 52, "crime_n": 123, "crime_pctl": 67, "nta": "Northwood", "boro": "Philadelphia"}}, {"type": "Feature", "geometry": {"type": "Polygon", "coordinates": [[[-75.19600353822304, 40.06442905840785], [-75.20226783501344, 40.06331691843198], [-75.20409201130573, 40.05887445008919], [-75.19965280183102, 40.055544428153574], [-75.19338948192565, 40.056656326489204], [-75.19156439471223, 40.0610984883684], [-75.19600353822304, 40.06442905840785]]]}, "properties": {"light_n": 30.1, "light_pctl": 15, "crime_n": 29, "crime_pctl": 36, "nta": "West Mount Airy", "boro": "Philadelphia"}}, {"type": "Feature", "geometry": {"type": "Polygon", "coordinates": [[[-75.19674001953125, 39.97785629529817], [-75.20299283868844, 39.97674523330438], [-75.2048136099787, 39.97230771173086], [-75.20038246982006, 39.968981558145956], [-75.19413062396411, 39.97009237878326], [-75.19230894506731, 39.97452959432975], [-75.19674001953125, 39.97785629529817]]]}, "properties": {"light_n": 47.3, "light_pctl": 38, "crime_n": 96, "crime_pctl": 61, "nta": "Mantua", "boro": "Philadelphia"}}, {"type": "Feature", "geometry": {"type": "Polygon", "coordinates": [[[-74.97880617300726, 40.069829025971586], [-74.98507556522873, 40.068728582021734], [-74.98692015701147, 40.064289479616896], [-74.98249626307702, 40.06095113147136], [-74.97622785157016, 40.062051337965016], [-74.9743823533864, 40.06649013002863], [-74.97880617300726, 40.069829025971586]]]}, "properties": {"light_n": 37.9, "light_pctl": 27, "crime_n": 35, "crime_pctl": 39, "nta": "Crestmont Farms", "boro": "Philadelphia"}}, {"type": "Feature", "geometry": {"type": "Polygon", "coordinates": [[[-75.1858044993683, 40.00448588324792], [-75.19206106451082, 40.00337506791996], [-75.1938838780985, 39.99893620226106], [-75.18945103503916, 39.995608458249485], [-75.18319544447749, 39.99671903234009], [-75.18137172249627, 40.00115759164742], [-75.1858044993683, 40.00448588324792]]]}, "properties": {"light_n": 47.7, "light_pctl": 39, "crime_n": 38, "crime_pctl": 41, "nta": "Strawberry Mansion", "boro": "Philadelphia"}}, {"type": "Feature", "geometry": {"type": "Polygon", "coordinates": [[[-75.23186113742382, 39.934591789673256], [-75.2381075211343, 39.93347939378337], [-75.23992336640097, 39.92904377083014], [-75.23549373476051, 39.92572084892639], [-75.22924832198612, 39.926833002932966], [-75.22743157001739, 39.93126832069435], [-75.23186113742382, 39.934591789673256]]]}, "properties": {"light_n": 49.4, "light_pctl": 43, "crime_n": 422, "crime_pctl": 94, "nta": "Paschall", "boro": "Philadelphia"}}, {"type": "Feature", "geometry": {"type": "Polygon", "coordinates": [[[-75.09711455713047, 40.03665234758455], [-75.10337718116624, 40.03554591603571], [-75.10520948457987, 40.03110670075216], [-75.10078007176907, 40.02777422506836], [-75.09451842511878, 40.0288804169824], [-75.09268521399635, 40.03331932418299], [-75.09711455713047, 40.03665234758455]]]}, "properties": {"light_n": 73.0, "light_pctl": 71, "crime_n": 106, "crime_pctl": 63, "nta": "Crescentville", "boro": "Philadelphia"}}, {"type": "Feature", "geometry": {"type": "Polygon", "coordinates": [[[-75.16102103076497, 40.07886999051751], [-75.16728795652048, 40.07775955905685], [-75.1691159480883, 40.073316852922446], [-75.16467792472349, 40.0699848853726], [-75.15841197703597, 40.07109507581923], [-75.15658307474774, 40.075537474797486], [-75.16102103076497, 40.07886999051751]]]}, "properties": {"light_n": 59.4, "light_pctl": 57, "crime_n": 120, "crime_pctl": 66, "nta": "West Oak Lane", "boro": "Philadelphia"}}, {"type": "Feature", "geometry": {"type": "Polygon", "coordinates": [[[-75.1938838780985, 39.99893620226106], [-75.20013954396391, 39.997825021991794], [-75.2019613924509, 39.99338633911722], [-75.19752848352896, 39.99005914266065], [-75.19127379188073, 39.99117008155586], [-75.18945103503916, 39.995608458249485], [-75.1938838780985, 39.99893620226106]]]}, "properties": {"light_n": 31.3, "light_pctl": 17, "crime_n": 1, "crime_pctl": 9, "nta": "West Park", "boro": "Philadelphia"}}, {"type": "Feature", "geometry": {"type": "Polygon", "coordinates": [[[-75.16469173971385, 39.97120484712432], [-75.1709443321769, 39.97009560174344], [-75.17276782534087, 39.96565899878715], [-75.16833963280395, 39.96233194774261], [-75.16208801390259, 39.96344095240762], [-75.16026361407829, 39.96787724880091], [-75.16469173971385, 39.97120484712432]]]}, "properties": {"light_n": 125.7, "light_pctl": 95, "crime_n": 204, "crime_pctl": 77, "nta": "Spring Garden", "boro": "Philadelphia"}}, {"type": "Feature", "geometry": {"type": "Polygon", "coordinates": [[[-75.26086512356616, 39.99113474095287], [-75.26711838393935, 39.99002004363739], [-75.26893370297529, 39.985580689661184], [-75.26449667123558, 39.98225633792052], [-75.25824438363621, 39.983370792598414], [-75.25642815510427, 39.987809841622216], [-75.26086512356616, 39.99113474095287]]]}, "properties": {"light_n": 35.0, "light_pctl": 21, "crime_n": 0, "crime_pctl": 4, "nta": null, "boro": "Philadelphia"}}, {"type": "Feature", "geometry": {"type": "Polygon", "coordinates": [[[-75.07541245102135, 40.06106301405225], [-75.08167874831707, 40.05995744661218], [-75.08351401674275, 40.05551720274235], [-75.07908389615024, 40.05218283486852], [-75.07281857761036, 40.05328816301069], [-75.07098240100997, 40.05772809829259], [-75.07541245102135, 40.06106301405225]]]}, "properties": {"light_n": 50.9, "light_pctl": 45, "crime_n": 102, "crime_pctl": 62, "nta": "Oxford Circle", "boro": "Philadelphia"}}, {"type": "Feature", "geometry": {"type": "Polygon", "coordinates": [[[-75.1615551736701, 40.02113382815321], [-75.167814436641, 40.020024109285075], [-75.169640147478, 40.01558469670551], [-75.16520750395573, 40.01225530982559], [-75.15894921665715, 40.0133647878671], [-75.15712259731067, 40.017803893582986], [-75.1615551736701, 40.02113382815321]]]}, "properties": {"light_n": 74.8, "light_pctl": 73, "crime_n": 72, "crime_pctl": 55, "nta": "Tioga", "boro": "Philadelphia"}}, {"type": "Feature", "geometry": {"type": "Polygon", "coordinates": [[[-75.22026335002876, 40.04776468165215], [-75.22652494133328, 40.04665144397868], [-75.22834621632093, 40.04220952255878], [-75.22390681090883, 40.038881144730745], [-75.217646195394, 40.03999414035315], [-75.21582400960361, 40.04443575582231], [-75.22026335002876, 40.04776468165215]]]}, "properties": {"light_n": 32.1, "light_pctl": 18, "crime_n": 52, "crime_pctl": 48, "nta": "Upper Roxborough", "boro": "Philadelphia"}}, {"type": "Feature", "geometry": {"type": "Polygon", "coordinates": [[[-74.97584743236354, 40.090927420946514], [-74.98211968388658, 40.089826872519076], [-74.98396537441585, 40.085386616912395], [-74.9795397206715, 40.082047220199655], [-74.97326845078801, 40.08314753115771], [-74.97142185311273, 40.087587476266066], [-74.97584743236354, 40.090927420946514]]]}, "properties": {"light_n": 50.9, "light_pctl": 45, "crime_n": 59, "crime_pctl": 51, "nta": "Modena", "boro": "Philadelphia"}}, {"type": "Feature", "geometry": {"type": "Polygon", "coordinates": [[[-75.03522094840069, 40.059913299744], [-75.04148789998561, 40.05880992389309], [-75.0433268611594, 40.054370427264615], [-75.03889977810546, 40.05103461574928], [-75.03263380589394, 40.05213775308416], [-75.03079393746592, 40.05657694041852], [-75.03522094840069, 40.059913299744]]]}, "properties": {"light_n": 36.8, "light_pctl": 25, "crime_n": 24, "crime_pctl": 35, "nta": "Pennypack Park", "boro": "Philadelphia"}}, {"type": "Feature", "geometry": {"type": "Polygon", "coordinates": [[[-75.02417620236733, 40.08655468488196], [-75.03044690983225, 40.0854515709236], [-75.0322879352154, 40.08101074104574], [-75.02785916127326, 40.07767333471576], [-75.02158943446932, 40.07877621028235], [-75.01974750104971, 40.08321673053875], [-75.02417620236733, 40.08655468488196]]]}, "properties": {"light_n": 80.3, "light_pctl": 78, "crime_n": 56, "crime_pctl": 49, "nta": "Northeast Phila Airport", "boro": "Philadelphia"}}, {"type": "Feature", "geometry": {"type": "Polygon", "coordinates": [[[-75.02487750561161, 40.0288155416007], [-75.03114054137967, 40.02771311935617], [-75.03297925430452, 40.02327557591119], [-75.0285558373996, 40.019940764002], [-75.0222937798875, 40.021042948035564], [-75.02045416112718, 40.02548018215743], [-75.02487750561161, 40.0288155416007]]]}, "properties": {"light_n": 49.0, "light_pctl": 42, "crime_n": 7, "crime_pctl": 22, "nta": "Holmesburg", "boro": "Philadelphia"}}, {"type": "Feature", "geometry": {"type": "Polygon", "coordinates": [[[-75.13785168174743, 39.98007521369101], [-75.14410599193435, 39.978967303839376], [-75.14593232080296, 39.97453064273158], [-75.14150524600734, 39.97120219852573], [-75.13525191019382, 39.97230986814874], [-75.13342467490453, 39.97674622217414], [-75.13785168174743, 39.98007521369101]]]}, "properties": {"light_n": 108.1, "light_pctl": 92, "crime_n": 138, "crime_pctl": 69, "nta": "Old Kensington", "boro": "Philadelphia"}}, {"type": "Feature", "geometry": {"type": "Polygon", "coordinates": [[[-75.1464836663196, 39.91687308851643], [-75.15272944964906, 39.91576552653383], [-75.1545525397362, 39.91133235011253], [-75.15013075078305, 39.908007042260216], [-75.14388593908349, 39.90911436406429], [-75.14206194480872, 39.91354723386718], [-75.1464836663196, 39.91687308851643]]]}, "properties": {"light_n": 133.9, "light_pctl": 95, "crime_n": 54, "crime_pctl": 49, "nta": "Stadium District", "boro": "Philadelphia"}}, {"type": "Feature", "geometry": {"type": "Polygon", "coordinates": [[[-75.05727331765952, 40.006654546871985], [-75.06353276952007, 40.005550652911175], [-75.06536761226901, 40.001113828242204], [-75.0609439089518, 39.9977812061425], [-75.05468543389618, 39.99888486134049], [-75.05284968545536, 40.003321377369105], [-75.05727331765952, 40.006654546871985]]]}, "properties": {"light_n": 38.7, "light_pctl": 28, "crime_n": 2, "crime_pctl": 13, "nta": "Bridesburg", "boro": "Philadelphia"}}, {"type": "Feature", "geometry": {"type": "Polygon", "coordinates": [[[-75.1886645663276, 39.98340469762838], [-75.19491828403505, 39.982294000030166], [-75.19674001953125, 39.97785629529817], [-75.19230894506731, 39.97452959432975], [-75.18605620102434, 39.975640050707995], [-75.18423355788264, 39.98007744924245], [-75.1886645663276, 39.98340469762838]]]}, "properties": {"light_n": 58.4, "light_pctl": 54, "crime_n": 52, "crime_pctl": 48, "nta": "East Park", "boro": "Philadelphia"}}, {"type": "Feature", "geometry": {"type": "Polygon", "coordinates": [[[-75.06179636608567, 40.07993111189524], [-75.0680654401951, 40.07882604260221], [-75.06990270820411, 40.0743849518184], [-75.06547181081014, 40.07104923921796], [-75.05920371646432, 40.072154069412804], [-75.05736553985187, 40.07659485127429], [-75.06179636608567, 40.07993111189524]]]}, "properties": {"light_n": 18.7, "light_pctl": 5, "crime_n": 4, "crime_pctl": 18, "nta": "Pennypack Park", "boro": "Philadelphia"}}, {"type": "Feature", "geometry": {"type": "Polygon", "coordinates": [[[-75.17459787076919, 40.059990073240925], [-75.18086201626315, 40.0588791490848], [-75.18268801408065, 40.05443729384867], [-75.17825077679352, 40.05110666955884], [-75.17198760835939, 40.052217352503305], [-75.17016070025491, 40.05665890091701], [-75.17459787076919, 40.059990073240925]]]}, "properties": {"light_n": 49.0, "light_pctl": 42, "crime_n": 138, "crime_pctl": 69, "nta": "East Mount Airy", "boro": "Philadelphia"}}, {"type": "Feature", "geometry": {"type": "Polygon", "coordinates": [[[-75.23403054069489, 40.000029673753346], [-75.24028552939487, 39.99891631022097], [-75.24210368626714, 39.99447689341279], [-75.23766776380256, 39.99115114557763], [-75.2314137486929, 39.99226426695842], [-75.2295946825592, 39.99670337829363], [-75.23403054069489, 40.000029673753346]]]}, "properties": {"light_n": 54.1, "light_pctl": 50, "crime_n": 41, "crime_pctl": 43, "nta": "Overbrook", "boro": "Philadelphia"}}, {"type": "Feature", "geometry": {"type": "Polygon", "coordinates": [[[-75.01383426041525, 40.055445212219354], [-75.02010104691657, 40.05434305137049], [-75.02194182227954, 40.04990417350846], [-75.01751671785988, 40.04656776611388], [-75.01125091089968, 40.047669688875956], [-75.00940922892109, 40.05210825708755], [-75.01383426041525, 40.055445212219354]]]}, "properties": {"light_n": 52.0, "light_pctl": 46, "crime_n": 45, "crime_pctl": 44, "nta": "Pennypack Woods", "boro": "Philadelphia"}}, {"type": "Feature", "geometry": {"type": "Polygon", "coordinates": [[[-75.20742489582504, 39.98007163464121], [-75.21367778964579, 39.97895996695411], [-75.21549765301432, 39.97452213953243], [-75.2110655305855, 39.97119628561378], [-75.2048136099787, 39.97230771173086], [-75.20299283868844, 39.97674523330438], [-75.20742489582504, 39.98007163464121]]]}, "properties": {"light_n": 48.7, "light_pctl": 41, "crime_n": 221, "crime_pctl": 80, "nta": "East Parkside", "boro": "Philadelphia"}}, {"type": "Feature", "geometry": {"type": "Polygon", "coordinates": [[[-75.03780894613574, 40.06768958410403], [-75.04407687737363, 40.066585969660764], [-75.04591590044237, 40.06214598492787], [-75.04148789998561, 40.05880992389309], [-75.03522094840069, 40.059913299744], [-75.03338101772256, 40.06435297519013], [-75.03780894613574, 40.06768958410403]]]}, "properties": {"light_n": 39.9, "light_pctl": 30, "crime_n": 44, "crime_pctl": 44, "nta": "Pennypack Park", "boro": "Philadelphia"}}, {"type": "Feature", "geometry": {"type": "Polygon", "coordinates": [[[-74.9596059424093, 40.102008447300136], [-74.96587998797848, 40.100908641018165], [-74.96772762180099, 40.096468031247184], [-74.96330211737299, 40.09312753856694], [-74.95702905417122, 40.09422710765765], [-74.9551805131336, 40.098667406588085], [-74.9596059424093, 40.102008447300136]]]}, "properties": {"light_n": 31.0, "light_pctl": 17, "crime_n": 28, "crime_pctl": 36, "nta": "Parkwood Manor", "boro": "Philadelphia"}}, {"type": "Feature", "geometry": {"type": "Polygon", "coordinates": [[[-75.1545525397362, 39.91133235011253], [-75.1607974281407, 39.910224424555416], [-75.16261955622201, 39.90579143149292], [-75.15819770015001, 39.90246667040382], [-75.15195378301408, 39.90357435564602], [-75.15013075078305, 39.908007042260216], [-75.1545525397362, 39.91133235011253]]]}, "properties": {"light_n": 141.9, "light_pctl": 97, "crime_n": 9, "crime_pctl": 25, "nta": "Stadium District", "boro": "Philadelphia"}}, {"type": "Feature", "geometry": {"type": "Polygon", "coordinates": [[[-75.1540110980806, 39.968985888800255], [-75.16026361407829, 39.96787724880091], [-75.16208801390259, 39.96344095240762], [-75.15766080417582, 39.96011360272302], [-75.15140926182617, 39.96122200222002], [-75.1495839556571, 39.96565799187186], [-75.1540110980806, 39.968985888800255]]]}, "properties": {"light_n": 144.7, "light_pctl": 97, "crime_n": 299, "crime_pctl": 87, "nta": "West Poplar", "boro": "Philadelphia"}}, {"type": "Feature", "geometry": {"type": "Polygon", "coordinates": [[[-74.99761353758338, 40.06652671625821], [-75.00388211745145, 40.0654252945469], [-75.00572483228966, 40.06098605997369], [-75.00129987404908, 40.05764855707224], [-74.995032274449, 40.05874974097382], [-74.99318865292466, 40.06318866555474], [-74.99761353758338, 40.06652671625821]]]}, "properties": {"light_n": 27.8, "light_pctl": 13, "crime_n": 17, "crime_pctl": 30, "nta": "Academy Gardens", "boro": "Philadelphia"}}, {"type": "Feature", "geometry": {"type": "Polygon", "coordinates": [[[-75.18841441513148, 40.01225347070465], [-75.19467195513154, 40.011142414062306], [-75.19649482539602, 40.00670305951443], [-75.19206106451082, 40.00337506791996], [-75.1858044993683, 40.00448588324792], [-75.1839807203554, 40.00892493145252], [-75.18841441513148, 40.01225347070465]]]}, "properties": {"light_n": 52.6, "light_pctl": 47, "crime_n": 58, "crime_pctl": 50, "nta": "Allegheny West", "boro": "Philadelphia"}}, {"type": "Feature", "geometry": {"type": "Polygon", "coordinates": [[[-75.03712288458303, 40.1254581118614], [-75.04339849955844, 40.1243538047988], [-75.04523983596042, 40.11991053663237], [-75.04080646730725, 40.11657188508095], [-75.03453183439505, 40.117675953369876], [-75.03268958817618, 40.1221189119519], [-75.03712288458303, 40.1254581118614]]]}, "properties": {"light_n": 23.4, "light_pctl": 10, "crime_n": 14, "crime_pctl": 28, "nta": null, "boro": "Philadelphia"}}, {"type": "Feature", "geometry": {"type": "Polygon", "coordinates": [[[-75.01829440512454, 40.12876907289162], [-75.02457083723321, 40.12766574595926], [-75.02641405566376, 40.12322260969939], [-75.0219817516212, 40.11988311027444], [-75.0157063020252, 40.12098619878721], [-75.01386217406257, 40.125429025112595], [-75.01829440512454, 40.12876907289162]]]}, "properties": {"light_n": 38.8, "light_pctl": 28, "crime_n": 30, "crime_pctl": 38, "nta": "Somerton", "boro": "Philadelphia"}}, {"type": "Feature", "geometry": {"type": "Polygon", "coordinates": [[[-75.0426477416398, 40.11212910441788], [-75.04892147494803, 40.11102466586114], [-75.05076177771952, 40.10658206335804], [-75.04632925671038, 40.103244208800405], [-75.04005650481969, 40.10434840852128], [-75.03821529262385, 40.108790701603716], [-75.0426477416398, 40.11212910441788]]]}, "properties": {"light_n": 30.4, "light_pctl": 16, "crime_n": 10, "crime_pctl": 26, "nta": "Bustleton", "boro": "Philadelphia"}}, {"type": "Feature", "geometry": {"type": "Polygon", "coordinates": [[[-75.18243383362795, 40.08331264692274], [-75.18870091196871, 40.08220099866901], [-75.1905270811426, 40.07775767876065], [-75.18608708343396, 40.07442631387095], [-75.17982098298681, 40.07553772068167], [-75.17799390245716, 40.07998073379281], [-75.18243383362795, 40.08331264692274]]]}, "properties": {"light_n": 34.0, "light_pctl": 20, "crime_n": 19, "crime_pctl": 32, "nta": null, "boro": "Philadelphia"}}, {"type": "Feature", "geometry": {"type": "Polygon", "coordinates": [[[-75.18655868443398, 39.917980900316785], [-75.19280380026203, 39.9168711630328], [-75.19462321400792, 39.91243725169379], [-75.19019841711989, 39.90911338352063], [-75.1839542723016, 39.91022287985056], [-75.18213395346297, 39.914656485275565], [-75.18655868443398, 39.917980900316785]]]}, "properties": {"light_n": 88.3, "light_pctl": 84, "crime_n": 10, "crime_pctl": 26, "nta": "Packer Park", "boro": "Philadelphia"}}, {"type": "Feature", "geometry": {"type": "Polygon", "coordinates": [[[-75.12659480106177, 40.03555655021277], [-75.13285668399503, 40.0344485373875], [-75.13468620362688, 40.030008887414354], [-75.13025474873454, 40.026677557789256], [-75.12399384265164, 40.0277853304137], [-75.12216341471313, 40.032224672831994], [-75.12659480106177, 40.03555655021277]]]}, "properties": {"light_n": 62.3, "light_pctl": 60, "crime_n": 310, "crime_pctl": 88, "nta": "Olney", "boro": "Philadelphia"}}, {"type": "Feature", "geometry": {"type": "Polygon", "coordinates": [[[-75.09223220772726, 39.99225806547533], [-75.0984890512609, 39.99115246476597], [-75.10032008887254, 39.98671587374248], [-75.09589518895244, 39.9833851913469], [-75.08963932105118, 39.98449055266673], [-75.0878073775399, 39.988926835739704], [-75.09223220772726, 39.99225806547533]]]}, "properties": {"light_n": 113.3, "light_pctl": 93, "crime_n": 106, "crime_pctl": 63, "nta": "Richmond", "boro": "Philadelphia"}}, {"type": "Feature", "geometry": {"type": "Polygon", "coordinates": [[[-75.24819715407668, 39.89467963984761], [-75.25443793559724, 39.8935668839413], [-75.25625073399637, 39.88913328591662], [-75.25182365649925, 39.885812748472766], [-75.2455838440053, 39.88692526232016], [-75.2437701400828, 39.89135855563808], [-75.24819715407668, 39.89467963984761]]]}, "properties": {"light_n": 44.6, "light_pctl": 35, "crime_n": 6, "crime_pctl": 21, "nta": "Eastwick", "boro": "Philadelphia"}}, {"type": "Feature", "geometry": {"type": "Polygon", "coordinates": [[[-74.99171057905808, 40.10872853719689], [-74.99798487906233, 40.107626904824805], [-74.99982978931347, 40.103185363601035], [-74.99540130784185, 40.09984576502351], [-74.98912798995582, 40.100947159558906], [-74.98728217152664, 40.105388390476655], [-74.99171057905808, 40.10872853719689]]]}, "properties": {"light_n": 52.8, "light_pctl": 48, "crime_n": 9, "crime_pctl": 25, "nta": "Normandy Village", "boro": "Philadelphia"}}, {"type": "Feature", "geometry": {"type": "Polygon", "coordinates": [[[-74.98692015701147, 40.064289479616896], [-74.99318865292466, 40.06318866555474], [-74.995032274449, 40.05874974097382], [-74.99060830652955, 40.055411940593515], [-74.9843407909676, 40.056512517060696], [-74.98249626307702, 40.06095113147136], [-74.98692015701147, 40.064289479616896]]]}, "properties": {"light_n": 34.5, "light_pctl": 21, "crime_n": 19, "crime_pctl": 32, "nta": "Torresdale", "boro": "Philadelphia"}}, {"type": "Feature", "geometry": {"type": "Polygon", "coordinates": [[[-74.98912798995582, 40.100947159558906], [-74.99540130784185, 40.09984576502351], [-74.99724615453191, 40.09540471140968], [-74.99281859126162, 40.09206536261252], [-74.98654625521287, 40.09316651938737], [-74.98470050070057, 40.09760726268807], [-74.98912798995582, 40.100947159558906]]]}, "properties": {"light_n": 39.8, "light_pctl": 29, "crime_n": 18, "crime_pctl": 31, "nta": "Normandy Village", "boro": "Philadelphia"}}, {"type": "Feature", "geometry": {"type": "Polygon", "coordinates": [[[-75.06438987301632, 40.087708891158606], [-75.07065992716893, 40.08660358269089], [-75.07249725622721, 40.08216200397132], [-75.0680654401951, 40.07882604260221], [-75.06179636608567, 40.07993111189524], [-75.0599581280682, 40.08437238170008], [-75.06438987301632, 40.087708891158606]]]}, "properties": {"light_n": 16.2, "light_pctl": 4, "crime_n": 6, "crime_pctl": 21, "nta": "Fox Chase", "boro": "Philadelphia"}}, {"type": "Feature", "geometry": {"type": "Polygon", "coordinates": [[[-75.09742054853409, 40.00779530602617], [-75.10367934416558, 40.00668922630813], [-75.10551050130724, 40.0022516575914], [-75.10108376952758, 39.99892047649598], [-75.0948259500839, 40.000026316671395], [-75.0929938863344, 40.00446357745283], [-75.09742054853409, 40.00779530602617]]]}, "properties": {"light_n": 86.2, "light_pctl": 83, "crime_n": 301, "crime_pctl": 87, "nta": "Juniata Park", "boro": "Philadelphia"}}, {"type": "Feature", "geometry": {"type": "Polygon", "coordinates": [[[-75.12457256106232, 39.970088189892856], [-75.1308258191464, 39.968981125629924], [-75.13265299578076, 39.96454526076233], [-75.12822782018381, 39.96121676739415], [-75.12197553628204, 39.96232359171881], [-75.12014745389689, 39.96675914931789], [-75.12457256106232, 39.970088189892856]]]}, "properties": {"light_n": 71.5, "light_pctl": 69, "crime_n": 14, "crime_pctl": 28, "nta": "Fishtown - Lower Kensington", "boro": "Philadelphia"}}, {"type": "Feature", "geometry": {"type": "Polygon", "coordinates": [[[-75.2043328379216, 40.03000804826503], [-75.21059240342157, 40.02889590172844], [-75.21241447705631, 40.024455263484604], [-75.20797789506808, 40.02112707789241], [-75.20171930489184, 40.02223898274646], [-75.1998963214821, 40.02667931484299], [-75.2043328379216, 40.03000804826503]]]}, "properties": {"light_n": 35.5, "light_pctl": 22, "crime_n": 35, "crime_pctl": 39, "nta": "Roxborough", "boro": "Philadelphia"}}, {"type": "Feature", "geometry": {"type": "Polygon", "coordinates": [[[-75.23882760900652, 40.07329611232577], [-75.24509220295077, 40.07218153977471], [-75.24691273239033, 40.067737847374154], [-75.24246958017596, 40.064409033237], [-75.23620596276423, 40.06552336329071], [-75.23438452113649, 40.06996674994652], [-75.23882760900652, 40.07329611232577]]]}, "properties": {"light_n": 28.6, "light_pctl": 14, "crime_n": 22, "crime_pctl": 33, "nta": "Upper Roxborough", "boro": "Philadelphia"}}, {"type": "Feature", "geometry": {"type": "Polygon", "coordinates": [[[-74.99466337432425, 40.08762479668563], [-75.00093481297336, 40.08652326938203], [-75.00277862491059, 40.08208288106987], [-74.99835190573367, 40.07874433017861], [-74.99208144827702, 40.07984561965894], [-74.99023672890814, 40.084285697821954], [-74.99466337432425, 40.08762479668563]]]}, "properties": {"light_n": 55.2, "light_pctl": 51, "crime_n": 35, "crime_pctl": 39, "nta": "Northeast Phila Airport", "boro": "Philadelphia"}}, {"type": "Feature", "geometry": {"type": "Polygon", "coordinates": [[[-75.03487660202194, 40.08878922660469], [-75.04114739191846, 40.08768550432628], [-75.04298750894527, 40.08324436500538], [-75.03855774453505, 40.07990725737397], [-75.0322879352154, 40.08101074104574], [-75.03044690983225, 40.0854515709236], [-75.03487660202194, 40.08878922660469]]]}, "properties": {"light_n": 57.0, "light_pctl": 53, "crime_n": 43, "crime_pctl": 43, "nta": "Bustleton", "boro": "Philadelphia"}}, {"type": "Feature", "geometry": {"type": "Polygon", "coordinates": [[[-75.23336209454615, 40.08662840755416], [-75.23962856895626, 40.08551395846516], [-75.24145012132583, 40.08106959537057], [-75.23700611197266, 40.07773998723955], [-75.23074061473828, 40.078854193890635], [-75.2289181497836, 40.08329825107824], [-75.23336209454615, 40.08662840755416]]]}, "properties": {"light_n": 9.5, "light_pctl": 1, "crime_n": 0, "crime_pctl": 4, "nta": null, "boro": "Philadelphia"}}, {"type": "Feature", "geometry": {"type": "Polygon", "coordinates": [[[-74.99245186445044, 40.05097350407637], [-74.99871848406264, 40.0498725579084], [-75.00056107233739, 40.04543429952524], [-74.99613794707959, 40.04209729728462], [-74.98987230717529, 40.043198005795084], [-74.98802881292397, 40.047635954171874], [-74.99245186445044, 40.05097350407637]]]}, "properties": {"light_n": 40.4, "light_pctl": 31, "crime_n": 34, "crime_pctl": 39, "nta": "Torresdale", "boro": "Philadelphia"}}, {"type": "Feature", "geometry": {"type": "Polygon", "coordinates": [[[-75.13700722882332, 40.06664879492658], [-75.1432730219391, 40.065539820529864], [-75.14510277615548, 40.06109821706742], [-75.14066764708728, 40.057765895492324], [-75.13440283193451, 40.05887462938089], [-75.13257216798947, 40.06331592532054], [-75.13700722882332, 40.06664879492658]]]}, "properties": {"light_n": 45.4, "light_pctl": 37, "crime_n": 73, "crime_pctl": 56, "nta": "East Oak Lane", "boro": "Philadelphia"}}, {"type": "Feature", "geometry": {"type": "Polygon", "coordinates": [[[-74.99946347665876, 40.13207709260549], [-75.00574072470432, 40.13097474626614], [-75.00758582523959, 40.12653174267549], [-75.00315458707941, 40.12319139567674], [-74.99687832199548, 40.12429350395079], [-74.99503231221368, 40.12873619725699], [-74.99946347665876, 40.13207709260549]]]}, "properties": {"light_n": 24.5, "light_pctl": 11, "crime_n": 2, "crime_pctl": 13, "nta": "Somerton", "boro": "Philadelphia"}}, {"type": "Feature", "geometry": {"type": "Polygon", "coordinates": [[[-75.07509266218635, 40.08993979267517], [-75.0813627970447, 40.08883387578239], [-75.08319921682448, 40.08439198832684], [-75.07876641112739, 40.08105632646802], [-75.07249725622721, 40.08216200397132], [-75.07065992716893, 40.08660358269089], [-75.07509266218635, 40.08993979267517]]]}, "properties": {"light_n": 18.8, "light_pctl": 6, "crime_n": 6, "crime_pctl": 21, "nta": "Fox Chase", "boro": "Philadelphia"}}, {"type": "Feature", "geometry": {"type": "Polygon", "coordinates": [[[-75.25342635472423, 39.910190609086726], [-75.25966907511999, 39.90907736883101], [-75.26148198209253, 39.904642790693906], [-75.25705307499955, 39.90132175747002], [-75.25081132417841, 39.902434755512424], [-75.24899751097668, 39.90686902895977], [-75.25342635472423, 39.910190609086726]]]}, "properties": {"light_n": 30.6, "light_pctl": 16, "crime_n": 2, "crime_pctl": 13, "nta": null, "boro": "Philadelphia"}}, {"type": "Feature", "geometry": {"type": "Polygon", "coordinates": [[[-75.21479560163188, 40.06109166431304], [-75.22105907119685, 40.059978550273975], [-75.22288136886324, 40.05553595788655], [-75.21844110826537, 40.05220678561887], [-75.21217861513234, 40.053319657666414], [-75.21035540626744, 40.057761943940825], [-75.21479560163188, 40.06109166431304]]]}, "properties": {"light_n": 10.3, "light_pctl": 2, "crime_n": 0, "crime_pctl": 4, "nta": "Wissahickon Park", "boro": "Philadelphia"}}, {"type": "Feature", "geometry": {"type": "Polygon", "coordinates": [[[-75.0948259500839, 40.000026316671395], [-75.10108376952758, 39.99892047649598], [-75.1029148669381, 39.9944833965878], [-75.0984890512609, 39.99115246476597], [-75.09223220772726, 39.99225806547533], [-75.0904002040631, 39.99669483744059], [-75.0948259500839, 40.000026316671395]]]}, "properties": {"light_n": 105.6, "light_pctl": 92, "crime_n": 207, "crime_pctl": 78, "nta": "Harrowgate", "boro": "Philadelphia"}}, {"type": "Feature", "geometry": {"type": "Polygon", "coordinates": [[[-75.06763340108786, 40.03774067288246], [-75.07389676295303, 40.03663582310656], [-75.07573184935042, 40.032197044149804], [-75.07130448109478, 40.02886342354762], [-75.06504209714872, 40.02996803425513], [-75.06320610364185, 40.03440650460126], [-75.06763340108786, 40.03774067288246]]]}, "properties": {"light_n": 76.7, "light_pctl": 74, "crime_n": 182, "crime_pctl": 74, "nta": "Mayfair", "boro": "Philadelphia"}}, {"type": "Feature", "geometry": {"type": "Polygon", "coordinates": [[[-75.21857433099733, 39.92462133159981], [-75.22481967020897, 39.92350978188995], [-75.22663636679228, 39.91907495387898], [-75.2222086303, 39.915751980924554], [-75.21596426183716, 39.9168632890413], [-75.21414665921904, 39.9212978116734], [-75.21857433099733, 39.92462133159981]]]}, "properties": {"light_n": 66.8, "light_pctl": 64, "crime_n": 70, "crime_pctl": 55, "nta": "Industrial", "boro": "Philadelphia"}}, {"type": "Feature", "geometry": {"type": "Polygon", "coordinates": [[[-75.22527219590228, 40.092187035632605], [-75.23153957396921, 40.09107295285422], [-75.23336209454615, 40.08662840755416], [-75.2289181497836, 40.08329825107824], [-75.22265174925849, 40.08441209155573], [-75.22082831605643, 40.088856330777645], [-75.22527219590228, 40.092187035632605]]]}, "properties": {"light_n": 11.8, "light_pctl": 2, "crime_n": 1, "crime_pctl": 9, "nta": "Chestnut Hill", "boro": "Philadelphia"}}, {"type": "Feature", "geometry": {"type": "Polygon", "coordinates": [[[-75.04557807484768, 40.091022861086536], [-75.05184894672327, 40.08991853040792], [-75.05368815507404, 40.08547708182254], [-75.04925740032839, 40.08214027314829], [-75.04298750894527, 40.08324436500538], [-75.04114739191846, 40.08768550432628], [-75.04557807484768, 40.091022861086536]]]}, "properties": {"light_n": 32.9, "light_pctl": 19, "crime_n": 47, "crime_pctl": 45, "nta": "Bustleton", "boro": "Philadelphia"}}, {"type": "Feature", "geometry": {"type": "Polygon", "coordinates": [[[-75.169640147478, 40.01558469670551], [-75.17589851117344, 40.01447461207807], [-75.17772325593613, 40.010035381566546], [-75.17329054557638, 40.006706542343224], [-75.16703315718937, 40.007816386007036], [-75.16520750395573, 40.01225530982559], [-75.169640147478, 40.01558469670551]]]}, "properties": {"light_n": 78.5, "light_pctl": 76, "crime_n": 101, "crime_pctl": 62, "nta": "Tioga", "boro": "Philadelphia"}}, {"type": "Feature", "geometry": {"type": "Polygon", "coordinates": [[[-75.21526392149516, 40.00336782310976], [-75.2215197366141, 40.0022554302497], [-75.22333976744511, 39.997816135550366], [-75.21890489224472, 39.99448953950164], [-75.21265005116801, 39.99560169056021], [-75.21082911135123, 40.000040679436715], [-75.21526392149516, 40.00336782310976]]]}, "properties": {"light_n": 52.9, "light_pctl": 48, "crime_n": 120, "crime_pctl": 66, "nta": "Wynnefield Heights", "boro": "Philadelphia"}}, {"type": "Feature", "geometry": {"type": "Polygon", "coordinates": [[[-75.03453183439505, 40.117675953369876], [-75.04080646730725, 40.11657188508095], [-75.0426477416398, 40.11212910441788], [-75.03821529262385, 40.108790701603716], [-75.03194164149417, 40.109894531195415], [-75.03009945770123, 40.11433700226657], [-75.03453183439505, 40.117675953369876]]]}, "properties": {"light_n": 33.9, "light_pctl": 20, "crime_n": 7, "crime_pctl": 22, "nta": "Somerton", "boro": "Philadelphia"}}, {"type": "Feature", "geometry": {"type": "Polygon", "coordinates": [[[-75.11070434060967, 40.017790393157696], [-75.11696419163907, 40.016683467278376], [-75.11879450116444, 40.01224510208013], [-75.11436586704232, 40.00891397047834], [-75.10810699239323, 40.0100206565244], [-75.1062757755883, 40.01445871397346], [-75.11070434060967, 40.017790393157696]]]}, "properties": {"light_n": 77.9, "light_pctl": 75, "crime_n": 81, "crime_pctl": 59, "nta": "Feltonville", "boro": "Philadelphia"}}, {"type": "Feature", "geometry": {"type": "Polygon", "coordinates": [[[-75.02088336508322, 40.13655268331122], [-75.0271607799856, 40.13544911788288], [-75.02900406106451, 40.13100549425934], [-75.02457083723321, 40.12766574595926], [-75.01829440512454, 40.12876907289162], [-75.01645021415696, 40.1332123865881], [-75.02088336508322, 40.13655268331122]]]}, "properties": {"light_n": 23.9, "light_pctl": 11, "crime_n": 5, "crime_pctl": 20, "nta": null, "boro": "Philadelphia"}}, {"type": "Feature", "geometry": {"type": "Polygon", "coordinates": [[[-75.00241427908257, 40.110966753029444], [-75.00868866299328, 40.109864511798975], [-75.01053266474563, 40.10542266044756], [-75.0061031911895, 40.1020833604224], [-74.99982978931347, 40.103185363601035], [-74.99798487906233, 40.107626904824805], [-75.00241427908257, 40.110966753029444]]]}, "properties": {"light_n": 74.3, "light_pctl": 72, "crime_n": 30, "crime_pctl": 38, "nta": "Somerton", "boro": "Philadelphia"}}, {"type": "Feature", "geometry": {"type": "Polygon", "coordinates": [[[-75.24691273239033, 40.067737847374154], [-75.25317642304523, 40.06662290919668], [-75.25499598521696, 40.06217939954862], [-75.25055276898382, 40.05885113361928], [-75.24429005449565, 40.05996582916262], [-75.24246958017596, 40.064409033237], [-75.24691273239033, 40.067737847374154]]]}, "properties": {"light_n": 18.8, "light_pctl": 6, "crime_n": 0, "crime_pctl": 4, "nta": "Upper Roxborough", "boro": "Philadelphia"}}, {"type": "Feature", "geometry": {"type": "Polygon", "coordinates": [[[-75.15195378301408, 39.90357435564602], [-75.15819770015001, 39.90246667040382], [-75.1600197706594, 39.8980341672159], [-75.15559882793158, 39.89470965569428], [-75.14935588178884, 39.895817100698274], [-75.14753290748216, 39.90024929743007], [-75.15195378301408, 39.90357435564602]]]}, "properties": {"light_n": 95.7, "light_pctl": 88, "crime_n": 3, "crime_pctl": 16, "nta": "Stadium District", "boro": "Philadelphia"}}, {"type": "Feature", "geometry": {"type": "Polygon", "coordinates": [[[-75.174338715228, 40.08886742923593], [-75.180606695762, 40.087756148112334], [-75.18243383362795, 40.08331264692274], [-75.17799390245716, 40.07998073379281], [-75.1717269001823, 40.0810917736108], [-75.16989885092165, 40.085534967832054], [-75.174338715228, 40.08886742923593]]]}, "properties": {"light_n": 31.4, "light_pctl": 17, "crime_n": 63, "crime_pctl": 52, "nta": "Cedarbrook", "boro": "Philadelphia"}}, {"type": "Feature", "geometry": {"type": "Polygon", "coordinates": [[[-75.24798373586096, 39.923495574216815], [-75.25422832392655, 39.922382453617544], [-75.25604224612809, 39.917947200342425], [-75.25161248698761, 39.91462537248571], [-75.24536886913317, 39.915738250930076], [-75.2435540403092, 39.92017319935379], [-75.24798373586096, 39.923495574216815]]]}, "properties": {"light_n": 55.3, "light_pctl": 52, "crime_n": 39, "crime_pctl": 41, "nta": null, "boro": "Philadelphia"}}, {"type": "Feature", "geometry": {"type": "Polygon", "coordinates": [[[-75.21241447705631, 40.024455263484604], [-75.21867314182236, 40.0233427517325], [-75.22049424953897, 40.01890229623979], [-75.2160576023271, 40.0155746584434], [-75.20979991252031, 40.016686928376195], [-75.20797789506808, 40.02112707789241], [-75.21241447705631, 40.024455263484604]]]}, "properties": {"light_n": 48.6, "light_pctl": 40, "crime_n": 51, "crime_pctl": 47, "nta": "Wissahickon", "boro": "Philadelphia"}}, {"type": "Feature", "geometry": {"type": "Polygon", "coordinates": [[[-75.21456101224014, 40.08996980480787], [-75.22082831605643, 40.088856330777645], [-75.22265174925849, 40.08441209155573], [-75.21820879105454, 40.081081632589765], [-75.21194246486837, 40.082194864533555], [-75.21011811935838, 40.08663879749739], [-75.21456101224014, 40.08996980480787]]]}, "properties": {"light_n": 18.9, "light_pctl": 6, "crime_n": 2, "crime_pctl": 13, "nta": "Chestnut Hill", "boro": "Philadelphia"}}, {"type": "Feature", "geometry": {"type": "Polygon", "coordinates": [[[-75.20932478253377, 40.07442065850133], [-75.21559013136753, 40.073307668566635], [-75.2174134525411, 40.06886440566435], [-75.21297233657766, 40.065534438939856], [-75.20670796481869, 40.06664718694276], [-75.20488373205063, 40.071090143569634], [-75.20932478253377, 40.07442065850133]]]}, "properties": {"light_n": 21.1, "light_pctl": 7, "crime_n": 3, "crime_pctl": 16, "nta": "Chestnut Hill", "boro": "Philadelphia"}}, {"type": "Feature", "geometry": {"type": "Polygon", "coordinates": [[[-74.96218368353476, 40.10979052486636], [-74.96845871175267, 40.10869048131716], [-74.97030641013737, 40.10424938399213], [-74.96587998797848, 40.100908641018165], [-74.9596059424093, 40.102008447300136], [-74.9577573364539, 40.10644923379151], [-74.96218368353476, 40.10979052486636]]]}, "properties": {"light_n": 26.2, "light_pctl": 12, "crime_n": 6, "crime_pctl": 21, "nta": "Parkwood Manor", "boro": "Philadelphia"}}, {"type": "Feature", "geometry": {"type": "Polygon", "coordinates": [[[-75.0322879352154, 40.08101074104574], [-75.03855774453505, 40.07990725737397], [-75.04039779951265, 40.07546660593449], [-75.0359689532744, 40.07212974758524], [-75.02970012425155, 40.073232992726695], [-75.02785916127326, 40.07767333471576], [-75.0322879352154, 40.08101074104574]]]}, "properties": {"light_n": 73.1, "light_pctl": 71, "crime_n": 79, "crime_pctl": 58, "nta": "Bustleton", "boro": "Philadelphia"}}, {"type": "Feature", "geometry": {"type": "Polygon", "coordinates": [[[-75.24014171722459, 39.900225817634066], [-75.24638339547967, 39.8991134232679], [-75.24819715407668, 39.89467963984761], [-75.2437701400828, 39.89135855563808], [-75.23752943121609, 39.89247070808089], [-75.2357147670559, 39.89690418662437], [-75.24014171722459, 39.900225817634066]]]}, "properties": {"light_n": 89.6, "light_pctl": 85, "crime_n": 22, "crime_pctl": 33, "nta": "Eastwick", "boro": "Philadelphia"}}, {"type": "Feature", "geometry": {"type": "Polygon", "coordinates": [[[-75.20979991252031, 40.016686928376195], [-75.2160576023271, 40.0155746584434], [-75.21787865414686, 40.01113469174631], [-75.21344292564203, 40.00780730093476], [-75.20718621051796, 40.00891932912547], [-75.2053642493179, 40.01335898983754], [-75.20979991252031, 40.016686928376195]]]}, "properties": {"light_n": 70.3, "light_pctl": 68, "crime_n": 8, "crime_pctl": 23, "nta": null, "boro": "Philadelphia"}}, {"type": "Feature", "geometry": {"type": "Polygon", "coordinates": [[[-74.99687832199548, 40.12429350395079], [-75.00315458707941, 40.12319139567674], [-75.00499962425322, 40.118748879464476], [-75.00056930533684, 40.11540878178606], [-74.99429402293333, 40.116510652071014], [-74.99244807686934, 40.120952857991604], [-74.99687832199548, 40.12429350395079]]]}, "properties": {"light_n": 32.6, "light_pctl": 19, "crime_n": 17, "crime_pctl": 30, "nta": "Byberry", "boro": "Philadelphia"}}, {"type": "Feature", "geometry": {"type": "Polygon", "coordinates": [[[-75.05986205584759, 40.01442497102081], [-75.06612248479145, 40.013320838220835], [-75.06795738855342, 40.00888352486549], [-75.06353276952007, 40.005550652911175], [-75.05727331765952, 40.006654546871985], [-75.05543750785155, 40.01109155159434], [-75.05986205584759, 40.01442497102081]]]}, "properties": {"light_n": 72.4, "light_pctl": 71, "crime_n": 40, "crime_pctl": 42, "nta": "Wissinoming", "boro": "Philadelphia"}}, {"type": "Feature", "geometry": {"type": "Polygon", "coordinates": [[[-75.19624933180958, 40.03556065006923], [-75.20250979804351, 40.03444886902109], [-75.2043328379216, 40.03000804826503], [-75.1998963214821, 40.02667931484299], [-75.19363683093641, 40.027790854345405], [-75.19181288124406, 40.032231368783336], [-75.19624933180958, 40.03556065006923]]]}, "properties": {"light_n": 19.2, "light_pctl": 6, "crime_n": 4, "crime_pctl": 18, "nta": "Wissahickon Park", "boro": "Philadelphia"}}, {"type": "Feature", "geometry": {"type": "Polygon", "coordinates": [[[-75.19886269521791, 40.04333118142156], [-75.2051241374172, 40.04221915875053], [-75.20694723369397, 40.03777784941161], [-75.20250979804351, 40.03444886902109], [-75.19624933180958, 40.03556065006923], [-75.19442532536289, 40.0400016530985], [-75.19886269521791, 40.04333118142156]]]}, "properties": {"light_n": 16.3, "light_pctl": 5, "crime_n": 1, "crime_pctl": 9, "nta": "West Mount Airy", "boro": "Philadelphia"}}, {"type": "Feature", "geometry": {"type": "Polygon", "coordinates": [[[-75.23074061473828, 40.078854193890635], [-75.23700611197266, 40.07773998723955], [-75.23882760900652, 40.07329611232577], [-75.23438452113649, 40.06996674994652], [-75.22812000080044, 40.071080714237134], [-75.22629759153831, 40.0755242832351], [-75.23074061473828, 40.078854193890635]]]}, "properties": {"light_n": 11.3, "light_pctl": 2, "crime_n": 0, "crime_pctl": 4, "nta": "Andorra", "boro": "Philadelphia"}}, {"type": "Feature", "geometry": {"type": "Polygon", "coordinates": [[[-75.1905270811426, 40.07775767876065], [-75.19679325728964, 40.07664566365037], [-75.19861845809758, 40.072202525262945], [-75.19417839417754, 40.068871708579664], [-75.1879131955586, 40.069983482109656], [-75.18608708343396, 40.07442631387095], [-75.1905270811426, 40.07775767876065]]]}, "properties": {"light_n": 37.4, "light_pctl": 26, "crime_n": 30, "crime_pctl": 38, "nta": "Chestnut Hill", "boro": "Philadelphia"}}, {"type": "Feature", "geometry": {"type": "Polygon", "coordinates": [[[-75.24253806866987, 39.936802563401486], [-75.24878452540578, 39.93568956292465], [-75.25059946365658, 39.931253634958324], [-75.2461688522886, 39.927931012449655], [-75.23992336640097, 39.92904377083014], [-75.2381075211343, 39.93347939378337], [-75.24253806866987, 39.936802563401486]]]}, "properties": {"light_n": 32.0, "light_pctl": 18, "crime_n": 22, "crime_pctl": 33, "nta": null, "boro": "Philadelphia"}}, {"type": "Feature", "geometry": {"type": "Polygon", "coordinates": [[[-75.24953627656869, 40.075510599595056], [-75.2558009436674, 40.07439541870598], [-75.25762056060228, 40.06995142074062], [-75.25317642304523, 40.06662290919668], [-75.24691273239033, 40.067737847374154], [-75.24509220295077, 40.07218153977471], [-75.24953627656869, 40.075510599595056]]]}, "properties": {"light_n": 14.9, "light_pctl": 4, "crime_n": 0, "crime_pctl": 4, "nta": null, "boro": "Philadelphia"}}, {"type": "Feature", "geometry": {"type": "Polygon", "coordinates": [[[-75.22812000080044, 40.071080714237134], [-75.23438452113649, 40.06996674994652], [-75.23620596276423, 40.06552336329071], [-75.2317637960297, 40.062194246817754], [-75.22550025231467, 40.0633079688253], [-75.22367789881532, 40.0677510495565], [-75.22812000080044, 40.071080714237134]]]}, "properties": {"light_n": 22.8, "light_pctl": 9, "crime_n": 11, "crime_pctl": 26, "nta": "Andorra", "boro": "Philadelphia"}}, {"type": "Feature", "geometry": {"type": "Polygon", "coordinates": [[[-75.2181108293195, 39.98228606840278], [-75.224363797353, 39.98117379494474], [-75.2261827524847, 39.976735661853844], [-75.22174964792138, 39.97341010785795], [-75.21549765301432, 39.97452213953243], [-75.21367778964579, 39.97895996695411], [-75.2181108293195, 39.98228606840278]]]}, "properties": {"light_n": 72.3, "light_pctl": 70, "crime_n": 115, "crime_pctl": 65, "nta": "West Parkside", "boro": "Philadelphia"}}, {"type": "Feature", "geometry": {"type": "Polygon", "coordinates": [[[-75.03263380589394, 40.05213775308416], [-75.03889977810546, 40.05103461574928], [-75.04073867731734, 40.046595607301896], [-75.03631251131984, 40.04326004545893], [-75.03004751820217, 40.044362944354106], [-75.02820771209106, 40.048801643500056], [-75.03263380589394, 40.05213775308416]]]}, "properties": {"light_n": 31.4, "light_pctl": 17, "crime_n": 15, "crime_pctl": 29, "nta": "Pennypack Park", "boro": "Philadelphia"}}, {"type": "Feature", "geometry": {"type": "Polygon", "coordinates": [[[-75.20244468246656, 39.93571355138504], [-75.20869181587625, 39.93460272747153], [-75.21051043632988, 39.930167530938256], [-75.20608282958851, 39.92684346400562], [-75.19983666765208, 39.92795404659811], [-75.1980171410852, 39.93238893741205], [-75.20244468246656, 39.93571355138504]]]}, "properties": {"light_n": 53.5, "light_pctl": 49, "crime_n": 8, "crime_pctl": 23, "nta": "Industrial", "boro": "Philadelphia"}}, {"type": "Feature", "geometry": {"type": "Polygon", "coordinates": [[[-75.25824438363621, 39.983370792598414], [-75.26449667123558, 39.98225633792052], [-75.26631193608462, 39.977817473146075], [-75.26187582257691, 39.9744933679784], [-75.255624507476, 39.975607580096124], [-75.25380833348582, 39.980046139909355], [-75.25824438363621, 39.983370792598414]]]}, "properties": {"light_n": 36.1, "light_pctl": 23, "crime_n": 58, "crime_pctl": 50, "nta": "Overbrook", "boro": "Philadelphia"}}, {"type": "Feature", "geometry": {"type": "Polygon", "coordinates": [[[-75.20123424196638, 40.079976726823254], [-75.2075004933598, 40.078864103335235], [-75.20932478253377, 40.07442065850133], [-75.20488373205063, 40.071090143569634], [-75.19861845809758, 40.072202525262945], [-75.19679325728964, 40.07664566365037], [-75.20123424196638, 40.079976726823254]]]}, "properties": {"light_n": 31.3, "light_pctl": 17, "crime_n": 40, "crime_pctl": 42, "nta": "Chestnut Hill", "boro": "Philadelphia"}}, {"type": "Feature", "geometry": {"type": "Polygon", "coordinates": [[[-75.18916395433311, 39.92573965938751], [-75.19541004144608, 39.92462968107258], [-75.19722951163698, 39.92019527995834], [-75.19280380026203, 39.9168711630328], [-75.18655868443398, 39.917980900316785], [-75.18473830879736, 39.922414995525095], [-75.18916395433311, 39.92573965938751]]]}, "properties": {"light_n": 93.0, "light_pctl": 86, "crime_n": 107, "crime_pctl": 64, "nta": "Industrial", "boro": "Philadelphia"}}, {"type": "Feature", "geometry": {"type": "Polygon", "coordinates": [[[-75.21217861513234, 40.053319657666414], [-75.21844110826537, 40.05220678561887], [-75.22026335002876, 40.04776468165215], [-75.21582400960361, 40.04443575582231], [-75.20956249262534, 40.04554838595565], [-75.2077393400196, 40.049990183800716], [-75.21217861513234, 40.053319657666414]]]}, "properties": {"light_n": 13.4, "light_pctl": 3, "crime_n": 1, "crime_pctl": 9, "nta": "Wissahickon Park", "boro": "Philadelphia"}}, {"type": "Feature", "geometry": {"type": "Polygon", "coordinates": [[[-74.97622785157016, 40.062051337965016], [-74.98249626307702, 40.06095113147136], [-74.9843407909676, 40.056512517060696], [-74.97991781350066, 40.05317441946005], [-74.97365038242798, 40.05427438857352], [-74.97180494849124, 40.05871269263604], [-74.97622785157016, 40.062051337965016]]]}, "properties": {"light_n": 21.4, "light_pctl": 8, "crime_n": 0, "crime_pctl": 4, "nta": null, "boro": "Philadelphia"}}, {"type": "Feature", "geometry": {"type": "Polygon", "coordinates": [[[-75.22947316181566, 39.89801597739123], [-75.2357147670559, 39.89690418662437], [-75.23752943121609, 39.89247070808089], [-75.23310339548716, 39.889149325327374], [-75.22686275972283, 39.89026087438366], [-75.2250471903126, 39.894694047871845], [-75.22947316181566, 39.89801597739123]]]}, "properties": {"light_n": 93.9, "light_pctl": 87, "crime_n": 13, "crime_pctl": 27, "nta": "Eastwick", "boro": "Philadelphia"}}, {"type": "Feature", "geometry": {"type": "Polygon", "coordinates": [[[-75.03194164149417, 40.109894531195415], [-75.03821529262385, 40.108790701603716], [-75.04005650481969, 40.10434840852128], [-75.03562497509328, 40.101010254597966], [-75.02935230546558, 40.102113845568866], [-75.02751018416562, 40.10655582905193], [-75.03194164149417, 40.109894531195415]]]}, "properties": {"light_n": 45.4, "light_pctl": 36, "crime_n": 36, "crime_pctl": 40, "nta": "Bustleton", "boro": "Philadelphia"}}, {"type": "Feature", "geometry": {"type": "Polygon", "coordinates": [[[-75.11300614036075, 40.054424730652634], [-75.11927079895861, 40.05331721206987], [-75.12110231305974, 40.04887671210533], [-75.11667007740273, 40.04554403858015], [-75.1104063966616, 40.04665131716041], [-75.10857397382334, 40.05109150923627], [-75.11300614036075, 40.054424730652634]]]}, "properties": {"light_n": 37.0, "light_pctl": 26, "crime_n": 36, "crime_pctl": 40, "nta": null, "boro": "Philadelphia"}}, {"type": "Feature", "geometry": {"type": "Polygon", "coordinates": [[[-75.1991066341886, 40.01447065308621], [-75.2053642493179, 40.01335898983754], [-75.20718621051796, 40.00891932912547], [-75.20275146575507, 40.00559163779402], [-75.19649482539602, 40.00670305951443], [-75.19467195513154, 40.011142414062306], [-75.1991066341886, 40.01447065308621]]]}, "properties": {"light_n": 49.5, "light_pctl": 43, "crime_n": 34, "crime_pctl": 39, "nta": "East Falls", "boro": "Philadelphia"}}, {"type": "Feature", "geometry": {"type": "Polygon", "coordinates": [[[-75.22141503548069, 39.903561069742786], [-75.22765753709501, 39.90244964092327], [-75.22947316181566, 39.89801597739123], [-75.2250471903126, 39.894694047871845], [-75.21880565853589, 39.895805235116505], [-75.21698912852574, 39.9002385934232], [-75.22141503548069, 39.903561069742786]]]}, "properties": {"light_n": 58.7, "light_pctl": 55, "crime_n": 4, "crime_pctl": 18, "nta": "Industrial", "boro": "Philadelphia"}}, {"type": "Feature", "geometry": {"type": "Polygon", "coordinates": [[[-75.00019565426626, 40.0743044297001], [-75.00646521468256, 40.073202770102945], [-75.00830799270297, 40.068763047549666], [-75.00388211745145, 40.0654252945469], [-74.99761353758338, 40.06652671625821], [-74.99576985252178, 40.070966128826285], [-75.00019565426626, 40.0743044297001]]]}, "properties": {"light_n": 28.1, "light_pctl": 13, "crime_n": 15, "crime_pctl": 29, "nta": "West Torresdale", "boro": "Philadelphia"}}, {"type": "Feature", "geometry": {"type": "Polygon", "coordinates": [[[-75.24429005449565, 40.05996582916262], [-75.25055276898382, 40.05885113361928], [-75.25237227632174, 40.054408112365536], [-75.24792998106497, 40.05108009220532], [-75.24166824246666, 40.052194545192], [-75.23984782333731, 40.056637260863155], [-75.24429005449565, 40.05996582916262]]]}, "properties": {"light_n": 12.3, "light_pctl": 2, "crime_n": 0, "crime_pctl": 4, "nta": "Upper Roxborough", "boro": "Philadelphia"}}, {"type": "Feature", "geometry": {"type": "Polygon", "coordinates": [[[-75.13581623854684, 39.91465419196178], [-75.14206194480872, 39.91354723386718], [-75.14388593908349, 39.90911436406429], [-75.13946513107076, 39.905788759120306], [-75.13322039652441, 39.90689547724953], [-75.13139549837682, 39.9113280402561], [-75.13581623854684, 39.91465419196178]]]}, "properties": {"light_n": 96.2, "light_pctl": 88, "crime_n": 4, "crime_pctl": 18, "nta": "Riverfront", "boro": "Philadelphia"}}, {"type": "Feature", "geometry": {"type": "Polygon", "coordinates": [[[-75.1026123153684, 40.02333549829578], [-75.10887306420935, 40.02222893926279], [-75.11070434060967, 40.017790393157696], [-75.1062757755883, 40.01445871397346], [-75.10001600349108, 40.01556503331067], [-75.09818381977391, 40.02000327149587], [-75.1026123153684, 40.02333549829578]]]}, "properties": {"light_n": 44.2, "light_pctl": 35, "crime_n": 36, "crime_pctl": 40, "nta": "Northwood", "boro": "Philadelphia"}}, {"type": "Feature", "geometry": {"type": "Polygon", "coordinates": [[[-75.18294188417448, 40.02557275279666], [-75.18920129931378, 40.02446182025047], [-75.19102519218232, 40.020021794480485], [-75.1865905791561, 40.01669300773016], [-75.18033213951531, 40.01780369902177], [-75.17850733750433, 40.02224341828606], [-75.18294188417448, 40.02557275279666]]]}, "properties": {"light_n": 48.7, "light_pctl": 41, "crime_n": 25, "crime_pctl": 35, "nta": "East Falls", "boro": "Philadelphia"}}, {"type": "Feature", "geometry": {"type": "Polygon", "coordinates": [[[-75.14388593908349, 39.90911436406429], [-75.15013075078305, 39.908007042260216], [-75.15195378301408, 39.90357435564602], [-75.14753290748216, 39.90024929743007], [-75.14128906713692, 39.9013563791323], [-75.13946513107076, 39.905788759120306], [-75.14388593908349, 39.90911436406429]]]}, "properties": {"light_n": 113.3, "light_pctl": 93, "crime_n": 1, "crime_pctl": 9, "nta": "Riverfront", "boro": "Philadelphia"}}, {"type": "Feature", "geometry": {"type": "Polygon", "coordinates": [[[-75.19935027555523, 39.985620948819275], [-75.20560406828977, 39.984509645391896], [-75.20742489582504, 39.98007163464121], [-75.20299283868844, 39.97674523330438], [-75.19674001953125, 39.97785629529817], [-75.19491828403505, 39.982294000030166], [-75.19935027555523, 39.985620948819275]]]}, "properties": {"light_n": 29.1, "light_pctl": 15, "crime_n": 2, "crime_pctl": 13, "nta": "East Park", "boro": "Philadelphia"}}, {"type": "Feature", "geometry": {"type": "Polygon", "coordinates": [[[-75.0669842376709, 40.09548740697248], [-75.07325527214644, 40.094381859253495], [-75.07509266218635, 40.08993979267517], [-75.07065992716893, 40.08660358269089], [-75.06438987301632, 40.087708891158606], [-75.06255157366121, 40.09215064882985], [-75.0669842376709, 40.09548740697248]]]}, "properties": {"light_n": 13.3, "light_pctl": 2, "crime_n": 1, "crime_pctl": 9, "nta": "Pennypack Park", "boro": "Philadelphia"}}, {"type": "Feature", "geometry": {"type": "Polygon", "coordinates": [[[-75.00794712973669, 40.09764199667371], [-75.01421963347998, 40.09653962296188], [-75.01606260064791, 40.092098436929284], [-75.0116339722834, 40.08875993454035], [-75.00536244992959, 40.089862070137755], [-75.00351857465412, 40.094302946206646], [-75.00794712973669, 40.09764199667371]]]}, "properties": {"light_n": 71.4, "light_pctl": 69, "crime_n": 7, "crime_pctl": 22, "nta": "Northeast Phila Airport", "boro": "Philadelphia"}}, {"type": "Feature", "geometry": {"type": "Polygon", "coordinates": [[[-75.01606260064791, 40.092098436929284], [-75.02233420625409, 40.09099569295756], [-75.02417620236733, 40.08655468488196], [-75.01974750104971, 40.08321673053875], [-75.01347687646872, 40.08431923625731], [-75.0116339722834, 40.08875993454035], [-75.01606260064791, 40.092098436929284]]]}, "properties": {"light_n": 56.7, "light_pctl": 52, "crime_n": 9, "crime_pctl": 25, "nta": "Northeast Phila Airport", "boro": "Philadelphia"}}, {"type": "Feature", "geometry": {"type": "Polygon", "coordinates": [[[-75.19698491476284, 39.94902036594682], [-75.20323391738262, 39.947909664077386], [-75.20505355649402, 39.9434737940909], [-75.20062509959284, 39.94014893182309], [-75.19437706908408, 39.941259392430716], [-75.19255652346699, 39.945694956535796], [-75.19698491476284, 39.94902036594682]]]}, "properties": {"light_n": 108.8, "light_pctl": 92, "crime_n": 4, "crime_pctl": 18, "nta": "University City", "boro": "Philadelphia"}}, {"type": "Feature", "geometry": {"type": "Polygon", "coordinates": [[[-75.20457337063336, 40.00115246596252], [-75.21082911135123, 40.000040679436715], [-75.21265005116801, 39.99560169056021], [-75.20821615903897, 39.992274794179195], [-75.2019613924509, 39.99338633911722], [-75.20013954396391, 39.997825021991794], [-75.20457337063336, 40.00115246596252]]]}, "properties": {"light_n": 24.2, "light_pctl": 11, "crime_n": 40, "crime_pctl": 42, "nta": "West Park", "boro": "Philadelphia"}}, {"type": "Feature", "geometry": {"type": "Polygon", "coordinates": [[[-75.19983666765208, 39.92795404659811], [-75.20608282958851, 39.92684346400562], [-75.20790139401946, 39.922408757163836], [-75.20347470237532, 39.9190849386099], [-75.19722951163698, 39.92019527995834], [-75.19541004144608, 39.92462968107258], [-75.19983666765208, 39.92795404659811]]]}, "properties": {"light_n": 41.7, "light_pctl": 32, "crime_n": 1, "crime_pctl": 9, "nta": "Industrial", "boro": "Philadelphia"}}, {"type": "Feature", "geometry": {"type": "Polygon", "coordinates": [[[-75.22402527142833, 39.91131764273958], [-75.23026874315477, 39.91020597226814], [-75.23208442311633, 39.90577181876758], [-75.22765753709501, 39.90244964092327], [-75.22141503548069, 39.903561069742786], [-75.21959844987677, 39.90799491802633], [-75.22402527142833, 39.91131764273958]]]}, "properties": {"light_n": 109.4, "light_pctl": 93, "crime_n": 9, "crime_pctl": 25, "nta": "Industrial", "boro": "Philadelphia"}}, {"type": "Feature", "geometry": {"type": "Polygon", "coordinates": [[[-75.20670796481869, 40.06664718694276], [-75.21297233657766, 40.065534438939856], [-75.21479560163188, 40.06109166431304], [-75.21035540626744, 40.057761943940825], [-75.20409201130573, 40.05887445008919], [-75.20226783501344, 40.06331691843198], [-75.20670796481869, 40.06664718694276]]]}, "properties": {"light_n": 14.5, "light_pctl": 3, "crime_n": 4, "crime_pctl": 18, "nta": "Chestnut Hill", "boro": "Philadelphia"}}, {"type": "Feature", "geometry": {"type": "Polygon", "coordinates": [[[-75.21265005116801, 39.99560169056021], [-75.21890489224472, 39.99448953950164], [-75.22072486732463, 39.99005073381861], [-75.21629091006047, 39.98672438499322], [-75.21003704274976, 39.987836294327494], [-75.20821615903897, 39.992274794179195], [-75.21265005116801, 39.99560169056021]]]}, "properties": {"light_n": 24.4, "light_pctl": 11, "crime_n": 16, "crime_pctl": 29, "nta": "West Park", "boro": "Philadelphia"}}, {"type": "Feature", "geometry": {"type": "Polygon", "coordinates": [[[-74.99982978931347, 40.103185363601035], [-75.0061031911895, 40.1020833604224], [-75.00794712973669, 40.09764199667371], [-75.00351857465412, 40.094302946206646], [-74.99724615453191, 40.09540471140968], [-74.99540130784185, 40.09984576502351], [-74.99982978931347, 40.103185363601035]]]}, "properties": {"light_n": 65.7, "light_pctl": 63, "crime_n": 11, "crime_pctl": 26, "nta": "Northeast Phila Airport", "boro": "Philadelphia"}}, {"type": "Feature", "geometry": {"type": "Polygon", "coordinates": [[[-74.96257260402388, 40.08090753976137], [-74.96884378884673, 40.07980783685482], [-74.97069032211758, 40.07536837952432], [-74.9662665771391, 40.0720289357518], [-74.95999637375776, 40.07312840147994], [-74.95814893401678, 40.07756754812724], [-74.96257260402388, 40.08090753976137]]]}, "properties": {"light_n": 40.6, "light_pctl": 32, "crime_n": 2, "crime_pctl": 13, "nta": null, "boro": "Philadelphia"}}, {"type": "Feature", "geometry": {"type": "Polygon", "coordinates": [[[-75.18816395839518, 40.04111306838515], [-75.19442532536289, 40.0400016530985], [-75.19624933180958, 40.03556065006923], [-75.19181288124406, 40.032231368783336], [-75.18555249032917, 40.033342542661224], [-75.18372757402912, 40.03778323920152], [-75.18816395839518, 40.04111306838515]]]}, "properties": {"light_n": 34.3, "light_pctl": 21, "crime_n": 47, "crime_pctl": 45, "nta": "West Central Germantown", "boro": "Philadelphia"}}, {"type": "Feature", "geometry": {"type": "Polygon", "coordinates": [[[-75.11879450116444, 40.01224510208013], [-75.12505345438021, 40.011137809627094], [-75.12688279735465, 40.00669962557493], [-75.12245409445774, 40.00336904152226], [-75.11619611725891, 40.00447609400469], [-75.11436586704232, 40.00891397047834], [-75.11879450116444, 40.01224510208013]]]}, "properties": {"light_n": 85.2, "light_pctl": 82, "crime_n": 111, "crime_pctl": 65, "nta": "Hunting Park", "boro": "Philadelphia"}}, {"type": "Feature", "geometry": {"type": "Polygon", "coordinates": [[[-74.99429402293333, 40.116510652071014], [-75.00056930533684, 40.11540878178606], [-75.00241427908257, 40.110966753029444], [-74.99798487906233, 40.107626904824805], [-74.99171057905808, 40.10872853719689], [-74.98986469677833, 40.11317025565464], [-74.99429402293333, 40.116510652071014]]]}, "properties": {"light_n": 58.4, "light_pctl": 54, "crime_n": 3, "crime_pctl": 16, "nta": "Byberry", "boro": "Philadelphia"}}, {"type": "Feature", "geometry": {"type": "Polygon", "coordinates": [[[-75.01089200729157, 40.07654077305411], [-75.01716165112768, 40.07543850551245], [-75.01900352178694, 40.07099847315215], [-75.01457665607442, 40.06766101810868], [-75.00830799270297, 40.068763047549666], [-75.00646521468256, 40.073202770102945], [-75.01089200729157, 40.07654077305411]]]}, "properties": {"light_n": 43.0, "light_pctl": 34, "crime_n": 38, "crime_pctl": 41, "nta": "Northeast Phila Airport", "boro": "Philadelphia"}}, {"type": "Feature", "geometry": {"type": "Polygon", "coordinates": [[[-75.19462321400792, 39.91243725169379], [-75.20086743382325, 39.91132715151242], [-75.20268588600118, 39.906893424280184], [-75.1982610235191, 39.90357010294105], [-75.19201777435183, 39.904679962032276], [-75.19019841711989, 39.90911338352063], [-75.19462321400792, 39.91243725169379]]]}, "properties": {"light_n": 32.6, "light_pctl": 19, "crime_n": 9, "crime_pctl": 25, "nta": "Industrial", "boro": "Philadelphia"}}, {"type": "Feature", "geometry": {"type": "Polygon", "coordinates": [[[-75.20956249262534, 40.04554838595565], [-75.21582400960361, 40.04443575582231], [-75.217646195394, 40.03999414035315], [-75.2132077747946, 40.036665461115255], [-75.20694723369397, 40.03777784941161], [-75.2051241374172, 40.04221915875053], [-75.20956249262534, 40.04554838595565]]]}, "properties": {"light_n": 18.8, "light_pctl": 5, "crime_n": 7, "crime_pctl": 22, "nta": "Wissahickon Park", "boro": "Philadelphia"}}, {"type": "Feature", "geometry": {"type": "Polygon", "coordinates": [[[-75.12630645283873, 40.06442429181042], [-75.13257216798947, 40.06331592532054], [-75.13440283193451, 40.05887462938089], [-75.12996869024212, 40.05554200760083], [-75.12370395314065, 40.056650133797035], [-75.12187237978486, 40.06109112203485], [-75.12630645283873, 40.06442429181042]]]}, "properties": {"light_n": 29.1, "light_pctl": 14, "crime_n": 10, "crime_pctl": 26, "nta": null, "boro": "Philadelphia"}}, {"type": "Feature", "geometry": {"type": "Polygon", "coordinates": [[[-75.18891441254237, 39.95456675768818], [-75.19516431262362, 39.95345641953281], [-75.19698491476284, 39.94902036594682], [-75.19255652346699, 39.945694956535796], [-75.18630759585936, 39.94680505356567], [-75.18448608717553, 39.9512408010999], [-75.18891441254237, 39.95456675768818]]]}, "properties": {"light_n": 173.3, "light_pctl": 99, "crime_n": 79, "crime_pctl": 58, "nta": "University City", "boro": "Philadelphia"}}, {"type": "Feature", "geometry": {"type": "Polygon", "coordinates": [[[-75.16363094681981, 40.08664564038377], [-75.16989885092165, 40.085534967832054], [-75.1717269001823, 40.0810917736108], [-75.16728795652048, 40.07775955905685], [-75.16102103076497, 40.07886999051751], [-75.15919207042748, 40.08331287759092], [-75.16363094681981, 40.08664564038377]]]}, "properties": {"light_n": 49.2, "light_pctl": 42, "crime_n": 5, "crime_pctl": 20, "nta": null, "boro": "Philadelphia"}}, {"type": "Feature", "geometry": {"type": "Polygon", "coordinates": [[[-75.19722951163698, 39.92019527995834], [-75.20347470237532, 39.9190849386099], [-75.20529321071433, 39.91465072153516], [-75.20086743382325, 39.91132715151242], [-75.19462321400792, 39.91243725169379], [-75.19280380026203, 39.9168711630328], [-75.19722951163698, 39.92019527995834]]]}, "properties": {"light_n": 36.5, "light_pctl": 24, "crime_n": 0, "crime_pctl": 4, "nta": "Industrial", "boro": "Philadelphia"}}, {"type": "Feature", "geometry": {"type": "Polygon", "coordinates": [[[-75.19127379188073, 39.99117008155586], [-75.19752848352896, 39.99005914266065], [-75.19935027555523, 39.985620948819275], [-75.19491828403505, 39.982294000030166], [-75.1886645663276, 39.98340469762838], [-75.18684186630139, 39.9878425852805], [-75.19127379188073, 39.99117008155586]]]}, "properties": {"light_n": 30.1, "light_pctl": 16, "crime_n": 7, "crime_pctl": 22, "nta": "East Park", "boro": "Philadelphia"}}, {"type": "Feature", "geometry": {"type": "Polygon", "coordinates": [[[-75.19363683093641, 40.027790854345405], [-75.1998963214821, 40.02667931484299], [-75.20171930489184, 40.02223898274646], [-75.19728370731674, 40.01891049644666], [-75.19102519218232, 40.020021794480485], [-75.18920129931378, 40.02446182025047], [-75.19363683093641, 40.027790854345405]]]}, "properties": {"light_n": 31.0, "light_pctl": 16, "crime_n": 3, "crime_pctl": 16, "nta": "Wissahickon Park", "boro": "Philadelphia"}}, {"type": "Feature", "geometry": {"type": "Polygon", "coordinates": [[[-75.25886592772036, 39.89688766935145], [-75.26510678144604, 39.89577430990482], [-75.26691867400903, 39.891340407351926], [-75.2624906187834, 39.88802016874159], [-75.25625073399637, 39.88913328591662], [-75.25443793559724, 39.8935668839413], [-75.25886592772036, 39.89688766935145]]]}, "properties": {"light_n": 22.7, "light_pctl": 9, "crime_n": 2, "crime_pctl": 13, "nta": null, "boro": "Philadelphia"}}, {"type": "Feature", "geometry": {"type": "Polygon", "coordinates": [[[-75.17328638617867, 39.908007606339055], [-75.17953045555129, 39.90689871378287], [-75.1813507175232, 39.902465598216594], [-75.17692781464973, 39.89914168127459], [-75.17068471609822, 39.90025033316659], [-75.16886354970046, 39.90468314263269], [-75.17328638617867, 39.908007606339055]]]}, "properties": {"light_n": 93.9, "light_pctl": 87, "crime_n": 57, "crime_pctl": 50, "nta": "Packer Park", "boro": "Philadelphia"}}, {"type": "Feature", "geometry": {"type": "Polygon", "coordinates": [[[-75.27700041801329, 39.980026459483334], [-75.28325187693052, 39.97891103582824], [-75.2850652690066, 39.97447205092985], [-75.28062811168175, 39.97114879426545], [-75.2743776248103, 39.97226397501102], [-75.27256332331932, 39.97670265529812], [-75.27700041801329, 39.980026459483334]]]}, "properties": {"light_n": 25.5, "light_pctl": 12, "crime_n": 23, "crime_pctl": 34, "nta": "Overbrook", "boro": "Philadelphia"}}, {"type": "Feature", "geometry": {"type": "Polygon", "coordinates": [[[-75.00499962425322, 40.118748879464476], [-75.01127499047952, 40.117646400105926], [-75.01311905537038, 40.11320406122893], [-75.00868866299328, 40.109864511798975], [-75.00241427908257, 40.110966753029444], [-75.00056930533684, 40.11540878178606], [-75.00499962425322, 40.118748879464476]]]}, "properties": {"light_n": 45.7, "light_pctl": 37, "crime_n": 15, "crime_pctl": 29, "nta": "Somerton", "boro": "Philadelphia"}}, {"type": "Feature", "geometry": {"type": "Polygon", "coordinates": [[[-75.1355342463321, 39.943476607920466], [-75.14178376504137, 39.942369293860615], [-75.14360889675318, 39.93793477231748], [-75.13918541482631, 39.93460787174547], [-75.13293686902202, 39.93571494574666], [-75.13111083234138, 39.94014916034648], [-75.1355342463321, 39.943476607920466]]]}, "properties": {"light_n": 88.0, "light_pctl": 84, "crime_n": 3, "crime_pctl": 16, "nta": "Riverfront", "boro": "Philadelphia"}}, {"type": "Feature", "geometry": {"type": "Polygon", "coordinates": [[[-74.99724615453191, 40.09540471140968], [-75.00351857465412, 40.094302946206646], [-75.00536244992959, 40.089862070137755], [-75.00093481297336, 40.08652326938203], [-74.99466337432425, 40.08762479668563], [-74.99281859126162, 40.09206536261252], [-74.99724615453191, 40.09540471140968]]]}, "properties": {"light_n": 40.6, "light_pctl": 31, "crime_n": 0, "crime_pctl": 4, "nta": "Northeast Phila Airport", "boro": "Philadelphia"}}, {"type": "Feature", "geometry": {"type": "Polygon", "coordinates": [[[-75.0815506136446, 39.99003183062811], [-75.0878073775399, 39.988926835739704], [-75.08963932105118, 39.98449055266673], [-75.08521540635198, 39.98115957257881], [-75.07895961817391, 39.982264328291585], [-75.07712676908008, 39.986700303235956], [-75.0815506136446, 39.99003183062811]]]}, "properties": {"light_n": 84.3, "light_pctl": 82, "crime_n": 0, "crime_pctl": 4, "nta": "Richmond", "boro": "Philadelphia"}}, {"type": "Feature", "geometry": {"type": "Polygon", "coordinates": [[[-75.25237227632174, 40.054408112365536], [-75.25863408788723, 40.053293051606], [-75.26045262856964, 40.04885021341195], [-75.25601026953964, 40.04552274135662], [-75.24974943349851, 40.046637559422855], [-75.24792998106497, 40.05108009220532], [-75.25237227632174, 40.054408112365536]]]}, "properties": {"light_n": 8.0, "light_pctl": 0, "crime_n": 0, "crime_pctl": 4, "nta": "Upper Roxborough", "boro": "Philadelphia"}}, {"type": "Feature", "geometry": {"type": "Polygon", "coordinates": [[[-75.25279467945965, 39.996688612847755], [-75.25904884056283, 39.995574279110976], [-75.26086512356616, 39.99113474095287], [-75.25642815510427, 39.987809841622216], [-75.25017496713902, 39.98892393285753], [-75.24835777459934, 39.99336316589262], [-75.25279467945965, 39.996688612847755]]]}, "properties": {"light_n": 23.9, "light_pctl": 10, "crime_n": 2, "crime_pctl": 13, "nta": null, "boro": "Philadelphia"}}, {"type": "Feature", "geometry": {"type": "Polygon", "coordinates": [[[-75.21619714018081, 39.88805013908839], [-75.22243770239427, 39.886939193341554], [-75.2242532164247, 39.88250650997248], [-75.21982907292706, 39.87918507755992], [-75.21358948000257, 39.880295781885934], [-75.2117730613878, 39.884728160013154], [-75.21619714018081, 39.88805013908839]]]}, "properties": {"light_n": 52.2, "light_pctl": 46, "crime_n": 0, "crime_pctl": 4, "nta": "Airport", "boro": "Philadelphia"}}, {"type": "Feature", "geometry": {"type": "Polygon", "coordinates": [[[-74.981762277433, 40.04873629312015], [-74.98802881292397, 40.047635954171874], [-74.98987230717529, 40.043198005795084], [-74.98545017169567, 40.03986070651896], [-74.9791846159956, 40.040960808024344], [-74.97734021608738, 40.04539844621698], [-74.981762277433, 40.04873629312015]]]}, "properties": {"light_n": 19.7, "light_pctl": 7, "crime_n": 3, "crime_pctl": 16, "nta": "Torresdale", "boro": "Philadelphia"}}, {"type": "Feature", "geometry": {"type": "Polygon", "coordinates": [[[-75.2200321682774, 40.07663788148909], [-75.22629759153831, 40.0755242832351], [-75.22812000080044, 40.071080714237134], [-75.22367789881532, 40.0677510495565], [-75.2174134525411, 40.06886440566435], [-75.21559013136753, 40.073307668566635], [-75.2200321682774, 40.07663788148909]]]}, "properties": {"light_n": 9.4, "light_pctl": 1, "crime_n": 0, "crime_pctl": 4, "nta": "Wissahickon Park", "boro": "Philadelphia"}}, {"type": "Feature", "geometry": {"type": "Polygon", "coordinates": [[[-75.01677389259893, 40.03435531777461], [-75.02303782433442, 40.03325326414033], [-75.02487750561161, 40.0288155416007], [-75.02045416112718, 40.02548018215743], [-75.01419120801054, 40.026581997718935], [-75.01235062086238, 40.031019410764664], [-75.01677389259893, 40.03435531777461]]]}, "properties": {"light_n": 63.8, "light_pctl": 61, "crime_n": 233, "crime_pctl": 81, "nta": "Holmesburg", "boro": "Philadelphia"}}, {"type": "Feature", "geometry": {"type": "Polygon", "coordinates": [[[-74.95702905417122, 40.09422710765765], [-74.96330211737299, 40.09312753856694], [-74.96514968656743, 40.088687416426986], [-74.9607250995233, 40.085347174193394], [-74.9544530184077, 40.0864465061688], [-74.95260454235358, 40.090886317461354], [-74.95702905417122, 40.09422710765765]]]}, "properties": {"light_n": 34.6, "light_pctl": 21, "crime_n": 53, "crime_pctl": 48, "nta": "Franklin Mills", "boro": "Philadelphia"}}, {"type": "Feature", "geometry": {"type": "Polygon", "coordinates": [[[-74.98358949865059, 40.114271516946744], [-74.98986469677833, 40.11317025565464], [-74.99171057905808, 40.10872853719689], [-74.98728217152664, 40.105388390476655], [-74.9810079558816, 40.106489414071106], [-74.97916116538882, 40.11093082205162], [-74.98358949865059, 40.114271516946744]]]}, "properties": {"light_n": 49.5, "light_pctl": 43, "crime_n": 3, "crime_pctl": 16, "nta": "Byberry", "boro": "Philadelphia"}}, {"type": "Feature", "geometry": {"type": "Polygon", "coordinates": [[[-75.2019613924509, 39.99338633911722], [-75.20821615903897, 39.992274794179195], [-75.21003704274976, 39.987836294327494], [-75.20560406828977, 39.984509645391896], [-75.19935027555523, 39.985620948819275], [-75.19752848352896, 39.99005914266065], [-75.2019613924509, 39.99338633911722]]]}, "properties": {"light_n": 22.3, "light_pctl": 8, "crime_n": 1, "crime_pctl": 9, "nta": "West Park", "boro": "Philadelphia"}}, {"type": "Feature", "geometry": {"type": "Polygon", "coordinates": [[[-75.26307736781388, 40.056620769361864], [-75.26933925189324, 40.055505100752164], [-75.27115688050861, 40.0510619573264], [-75.26671353721358, 40.0477347877096], [-75.26045262856964, 40.04885021341195], [-75.25863408788723, 40.053293051606], [-75.26307736781388, 40.056620769361864]]]}, "properties": {"light_n": 9.2, "light_pctl": 1, "crime_n": 0, "crime_pctl": 4, "nta": null, "boro": "Philadelphia"}}, {"type": "Feature", "geometry": {"type": "Polygon", "coordinates": [[[-75.2455838440053, 39.88692526232016], [-75.25182365649925, 39.885812748472766], [-75.25363640050679, 39.88137964061728], [-75.249210237292, 39.87805935129215], [-75.24297139355079, 39.879171623157816], [-75.24115774437253, 39.883604426298085], [-75.2455838440053, 39.88692526232016]]]}, "properties": {"light_n": 155.0, "light_pctl": 98, "crime_n": 32, "crime_pctl": 38, "nta": "Eastwick", "boro": "Philadelphia"}}, {"type": "Feature", "geometry": {"type": "Polygon", "coordinates": [[[-75.00277862491059, 40.08208288106987], [-75.00904916615544, 40.0809809835107], [-75.01089200729157, 40.07654077305411], [-75.00646521468256, 40.073202770102945], [-75.00019565426626, 40.0743044297001], [-74.99835190573367, 40.07874433017861], [-75.00277862491059, 40.08208288106987]]]}, "properties": {"light_n": 36.2, "light_pctl": 24, "crime_n": 6, "crime_pctl": 21, "nta": "Northeast Phila Airport", "boro": "Philadelphia"}}, {"type": "Feature", "geometry": {"type": "Polygon", "coordinates": [[[-75.20790139401946, 39.922408757163836], [-75.21414665921904, 39.9212978116734], [-75.21596426183716, 39.9168632890413], [-75.21153750507789, 39.9135400174248], [-75.20529321071433, 39.91465072153516], [-75.20347470237532, 39.9190849386099], [-75.20790139401946, 39.922408757163836]]]}, "properties": {"light_n": 36.7, "light_pctl": 25, "crime_n": 39, "crime_pctl": 41, "nta": "Industrial", "boro": "Philadelphia"}}, {"type": "Feature", "geometry": {"type": "Polygon", "coordinates": [[[-75.17874801968622, 39.89470905564234], [-75.18499022331008, 39.89360004098989], [-75.18680946730753, 39.88916759942881], [-75.18238741181737, 39.88584447842619], [-75.17614617837839, 39.886953252355156], [-75.17432603034594, 39.89138538797814], [-75.17874801968622, 39.89470905564234]]]}, "properties": {"light_n": 59.0, "light_pctl": 56, "crime_n": 2, "crime_pctl": 13, "nta": "Navy Yard", "boro": "Philadelphia"}}, {"type": "Feature", "geometry": {"type": "Polygon", "coordinates": [[[-75.13841293565112, 39.922413646195494], [-75.1446596139043, 39.92130644805888], [-75.1464836663196, 39.91687308851643], [-75.14206194480872, 39.91354723386718], [-75.13581623854684, 39.91465419196178], [-75.13399128190613, 39.91908724471564], [-75.13841293565112, 39.922413646195494]]]}, "properties": {"light_n": 88.7, "light_pctl": 84, "crime_n": 24, "crime_pctl": 35, "nta": "Riverfront", "boro": "Philadelphia"}}, {"type": "Feature", "geometry": {"type": "Polygon", "coordinates": [[[-75.19201777435183, 39.904679962032276], [-75.1982610235191, 39.90357010294105], [-75.20007941946687, 39.899136865626716], [-75.19565547104997, 39.895813793123466], [-75.18941319225588, 39.89692341120147], [-75.18759389160678, 39.90135634276381], [-75.19201777435183, 39.904679962032276]]]}, "properties": {"light_n": 39.6, "light_pctl": 29, "crime_n": 9, "crime_pctl": 25, "nta": "Industrial", "boro": "Philadelphia"}}, {"type": "Feature", "geometry": {"type": "Polygon", "coordinates": [[[-75.16261955622201, 39.90579143149292], [-75.16886354970046, 39.90468314263269], [-75.17068471609822, 39.90025033316659], [-75.16626279323057, 39.896926118806874], [-75.1600197706594, 39.8980341672159], [-75.15819770015001, 39.90246667040382], [-75.16261955622201, 39.90579143149292]]]}, "properties": {"light_n": 158.9, "light_pctl": 98, "crime_n": 52, "crime_pctl": 48, "nta": "Stadium District", "boro": "Philadelphia"}}, {"type": "Feature", "geometry": {"type": "Polygon", "coordinates": [[[-75.07087008527317, 39.98780469238262], [-75.07712676908008, 39.986700303235956], [-75.07895961817391, 39.982264328291585], [-75.07453668882853, 39.97893305076856], [-75.06828098082346, 39.980037200953504], [-75.06644722646426, 39.98447286759127], [-75.07087008527317, 39.98780469238262]]]}, "properties": {"light_n": 51.5, "light_pctl": 46, "crime_n": 3, "crime_pctl": 16, "nta": "Richmond", "boro": "Philadelphia"}}, {"type": "Feature", "geometry": {"type": "Polygon", "coordinates": [[[-75.09772616669751, 39.97894908928415], [-75.10398113860222, 39.977843361805014], [-75.10581115090424, 39.9734074409914], [-75.10138709691257, 39.9700775554125], [-75.09513310000025, 39.97118304344131], [-75.09330218218935, 39.97561865646735], [-75.09772616669751, 39.97894908928415]]]}, "properties": {"light_n": 28.2, "light_pctl": 14, "crime_n": 2, "crime_pctl": 13, "nta": "Port Richmond", "boro": "Philadelphia"}}, {"type": "Feature", "geometry": {"type": "Polygon", "coordinates": [[[-75.26369103316863, 39.97005499248195], [-75.26994144826874, 39.96894041733016], [-75.2717556957866, 39.96450222638838], [-75.26732043705185, 39.961178915365466], [-75.26107099381127, 39.96229324789848], [-75.2592558375473, 39.96673113404082], [-75.26369103316863, 39.97005499248195]]]}, "properties": {"light_n": 71.4, "light_pctl": 68, "crime_n": 0, "crime_pctl": 4, "nta": "Overbrook", "boro": "Philadelphia"}}, {"type": "Feature", "geometry": {"type": "Polygon", "coordinates": [[[-75.00866841494724, 40.039894903920356], [-75.014933242646, 40.03879321916889], [-75.01677389259893, 40.03435531777461], [-75.01235062086238, 40.031019410764664], [-75.00608677214544, 40.0321208575817], [-75.00424521628617, 40.03655844931128], [-75.00866841494724, 40.039894903920356]]]}, "properties": {"light_n": 48.3, "light_pctl": 39, "crime_n": 125, "crime_pctl": 68, "nta": "Holmesburg", "boro": "Philadelphia"}}, {"type": "Feature", "geometry": {"type": "Polygon", "coordinates": [[[-75.00608677214544, 40.0321208575817], [-75.01235062086238, 40.031019410764664], [-75.01419120801054, 40.026581997718935], [-75.00976885209666, 40.023246341130175], [-75.00350598208203, 40.024347550088876], [-75.00166448938187, 40.02878465346284], [-75.00608677214544, 40.0321208575817]]]}, "properties": {"light_n": 13.3, "light_pctl": 3, "crime_n": 15, "crime_pctl": 29, "nta": "Holmesburg", "boro": "Philadelphia"}}, {"type": "Feature", "geometry": {"type": "Polygon", "coordinates": [[[-75.25300549466955, 39.96784510367572], [-75.2592558375473, 39.96673113404082], [-75.26107099381127, 39.96229324789848], [-75.25663671573083, 39.95896963633736], [-75.25038734480107, 39.9600833635668], [-75.24857128010514, 39.9645209447305], [-75.25300549466955, 39.96784510367572]]]}, "properties": {"light_n": 65.3, "light_pctl": 63, "crime_n": 4, "crime_pctl": 18, "nta": null, "boro": "Philadelphia"}}, {"type": "Feature", "geometry": {"type": "Polygon", "coordinates": [[[-75.21596426183716, 39.9168632890413], [-75.2222086303, 39.915751980924554], [-75.22402527142833, 39.91131764273958], [-75.21959844987677, 39.90799491802633], [-75.21335505188793, 39.909105984627004], [-75.21153750507789, 39.9135400174248], [-75.21596426183716, 39.9168632890413]]]}, "properties": {"light_n": 86.1, "light_pctl": 83, "crime_n": 1, "crime_pctl": 9, "nta": "Industrial", "boro": "Philadelphia"}}, {"type": "Feature", "geometry": {"type": "Polygon", "coordinates": [[[-75.02158943446932, 40.07877621028235], [-75.02785916127326, 40.07767333471576], [-75.02970012425155, 40.073232992726695], [-75.02527226821002, 40.06989583590107], [-75.01900352178694, 40.07099847315215], [-75.01716165112768, 40.07543850551245], [-75.02158943446932, 40.07877621028235]]]}, "properties": {"light_n": 52.2, "light_pctl": 46, "crime_n": 16, "crime_pctl": 29, "nta": "Pennypack", "boro": "Philadelphia"}}, {"type": "Feature", "geometry": {"type": "Polygon", "coordinates": [[[-75.04523983596042, 40.11991053663237], [-75.05151455096666, 40.118805859163274], [-75.05335491551844, 40.11436276908709], [-75.04892147494803, 40.11102466586114], [-75.0426477416398, 40.11212910441788], [-75.04080646730725, 40.11657188508095], [-75.04523983596042, 40.11991053663237]]]}, "properties": {"light_n": 22.6, "light_pctl": 9, "crime_n": 3, "crime_pctl": 16, "nta": null, "boro": "Philadelphia"}}, {"type": "Feature", "geometry": {"type": "Polygon", "coordinates": [[[-75.06277869062056, 39.99334487023605], [-75.0690362700534, 39.99224084792763], [-75.07087008527317, 39.98780469238262], [-75.06644722646426, 39.98447286759127], [-75.06019062319567, 39.98557665107554], [-75.05835590267414, 39.9900124981434], [-75.06277869062056, 39.99334487023605]]]}, "properties": {"light_n": 29.9, "light_pctl": 15, "crime_n": 2, "crime_pctl": 13, "nta": "Bridesburg", "boro": "Philadelphia"}}, {"type": "Feature", "geometry": {"type": "Polygon", "coordinates": [[[-75.01347687646872, 40.08431923625731], [-75.01974750104971, 40.08321673053875], [-75.02158943446932, 40.07877621028235], [-75.01716165112768, 40.07543850551245], [-75.01089200729157, 40.07654077305411], [-75.00904916615544, 40.0809809835107], [-75.01347687646872, 40.08431923625731]]]}, "properties": {"light_n": 33.8, "light_pctl": 20, "crime_n": 1, "crime_pctl": 9, "nta": "Northeast Phila Airport", "boro": "Philadelphia"}}, {"type": "Feature", "geometry": {"type": "Polygon", "coordinates": [[[-74.9754665477712, 40.119814302335925], [-74.98174264401753, 40.11871341239723], [-74.98358949865059, 40.114271516946744], [-74.97916116538882, 40.11093082205162], [-74.97288605198968, 40.11203147443178], [-74.97103828910873, 40.11647305923378], [-74.9754665477712, 40.119814302335925]]]}, "properties": {"light_n": 39.0, "light_pctl": 28, "crime_n": 1, "crime_pctl": 9, "nta": "Byberry", "boro": "Philadelphia"}}, {"type": "Feature", "geometry": {"type": "Polygon", "coordinates": [[[-75.03297925430452, 40.02327557591119], [-75.03924139410117, 40.02217278532893], [-75.04107913899706, 40.01773542121845], [-75.03665564999883, 40.014401156810735], [-75.0303944880953, 40.01550370904393], [-75.0285558373996, 40.019940764002], [-75.03297925430452, 40.02327557591119]]]}, "properties": {"light_n": 44.8, "light_pctl": 35, "crime_n": 3, "crime_pctl": 16, "nta": "Tacony", "boro": "Philadelphia"}}, {"type": "Feature", "geometry": {"type": "Polygon", "coordinates": [[[-75.2242532164247, 39.88250650997248], [-75.23049288298725, 39.88139520254971], [-75.23230743702345, 39.87696270430303], [-75.22788322914316, 39.87364181851882], [-75.22164453150833, 39.87475288438512], [-75.21982907292706, 39.87918507755992], [-75.2242532164247, 39.88250650997248]]]}, "properties": {"light_n": 36.7, "light_pctl": 25, "crime_n": 1, "crime_pctl": 9, "nta": "Airport", "boro": "Philadelphia"}}, {"type": "Feature", "geometry": {"type": "Polygon", "coordinates": [[[-75.00204948733756, 40.139861417804276], [-75.00832771862615, 40.13875883332333], [-75.01017288245616, 40.13431534243164], [-75.00574072470432, 40.13097474626614], [-74.99946347665876, 40.13207709260549], [-74.9976174032256, 40.136520273220015], [-75.00204948733756, 40.139861417804276]]]}, "properties": {"light_n": 25.5, "light_pctl": 12, "crime_n": 3, "crime_pctl": 16, "nta": null, "boro": "Philadelphia"}}, {"type": "Feature", "geometry": {"type": "Polygon", "coordinates": [[[-75.16808390234047, 39.892493799282754], [-75.17432603034594, 39.89138538797814], [-75.17614617837839, 39.886953252355156], [-75.17172510222781, 39.883629834120725], [-75.1654839444934, 39.88473800491469], [-75.16366289273982, 39.88916983442165], [-75.16808390234047, 39.892493799282754]]]}, "properties": {"light_n": 48.9, "light_pctl": 41, "crime_n": 1, "crime_pctl": 9, "nta": "Navy Yard", "boro": "Philadelphia"}}, {"type": "Feature", "geometry": {"type": "Polygon", "coordinates": [[[-75.13322039652441, 39.90689547724953], [-75.13946513107076, 39.905788759120306], [-75.14128906713692, 39.9013563791323], [-75.13686917227871, 39.898031024045515], [-75.13062540917223, 39.89913750228593], [-75.12880056958561, 39.90356957546995], [-75.13322039652441, 39.90689547724953]]]}, "properties": {"light_n": 87.9, "light_pctl": 84, "crime_n": 1, "crime_pctl": 9, "nta": "Riverfront", "boro": "Philadelphia"}}, {"type": "Feature", "geometry": {"type": "Polygon", "coordinates": [[[-75.2174134525411, 40.06886440566435], [-75.22367789881532, 40.0677510495565], [-75.22550025231467, 40.0633079688253], [-75.22105907119685, 40.059978550273975], [-75.21479560163188, 40.06109166431304], [-75.21297233657766, 40.065534438939856], [-75.2174134525411, 40.06886440566435]]]}, "properties": {"light_n": 9.6, "light_pctl": 1, "crime_n": 1, "crime_pctl": 9, "nta": "Chestnut Hill", "boro": "Philadelphia"}}, {"type": "Feature", "geometry": {"type": "Polygon", "coordinates": [[[-75.24297139355079, 39.879171623157816], [-75.249210237292, 39.87805935129215], [-75.25102292683815, 39.87362673368105], [-75.2465976775622, 39.870306692627004], [-75.24035980229993, 39.871418722588054], [-75.23854620793553, 39.87585103547554], [-75.24297139355079, 39.879171623157816]]]}, "properties": {"light_n": 147.9, "light_pctl": 97, "crime_n": 9, "crime_pctl": 25, "nta": "Airport", "boro": "Philadelphia"}}, {"type": "Feature", "geometry": {"type": "Polygon", "coordinates": [[[-75.24145012132583, 40.08106959537057], [-75.24771569207981, 40.079954780244705], [-75.24953627656869, 40.075510599595056], [-75.24509220295077, 40.07218153977471], [-75.23882760900652, 40.07329611232577], [-75.23700611197266, 40.07773998723955], [-75.24145012132583, 40.08106959537057]]]}, "properties": {"light_n": 14.9, "light_pctl": 4, "crime_n": 4, "crime_pctl": 18, "nta": null, "boro": "Philadelphia"}}, {"type": "Feature", "geometry": {"type": "Polygon", "coordinates": [[[-74.96476227796065, 40.11757334012626], [-74.97103828910873, 40.11647305923378], [-74.97288605198968, 40.11203147443178], [-74.96845871175267, 40.10869048131716], [-74.96218368353476, 40.10979052486636], [-74.9603350127273, 40.11423179884166], [-74.96476227796065, 40.11757334012626]]]}, "properties": {"light_n": 40.5, "light_pctl": 31, "crime_n": 1, "crime_pctl": 9, "nta": "Parkwood Manor", "boro": "Philadelphia"}}, {"type": "Feature", "geometry": {"type": "Polygon", "coordinates": [[[-75.21051043632988, 39.930167530938256], [-75.21675667264047, 39.92905634399069], [-75.21857433099733, 39.92462133159981], [-75.21414665921904, 39.9212978116734], [-75.20790139401946, 39.922408757163836], [-75.20608282958851, 39.92684346400562], [-75.21051043632988, 39.930167530938256]]]}, "properties": {"light_n": 35.9, "light_pctl": 23, "crime_n": 3, "crime_pctl": 16, "nta": "Industrial", "boro": "Philadelphia"}}, {"type": "Feature", "geometry": {"type": "Polygon", "coordinates": [[[-75.19314183051267, 40.085532610116985], [-75.19940898446572, 40.084420353349216], [-75.20123424196638, 40.079976726823254], [-75.19679325728964, 40.07664566365037], [-75.1905270811426, 40.07775767876065], [-75.18870091196871, 40.08220099866901], [-75.19314183051267, 40.085532610116985]]]}, "properties": {"light_n": 20.4, "light_pctl": 7, "crime_n": 3, "crime_pctl": 16, "nta": null, "boro": "Philadelphia"}}, {"type": "Feature", "geometry": {"type": "Polygon", "coordinates": [[[-75.07346004415731, 39.995572922657054], [-75.07971770404397, 39.99446829447228], [-75.0815506136446, 39.99003183062811], [-75.07712676908008, 39.986700303235956], [-75.07087008527317, 39.98780469238262], [-75.0690362700534, 39.99224084792763], [-75.07346004415731, 39.995572922657054]]]}, "properties": {"light_n": 71.8, "light_pctl": 69, "crime_n": 5, "crime_pctl": 20, "nta": "Bridesburg", "boro": "Philadelphia"}}, {"type": "Feature", "geometry": {"type": "Polygon", "coordinates": [[[-75.18680946730753, 39.88916759942881], [-75.1930507760032, 39.88805822228716], [-75.19486905928377, 39.883625965034476], [-75.19044693796636, 39.88030339065942], [-75.18420659909445, 39.88141252694159], [-75.18238741181737, 39.88584447842619], [-75.18680946730753, 39.88916759942881]]]}, "properties": {"light_n": 72.2, "light_pctl": 70, "crime_n": 2, "crime_pctl": 13, "nta": "Navy Yard", "boro": "Philadelphia"}}, {"type": "Feature", "geometry": {"type": "Polygon", "coordinates": [[[-75.04107913899706, 40.01773542121845], [-75.04734038281855, 40.01663226257094], [-75.04917716000882, 40.01219507803469], [-75.04475359924426, 40.00886136109579], [-75.0384933329531, 40.00996428125621], [-75.03665564999883, 40.014401156810735], [-75.04107913899706, 40.01773542121845]]]}, "properties": {"light_n": 45.9, "light_pctl": 38, "crime_n": 0, "crime_pctl": 4, "nta": "Tacony", "boro": "Philadelphia"}}, {"type": "Feature", "geometry": {"type": "Polygon", "coordinates": [[[-74.9544530184077, 40.0864465061688], [-74.9607250995233, 40.085347174193394], [-74.96257260402388, 40.08090753976137], [-74.95814893401678, 40.07756754812724], [-74.95187783470622, 40.0786666430633], [-74.9500294237012, 40.0831059666411], [-74.9544530184077, 40.0864465061688]]]}, "properties": {"light_n": 23.7, "light_pctl": 10, "crime_n": 3, "crime_pctl": 16, "nta": null, "boro": "Philadelphia"}}, {"type": "Feature", "geometry": {"type": "Polygon", "coordinates": [[[-75.17068471609822, 39.90025033316659], [-75.17692781464973, 39.89914168127459], [-75.17874801968622, 39.89470905564234], [-75.17432603034594, 39.89138538797814], [-75.16808390234047, 39.892493799282754], [-75.16626279323057, 39.896926118806874], [-75.17068471609822, 39.90025033316659]]]}, "properties": {"light_n": 77.3, "light_pctl": 75, "crime_n": 9, "crime_pctl": 25, "nta": "Navy Yard", "boro": "Philadelphia"}}, {"type": "Feature", "geometry": {"type": "Polygon", "coordinates": [[[-75.21880565853589, 39.895805235116505], [-75.2250471903126, 39.894694047871845], [-75.22686275972283, 39.89026087438366], [-75.22243770239427, 39.886939193341554], [-75.21619714018081, 39.88805013908839], [-75.21438066583376, 39.89248300734295], [-75.21880565853589, 39.895805235116505]]]}, "properties": {"light_n": 58.8, "light_pctl": 55, "crime_n": 1, "crime_pctl": 9, "nta": "Airport", "boro": "Philadelphia"}}, {"type": "Feature", "geometry": {"type": "Polygon", "coordinates": [[[-75.23491800462011, 39.88471633689469], [-75.24115774437253, 39.883604426298085], [-75.24297139355079, 39.879171623157816], [-75.23854620793553, 39.87585103547554], [-75.23230743702345, 39.87696270430303], [-75.23049288298725, 39.88139520254971], [-75.23491800462011, 39.88471633689469]]]}, "properties": {"light_n": 156.2, "light_pctl": 98, "crime_n": 3, "crime_pctl": 16, "nta": "Airport", "boro": "Philadelphia"}}, {"type": "Feature", "geometry": {"type": "Polygon", "coordinates": [[[-75.20268588600118, 39.906893424280184], [-75.20892920980357, 39.90578296147294], [-75.21074670073627, 39.90134941858486], [-75.20632177298289, 39.89802664404561], [-75.20007941946687, 39.899136865626716], [-75.1982610235191, 39.90357010294105], [-75.20268588600118, 39.906893424280184]]]}, "properties": {"light_n": 22.8, "light_pctl": 9, "crime_n": 1, "crime_pctl": 9, "nta": "Industrial", "boro": "Philadelphia"}}, {"type": "Feature", "geometry": {"type": "Polygon", "coordinates": [[[-75.25499598521696, 40.06217939954862], [-75.26125877258353, 40.0610640960183], [-75.26307736781388, 40.056620769361864], [-75.25863408788723, 40.053293051606], [-75.25237227632174, 40.054408112365536], [-75.25055276898382, 40.05885113361928], [-75.25499598521696, 40.06217939954862]]]}, "properties": {"light_n": 6.4, "light_pctl": 0, "crime_n": 1, "crime_pctl": 9, "nta": "Upper Roxborough", "boro": "Philadelphia"}}, {"type": "Feature", "geometry": {"type": "Polygon", "coordinates": [[[-75.18941319225588, 39.89692341120147], [-75.19565547104997, 39.895813793123466], [-75.19747381069861, 39.89138104580235], [-75.1930507760032, 39.88805822228716], [-75.18680946730753, 39.88916759942881], [-75.18499022331008, 39.89360004098989], [-75.18941319225588, 39.89692341120147]]]}, "properties": {"light_n": 60.0, "light_pctl": 57, "crime_n": 1, "crime_pctl": 9, "nta": "Navy Yard", "boro": "Philadelphia"}}, {"type": "Feature", "geometry": {"type": "Polygon", "coordinates": [[[-75.24974943349851, 40.046637559422855], [-75.25601026953964, 40.04552274135662], [-75.25782875560344, 40.04108039170186], [-75.25338731712291, 40.03775316550146], [-75.24712745632955, 40.038867740951886], [-75.24530805887088, 40.043309785186146], [-75.24974943349851, 40.046637559422855]]]}, "properties": {"light_n": 12.1, "light_pctl": 2, "crime_n": 1, "crime_pctl": 9, "nta": null, "boro": "Philadelphia"}}, {"type": "Feature", "geometry": {"type": "Polygon", "coordinates": [[[-75.00056107233739, 40.04543429952524], [-75.00682679599512, 40.04433298392918], [-75.00866841494724, 40.039894903920356], [-75.00424521628617, 40.03655844931128], [-74.99798047197325, 40.03765952711131], [-74.99613794707959, 40.04209729728462], [-75.00056107233739, 40.04543429952524]]]}, "properties": {"light_n": 36.7, "light_pctl": 25, "crime_n": 2, "crime_pctl": 13, "nta": "Torresdale", "boro": "Philadelphia"}}, {"type": "Feature", "geometry": {"type": "Polygon", "coordinates": [[[-74.99798047197325, 40.03765952711131], [-75.00424521628617, 40.03655844931128], [-75.00608677214544, 40.0321208575817], [-75.00166448938187, 40.02878465346284], [-74.99540072413409, 40.029885493542935], [-74.9935582626877, 40.03432277542999], [-74.99798047197325, 40.03765952711131]]]}, "properties": {"light_n": 9.8, "light_pctl": 1, "crime_n": 1, "crime_pctl": 9, "nta": "Holmesburg", "boro": "Philadelphia"}}, {"type": "Feature", "geometry": {"type": "Polygon", "coordinates": [[[-75.23904729588561, 40.04442399569361], [-75.24530805887088, 40.043309785186146], [-75.24712745632955, 40.038867740951886], [-75.24268700198392, 40.035540212792945], [-75.23642721433502, 40.0366541808986], [-75.23460690579736, 40.041095919532644], [-75.23904729588561, 40.04442399569361]]]}, "properties": {"light_n": 28.5, "light_pctl": 14, "crime_n": 3, "crime_pctl": 16, "nta": "Dearnley Park", "boro": "Philadelphia"}}, {"type": "Feature", "geometry": {"type": "Polygon", "coordinates": [[[-75.1600197706594, 39.8980341672159], [-75.16626279323057, 39.896926118806874], [-75.16808390234047, 39.892493799282754], [-75.16366289273982, 39.88916983442165], [-75.15742084080077, 39.8902776424562], [-75.15559882793158, 39.89470965569428], [-75.1600197706594, 39.8980341672159]]]}, "properties": {"light_n": 79.4, "light_pctl": 77, "crime_n": 1, "crime_pctl": 9, "nta": "Navy Yard", "boro": "Philadelphia"}}, {"type": "Feature", "geometry": {"type": "Polygon", "coordinates": [[[-75.21358948000257, 39.880295781885934], [-75.21982907292706, 39.87918507755992], [-75.22164453150833, 39.87475288438512], [-75.2172213014982, 39.871431700754236], [-75.21098267758852, 39.87254216373641], [-75.20916631477519, 39.87697405166116], [-75.21358948000257, 39.880295781885934]]]}, "properties": {"light_n": 18.0, "light_pctl": 5, "crime_n": 2, "crime_pctl": 13, "nta": "Airport", "boro": "Philadelphia"}}, {"type": "Feature", "geometry": {"type": "Polygon", "coordinates": [[[-75.23752943121609, 39.89247070808089], [-75.2437701400828, 39.89135855563808], [-75.2455838440053, 39.88692526232016], [-75.24115774437253, 39.883604426298085], [-75.23491800462011, 39.88471633689469], [-75.23310339548716, 39.889149325327374], [-75.23752943121609, 39.89247070808089]]]}, "properties": {"light_n": 135.6, "light_pctl": 96, "crime_n": 0, "crime_pctl": 4, "nta": "Airport", "boro": "Philadelphia"}}, {"type": "Feature", "geometry": {"type": "Polygon", "coordinates": [[[-75.00536244992959, 40.089862070137755], [-75.0116339722834, 40.08875993454035], [-75.01347687646872, 40.08431923625731], [-75.00904916615544, 40.0809809835107], [-75.00277862491059, 40.08208288106987], [-75.00093481297336, 40.08652326938203], [-75.00536244992959, 40.089862070137755]]]}, "properties": {"light_n": 42.3, "light_pctl": 33, "crime_n": 1, "crime_pctl": 9, "nta": "Northeast Phila Airport", "boro": "Philadelphia"}}, {"type": "Feature", "geometry": {"type": "Polygon", "coordinates": [[[-75.08963932105118, 39.98449055266673], [-75.09589518895244, 39.9833851913469], [-75.09772616669751, 39.97894908928415], [-75.09330218218935, 39.97561865646735], [-75.08704728964287, 39.976723778474145], [-75.08521540635198, 39.98115957257881], [-75.08963932105118, 39.98449055266673]]]}, "properties": {"light_n": 79.7, "light_pctl": 78, "crime_n": 3, "crime_pctl": 16, "nta": "Richmond", "boro": "Philadelphia"}}, {"type": "Feature", "geometry": {"type": "Polygon", "coordinates": [[[-74.98987230717529, 40.043198005795084], [-74.99613794707959, 40.04209729728462], [-74.99798047197325, 40.03765952711131], [-74.9935582626877, 40.03432277542999], [-74.9872936022114, 40.035423246358974], [-74.98545017169567, 40.03986070651896], [-74.98987230717529, 40.043198005795084]]]}, "properties": {"light_n": 23.0, "light_pctl": 9, "crime_n": 2, "crime_pctl": 13, "nta": "Torresdale", "boro": "Philadelphia"}}, {"type": "Feature", "geometry": {"type": "Polygon", "coordinates": [[[-75.04917716000882, 40.01219507803469], [-75.05543750785155, 40.01109155159434], [-75.05727331765952, 40.006654546871985], [-75.05284968545536, 40.003321377369105], [-75.04659031478023, 40.004424665184445], [-75.04475359924426, 40.00886136109579], [-75.04917716000882, 40.01219507803469]]]}, "properties": {"light_n": 27.2, "light_pctl": 13, "crime_n": 1, "crime_pctl": 9, "nta": "Wissinoming", "boro": "Philadelphia"}}, {"type": "Feature", "geometry": {"type": "Polygon", "coordinates": [[[-75.1813507175232, 39.902465598216594], [-75.18759389160678, 39.90135634276381], [-75.18941319225588, 39.89692341120147], [-75.18499022331008, 39.89360004098989], [-75.17874801968622, 39.89470905564234], [-75.17692781464973, 39.89914168127459], [-75.1813507175232, 39.902465598216594]]]}, "properties": {"light_n": 53.7, "light_pctl": 49, "crime_n": 0, "crime_pctl": 4, "nta": "Packer Park", "boro": "Philadelphia"}}, {"type": "Feature", "geometry": {"type": "Polygon", "coordinates": [[[-75.21074670073627, 39.90134941858486], [-75.21698912852574, 39.9002385934232], [-75.21880565853589, 39.895805235116505], [-75.21438066583376, 39.89248300734295], [-75.20813920796908, 39.893593591142576], [-75.20632177298289, 39.89802664404561], [-75.21074670073627, 39.90134941858486]]]}, "properties": {"light_n": 31.7, "light_pctl": 18, "crime_n": 1, "crime_pctl": 9, "nta": "Airport", "boro": "Philadelphia"}}]}